condition,scenario,controller,seed,cycles,mean_pdr,p95_latency_proxy,safety_violations,violation_rate,recovery_cycles,rollbacks,admitted_actions,total_proposals,mean_reward
perfect,narrowband,static,0,300,0.7561887970944334,3.488894643197073,0,0.0,14,0,0,0,0.2961887970944333
perfect,narrowband,static,1,300,0.7536270094024801,3.3965863872167725,0,0.0,5,0,0,0,0.2936270094024801
perfect,narrowband,static,2,300,0.7424647665215792,3.9939864288387508,0,0.0,17,0,0,0,0.28246476652157926
perfect,narrowband,static,3,300,0.7620040543187339,3.27307889529302,0,0.0,128,0,0,0,0.3020040543187339
perfect,narrowband,static,4,300,0.7577563155057986,3.1800807010169216,0,0.0,160,0,0,0,0.2977563155057984
perfect,narrowband,static,5,300,0.7538040069720827,3.5253111329634392,0,0.0,113,0,0,0,0.29380400697208264
perfect,narrowband,static,6,300,0.7531493739270918,3.4790804165613887,0,0.0,160,0,0,0,0.2931493739270918
perfect,narrowband,static,7,300,0.7393053809601488,3.939765628387081,0,0.0,133,0,0,0,0.27930538096014873
perfect,narrowband,static,8,300,0.7568819344027258,3.4670305851405114,0,0.0,74,0,0,0,0.29688193440272576
perfect,narrowband,static,9,300,0.7588914976977228,3.620630587044354,0,0.0,62,0,0,0,0.29889149769772305
perfect,narrowband,heuristic,0,300,0.9999988622940316,0.9990051929444188,0,0.0,1,0,0,0,0.5399988622940314
perfect,narrowband,heuristic,1,300,0.9999986576761584,0.999005993359103,0,0.0,1,0,0,0,0.5399986576761585
perfect,narrowband,heuristic,2,300,0.9999986609341255,0.9990069499464281,0,0.0,1,0,0,0,0.5399986609341255
perfect,narrowband,heuristic,3,300,0.9999987168373142,0.9990053984948714,0,0.0,1,0,0,0,0.5399987168373144
perfect,narrowband,heuristic,4,300,0.9999987319247626,0.9990063752843198,0,0.0,1,0,0,0,0.5399987319247628
perfect,narrowband,heuristic,5,300,0.9999988485199568,0.9990053330704176,0,0.0,1,0,0,0,0.5399988485199568
perfect,narrowband,heuristic,6,300,0.9999988833147468,0.9990056010166399,0,0.0,1,0,0,0,0.5399988833147467
perfect,narrowband,heuristic,7,300,0.9999986158362257,0.9990056039296064,0,0.0,1,0,0,0,0.5399986158362257
perfect,narrowband,heuristic,8,300,0.9999986173208475,0.9990061474298789,0,0.0,1,0,0,0,0.5399986173208475
perfect,narrowband,heuristic,9,300,0.999998733047999,0.9990056339284237,0,0.0,1,0,0,0,0.5399987330479992
perfect,narrowband,rl,0,300,0.9195956766275383,4.704520171713104,88,0.29333333333333333,1,0,300,1500,0.15406234329420498
perfect,narrowband,rl,1,300,0.8788204486967814,56.182181958823044,124,0.41333333333333333,1,0,300,1500,-0.013246217969885388
perfect,narrowband,rl,2,300,0.897327385182809,61.81767403045464,104,0.3466666666666667,1,0,300,1500,0.07726071851614243
perfect,narrowband,rl,3,300,0.9014028000365075,6.515344592111211,114,0.38,1,0,300,1500,0.045002800036507626
perfect,narrowband,rl,4,300,0.907972545721858,5.0954090253554725,104,0.3466666666666667,1,0,300,1500,0.08790587905519136
perfect,narrowband,rl,5,300,0.8950070485318206,9.14854378415724,122,0.4066666666666667,1,0,300,1500,0.012607048531820597
perfect,narrowband,rl,6,300,0.894584053281676,7.80331816924895,100,0.3333333333333333,2,0,300,1500,0.08811738661500933
perfect,narrowband,rl,7,300,0.8987685484204898,5.811002285783356,121,0.4033333333333333,1,0,300,1500,0.01696854842048988
perfect,narrowband,rl,8,300,0.8751797656329439,30.936120297660594,98,0.32666666666666666,2,0,300,1500,0.07144643229961053
perfect,narrowband,rl,9,300,0.888302876497228,8.63533128737367,114,0.38,1,0,300,1500,0.02950287649722797
perfect,narrowband,llm_only,0,300,0.9048347522948587,4.97659458139785,93,0.31,1,0,300,1500,0.11763475229485844
perfect,narrowband,llm_only,1,300,0.9000609695574043,5.301951949587695,119,0.39666666666666667,1,0,300,1500,0.022394302890737693
perfect,narrowband,llm_only,2,300,0.8953391362344936,8.485422278684794,101,0.33666666666666667,3,0,300,1500,0.08707246956782683
perfect,narrowband,llm_only,3,300,0.9112631985797842,3.837814611087572,103,0.3433333333333333,1,0,300,1500,0.09532986524645075
perfect,narrowband,llm_only,4,300,0.9229681436064895,3.78536056545659,116,0.38666666666666666,1,0,300,1500,0.06490147693982268
perfect,narrowband,llm_only,5,300,0.913154139306931,3.006019056700287,114,0.38,2,0,300,1500,0.06375413930693097
perfect,narrowband,llm_only,6,300,0.9089732805842249,4.851846174835517,105,0.35,2,0,300,1500,0.08517328058422481
perfect,narrowband,llm_only,7,300,0.8962020161910262,12.011042475628644,112,0.37333333333333335,2,0,300,1500,0.048202016191026195
perfect,narrowband,llm_only,8,300,0.864286977660215,16.607769542113154,117,0.39,1,0,300,1500,0.002886977660214812
perfect,narrowband,llm_only,9,300,0.8960398616513927,9.296783290797439,110,0.36666666666666664,1,0,300,1500,0.05130652831805926
perfect,narrowband,shield_ric,0,300,0.9027069814379517,6.047094189986305,0,0.0,1,2,298,1500,0.4427069814379518
perfect,narrowband,shield_ric,1,300,0.8971293216495102,98.75279666427876,0,0.0,1,4,296,1500,0.43572932164951017
perfect,narrowband,shield_ric,2,300,0.9167907299400946,83.33047687008694,0,0.0,1,2,298,1500,0.4567907299400946
perfect,narrowband,shield_ric,3,300,0.9337274947487176,2.708045547810046,0,0.0,1,3,297,1500,0.47352749474871775
perfect,narrowband,shield_ric,4,300,0.9091704707760261,7.875421703758369,0,0.0,1,0,300,1500,0.448170470776026
perfect,narrowband,shield_ric,5,300,0.9209251907729159,5.557619184343645,0,0.0,1,0,300,1500,0.4613251907729159
perfect,narrowband,shield_ric,6,300,0.9319727844533661,2.8558407215918526,0,0.0,1,0,300,1500,0.47257278445336603
perfect,narrowband,shield_ric,7,300,0.8907834219845093,13.459091464493438,0,0.0,2,0,300,1500,0.432983421984509
perfect,narrowband,shield_ric,8,300,0.9268034314970879,3.856059927414947,0,0.0,1,1,299,1500,0.46780343149708775
perfect,narrowband,shield_ric,9,300,0.9225014248228496,3.5474954269040238,0,0.0,1,0,300,1500,0.4627014248228496
perfect,wideband,static,0,300,0.5370559985561931,26.37998452126396,0,0.0,160,0,0,0,0.077055998556193
perfect,wideband,static,1,300,0.5348437545997183,25.454120919623453,0,0.0,160,0,0,0,0.07484375459971833
perfect,wideband,static,2,300,0.5303302763982457,31.38495805506448,0,0.0,160,0,0,0,0.07033027639824575
perfect,wideband,static,3,300,0.5365372521815789,24.226169265038006,0,0.0,160,0,0,0,0.07653725218157889
perfect,wideband,static,4,300,0.533076809556743,23.29545290505881,0,0.0,160,0,0,0,0.07307680955674294
perfect,wideband,static,5,300,0.5357780866970377,26.742562357467794,0,0.0,160,0,0,0,0.07577808669703762
perfect,wideband,static,6,300,0.5323933378307937,26.281040260976187,0,0.0,160,0,0,0,0.07239333783079366
perfect,wideband,static,7,300,0.5286156126531042,30.85179495268093,0,0.0,160,0,0,0,0.06861561265310406
perfect,wideband,static,8,300,0.5366463162190834,26.162043865838832,0,0.0,160,0,0,0,0.07664631621908333
perfect,wideband,static,9,300,0.5375857955201728,27.690421353612397,0,0.0,160,0,0,0,0.07758579552017288
perfect,wideband,heuristic,0,300,0.9998127648703939,0.9997181217756768,0,0.0,1,0,0,0,0.5398127648703939
perfect,wideband,heuristic,1,300,0.9998159231214485,0.9996919946539977,0,0.0,1,0,0,0,0.5398159231214484
perfect,wideband,heuristic,2,300,0.9997936935868146,0.9998642631470439,0,0.0,1,0,0,0,0.5397936935868146
perfect,wideband,heuristic,3,300,0.9998267831360128,0.9996558315801222,0,0.0,1,0,0,0,0.5398267831360127
perfect,wideband,heuristic,4,300,0.9998384114611326,0.9996289941556726,0,0.0,1,0,0,0,0.5398384114611324
perfect,wideband,heuristic,5,300,0.9998124158710046,0.9997286358164363,0,0.0,1,0,0,0,0.5398124158710047
perfect,wideband,heuristic,6,300,0.9998214372919979,0.9997153926538338,0,0.0,1,0,0,0,0.5398214372919982
perfect,wideband,heuristic,7,300,0.9997921796217344,0.999848363377045,0,0.0,1,0,0,0,0.5397921796217343
perfect,wideband,heuristic,8,300,0.9998234072650064,0.9997118210728673,0,0.0,1,0,0,0,0.5398234072650063
perfect,wideband,heuristic,9,300,0.9998297474534822,0.9997561622153878,0,0.0,1,0,0,0,0.5398297474534822
perfect,wideband,rl,0,300,0.8853131993268475,6.657742551745443,99,0.33,2,0,300,1500,0.07604653266018085
perfect,wideband,rl,1,300,0.8677568503924078,17.470243839888003,94,0.31333333333333335,1,0,300,1500,0.078156850392408
perfect,wideband,rl,2,300,0.8754604034776892,14.36881967240686,94,0.31333333333333335,1,0,300,1500,0.08379373681102247
perfect,wideband,rl,3,300,0.8637720490592017,17.565373564163487,92,0.30666666666666664,1,0,300,1500,0.08077204905920154
perfect,wideband,rl,4,300,0.8409283664140882,49.285934987889114,100,0.3333333333333333,1,0,300,1500,0.027861699747421427
perfect,wideband,rl,5,300,0.8730827144861842,12.790807087278191,102,0.34,1,0,300,1500,0.05961604781951756
perfect,wideband,rl,6,300,0.9144534909414653,3.219239610217086,91,0.30333333333333334,1,0,300,1500,0.14232015760813188
perfect,wideband,rl,7,300,0.8917811190173381,5.454339486002768,95,0.31666666666666665,1,0,300,1500,0.10664778568400472
perfect,wideband,rl,8,300,0.8687940797190983,12.70671444775124,98,0.32666666666666666,3,0,300,1500,0.07032741305243155
perfect,wideband,rl,9,300,0.8874409885627172,7.955785191266401,99,0.33,2,0,300,1500,0.08297432189605049
perfect,wideband,llm_only,0,300,0.8710164852204785,8.500152533826162,89,0.2966666666666667,2,0,300,1500,0.10021648522047855
perfect,wideband,llm_only,1,300,0.8781033682936804,12.963618840466442,101,0.33666666666666667,1,0,300,1500,0.06450336829368043
perfect,wideband,llm_only,2,300,0.8943334011766014,10.940819365285625,72,0.24,1,0,300,1500,0.18286673450993465
perfect,wideband,llm_only,3,300,0.8639183136838846,11.579167876108345,98,0.32666666666666666,1,0,300,1500,0.06045164701721808
perfect,wideband,llm_only,4,300,0.8598769016107213,36.30745918938896,96,0.32,1,0,300,1500,0.061876901610721395
perfect,wideband,llm_only,5,300,0.8748458112152239,13.159724704757341,103,0.3433333333333333,1,0,300,1500,0.05431247788189045
perfect,wideband,llm_only,6,300,0.8715731687120765,6.488257194557725,91,0.30333333333333334,1,0,300,1500,0.09390650204540966
perfect,wideband,llm_only,7,300,0.860909734702059,8.342367710294841,101,0.33666666666666667,1,0,300,1500,0.04697640136872564
perfect,wideband,llm_only,8,300,0.8714899184969689,10.518958178395822,96,0.32,1,0,300,1500,0.07828991849696877
perfect,wideband,llm_only,9,300,0.8633175827300822,17.29955969845631,104,0.3466666666666667,1,0,300,1500,0.04585091606341538
perfect,wideband,shield_ric,0,300,0.9169867365643256,5.17983490912366,0,0.0,1,2,298,1500,0.4551867365643256
perfect,wideband,shield_ric,1,300,0.8910664806534385,10.450583650068099,0,0.0,1,4,296,1500,0.4310664806534385
perfect,wideband,shield_ric,2,300,0.9086378164523788,17.324135759244196,0,0.0,1,1,299,1500,0.44703781645237883
perfect,wideband,shield_ric,3,300,0.9045546959336135,8.359607528034852,0,0.0,1,3,297,1500,0.4425546959336134
perfect,wideband,shield_ric,4,300,0.8881028280347738,21.816355519730035,0,0.0,1,0,300,1500,0.4267028280347737
perfect,wideband,shield_ric,5,300,0.911180504927329,12.180614114555805,0,0.0,1,0,300,1500,0.45238050492732906
perfect,wideband,shield_ric,6,300,0.9137001724509172,3.494226931036972,0,0.0,1,0,300,1500,0.4537001724509172
perfect,wideband,shield_ric,7,300,0.8872228182966859,16.04443124780257,0,0.0,1,0,300,1500,0.4286228182966859
perfect,wideband,shield_ric,8,300,0.8968225439317712,9.334560243084693,0,0.0,1,1,299,1500,0.4366225439317711
perfect,wideband,shield_ric,9,300,0.88833804918493,28.25547262558089,0,0.0,1,1,299,1500,0.4289380491849302
perfect,bursty,static,0,300,0.9986742797008071,1.00856150084856,0,0.0,1,0,0,0,0.538674279700807
perfect,bursty,static,1,300,0.998799328146859,1.005773006705311,0,0.0,1,0,0,0,0.5387993281468589
perfect,bursty,static,2,300,0.9982736149642142,1.0081534466927438,0,0.0,1,0,0,0,0.5382736149642142
perfect,bursty,static,3,300,0.9982973817038651,1.0075955601583024,0,0.0,1,0,0,0,0.5382973817038649
perfect,bursty,static,4,300,0.9987313547474033,1.0060150679136661,0,0.0,1,0,0,0,0.5387313547474033
perfect,bursty,static,5,300,0.9984945795689096,1.0068947786718532,0,0.0,1,0,0,0,0.5384945795689097
perfect,bursty,static,6,300,0.9986349120620752,1.006976285051037,0,0.0,1,0,0,0,0.5386349120620755
perfect,bursty,static,7,300,0.9987091715278374,1.0079983485959552,0,0.0,1,0,0,0,0.5387091715278374
perfect,bursty,static,8,300,0.9985204986883004,1.006849709113053,0,0.0,1,0,0,0,0.5385204986883004
perfect,bursty,static,9,300,0.9986875931677798,1.0077120488822842,0,0.0,1,0,0,0,0.5386875931677799
perfect,bursty,heuristic,0,300,0.9999778241283379,0.9991443656170121,0,0.0,1,0,0,0,0.5399778241283378
perfect,bursty,heuristic,1,300,0.9999797496725472,0.9991025500093681,0,0.0,1,0,0,0,0.5399797496725472
perfect,bursty,heuristic,2,300,0.9999714360457381,0.99913824650345,0,0.0,1,0,0,0,0.539971436045738
perfect,bursty,heuristic,3,300,0.9999712475457355,0.999129880672595,0,0.0,1,0,0,0,0.5399712475457353
perfect,bursty,heuristic,4,300,0.9999788730112614,0.9991061797391322,0,0.0,1,0,0,0,0.5399788730112612
perfect,bursty,heuristic,5,300,0.9999750789738313,0.9991193721030042,0,0.0,1,0,0,0,0.5399750789738312
perfect,bursty,heuristic,6,300,0.9999773350601341,0.9991205941087624,0,0.0,1,0,0,0,0.5399773350601341
perfect,bursty,heuristic,7,300,0.9999782188520605,0.9991359209875228,0,0.0,1,0,0,0,0.5399782188520605
perfect,bursty,heuristic,8,300,0.9999753108866017,0.9991186958888529,0,0.0,1,0,0,0,0.5399753108866019
perfect,bursty,heuristic,9,300,0.9999782702552034,0.9991316274487626,0,0.0,1,0,0,0,0.5399782702552033
perfect,bursty,rl,0,300,0.915282621146886,3.276771365738992,103,0.3433333333333333,1,0,300,1500,0.0960159544802192
perfect,bursty,rl,1,300,0.9027423521578932,4.324608308433641,119,0.39666666666666667,1,0,300,1500,0.028675685491226417
perfect,bursty,rl,2,300,0.9182720686884485,4.002952961771653,93,0.31,1,0,300,1500,0.1378054020217818
perfect,bursty,rl,3,300,0.9261754085871625,3.023426285199721,122,0.4066666666666667,2,0,300,1500,0.03830874192049599
perfect,bursty,rl,4,300,0.9271924602106711,3.4688187728816113,116,0.38666666666666666,1,0,300,1500,0.06492579354400448
perfect,bursty,rl,5,300,0.9320308609243003,3.083847270707268,98,0.32666666666666666,1,0,300,1500,0.13076419425763386
perfect,bursty,rl,6,300,0.8923689442944874,6.137250368627716,119,0.39666666666666667,1,0,300,1500,0.017368944294487376
perfect,bursty,rl,7,300,0.9145593589336204,3.94109644532038,104,0.3466666666666667,2,0,300,1500,0.10069269226695365
perfect,bursty,rl,8,300,0.9243272913597762,3.6099571243622,100,0.3333333333333333,2,0,300,1500,0.12792729135977615
perfect,bursty,rl,9,300,0.9078677876264031,5.02057720181862,124,0.41333333333333333,1,0,300,1500,0.011734454293069796
perfect,bursty,llm_only,0,300,0.9150516895894877,3.322384757264014,120,0.4,1,0,300,1500,0.03651835625615441
perfect,bursty,llm_only,1,300,0.9123752230233778,3.6227588316893287,98,0.32666666666666666,1,0,300,1500,0.10490855635671123
perfect,bursty,llm_only,2,300,0.9190332894858576,3.595528134920544,98,0.32666666666666666,1,0,300,1500,0.11916662281919092
perfect,bursty,llm_only,3,300,0.9407869313881732,2.7846803535494966,98,0.32666666666666666,1,0,300,1500,0.14145359805483973
perfect,bursty,llm_only,4,300,0.9250455509791857,2.9348607127356603,113,0.37666666666666665,1,0,300,1500,0.07031221764585235
perfect,bursty,llm_only,5,300,0.9172346426360124,4.3163711740848285,100,0.3333333333333333,1,0,300,1500,0.11170130930267916
perfect,bursty,llm_only,6,300,0.929894473385442,3.4942504343093725,95,0.31666666666666665,1,0,300,1500,0.13836114005210856
perfect,bursty,llm_only,7,300,0.9188641272395334,4.4458409030846395,116,0.38666666666666666,1,0,300,1500,0.053864127239533606
perfect,bursty,llm_only,8,300,0.9229376037172786,3.3646724616302675,108,0.36,2,0,300,1500,0.08880427038394532
perfect,bursty,llm_only,9,300,0.9354443306628836,2.787242025972227,120,0.4,1,0,300,1500,0.05704433066288356
perfect,bursty,shield_ric,0,300,0.9337139640398163,2.654826557509515,0,0.0,1,1,299,1500,0.47391396403981617
perfect,bursty,shield_ric,1,300,0.9303820744001439,3.021504628464203,0,0.0,1,1,299,1500,0.4705820744001439
perfect,bursty,shield_ric,2,300,0.9347928096638259,2.5759431111339053,0,0.0,1,0,300,1500,0.477792809663826
perfect,bursty,shield_ric,3,300,0.9496977713920344,2.286365848285533,0,0.0,1,3,297,1500,0.4882977713920343
perfect,bursty,shield_ric,4,300,0.9396223657820951,3.727847180004114,0,0.0,1,1,299,1500,0.4804223657820951
perfect,bursty,shield_ric,5,300,0.9473080385096517,2.3681226503817268,0,0.0,1,0,300,1500,0.4869080385096518
perfect,bursty,shield_ric,6,300,0.921416059679854,3.410045108915386,0,0.0,1,1,299,1500,0.4612160596798539
perfect,bursty,shield_ric,7,300,0.9343692754603455,3.0806076571562984,0,0.0,1,0,300,1500,0.4763692754603454
perfect,bursty,shield_ric,8,300,0.9215222044407092,4.338008323782787,0,0.0,1,0,300,1500,0.4627222044407091
perfect,bursty,shield_ric,9,300,0.9291609055025337,5.026858960776194,0,0.0,1,1,299,1500,0.4721609055025337
perfect,backhaul,static,0,300,0.8418311928803468,2.849013168648671,0,0.0,1,0,0,0,0.38183119288034684
perfect,backhaul,static,1,300,0.8179980946779619,2.8490138941637073,0,0.0,3,0,0,0,0.35799809467796195
perfect,backhaul,static,2,300,0.7941645681356235,2.84901507224171,0,0.0,2,0,0,0,0.3341645681356235
perfect,backhaul,static,3,300,0.8158313862019778,2.8490124772921943,0,0.0,1,0,0,0,0.3558313862019778
perfect,backhaul,static,4,300,0.802831189056425,2.8490139959934804,0,0.0,1,0,0,0,0.3428311890564251
perfect,backhaul,static,5,300,0.8071647539580251,2.849013260427323,0,0.0,2,0,0,0,0.34716475395802504
perfect,backhaul,static,6,300,0.8093314091129357,2.8490138812583004,0,0.0,2,0,0,0,0.34933140911293575
perfect,backhaul,static,7,300,0.813664565167534,2.849012486906284,0,0.0,3,0,0,0,0.3536645651675339
perfect,backhaul,static,8,300,0.8071645586041772,2.849013400164787,0,0.0,1,0,0,0,0.3471645586041772
perfect,backhaul,static,9,300,0.8288316331038527,2.8490124029712396,0,0.0,1,0,0,0,0.3688316331038528
perfect,backhaul,heuristic,0,300,0.9805308767174491,1.085780269924762,0,0.0,1,0,0,0,0.5205308767174492
perfect,backhaul,heuristic,1,300,0.9775976885973364,1.0857805469129056,0,0.0,1,0,0,0,0.5175976885973363
perfect,backhaul,heuristic,2,300,0.9746641209146636,1.08578099668117,0,0.0,1,0,0,0,0.5146641209146634
perfect,backhaul,heuristic,3,300,0.9773309815096972,1.0857800059777218,0,0.0,1,0,0,0,0.5173309815096971
perfect,backhaul,heuristic,4,300,0.97573074085749,1.0857805857896183,0,0.0,1,0,0,0,0.51573074085749
perfect,backhaul,heuristic,5,300,0.9762643034638514,1.0857803049641443,0,0.0,1,0,0,0,0.5162643034638514
perfect,backhaul,heuristic,6,300,0.9765309594544553,1.085780541985861,0,0.0,1,0,0,0,0.5165309594544554
perfect,backhaul,heuristic,7,300,0.9770642052078073,1.0857800096482026,0,0.0,1,0,0,0,0.5170642052078074
perfect,backhaul,heuristic,8,300,0.9762641098404451,1.085780358313308,0,0.0,1,0,0,0,0.5162641098404448
perfect,backhaul,heuristic,9,300,0.9789313033559104,1.085779977603364,0,0.0,1,0,0,0,0.5189313033559106
perfect,backhaul,rl,0,300,0.789216791210994,3.0707951582441457,121,0.4033333333333333,2,0,300,1500,-0.09384987545567267
perfect,backhaul,rl,1,300,0.8113393793420559,2.9083440880443576,124,0.41333333333333333,3,0,300,1500,-0.07712728732461077
perfect,backhaul,rl,2,300,0.8103807416800606,3.2332214701198856,115,0.38333333333333336,1,0,300,1500,-0.05208592498660609
perfect,backhaul,rl,3,300,0.8301200291241594,3.8877310943761976,114,0.38,1,0,300,1500,-0.026613304209173985
perfect,backhaul,rl,4,300,0.8194019436369819,3.4029167240786955,127,0.42333333333333334,1,0,300,1500,-0.07726472302968469
perfect,backhaul,rl,5,300,0.7946014635195198,2.910480953769294,111,0.37,1,0,300,1500,-0.04939853648048019
perfect,backhaul,rl,6,300,0.8006101115100726,3.151976569618009,114,0.38,1,0,300,1500,-0.053589888489927455
perfect,backhaul,rl,7,300,0.8283202780095534,2.915293431315669,113,0.37666666666666665,5,0,300,1500,-0.029479721990446534
perfect,backhaul,rl,8,300,0.8245059600369106,3.0528335260895054,115,0.38333333333333336,2,0,300,1500,-0.035360706629755954
perfect,backhaul,rl,9,300,0.8105959340614851,3.1148495878409914,118,0.3933333333333333,5,0,300,1500,-0.06107073260518154
perfect,backhaul,llm_only,0,300,0.7856694086211766,3.0211998030652323,122,0.4066666666666667,2,0,300,1500,-0.09959725804549005
perfect,backhaul,llm_only,1,300,0.8310345903675604,2.889253613667617,105,0.35,3,0,300,1500,0.006901257034226956
perfect,backhaul,llm_only,2,300,0.7991885989063381,4.233506871884449,133,0.44333333333333336,1,0,300,1500,-0.1226780677603287
perfect,backhaul,llm_only,3,300,0.8187260251389629,3.8942811701665665,112,0.37333333333333335,1,0,300,1500,-0.03147397486103709
perfect,backhaul,llm_only,4,300,0.8123471054955335,2.9752550430637736,111,0.37,2,0,300,1500,-0.03158622783779982
perfect,backhaul,llm_only,5,300,0.7862595464685337,3.2523784603764216,124,0.41333333333333333,1,0,300,1500,-0.10494045353146643
perfect,backhaul,llm_only,6,300,0.8144557573936926,3.754317147013032,130,0.43333333333333335,1,0,300,1500,-0.09581090927297418
perfect,backhaul,llm_only,7,300,0.8342514781761957,2.8880426768423333,118,0.3933333333333333,2,0,300,1500,-0.038148521823804356
perfect,backhaul,llm_only,8,300,0.7969885036807712,4.053509791218037,120,0.4,1,0,300,1500,-0.07774482965256213
perfect,backhaul,llm_only,9,300,0.8203456407828762,3.1159216874220577,111,0.37,5,0,300,1500,-0.028054359217123837
perfect,backhaul,shield_ric,0,300,0.7744955717794575,2.905350635002656,0,0.0,2,4,296,1500,0.31569557177945745
perfect,backhaul,shield_ric,1,300,0.7727702633531289,2.9643545222694025,0,0.0,3,1,299,1500,0.3111702633531289
perfect,backhaul,shield_ric,2,300,0.791862695943819,3.0198848687193873,0,0.0,3,2,298,1500,0.3326626959438189
perfect,backhaul,shield_ric,3,300,0.7896109372162103,3.8512083872090326,0,0.0,1,4,296,1500,0.3314109372162103
perfect,backhaul,shield_ric,4,300,0.8044645064415931,2.900875000846202,0,0.0,5,4,296,1500,0.34526450644159307
perfect,backhaul,shield_ric,5,300,0.7586347152127711,5.206556565986149,0,0.0,1,0,300,1500,0.3006347152127711
perfect,backhaul,shield_ric,6,300,0.7680406652830652,3.14525275867477,0,0.0,1,2,298,1500,0.3056406652830652
perfect,backhaul,shield_ric,7,300,0.7842011124847429,3.11139985277439,0,0.0,3,0,300,1500,0.3252011124847428
perfect,backhaul,shield_ric,8,300,0.7619657457363521,6.187231064624863,0,0.0,2,2,298,1500,0.3041657457363521
perfect,backhaul,shield_ric,9,300,0.7856549017377441,2.9963935027045037,0,0.0,5,1,299,1500,0.32745490173774405
perfect,compromised_xapp,static,0,300,0.9983507536507031,1.0051180401338513,0,0.0,1,0,0,0,0.538350753650703
perfect,compromised_xapp,static,1,300,0.9983437752910377,1.005923130323698,0,0.0,1,0,0,0,0.5383437752910378
perfect,compromised_xapp,static,2,300,0.9982528951059741,1.0055739149914245,0,0.0,1,0,0,0,0.5382528951059741
perfect,compromised_xapp,static,3,300,0.9984290931751063,1.0042393721757374,0,0.0,1,0,0,0,0.5384290931751065
perfect,compromised_xapp,static,4,300,0.9985464214465475,1.0038867156339824,0,0.0,1,0,0,0,0.5385464214465475
perfect,compromised_xapp,static,5,300,0.9983161780179796,1.00459662415779,0,0.0,1,0,0,0,0.5383161780179794
perfect,compromised_xapp,static,6,300,0.9984099105363032,1.0049549239885673,0,0.0,1,0,0,0,0.5384099105363032
perfect,compromised_xapp,static,7,300,0.9981537438129764,1.0055190883677885,0,0.0,1,0,0,0,0.5381537438129763
perfect,compromised_xapp,static,8,300,0.9984126660359889,1.004540685456264,0,0.0,1,0,0,0,0.5384126660359888
perfect,compromised_xapp,static,9,300,0.9984465130611848,1.0052399711224844,0,0.0,1,0,0,0,0.5384465130611849
perfect,compromised_xapp,heuristic,0,300,0.9999991829513429,0.9990049937290528,0,0.0,1,0,0,0,0.5399991829513427
perfect,compromised_xapp,heuristic,1,300,0.9999990023914116,0.9990056389357357,0,0.0,1,0,0,0,0.5399990023914117
perfect,compromised_xapp,heuristic,2,300,0.9999989475359556,0.9990066130056123,0,0.0,1,0,0,0,0.5399989475359558
perfect,compromised_xapp,heuristic,3,300,0.999999053939422,0.9990051371350648,0,0.0,1,0,0,0,0.5399990539394223
perfect,compromised_xapp,heuristic,4,300,0.999999033172823,0.9990059484525426,0,0.0,1,0,0,0,0.539999033172823
perfect,compromised_xapp,heuristic,5,300,0.9999991958725555,0.9990050529038662,0,0.0,1,0,0,0,0.5399991958725553
perfect,compromised_xapp,heuristic,6,300,0.999999201133913,0.9990051251163076,0,0.0,1,0,0,0,0.539999201133913
perfect,compromised_xapp,heuristic,7,300,0.9999989837535505,0.9990055314634472,0,0.0,1,0,0,0,0.5399989837535503
perfect,compromised_xapp,heuristic,8,300,0.999998946487975,0.9990057366986949,0,0.0,1,0,0,0,0.539998946487975
perfect,compromised_xapp,heuristic,9,300,0.9999990708896095,0.9990053079145502,0,0.0,1,0,0,0,0.5399990708896094
perfect,compromised_xapp,rl,0,300,0.8945510402830458,5.254929151754324,151,0.5033333333333333,1,0,300,1500,-0.10311562638362093
perfect,compromised_xapp,rl,1,300,0.9236048741814575,3.540027932075894,139,0.4633333333333333,1,0,300,1500,-0.024995125818542352
perfect,compromised_xapp,rl,2,300,0.9218492768717903,3.886384546513971,139,0.4633333333333333,1,0,300,1500,-0.03255072312820973
perfect,compromised_xapp,rl,3,300,0.902445593065357,5.745646986375722,154,0.5133333333333333,1,0,300,1500,-0.09882107360130976
perfect,compromised_xapp,rl,4,300,0.8977659857651509,7.664237573859477,158,0.5266666666666666,1,0,300,1500,-0.11070068090151575
perfect,compromised_xapp,rl,5,300,0.903344027228253,7.586509449702127,148,0.49333333333333335,1,0,300,1500,-0.07478930610508036
perfect,compromised_xapp,rl,6,300,0.9032457343605201,5.23954752361084,170,0.5666666666666667,2,0,300,1500,-0.15195426563947986
perfect,compromised_xapp,rl,7,300,0.8967548684784551,7.7986099352005045,166,0.5533333333333333,1,0,300,1500,-0.1459784648548783
perfect,compromised_xapp,rl,8,300,0.9125030382775215,8.230386315814291,152,0.5066666666666667,2,0,300,1500,-0.08383029505581177
perfect,compromised_xapp,rl,9,300,0.8818230962389803,8.582692359686222,157,0.5233333333333333,1,0,300,1500,-0.13084357042768635
perfect,compromised_xapp,llm_only,0,300,0.9107607025630577,5.1163882830126015,159,0.53,1,0,300,1500,-0.10730596410360896
perfect,compromised_xapp,llm_only,1,300,0.8935240418882554,5.363113154778435,165,0.55,2,0,300,1500,-0.1460759581117446
perfect,compromised_xapp,llm_only,2,300,0.9045435063732806,7.473987978048068,145,0.48333333333333334,1,0,300,1500,-0.06712316029338605
perfect,compromised_xapp,llm_only,3,300,0.9282820834080483,3.829914574935049,148,0.49333333333333335,1,0,300,1500,-0.050717916591951795
perfect,compromised_xapp,llm_only,4,300,0.8927718857315676,7.809349756779877,149,0.49666666666666665,1,0,300,1500,-0.09149478093509904
perfect,compromised_xapp,llm_only,5,300,0.9069965488245134,7.847550502677956,138,0.46,1,0,300,1500,-0.039336784508820034
perfect,compromised_xapp,llm_only,6,300,0.9044609112860041,6.237075963267688,163,0.5433333333333333,1,0,300,1500,-0.12447242204732924
perfect,compromised_xapp,llm_only,7,300,0.9163716540833159,5.231990458253836,159,0.53,1,0,300,1500,-0.11162834591668402
perfect,compromised_xapp,llm_only,8,300,0.8938895431357086,10.528582571474294,139,0.4633333333333333,1,0,300,1500,-0.0643104568642913
perfect,compromised_xapp,llm_only,9,300,0.9234150108363304,5.4277303321881485,158,0.5266666666666666,1,0,300,1500,-0.09585165583033618
perfect,compromised_xapp,shield_ric,0,300,0.9315140530425613,4.044067372116963,0,0.0,1,12,288,1500,0.4703140530425613
perfect,compromised_xapp,shield_ric,1,300,0.9383700524062996,2.524956024011243,0,0.0,1,10,290,1500,0.4777700524062996
perfect,compromised_xapp,shield_ric,2,300,0.9214492551750771,5.269081344114795,0,0.0,1,7,293,1500,0.4624492551750772
perfect,compromised_xapp,shield_ric,3,300,0.935242557744615,3.8952684900288226,0,0.0,1,17,283,1500,0.4756425577446148
perfect,compromised_xapp,shield_ric,4,300,0.9264888845087866,4.857924990512051,0,0.0,1,10,290,1500,0.4656888845087866
perfect,compromised_xapp,shield_ric,5,300,0.8917998434381692,14.709661979568464,0,0.0,2,13,287,1500,0.4297998434381692
perfect,compromised_xapp,shield_ric,6,300,0.9036971391655951,10.034100465534733,0,0.0,2,18,282,1500,0.4422971391655952
perfect,compromised_xapp,shield_ric,7,300,0.9187622152770509,5.456268960366137,0,0.0,1,12,288,1500,0.4587622152770509
perfect,compromised_xapp,shield_ric,8,300,0.913367981782521,9.813149852918796,0,0.0,1,11,289,1500,0.45236798178252097
perfect,compromised_xapp,shield_ric,9,300,0.9056191184118741,16.367669576075475,0,0.0,1,21,279,1500,0.44321911841187406
perfect,compound,static,0,300,0.7756605194659607,4.829766781832297,0,0.0,35,0,0,0,0.3156605194659607
perfect,compound,static,1,300,0.7504092065966539,5.681362742414887,0,0.0,36,0,0,0,0.2904092065966537
perfect,compound,static,2,300,0.7326264100643414,5.927415827022893,0,0.0,35,0,0,0,0.27262641006434135
perfect,compound,static,3,300,0.7735737132531797,4.4587520457846255,0,0.0,11,0,0,0,0.3135737132531796
perfect,compound,static,4,300,0.7437509075030824,4.842548382765361,0,0.0,35,0,0,0,0.2837509075030824
perfect,compound,static,5,300,0.7519814302326148,5.153865151859937,0,0.0,9,0,0,0,0.2919814302326148
perfect,compound,static,6,300,0.764577114407523,5.187922160867877,0,0.0,35,0,0,0,0.3045771144075229
perfect,compound,static,7,300,0.7481446505355757,5.4476398462889914,0,0.0,22,0,0,0,0.2881446505355756
perfect,compound,static,8,300,0.7624383153626474,4.766628089941946,0,0.0,24,0,0,0,0.30243831536264737
perfect,compound,static,9,300,0.7710630264678571,4.442521941651108,0,0.0,35,0,0,0,0.31106302646785705
perfect,compound,heuristic,0,300,0.9861029065619685,1.0858609444148821,0,0.0,1,0,0,0,0.5261029065619683
perfect,compound,heuristic,1,300,0.9818327542858005,1.0859194673626869,0,0.0,1,0,0,0,0.5218327542858006
perfect,compound,heuristic,2,300,0.9791651654027205,1.0859287796461028,0,0.0,1,0,0,0,0.5191651654027205
perfect,compound,heuristic,3,300,0.9839677890876092,1.0858756002229226,0,0.0,1,0,0,0,0.5239677890876091
perfect,compound,heuristic,4,300,0.9820991482019577,1.0858870273959893,0,0.0,1,0,0,0,0.5220991482019577
perfect,compound,heuristic,5,300,0.9818338969739316,1.0858934027380445,0,0.0,1,0,0,0,0.5218338969739316
perfect,compound,heuristic,6,300,0.9829020260317027,1.0858976121481527,0,0.0,1,0,0,0,0.5229020260317028
perfect,compound,heuristic,7,300,0.9810346571842192,1.0859014728325636,0,0.0,1,0,0,0,0.5210346571842192
perfect,compound,heuristic,8,300,0.9855675870845751,1.0858667114479785,0,0.0,1,0,0,0,0.5255675870845752
perfect,compound,heuristic,9,300,0.982906962862448,1.0858661742466937,0,0.0,1,0,0,0,0.5229069628624481
perfect,compound,rl,0,300,0.8318148299999749,7.873090650920717,142,0.47333333333333333,1,0,300,1500,-0.1241185033333583
perfect,compound,rl,1,300,0.8601482210516338,6.853421261617456,146,0.4866666666666667,1,0,300,1500,-0.1116517789483662
perfect,compound,rl,2,300,0.8676554960687948,6.392803599684085,151,0.5033333333333333,1,0,300,1500,-0.11727783726453855
perfect,compound,rl,3,300,0.8857280898813807,3.935672474229563,153,0.51,1,0,300,1500,-0.10947191011861918
perfect,compound,rl,4,300,0.8550812996162737,8.14065299860472,155,0.5166666666666667,1,0,300,1500,-0.14838536705039285
perfect,compound,rl,5,300,0.8521918393422643,4.761234456303683,159,0.53,1,0,300,1500,-0.17034149399106902
perfect,compound,rl,6,300,0.8693084575179442,3.486595096742422,145,0.48333333333333334,1,0,300,1500,-0.11069154248205577
perfect,compound,rl,7,300,0.8441182549078372,6.2433738911225065,154,0.5133333333333333,2,0,300,1500,-0.16608174509216275
perfect,compound,rl,8,300,0.8783094832009738,5.80302247963476,153,0.51,2,0,300,1500,-0.12095718346569304
perfect,compound,rl,9,300,0.858520024871832,6.591758014716732,148,0.49333333333333335,1,0,300,1500,-0.12334664179483487
perfect,compound,llm_only,0,300,0.8565819215556904,6.626774460697433,162,0.54,1,0,300,1500,-0.17535141177764293
perfect,compound,llm_only,1,300,0.8367214685270437,6.513785532414066,142,0.47333333333333333,1,0,300,1500,-0.11681186480628979
perfect,compound,llm_only,2,300,0.8506803286419464,9.563867359990576,161,0.5366666666666666,1,0,300,1500,-0.17265300469138695
perfect,compound,llm_only,3,300,0.8709986453252012,4.969334808839611,150,0.5,1,0,300,1500,-0.11740135467479888
perfect,compound,llm_only,4,300,0.8805043776485159,2.8624375736514254,146,0.4866666666666667,1,0,300,1500,-0.08369562235148412
perfect,compound,llm_only,5,300,0.8506191064029138,6.802895466204634,151,0.5033333333333333,1,0,300,1500,-0.1384475602637528
perfect,compound,llm_only,6,300,0.880082640195927,3.4581116951780744,171,0.57,2,0,300,1500,-0.19138402647073982
perfect,compound,llm_only,7,300,0.8553317467350409,4.413094376027726,161,0.5366666666666666,2,0,300,1500,-0.17800158659829257
perfect,compound,llm_only,8,300,0.8811065821568074,5.580867792252729,154,0.5133333333333333,1,0,300,1500,-0.1282934178431928
perfect,compound,llm_only,9,300,0.8442713262695993,6.031756067690688,163,0.5433333333333333,1,0,300,1500,-0.1997286737304006
perfect,compound,shield_ric,0,300,0.8215533785048744,15.68013558622239,0,0.0,5,30,270,1500,0.36055337850487446
perfect,compound,shield_ric,1,300,0.8040365551907434,589.2208047608606,0,0.0,3,31,269,1500,0.34523655519074326
perfect,compound,shield_ric,2,300,0.8418279669759959,6.939995654992883,0,0.0,1,30,270,1500,0.3828279669759959
perfect,compound,shield_ric,3,300,0.8358854542187463,7.8558253217030956,0,0.0,1,32,268,1500,0.37488545421874625
perfect,compound,shield_ric,4,300,0.8338216949635422,5.536435840425503,0,0.0,1,33,267,1500,0.37722169496354213
perfect,compound,shield_ric,5,300,0.8078200030567592,349.7015101158399,0,0.0,1,36,264,1500,0.34662000305675905
perfect,compound,shield_ric,6,300,0.833426882583112,18.31599681204907,0,0.0,2,27,273,1500,0.37542688258311196
perfect,compound,shield_ric,7,300,0.8034317941224512,6.635469057788089,0,0.0,1,33,267,1500,0.3430317941224513
perfect,compound,shield_ric,8,300,0.8248216792981535,14.369059171924025,0,0.0,1,30,270,1500,0.36642167929815356
perfect,compound,shield_ric,9,300,0.8490180001326264,5.468846295250112,0,0.0,1,31,269,1500,0.3886180001326264
radioml,narrowband,static,0,300,0.7421759171557379,3.330909870829998,0,0.0,3,0,0,0,0.28217591715573803
radioml,narrowband,static,1,300,0.765679733307551,3.2034698283952627,0,0.0,160,0,0,0,0.305679733307551
radioml,narrowband,static,2,300,0.7483391116845571,3.2586706714604974,0,0.0,85,0,0,0,0.2883391116845571
radioml,narrowband,static,3,300,0.7668017181894343,3.3614366825278945,0,0.0,160,0,0,0,0.30680171818943436
radioml,narrowband,static,4,300,0.7495467108667325,3.004680996861631,0,0.0,18,0,0,0,0.28954671086673256
radioml,narrowband,static,5,300,0.7610774363976003,3.15181773037621,0,0.0,83,0,0,0,0.3010774363976003
radioml,narrowband,static,6,300,0.7562526237236541,3.195822492099919,0,0.0,147,0,0,0,0.296252623723654
radioml,narrowband,static,7,300,0.7437828051669795,3.4324428785036085,0,0.0,160,0,0,0,0.2837828051669795
radioml,narrowband,static,8,300,0.7455957081458107,3.869036513942767,0,0.0,51,0,0,0,0.2855957081458106
radioml,narrowband,static,9,300,0.7437605947790683,3.6740402222335398,0,0.0,130,0,0,0,0.28376059477906834
radioml,narrowband,heuristic,0,300,0.997992200619295,0.9990064248182041,0,0.0,1,0,0,0,0.537992200619295
radioml,narrowband,heuristic,1,300,0.9999988298702719,0.999005487713337,0,0.0,1,0,0,0,0.5399988298702719
radioml,narrowband,heuristic,2,300,0.9999987695702289,0.9990059988008335,0,0.0,1,0,0,0,0.5399987695702289
radioml,narrowband,heuristic,3,300,0.999999009972124,0.9990045430955048,0,0.0,1,0,0,0,0.5399990099721241
radioml,narrowband,heuristic,4,300,0.9999988592357858,0.999005153777743,0,0.0,1,0,0,0,0.5399988592357857
radioml,narrowband,heuristic,5,300,0.9978578664951169,0.9990055564434338,0,0.0,1,0,0,0,0.5378578664951169
radioml,narrowband,heuristic,6,300,0.9999988610305731,0.9990058962362953,0,0.0,1,0,0,0,0.5399988610305732
radioml,narrowband,heuristic,7,300,0.9999987268034431,0.9990059424079077,0,0.0,1,0,0,0,0.5399987268034433
radioml,narrowband,heuristic,8,300,0.9999985074814587,0.9990065456177158,0,0.0,1,0,0,0,0.5399985074814588
radioml,narrowband,heuristic,9,300,0.99800002531845,0.999005751421433,0,0.0,1,0,0,0,0.5380000253184501
radioml,narrowband,rl,0,300,0.8996054231136992,10.181904886749756,123,0.41,3,0,300,1500,0.006738756447032473
radioml,narrowband,rl,1,300,0.9043751493070176,9.165777565827922,110,0.36666666666666664,1,0,300,1500,0.05430848264035082
radioml,narrowband,rl,2,300,0.8987810737773848,6.871917985831024,113,0.37666666666666665,1,0,300,1500,0.04331440711071818
radioml,narrowband,rl,3,300,0.8540976466988237,18.76112313839577,122,0.4066666666666667,1,0,300,1500,-0.02810235330117635
radioml,narrowband,rl,4,300,0.8714454806356632,17.40582695383481,124,0.41333333333333333,1,0,300,1500,-0.013287852697670358
radioml,narrowband,rl,5,300,0.886332169712901,7.567794903313308,129,0.43,1,0,300,1500,-0.02680116362043236
radioml,narrowband,rl,6,300,0.8945178256368126,9.68562244890719,100,0.3333333333333333,1,0,300,1500,0.09005115897014598
radioml,narrowband,rl,7,300,0.8601404519746071,113.15266259962009,114,0.38,1,0,300,1500,0.00507378530794026
radioml,narrowband,rl,8,300,0.9262867304517347,2.6703348820239348,109,0.36333333333333334,1,0,300,1500,0.09335339711840142
radioml,narrowband,rl,9,300,0.9051549131331388,5.2586543393670695,122,0.4066666666666667,1,0,300,1500,0.019488246466472188
radioml,narrowband,llm_only,0,300,0.9102173604238849,4.140866340958771,115,0.38333333333333336,1,0,300,1500,0.052950693757218226
radioml,narrowband,llm_only,1,300,0.8933986529649532,43.36890591843683,111,0.37,1,0,300,1500,0.04393198629828647
radioml,narrowband,llm_only,2,300,0.8731765822972681,35.83719125445186,115,0.38333333333333336,1,0,300,1500,0.01857658229726816
radioml,narrowband,llm_only,3,300,0.8893212826486873,55.300721628515454,114,0.38,1,0,300,1500,0.03412128264868727
radioml,narrowband,llm_only,4,300,0.8806091836622056,71.13353196341686,125,0.4166666666666667,1,0,300,1500,-0.01579081633779424
radioml,narrowband,llm_only,5,300,0.890535339100818,10.729855853322952,124,0.41333333333333333,1,0,300,1500,-0.001264660899182104
radioml,narrowband,llm_only,6,300,0.9009733737431571,9.636388417272634,117,0.39,1,0,300,1500,0.03897337374315706
radioml,narrowband,llm_only,7,300,0.9148639312140813,3.7611599225930887,108,0.36,1,0,300,1500,0.08266393121408126
radioml,narrowband,llm_only,8,300,0.8913118129743536,10.30368380887555,112,0.37333333333333335,1,0,300,1500,0.05044514630768689
radioml,narrowband,llm_only,9,300,0.8810310267259354,31.51326983712586,121,0.4033333333333333,1,0,300,1500,0.010297693392601993
radioml,narrowband,shield_ric,0,300,0.9320451231474218,2.798840050699253,0,0.0,1,1,299,1500,0.4714451231474217
radioml,narrowband,shield_ric,1,300,0.928806812321158,4.326123542060676,0,0.0,1,2,298,1500,0.46740681232115794
radioml,narrowband,shield_ric,2,300,0.9422351585058344,2.162983757586633,0,0.0,1,0,300,1500,0.4818351585058343
radioml,narrowband,shield_ric,3,300,0.902460511807825,14.244636451095728,0,0.0,1,6,294,1500,0.4438605118078249
radioml,narrowband,shield_ric,4,300,0.9491327164896991,1.7405129880244095,0,0.0,1,2,298,1500,0.48893271648969916
radioml,narrowband,shield_ric,5,300,0.9104028210872487,16.998336869610235,0,0.0,1,2,298,1500,0.4518028210872487
radioml,narrowband,shield_ric,6,300,0.9043417849923585,6.0767089481612135,0,0.0,1,3,297,1500,0.44654178499235836
radioml,narrowband,shield_ric,7,300,0.9298519136579662,2.9464796332263092,0,0.0,1,2,298,1500,0.4692519136579661
radioml,narrowband,shield_ric,8,300,0.9264675513492429,2.7771893947483854,0,0.0,1,4,296,1500,0.46546755134924295
radioml,narrowband,shield_ric,9,300,0.9252889345228755,2.7801309116842896,0,0.0,1,5,295,1500,0.46608893452287553
radioml,wideband,static,0,300,0.530121537474301,24.80425720306498,0,0.0,160,0,0,0,0.07012153747430105
radioml,wideband,static,1,300,0.5386671550114646,23.529674819620023,0,0.0,160,0,0,0,0.07866715501146446
radioml,wideband,static,2,300,0.5315908052169638,24.08156886811747,0,0.0,160,0,0,0,0.07159080521696377
radioml,wideband,static,3,300,0.5406075042151076,25.108790529084086,0,0.0,160,0,0,0,0.08060750421510758
radioml,wideband,static,4,300,0.5324644073895526,21.535252034116006,0,0.0,160,0,0,0,0.07246440738955275
radioml,wideband,static,5,300,0.536710369025685,23.012417886103048,0,0.0,160,0,0,0,0.076710369025685
radioml,wideband,static,6,300,0.5348317300909283,23.45321770368213,0,0.0,160,0,0,0,0.07483173009092815
radioml,wideband,static,7,300,0.527591449846134,25.817347583578094,0,0.0,160,0,0,0,0.06759144984613395
radioml,wideband,static,8,300,0.532480096549317,30.152760357801398,0,0.0,160,0,0,0,0.07248009654931702
radioml,wideband,static,9,300,0.5289576479628316,28.220311299681075,0,0.0,160,0,0,0,0.06895764796283163
radioml,wideband,heuristic,0,300,0.9307260576293924,4.407085690654823,0,0.0,1,0,0,0,0.47072605762939246
radioml,wideband,heuristic,1,300,0.9277008710430357,6.279854733858548,0,0.0,2,0,0,0,0.46770087104303554
radioml,wideband,heuristic,2,300,0.9261552436089634,8.48497956093962,0,0.0,1,0,0,0,0.4661552436089633
radioml,wideband,heuristic,3,300,0.916274664230173,6.998395299355637,0,0.0,2,0,0,0,0.4562746642301729
radioml,wideband,heuristic,4,300,0.934338226734623,3.65824155467664,0,0.0,1,0,0,0,0.47433822673462295
radioml,wideband,heuristic,5,300,0.9009381214618915,8.526780943297709,0,0.0,3,0,0,0,0.44093812146189143
radioml,wideband,heuristic,6,300,0.945459094566675,1.2238619296490267,0,0.0,2,0,0,0,0.4854590945666748
radioml,wideband,heuristic,7,300,0.9108643048554387,7.721490517130385,0,0.0,1,0,0,0,0.4508643048554387
radioml,wideband,heuristic,8,300,0.933915516977287,1.6135549895313206,0,0.0,1,0,0,0,0.47391551697728695
radioml,wideband,heuristic,9,300,0.9419889870092697,1.6348643614829532,0,0.0,1,0,0,0,0.4819889870092697
radioml,wideband,rl,0,300,0.7622170884708407,953.9850734461099,111,0.37,2,0,300,1500,-0.081649578195826
radioml,wideband,rl,1,300,0.7640014070101032,984.427532018001,105,0.35,1,0,300,1500,-0.05926525965656339
radioml,wideband,rl,2,300,0.772931615360064,482.5977751283653,115,0.38333333333333336,2,0,300,1500,-0.08520171797326921
radioml,wideband,rl,3,300,0.7572606562909868,954.2303609271461,112,0.37333333333333335,5,0,300,1500,-0.08947267704234653
radioml,wideband,rl,4,300,0.7749936944418307,987.1215461574845,124,0.41333333333333333,1,0,300,1500,-0.1069396388915024
radioml,wideband,rl,5,300,0.7808640922917983,536.3752700566714,116,0.38666666666666666,1,0,300,1500,-0.0827359077082017
radioml,wideband,rl,6,300,0.7566023035198854,509.7085246796529,118,0.3933333333333333,3,0,300,1500,-0.1119976964801146
radioml,wideband,rl,7,300,0.7802062074995115,982.4216887128141,105,0.35,1,0,300,1500,-0.04452712583382187
radioml,wideband,rl,8,300,0.7514813235720303,971.3538534450861,113,0.37666666666666665,2,0,300,1500,-0.09791867642796971
radioml,wideband,rl,9,300,0.8038762480406864,941.8639732919713,103,0.3433333333333333,4,0,300,1500,-0.014990418625980363
radioml,wideband,llm_only,0,300,0.7643211206927486,983.6107728926604,103,0.3433333333333333,2,0,300,1500,-0.053212212640584775
radioml,wideband,llm_only,1,300,0.773622002247819,959.7428125600684,113,0.37666666666666665,1,0,300,1500,-0.07804466441884783
radioml,wideband,llm_only,2,300,0.7821855874603636,883.3855189322027,108,0.36,2,0,300,1500,-0.047747745872969774
radioml,wideband,llm_only,3,300,0.7703810014897742,966.5721110273619,107,0.3566666666666667,1,0,300,1500,-0.05541899851022593
radioml,wideband,llm_only,4,300,0.7775224500894556,975.1606125095917,115,0.38333333333333336,3,0,300,1500,-0.08367754991054448
radioml,wideband,llm_only,5,300,0.7330715192852812,984.1078490741237,111,0.37,1,0,300,1500,-0.11326181404805205
radioml,wideband,llm_only,6,300,0.7563265297871112,971.6887683964386,109,0.36333333333333334,1,0,300,1500,-0.08254013687955547
radioml,wideband,llm_only,7,300,0.7654620747379466,971.4062014542961,116,0.38666666666666666,1,0,300,1500,-0.09987125859538674
radioml,wideband,llm_only,8,300,0.7672080255596763,971.3538534450861,88,0.29333333333333333,2,0,300,1500,0.004341358893009539
radioml,wideband,llm_only,9,300,0.7524639587000138,967.2871223003481,123,0.41,4,0,300,1500,-0.1370693746333196
radioml,wideband,shield_ric,0,300,0.8076732702228617,942.8658764274602,0,0.0,2,0,300,1500,0.34727327022286175
radioml,wideband,shield_ric,1,300,0.7974484654277467,800.1107074107591,0,0.0,3,0,300,1500,0.3358484654277468
radioml,wideband,shield_ric,2,300,0.8156444270500044,511.4833458399041,0,0.0,2,2,298,1500,0.35404442705000444
radioml,wideband,shield_ric,3,300,0.794012592053968,647.5873948724543,0,0.0,5,6,294,1500,0.33521259205396803
radioml,wideband,shield_ric,4,300,0.8020194200614776,915.5356166964784,0,0.0,3,7,293,1500,0.34181942006147764
radioml,wideband,shield_ric,5,300,0.7945759356314342,952.8922007073619,0,0.0,1,4,296,1500,0.33277593563143426
radioml,wideband,shield_ric,6,300,0.7922902044287096,968.4816353092896,0,0.0,1,2,298,1500,0.3318902044287095
radioml,wideband,shield_ric,7,300,0.8239124119589759,970.4158336085359,0,0.0,1,2,298,1500,0.3635124119589759
radioml,wideband,shield_ric,8,300,0.8089671453078464,745.289963093858,0,0.0,2,4,296,1500,0.34936714530784635
radioml,wideband,shield_ric,9,300,0.8074959232845548,942.4106503631109,0,0.0,4,5,295,1500,0.34789592328455465
radioml,bursty,static,0,300,0.9986373710741983,1.0070739486313713,0,0.0,1,0,0,0,0.5386373710741983
radioml,bursty,static,1,300,0.998597540098454,1.006810278984802,0,0.0,1,0,0,0,0.5385975400984541
radioml,bursty,static,2,300,0.9982631961737426,1.0091050824694976,0,0.0,1,0,0,0,0.5382631961737425
radioml,bursty,static,3,300,0.9983182051674625,1.008864614050385,0,0.0,1,0,0,0,0.5383182051674625
radioml,bursty,static,4,300,0.9980456212791193,1.0069434185745503,0,0.0,1,0,0,0,0.5380456212791193
radioml,bursty,static,5,300,0.9987609347296083,1.0075820175133157,0,0.0,1,0,0,0,0.5387609347296082
radioml,bursty,static,6,300,0.9986857497800431,1.0082980394746819,0,0.0,1,0,0,0,0.538685749780043
radioml,bursty,static,7,300,0.9984826449255284,1.0096915070016599,0,0.0,1,0,0,0,0.5384826449255283
radioml,bursty,static,8,300,0.9987322948434549,1.008544826489019,0,0.0,1,0,0,0,0.5387322948434549
radioml,bursty,static,9,300,0.9987176528020116,1.005702057573173,0,0.0,1,0,0,0,0.5387176528020117
radioml,bursty,heuristic,0,300,0.9999713770807864,0.9991368507651692,0,0.0,1,0,0,0,0.5399713770807864
radioml,bursty,heuristic,1,300,0.9999715490735472,0.9991303271121353,0,0.0,1,0,0,0,0.539971549073547
radioml,bursty,heuristic,2,300,0.9999138778876446,0.9991525170703786,0,0.0,1,0,0,0,0.5399138778876447
radioml,bursty,heuristic,3,300,0.9999724073286405,0.9991489110371733,0,0.0,1,0,0,0,0.5399724073286403
radioml,bursty,heuristic,4,300,0.9993730525327711,0.9991201011745205,0,0.0,1,0,0,0,0.5393730525327711
radioml,bursty,heuristic,5,300,0.9999794512342763,0.9991296776048523,0,0.0,1,0,0,0,0.5399794512342765
radioml,bursty,heuristic,6,300,0.9999467578621625,0.9991528201301766,0,0.0,1,0,0,0,0.5399467578621625
radioml,bursty,heuristic,7,300,0.9999645485417219,0.9991639540023515,0,0.0,1,0,0,0,0.5399645485417219
radioml,bursty,heuristic,8,300,0.9999253674012315,0.9991504493072344,0,0.0,1,0,0,0,0.5399253674012315
radioml,bursty,heuristic,9,300,0.9999784620167705,0.9991014859184238,0,0.0,1,0,0,0,0.5399784620167705
radioml,bursty,rl,0,300,0.9332473784452213,3.227936283247504,99,0.33,1,0,300,1500,0.12698071177855486
radioml,bursty,rl,1,300,0.9059934927316944,5.037572263803859,108,0.36,1,0,300,1500,0.06086015939836109
radioml,bursty,rl,2,300,0.8936083678540734,4.401121941549547,100,0.3333333333333333,1,0,300,1500,0.09234170118740674
radioml,bursty,rl,3,300,0.9188745197683261,3.9495639682713923,112,0.37333333333333335,3,0,300,1500,0.05607451976832593
radioml,bursty,rl,4,300,0.9217682597328621,3.9045040626678733,98,0.32666666666666666,2,0,300,1500,0.1213682597328619
radioml,bursty,rl,5,300,0.9283363800651042,3.966390703962371,101,0.33666666666666667,3,0,300,1500,0.11573638006510402
radioml,bursty,rl,6,300,0.9156202564021407,3.6161599953280756,109,0.36333333333333334,5,0,300,1500,0.07368692306880723
radioml,bursty,rl,7,300,0.9236631143862761,4.1259367066818005,109,0.36333333333333334,4,0,300,1500,0.08126311438627624
radioml,bursty,rl,8,300,0.9132275149936735,4.12121267350512,107,0.3566666666666667,1,0,300,1500,0.07856084832700679
radioml,bursty,rl,9,300,0.901973819869022,4.180676740058506,97,0.3233333333333333,1,0,300,1500,0.10357381986902192
radioml,bursty,llm_only,0,300,0.918903928907791,3.589807472276464,118,0.3933333333333333,1,0,300,1500,0.05570392890779107
radioml,bursty,llm_only,1,300,0.9113755615638707,3.5499530705685625,124,0.41333333333333333,1,0,300,1500,0.020642228230537216
radioml,bursty,llm_only,2,300,0.9069059435687479,4.7887648182347435,110,0.36666666666666664,1,0,300,1500,0.07070594356874786
radioml,bursty,llm_only,3,300,0.8849107004933959,6.499961639524284,122,0.4066666666666667,1,0,300,1500,0.006910700493395933
radioml,bursty,llm_only,4,300,0.913010316484965,4.426729339264535,101,0.33666666666666667,3,0,300,1500,0.10454364981829843
radioml,bursty,llm_only,5,300,0.9239650660369697,4.094344435798624,104,0.3466666666666667,1,0,300,1500,0.09409839937030294
radioml,bursty,llm_only,6,300,0.912037222905086,3.597054308438272,114,0.38,1,0,300,1500,0.048970556238419435
radioml,bursty,llm_only,7,300,0.9171245382536635,3.699527924463838,118,0.3933333333333333,1,0,300,1500,0.04865787158699677
radioml,bursty,llm_only,8,300,0.9133495976319634,3.9732951018897427,104,0.3466666666666667,1,0,300,1500,0.09148293096529679
radioml,bursty,llm_only,9,300,0.9309708473249148,2.751801497413871,104,0.3466666666666667,1,0,300,1500,0.10490418065824816
radioml,bursty,shield_ric,0,300,0.9490400054094967,2.360377299780906,0,0.0,2,0,300,1500,0.4894400054094966
radioml,bursty,shield_ric,1,300,0.9472383579256904,2.0625426395109283,0,0.0,1,1,299,1500,0.48823835792569015
radioml,bursty,shield_ric,2,300,0.9170277898131683,4.035224859275391,0,0.0,1,1,299,1500,0.4574277898131684
radioml,bursty,shield_ric,3,300,0.9211733225478264,6.095338910850225,0,0.0,1,1,299,1500,0.4615733225478263
radioml,bursty,shield_ric,4,300,0.9490135626510744,2.4237126323187552,0,0.0,1,1,299,1500,0.49101356265107443
radioml,bursty,shield_ric,5,300,0.9412147147591954,2.863243743766472,0,0.0,1,2,298,1500,0.4812147147591954
radioml,bursty,shield_ric,6,300,0.9244664654935385,3.067760316643844,0,0.0,1,1,299,1500,0.46426646549353845
radioml,bursty,shield_ric,7,300,0.9341309725958642,2.809581915634299,0,0.0,1,1,299,1500,0.4753309725958642
radioml,bursty,shield_ric,8,300,0.9359757024713466,2.757965338020362,0,0.0,1,2,298,1500,0.4745757024713468
radioml,bursty,shield_ric,9,300,0.9490133761895485,2.5305604371125487,0,0.0,1,1,299,1500,0.49021337618954847
radioml,backhaul,static,0,300,0.8158315356989673,2.8490139252528834,0,0.0,5,0,0,0,0.35583153569896725
radioml,backhaul,static,1,300,0.8049981156500869,2.8490139529217307,0,0.0,1,0,0,0,0.3449981156500869
radioml,backhaul,static,2,300,0.8309977561077093,2.8490139388157814,0,0.0,1,0,0,0,0.3709977561077094
radioml,backhaul,static,3,300,0.82666487674657,2.8490152875892396,0,0.0,3,0,0,0,0.3666648767465701
radioml,backhaul,static,4,300,0.8201648974078053,2.849013408830876,0,0.0,3,0,0,0,0.3601648974078052
radioml,backhaul,static,5,300,0.7811648512458091,2.849013991236537,0,0.0,2,0,0,0,0.3211648512458091
radioml,backhaul,static,6,300,0.7941648950544009,2.8490161060022943,0,0.0,2,0,0,0,0.33416489505440083
radioml,backhaul,static,7,300,0.8158314292807705,2.849013565531584,0,0.0,1,0,0,0,0.35583142928077044
radioml,backhaul,static,8,300,0.7768313668462938,2.8490131980872206,0,0.0,1,0,0,0,0.3168313668462938
radioml,backhaul,static,9,300,0.8049980860569091,2.8490138184833467,0,0.0,1,0,0,0,0.3449980860569091
radioml,backhaul,heuristic,0,300,0.9773312148421032,1.0857805587821745,0,0.0,1,0,0,0,0.5173312148421032
radioml,backhaul,heuristic,1,300,0.9759977619387109,1.0857803433993722,0,0.0,1,0,0,0,0.5159977619387109
radioml,backhaul,heuristic,2,300,0.9791974162349398,1.0857805639602367,0,0.0,1,0,0,0,0.5191974162349398
radioml,backhaul,heuristic,3,300,0.978664503288383,1.0857806972977806,0,0.0,1,0,0,0,0.5186645032883831
radioml,backhaul,heuristic,4,300,0.9778645583093364,1.0857803616218595,0,0.0,1,0,0,0,0.5178645583093364
radioml,backhaul,heuristic,5,300,0.9730645483738982,1.085780368322936,0,0.0,1,0,0,0,0.5130645483738983
radioml,backhaul,heuristic,6,300,0.9746645050476576,1.0857813913517298,0,0.0,1,0,0,0,0.5146645050476574
radioml,backhaul,heuristic,7,300,0.9773311236795741,1.0857802930914087,0,0.0,1,0,0,0,0.5173311236795741
radioml,backhaul,heuristic,8,300,0.9725311223877124,1.0857802574804973,0,0.0,1,0,0,0,0.5125311223877124
radioml,backhaul,heuristic,9,300,0.9759976695903019,1.0857804337768238,0,0.0,1,0,0,0,0.5159976695903018
radioml,backhaul,rl,0,300,0.785277499937835,3.8384965770570156,125,0.4166666666666667,2,0,300,1500,-0.10705583339549837
radioml,backhaul,rl,1,300,0.8249082036033303,2.8898418281682314,107,0.3566666666666667,1,0,300,1500,-0.011891796396669735
radioml,backhaul,rl,2,300,0.8309027054918249,3.197602497483225,115,0.38333333333333336,2,0,300,1500,-0.019030627841508514
radioml,backhaul,rl,3,300,0.8043541877853738,4.052367673064729,127,0.42333333333333334,4,0,300,1500,-0.0961791455479595
radioml,backhaul,rl,4,300,0.785497029842385,3.0754415937529234,124,0.41333333333333333,1,0,300,1500,-0.10683630349094841
radioml,backhaul,rl,5,300,0.8108131550015985,2.904451776880437,113,0.37666666666666665,4,0,300,1500,-0.03765351166506829
radioml,backhaul,rl,6,300,0.7979766913478717,3.412872776752727,112,0.37333333333333335,2,0,300,1500,-0.05735664198546161
radioml,backhaul,rl,7,300,0.8290759392279835,3.0468766189704457,133,0.44333333333333336,1,0,300,1500,-0.08225739410534985
radioml,backhaul,rl,8,300,0.8087358416288104,3.1962241516798198,116,0.38666666666666666,1,0,300,1500,-0.05073082503785629
radioml,backhaul,rl,9,300,0.8251713850101507,3.0463006874078773,130,0.43333333333333335,1,0,300,1500,-0.08629528165651588
radioml,backhaul,llm_only,0,300,0.814556142924126,3.0138145275224884,119,0.39666666666666667,2,0,300,1500,-0.06291052374254065
radioml,backhaul,llm_only,1,300,0.8236463013259612,2.903643440485943,110,0.36666666666666664,1,0,300,1500,-0.018887032007372167
radioml,backhaul,llm_only,2,300,0.8276740948988205,3.7714696968687083,115,0.38333333333333336,1,0,300,1500,-0.028659238434512957
radioml,backhaul,llm_only,3,300,0.8084632360191919,3.7178609670755955,117,0.39,2,0,300,1500,-0.06053676398080805
radioml,backhaul,llm_only,4,300,0.7644451260385631,4.689871380074281,120,0.4,4,0,300,1500,-0.12028820729477022
radioml,backhaul,llm_only,5,300,0.8191532015456999,2.919551889009565,120,0.4,4,0,300,1500,-0.0590467984543001
radioml,backhaul,llm_only,6,300,0.8091867098237115,2.9392877546537113,116,0.38666666666666666,2,0,300,1500,-0.05461329017628838
radioml,backhaul,llm_only,7,300,0.8127722155362986,2.9683118513669697,114,0.38,3,0,300,1500,-0.04262778446370136
radioml,backhaul,llm_only,8,300,0.7911850942226939,4.51492725783799,124,0.41333333333333333,1,0,300,1500,-0.09854823911063954
radioml,backhaul,llm_only,9,300,0.8405252460527561,2.8964423198988243,136,0.4533333333333333,1,0,300,1500,-0.09687475394724387
radioml,backhaul,shield_ric,0,300,0.7838766515460509,2.978426864562851,0,0.0,4,2,298,1500,0.32367665154605085
radioml,backhaul,shield_ric,1,300,0.7795268491065735,2.9131586387379307,0,0.0,1,3,297,1500,0.3179268491065736
radioml,backhaul,shield_ric,2,300,0.7956731249441182,5.112751580153243,0,0.0,3,3,297,1500,0.33467312494411816
radioml,backhaul,shield_ric,3,300,0.7954501504230733,2.9181870777090677,0,0.0,2,3,297,1500,0.3336501504230732
radioml,backhaul,shield_ric,4,300,0.7469852602735123,4.846565093550397,0,0.0,2,6,294,1500,0.2861852602735123
radioml,backhaul,shield_ric,5,300,0.7665199507235834,3.371480268460735,0,0.0,3,4,296,1500,0.30691995072358336
radioml,backhaul,shield_ric,6,300,0.7649606491896683,2.9114367660710894,0,0.0,2,2,298,1500,0.30476064918966833
radioml,backhaul,shield_ric,7,300,0.7908572901477218,2.8999187958559896,0,0.0,3,1,299,1500,0.3304572901477218
radioml,backhaul,shield_ric,8,300,0.7775030981560356,3.449095986802108,0,0.0,1,3,297,1500,0.31630309815603563
radioml,backhaul,shield_ric,9,300,0.783199032067633,3.398352496855251,0,0.0,2,7,293,1500,0.323999032067633
radioml,compromised_xapp,static,0,300,0.9982091533860765,1.0044777275386367,0,0.0,1,0,0,0,0.5382091533860766
radioml,compromised_xapp,static,1,300,0.9984628472247389,1.004456563373333,0,0.0,1,0,0,0,0.5384628472247389
radioml,compromised_xapp,static,2,300,0.9983933862804463,1.004432735471389,0,0.0,1,0,0,0,0.5383933862804464
radioml,compromised_xapp,static,3,300,0.9985780174563653,1.004346573266425,0,0.0,1,0,0,0,0.5385780174563654
radioml,compromised_xapp,static,4,300,0.9984329635545742,1.003605811897578,0,0.0,1,0,0,0,0.5384329635545743
radioml,compromised_xapp,static,5,300,0.9984759267951067,1.0038552434530876,0,0.0,1,0,0,0,0.5384759267951067
radioml,compromised_xapp,static,6,300,0.9984515056607347,1.0049594809426197,0,0.0,1,0,0,0,0.5384515056607349
radioml,compromised_xapp,static,7,300,0.9983434574096826,1.0048916283622829,0,0.0,1,0,0,0,0.5383434574096826
radioml,compromised_xapp,static,8,300,0.998151851668167,1.005710687823764,0,0.0,1,0,0,0,0.538151851668167
radioml,compromised_xapp,static,9,300,0.9982001260212454,1.0052617105846098,0,0.0,1,0,0,0,0.5382001260212455
radioml,compromised_xapp,heuristic,0,300,0.9999881032094706,0.9990058891042779,0,0.0,1,0,0,0,0.5399881032094707
radioml,compromised_xapp,heuristic,1,300,0.9999992115701991,0.999004916062665,0,0.0,1,0,0,0,0.5399992115701993
radioml,compromised_xapp,heuristic,2,300,0.9999991257316759,0.9990051826849903,0,0.0,1,0,0,0,0.539999125731676
radioml,compromised_xapp,heuristic,3,300,0.9999992633453239,0.9990044092272938,0,0.0,1,0,0,0,0.5399992633453238
radioml,compromised_xapp,heuristic,4,300,0.9999991693307243,0.9990049626492337,0,0.0,1,0,0,0,0.5399991693307243
radioml,compromised_xapp,heuristic,5,300,0.9999919911083391,0.9990052166383323,0,0.0,1,0,0,0,0.539991991108339
radioml,compromised_xapp,heuristic,6,300,0.9999991731221849,0.9990052961001461,0,0.0,1,0,0,0,0.5399991731221848
radioml,compromised_xapp,heuristic,7,300,0.9999990705714149,0.9990054183307305,0,0.0,1,0,0,0,0.5399990705714149
radioml,compromised_xapp,heuristic,8,300,0.9999989107654903,0.999006165774094,0,0.0,1,0,0,0,0.5399989107654903
radioml,compromised_xapp,heuristic,9,300,0.999988287899039,0.999005160843407,0,0.0,1,0,0,0,0.539988287899039
radioml,compromised_xapp,rl,0,300,0.9243374028397306,3.793850294519627,141,0.47,1,0,300,1500,-0.031129263826935923
radioml,compromised_xapp,rl,1,300,0.8914497272030192,4.973889808391238,159,0.53,2,0,300,1500,-0.1320836061303143
radioml,compromised_xapp,rl,2,300,0.9071856191010254,7.443775817484569,141,0.47,4,0,300,1500,-0.04934771423230813
radioml,compromised_xapp,rl,3,300,0.8985290689731514,4.435664182339146,132,0.44,1,0,300,1500,-0.02200426436018177
radioml,compromised_xapp,rl,4,300,0.9309917883726161,3.314308566916034,147,0.49,1,0,300,1500,-0.03854154496071736
radioml,compromised_xapp,rl,5,300,0.9024860636787214,7.339851130357502,146,0.4866666666666667,1,0,300,1500,-0.07624726965461176
radioml,compromised_xapp,rl,6,300,0.9113653717488724,6.838345899423916,139,0.4633333333333333,1,0,300,1500,-0.04763462825112749
radioml,compromised_xapp,rl,7,300,0.9205968401661516,6.263206801607587,147,0.49,1,0,300,1500,-0.05906982650051491
radioml,compromised_xapp,rl,8,300,0.9173964377549892,5.2783143835336235,155,0.5166666666666667,2,0,300,1500,-0.08980356224501068
radioml,compromised_xapp,rl,9,300,0.913855205602428,4.618985574952531,160,0.5333333333333333,1,0,300,1500,-0.11461146106423872
radioml,compromised_xapp,llm_only,0,300,0.9188518653198556,6.023453797885978,131,0.43666666666666665,1,0,300,1500,-0.005548134680144437
radioml,compromised_xapp,llm_only,1,300,0.9097278755147723,5.290050958652798,145,0.48333333333333334,1,0,300,1500,-0.057405457818561226
radioml,compromised_xapp,llm_only,2,300,0.9017375026952588,7.656203606938434,157,0.5233333333333333,3,0,300,1500,-0.09986249730474135
radioml,compromised_xapp,llm_only,3,300,0.9359510247372248,3.2413307193227894,144,0.48,1,0,300,1500,-0.017782308596108586
radioml,compromised_xapp,llm_only,4,300,0.8811699224520669,9.396890993569626,147,0.49,1,0,300,1500,-0.09076341088126644
radioml,compromised_xapp,llm_only,5,300,0.9006345565331905,7.632602165365621,158,0.5266666666666666,1,0,300,1500,-0.11343211013347618
radioml,compromised_xapp,llm_only,6,300,0.9141385456277094,4.506953630725495,135,0.45,1,0,300,1500,-0.022594787705623943
radioml,compromised_xapp,llm_only,7,300,0.9064473028527518,14.934141843467998,148,0.49333333333333335,1,0,300,1500,-0.07981936381391501
radioml,compromised_xapp,llm_only,8,300,0.8915203980092902,7.488465055473852,153,0.51,1,0,300,1500,-0.10321293532404312
radioml,compromised_xapp,llm_only,9,300,0.88334595948892,8.895155380987084,160,0.5333333333333333,1,0,300,1500,-0.13538737384441318
radioml,compromised_xapp,shield_ric,0,300,0.9110530831860149,13.188512713468562,0,0.0,1,14,286,1500,0.4492530831860148
radioml,compromised_xapp,shield_ric,1,300,0.9102178233477093,13.888083806451059,0,0.0,1,14,286,1500,0.45161782334770917
radioml,compromised_xapp,shield_ric,2,300,0.8913217368343036,42.31143428229977,0,0.0,1,11,289,1500,0.42992173683430374
radioml,compromised_xapp,shield_ric,3,300,0.9320407664903483,3.4788741026704186,0,0.0,1,12,288,1500,0.47204076649034826
radioml,compromised_xapp,shield_ric,4,300,0.9168116037489775,16.69360222464053,0,0.0,1,13,287,1500,0.4592116037489774
radioml,compromised_xapp,shield_ric,5,300,0.8965812909783288,21.005317079725774,0,0.0,1,15,285,1500,0.4375812909783288
radioml,compromised_xapp,shield_ric,6,300,0.9283419352240374,3.223339875931576,0,0.0,1,9,291,1500,0.4673419352240374
radioml,compromised_xapp,shield_ric,7,300,0.9459366843700474,3.0103643951600976,0,0.0,1,8,292,1500,0.4849366843700475
radioml,compromised_xapp,shield_ric,8,300,0.9282549008177468,6.8027124905490925,0,0.0,1,20,280,1500,0.46525490081774684
radioml,compromised_xapp,shield_ric,9,300,0.9116683596800226,8.035275713930094,0,0.0,1,14,286,1500,0.45026835968002243
radioml,compound,static,0,300,0.7527069753708158,4.917829249767824,0,0.0,35,0,0,0,0.29270697537081586
radioml,compound,static,1,300,0.7287187750847149,5.382476042639508,0,0.0,37,0,0,0,0.268718775084715
radioml,compound,static,2,300,0.7637872958299632,5.084005267735443,0,0.0,35,0,0,0,0.30378729582996317
radioml,compound,static,3,300,0.7532363827680507,4.926811804254354,0,0.0,35,0,0,0,0.29323638276805064
radioml,compound,static,4,300,0.7432164969308853,4.998385259341429,0,0.0,19,0,0,0,0.28321649693088524
radioml,compound,static,5,300,0.7520693703381919,5.036908304021239,0,0.0,35,0,0,0,0.29206937033819186
radioml,compound,static,6,300,0.7566602209250866,4.219982245116943,0,0.0,35,0,0,0,0.29666022092508654
radioml,compound,static,7,300,0.737038064388344,4.968546784019024,0,0.0,35,0,0,0,0.2770380643883441
radioml,compound,static,8,300,0.7546192938062636,4.388385365672421,0,0.0,15,0,0,0,0.29461929380626345
radioml,compound,static,9,300,0.7601861252063401,4.222386624139638,0,0.0,28,0,0,0,0.30018612520633997
radioml,compound,heuristic,0,300,0.9726542911822802,1.0904661368569977,0,0.0,1,0,0,0,0.5126542911822802
radioml,compound,heuristic,1,300,0.9571696217069757,1.149751893558411,0,0.0,1,0,0,0,0.49716962170697554
radioml,compound,heuristic,2,300,0.9681187428028064,1.0944677582719795,0,0.0,1,0,0,0,0.5081187428028063
radioml,compound,heuristic,3,300,0.9644171804325304,1.0952558953963993,0,0.0,1,0,0,0,0.5044171804325305
radioml,compound,heuristic,4,300,0.9573031160464264,1.1700423503031863,0,0.0,1,0,0,0,0.49730311604642624
radioml,compound,heuristic,5,300,0.9641607627720422,1.094287519777633,0,0.0,2,0,0,0,0.5041607627720424
radioml,compound,heuristic,6,300,0.9756510723232248,1.0891658024039084,0,0.0,1,0,0,0,0.5156510723232247
radioml,compound,heuristic,7,300,0.9613316633606858,1.2075871495592003,0,0.0,1,0,0,0,0.5013316633606856
radioml,compound,heuristic,8,300,0.9624894673996907,1.2051313265947172,0,0.0,1,0,0,0,0.5024894673996907
radioml,compound,heuristic,9,300,0.9686101455929512,1.0971312168922958,0,0.0,1,0,0,0,0.5086101455929513
radioml,compound,rl,0,300,0.8232714095727683,8.537166724019505,156,0.52,3,0,300,1500,-0.18572859042723172
radioml,compound,rl,1,300,0.7962464053090678,279.18709416113313,176,0.5866666666666667,1,0,300,1500,-0.2903535946909322
radioml,compound,rl,2,300,0.8197569956736632,28.904551379234103,143,0.4766666666666667,1,0,300,1500,-0.13750967099300346
radioml,compound,rl,3,300,0.8149163159577117,16.84141977660626,153,0.51,1,0,300,1500,-0.17968368404228807
radioml,compound,rl,4,300,0.80955913438903,18.917699285714615,150,0.5,1,0,300,1500,-0.17937419894430334
radioml,compound,rl,5,300,0.8348341790721615,7.05299022330312,154,0.5133333333333333,1,0,300,1500,-0.16456582092783853
radioml,compound,rl,6,300,0.8042850912921072,21.690037694881223,153,0.51,1,0,300,1500,-0.20004824204122615
radioml,compound,rl,7,300,0.8017135623914963,348.8472894533124,163,0.5433333333333333,1,0,300,1500,-0.23608643760850376
radioml,compound,rl,8,300,0.7845744293269101,107.6665781845443,143,0.4766666666666667,2,0,300,1500,-0.17762557067308987
radioml,compound,rl,9,300,0.8117033350877335,44.59533730016339,157,0.5233333333333333,2,0,300,1500,-0.20429666491226658
radioml,compound,llm_only,0,300,0.8055453234506113,404.7351592017328,162,0.54,1,0,300,1500,-0.22365467654938867
radioml,compound,llm_only,1,300,0.8047457371929412,16.078636138442377,166,0.5533333333333333,1,0,300,1500,-0.24665426280705874
radioml,compound,llm_only,2,300,0.8124073676831872,62.548344958675685,148,0.49333333333333335,1,0,300,1500,-0.1604592989834794
radioml,compound,llm_only,3,300,0.7890602823771675,30.005503344748988,155,0.5166666666666667,1,0,300,1500,-0.21213971762283237
radioml,compound,llm_only,4,300,0.8099296550897179,18.18018191899169,149,0.49666666666666665,1,0,300,1500,-0.17753701157694882
radioml,compound,llm_only,5,300,0.8048268130968618,28.765631444010438,158,0.5266666666666666,2,0,300,1500,-0.21523985356980493
radioml,compound,llm_only,6,300,0.7952182871656559,526.0546558660088,154,0.5133333333333333,1,0,300,1500,-0.20351504616767738
radioml,compound,llm_only,7,300,0.8180136126025197,13.334510543745715,161,0.5366666666666666,1,0,300,1500,-0.21165305406414708
radioml,compound,llm_only,8,300,0.7506891009966868,781.7130691098241,150,0.5,1,0,300,1500,-0.22684423233664636
radioml,compound,llm_only,9,300,0.7798252321615871,16.18544341151641,165,0.55,4,0,300,1500,-0.2602414345050796
radioml,compound,shield_ric,0,300,0.7678583554007614,619.8128102207314,0,0.0,1,32,268,1500,0.30845835540076144
radioml,compound,shield_ric,1,300,0.7716038491236691,228.21178811170498,0,0.0,1,40,260,1500,0.31100384912366913
radioml,compound,shield_ric,2,300,0.7778308606698545,635.4894814309802,0,0.0,1,23,277,1500,0.3182308606698544
radioml,compound,shield_ric,3,300,0.7823258731480609,646.0217563776995,0,0.0,1,29,271,1500,0.3215258731480609
radioml,compound,shield_ric,4,300,0.7782482717305307,827.5243012105761,0,0.0,5,36,264,1500,0.31724827173053066
radioml,compound,shield_ric,5,300,0.7730624516519793,808.8263376465964,0,0.0,1,33,267,1500,0.3112624516519792
radioml,compound,shield_ric,6,300,0.7933923566420998,336.0496968506588,0,0.0,3,26,274,1500,0.3311923566420998
radioml,compound,shield_ric,7,300,0.7606115388758944,483.1041261320899,0,0.0,2,47,253,1500,0.3012115388758944
radioml,compound,shield_ric,8,300,0.7703668059754392,250.96193224961686,0,0.0,4,29,271,1500,0.3119668059754391
radioml,compound,shield_ric,9,300,0.7721206278403336,265.53565526518025,0,0.0,1,27,273,1500,0.3101206278403335
synthetic,narrowband,static,0,300,0.7421759171557379,3.330909870829998,0,0.0,3,0,0,0,0.28217591715573803
synthetic,narrowband,static,1,300,0.765679733307551,3.2034698283952627,0,0.0,160,0,0,0,0.305679733307551
synthetic,narrowband,static,2,300,0.7483391116845571,3.2586706714604974,0,0.0,85,0,0,0,0.2883391116845571
synthetic,narrowband,static,3,300,0.7668017181894343,3.3614366825278945,0,0.0,160,0,0,0,0.30680171818943436
synthetic,narrowband,static,4,300,0.7495467108667325,3.004680996861631,0,0.0,18,0,0,0,0.28954671086673256
synthetic,narrowband,static,5,300,0.7610774363976003,3.15181773037621,0,0.0,83,0,0,0,0.3010774363976003
synthetic,narrowband,static,6,300,0.7562526237236541,3.195822492099919,0,0.0,147,0,0,0,0.296252623723654
synthetic,narrowband,static,7,300,0.7437828051669795,3.4324428785036085,0,0.0,160,0,0,0,0.2837828051669795
synthetic,narrowband,static,8,300,0.7455957081458107,3.869036513942767,0,0.0,51,0,0,0,0.2855957081458106
synthetic,narrowband,static,9,300,0.7437605947790683,3.6740402222335398,0,0.0,130,0,0,0,0.28376059477906834
synthetic,narrowband,heuristic,0,300,0.9999987425413629,0.9990060943940791,0,0.0,1,0,0,0,0.5399987425413629
synthetic,narrowband,heuristic,1,300,0.9999987615106105,0.9990056807451709,0,0.0,1,0,0,0,0.5399987615106107
synthetic,narrowband,heuristic,2,300,0.9999987703251577,0.9990054828356741,0,0.0,1,0,0,0,0.5399987703251576
synthetic,narrowband,heuristic,3,300,0.9999989675480708,0.9990048930660371,0,0.0,1,0,0,0,0.5399989675480709
synthetic,narrowband,heuristic,4,300,0.999998888906372,0.999004989971153,0,0.0,1,0,0,0,0.539998888906372
synthetic,narrowband,heuristic,5,300,0.9999988630440332,0.9990054302538626,0,0.0,1,0,0,0,0.5399988630440333
synthetic,narrowband,heuristic,6,300,0.9999988242759114,0.9990058962362953,0,0.0,1,0,0,0,0.5399988242759114
synthetic,narrowband,heuristic,7,300,0.9999986975892904,0.9990059424079077,0,0.0,1,0,0,0,0.5399986975892904
synthetic,narrowband,heuristic,8,300,0.999998501861412,0.9990065456177158,0,0.0,1,0,0,0,0.539998501861412
synthetic,narrowband,heuristic,9,300,0.9999987698314083,0.9990056435555144,0,0.0,1,0,0,0,0.5399987698314084
synthetic,narrowband,rl,0,300,0.9063811626467615,6.220755318461285,120,0.4,1,0,300,1500,0.023447829313428092
synthetic,narrowband,rl,1,300,0.9113644051002037,6.7569602387400165,118,0.3933333333333333,1,0,300,1500,0.03249773843353691
synthetic,narrowband,rl,2,300,0.8815776664376553,10.946590534230468,123,0.41,1,0,300,1500,0.003977666437655369
synthetic,narrowband,rl,3,300,0.8860610914600003,15.148271523910875,114,0.38,2,0,300,1500,0.022927758126666954
synthetic,narrowband,rl,4,300,0.8820344730128848,10.729786094519984,105,0.35,1,0,300,1500,0.054834473012884806
synthetic,narrowband,rl,5,300,0.8882146801245839,17.093719177525873,109,0.36333333333333334,1,0,300,1500,0.05008134679125065
synthetic,narrowband,rl,6,300,0.9264548787864731,3.1190654532505513,103,0.3433333333333333,1,0,300,1500,0.1101882121198064
synthetic,narrowband,rl,7,300,0.9099092024242005,4.84459291324896,107,0.3566666666666667,1,0,300,1500,0.08390920242420045
synthetic,narrowband,rl,8,300,0.8769979334488608,39.47587851994505,113,0.37666666666666665,1,0,300,1500,0.0297979334488607
synthetic,narrowband,rl,9,300,0.8996383702561961,10.045846410932432,111,0.37,2,0,300,1500,0.05450503692286281
synthetic,narrowband,llm_only,0,300,0.8808577310972564,19.020185076767756,119,0.39666666666666667,1,0,300,1500,0.005524397763923071
synthetic,narrowband,llm_only,1,300,0.8898779985441323,12.365394250592585,114,0.38,1,0,300,1500,0.03801133187746559
synthetic,narrowband,llm_only,2,300,0.8909848660177465,10.90028495914445,117,0.39,1,0,300,1500,0.027184866017746702
synthetic,narrowband,llm_only,3,300,0.8882024966840701,13.24950243367887,122,0.4066666666666667,1,0,300,1500,0.003669163350736649
synthetic,narrowband,llm_only,4,300,0.8728529587820456,9.307697652417316,120,0.4,3,0,300,1500,-0.00681370788462113
synthetic,narrowband,llm_only,5,300,0.8665217326562328,9.237747417859497,119,0.39666666666666667,1,0,300,1500,-0.008144934010433843
synthetic,narrowband,llm_only,6,300,0.8799931108046786,7.967169826552464,100,0.3333333333333333,1,0,300,1500,0.07165977747134532
synthetic,narrowband,llm_only,7,300,0.8922185546028101,4.4751770987842185,95,0.31666666666666665,1,0,300,1500,0.10421855460280999
synthetic,narrowband,llm_only,8,300,0.8898538173731705,38.89620679360807,120,0.4,1,0,300,1500,0.01745381737317037
synthetic,narrowband,llm_only,9,300,0.9097984544249866,4.392443136398843,99,0.33,2,0,300,1500,0.11046512109165335
synthetic,narrowband,shield_ric,0,300,0.9143539104575428,3.2097203917542694,0,0.0,1,0,300,1500,0.45455391045754273
synthetic,narrowband,shield_ric,1,300,0.9212495425441936,4.96193375906786,0,0.0,1,2,298,1500,0.4640495425441937
synthetic,narrowband,shield_ric,2,300,0.910787434737656,5.11695541730724,0,0.0,1,1,299,1500,0.45278743473765587
synthetic,narrowband,shield_ric,3,300,0.9418080943425235,3.086784881746196,0,0.0,1,0,300,1500,0.48260809434252355
synthetic,narrowband,shield_ric,4,300,0.9003314752837623,33.523247513965636,0,0.0,1,1,299,1500,0.4401314752837624
synthetic,narrowband,shield_ric,5,300,0.9181006155230479,5.770710109629137,0,0.0,1,1,299,1500,0.45850061552304794
synthetic,narrowband,shield_ric,6,300,0.9132515720680662,5.310026441327845,0,0.0,1,1,299,1500,0.45365157206806617
synthetic,narrowband,shield_ric,7,300,0.9295294425535293,2.8822732712651393,0,0.0,1,1,299,1500,0.4695294425535292
synthetic,narrowband,shield_ric,8,300,0.9280543953383998,3.4905870131868726,0,0.0,1,1,299,1500,0.4680543953383998
synthetic,narrowband,shield_ric,9,300,0.9136572067647694,7.100135823633549,0,0.0,2,2,298,1500,0.4538572067647694
synthetic,wideband,static,0,300,0.530121537474301,24.80425720306498,0,0.0,160,0,0,0,0.07012153747430105
synthetic,wideband,static,1,300,0.5386671550114646,23.529674819620023,0,0.0,160,0,0,0,0.07866715501146446
synthetic,wideband,static,2,300,0.5315908052169638,24.08156886811747,0,0.0,160,0,0,0,0.07159080521696377
synthetic,wideband,static,3,300,0.5406075042151076,25.108790529084086,0,0.0,160,0,0,0,0.08060750421510758
synthetic,wideband,static,4,300,0.5324644073895526,21.535252034116006,0,0.0,160,0,0,0,0.07246440738955275
synthetic,wideband,static,5,300,0.536710369025685,23.012417886103048,0,0.0,160,0,0,0,0.076710369025685
synthetic,wideband,static,6,300,0.5348317300909283,23.45321770368213,0,0.0,160,0,0,0,0.07483173009092815
synthetic,wideband,static,7,300,0.527591449846134,25.817347583578094,0,0.0,160,0,0,0,0.06759144984613395
synthetic,wideband,static,8,300,0.532480096549317,30.152760357801398,0,0.0,160,0,0,0,0.07248009654931702
synthetic,wideband,static,9,300,0.5289576479628316,28.220311299681075,0,0.0,160,0,0,0,0.06895764796283163
synthetic,wideband,heuristic,0,300,0.9876024590329135,0.9997206094260139,0,0.0,1,0,0,0,0.5276024590329137
synthetic,wideband,heuristic,1,300,0.9789948000457832,0.9998063956721651,0,0.0,1,0,0,0,0.5189948000457832
synthetic,wideband,heuristic,2,300,0.9879025231873879,0.9997401575587085,0,0.0,1,0,0,0,0.527902523187388
synthetic,wideband,heuristic,3,300,0.9946099692893411,0.999708635834946,0,0.0,1,0,0,0,0.5346099692893411
synthetic,wideband,heuristic,4,300,0.9937473456624595,0.9996176521420181,0,0.0,1,0,0,0,0.5337473456624595
synthetic,wideband,heuristic,5,300,0.9844878709490422,0.9996530726468333,0,0.0,2,0,0,0,0.5244878709490424
synthetic,wideband,heuristic,6,300,0.9942586278656631,0.9997000219058424,0,0.0,2,0,0,0,0.5342586278656631
synthetic,wideband,heuristic,7,300,0.9873292896878239,0.9997746522846713,0,0.0,1,0,0,0,0.5273292896878239
synthetic,wideband,heuristic,8,300,0.9968334786862366,0.9998328419415388,0,0.0,1,0,0,0,0.5368334786862365
synthetic,wideband,heuristic,9,300,0.9935547983569379,0.9998032477512009,0,0.0,1,0,0,0,0.533554798356938
synthetic,wideband,rl,0,300,0.8499250170329948,38.32936513749875,94,0.31333333333333335,1,0,300,1500,0.06299168369966161
synthetic,wideband,rl,1,300,0.8493550579534422,12.376298488271559,104,0.3466666666666667,1,0,300,1500,0.024421724620109005
synthetic,wideband,rl,2,300,0.8434142156690084,14.011413742593904,114,0.38,1,0,300,1500,-0.019119117664324954
synthetic,wideband,rl,3,300,0.8437513588417974,22.408433045861134,111,0.37,1,0,300,1500,-0.006448641158202648
synthetic,wideband,rl,4,300,0.8817408609832819,11.077476810171213,98,0.32666666666666666,1,0,300,1500,0.07587419431661514
synthetic,wideband,rl,5,300,0.8313203867163078,25.481799016582144,101,0.33666666666666667,1,0,300,1500,0.019387053382974515
synthetic,wideband,rl,6,300,0.8700590093465915,12.05250491892218,88,0.29333333333333333,1,0,300,1500,0.10599234267992484
synthetic,wideband,rl,7,300,0.84229589424525,94.80647685655696,96,0.32,2,0,300,1500,0.05169589424524988
synthetic,wideband,rl,8,300,0.899838389769687,5.582429011420157,88,0.29333333333333333,1,0,300,1500,0.13303838976968702
synthetic,wideband,rl,9,300,0.8623427544925794,22.594913303988115,96,0.32,1,0,300,1500,0.06354275449257915
synthetic,wideband,llm_only,0,300,0.8703465383961007,9.263379340284033,106,0.35333333333333333,2,0,300,1500,0.03874653839610068
synthetic,wideband,llm_only,1,300,0.8753208074299196,9.781463155375302,118,0.3933333333333333,1,0,300,1500,0.00158747409658627
synthetic,wideband,llm_only,2,300,0.8627167537437733,11.523483001016231,100,0.3333333333333333,1,0,300,1500,0.057716753743773296
synthetic,wideband,llm_only,3,300,0.8464670479360311,14.349917780134362,120,0.4,1,0,300,1500,-0.038466285397302076
synthetic,wideband,llm_only,4,300,0.8734155084126066,14.282918310183762,95,0.31666666666666665,1,0,300,1500,0.0816821750792732
synthetic,wideband,llm_only,5,300,0.8473310364479274,11.40626709841008,100,0.3333333333333333,1,0,300,1500,0.0408643697812608
synthetic,wideband,llm_only,6,300,0.8684595105013136,9.50660845403165,86,0.2866666666666667,1,0,300,1500,0.11139284383464705
synthetic,wideband,llm_only,7,300,0.8704148060391138,17.05850407951289,107,0.3566666666666667,1,0,300,1500,0.035681472705780294
synthetic,wideband,llm_only,8,300,0.8807143741638235,5.872573787001622,90,0.3,1,0,300,1500,0.11138104083049019
synthetic,wideband,llm_only,9,300,0.8726722474756946,15.567164072869051,97,0.3233333333333333,1,0,300,1500,0.07020558080902793
synthetic,wideband,shield_ric,0,300,0.9055266975590558,6.613399277051322,0,0.0,1,0,300,1500,0.4443266975590558
synthetic,wideband,shield_ric,1,300,0.8985572639140529,14.07770225151707,0,0.0,1,3,297,1500,0.4405572639140529
synthetic,wideband,shield_ric,2,300,0.888434594502275,10.968167411798053,0,0.0,1,1,299,1500,0.4302345945022751
synthetic,wideband,shield_ric,3,300,0.9166870730026453,7.73397924693763,0,0.0,1,0,300,1500,0.45688707300264525
synthetic,wideband,shield_ric,4,300,0.9033092035277999,12.036566885867767,0,0.0,1,0,300,1500,0.44310920352779987
synthetic,wideband,shield_ric,5,300,0.8953937979485442,7.018214463563521,0,0.0,1,1,299,1500,0.43459379794854425
synthetic,wideband,shield_ric,6,300,0.8831134056575042,21.053198862752826,0,0.0,1,1,299,1500,0.4221134056575041
synthetic,wideband,shield_ric,7,300,0.9010966233701199,8.1403973575411,0,0.0,1,0,300,1500,0.4398966233701199
synthetic,wideband,shield_ric,8,300,0.9097213934191049,4.674202003074945,0,0.0,1,1,299,1500,0.4481213934191048
synthetic,wideband,shield_ric,9,300,0.900742658943391,14.726125775123592,0,0.0,1,2,298,1500,0.4423426589433909
synthetic,bursty,static,0,300,0.9986373710741983,1.0070739486313713,0,0.0,1,0,0,0,0.5386373710741983
synthetic,bursty,static,1,300,0.998597540098454,1.006810278984802,0,0.0,1,0,0,0,0.5385975400984541
synthetic,bursty,static,2,300,0.9982631961737426,1.0091050824694976,0,0.0,1,0,0,0,0.5382631961737425
synthetic,bursty,static,3,300,0.9983182051674625,1.008864614050385,0,0.0,1,0,0,0,0.5383182051674625
synthetic,bursty,static,4,300,0.9980456212791193,1.0069434185745503,0,0.0,1,0,0,0,0.5380456212791193
synthetic,bursty,static,5,300,0.9987609347296083,1.0075820175133157,0,0.0,1,0,0,0,0.5387609347296082
synthetic,bursty,static,6,300,0.9986857497800431,1.0082980394746819,0,0.0,1,0,0,0,0.538685749780043
synthetic,bursty,static,7,300,0.9984826449255284,1.0096915070016599,0,0.0,1,0,0,0,0.5384826449255283
synthetic,bursty,static,8,300,0.9987322948434549,1.008544826489019,0,0.0,1,0,0,0,0.5387322948434549
synthetic,bursty,static,9,300,0.9987176528020116,1.005702057573173,0,0.0,1,0,0,0,0.5387176528020117
synthetic,bursty,heuristic,0,300,0.999977421121144,0.9991220592387375,0,0.0,1,0,0,0,0.539977421121144
synthetic,bursty,heuristic,1,300,0.9999767688156017,0.9991181049849784,0,0.0,1,0,0,0,0.5399767688156019
synthetic,bursty,heuristic,2,300,0.99997133769766,0.9991525170703786,0,0.0,1,0,0,0,0.53997133769766
synthetic,bursty,heuristic,3,300,0.9999722968467114,0.9991489110371733,0,0.0,1,0,0,0,0.5399722968467113
synthetic,bursty,heuristic,4,300,0.9999664854048126,0.9991201011745205,0,0.0,1,0,0,0,0.5399664854048126
synthetic,bursty,heuristic,5,300,0.9999794271842347,0.9991296776048523,0,0.0,1,0,0,0,0.5399794271842349
synthetic,bursty,heuristic,6,300,0.9999783054521887,0.9991404150445568,0,0.0,1,0,0,0,0.5399783054521886
synthetic,bursty,heuristic,7,300,0.9999749928293095,0.9991613110444403,0,0.0,1,0,0,0,0.5399749928293094
synthetic,bursty,heuristic,8,300,0.9999786381976461,0.9991441156735289,0,0.0,1,0,0,0,0.5399786381976461
synthetic,bursty,heuristic,9,300,0.9999783916066506,0.9991014859184238,0,0.0,1,0,0,0,0.5399783916066506
synthetic,bursty,rl,0,300,0.9375724960015926,2.6026451557909978,94,0.31333333333333335,1,0,300,1500,0.14863916266825924
synthetic,bursty,rl,1,300,0.917629865159715,4.883848421712393,106,0.35333333333333333,1,0,300,1500,0.08816319849304827
synthetic,bursty,rl,2,300,0.8925088523006902,5.222984106275232,119,0.39666666666666667,1,0,300,1500,0.02370885230069023
synthetic,bursty,rl,3,300,0.9139534529976572,3.613687673334157,102,0.34,1,0,300,1500,0.09808678633099048
synthetic,bursty,rl,4,300,0.9000101949156785,4.241280489237112,114,0.38,2,0,300,1500,0.03767686158234508
synthetic,bursty,rl,5,300,0.9243973873304401,3.024080348667726,101,0.33666666666666667,1,0,300,1500,0.10606405399710672
synthetic,bursty,rl,6,300,0.9136724572902447,4.830996655208517,102,0.34,1,0,300,1500,0.10033912395691141
synthetic,bursty,rl,7,300,0.9262692709841495,3.781128265479502,108,0.36,1,0,300,1500,0.0878692709841495
synthetic,bursty,rl,8,300,0.8894551667929324,6.660358154320988,113,0.37666666666666665,2,0,300,1500,0.03052183345959887
synthetic,bursty,rl,9,300,0.9216337977061073,3.7470196156119697,102,0.34,1,0,300,1500,0.10363379770610717
synthetic,bursty,llm_only,0,300,0.9417419745412182,2.2960804005432367,112,0.37333333333333335,1,0,300,1500,0.08814197454121805
synthetic,bursty,llm_only,1,300,0.9023741456424519,4.852491511900368,114,0.38,1,0,300,1500,0.04837414564245185
synthetic,bursty,llm_only,2,300,0.9048722205994841,5.600589849283505,106,0.35333333333333333,1,0,300,1500,0.07220555393281744
synthetic,bursty,llm_only,3,300,0.9108413901379883,5.2593071300818695,103,0.3433333333333333,1,0,300,1500,0.09330805680465488
synthetic,bursty,llm_only,4,300,0.9270627993423785,4.119453542083762,98,0.32666666666666666,1,0,300,1500,0.12706279934237827
synthetic,bursty,llm_only,5,300,0.9127640031293144,3.8437466264289024,104,0.3466666666666667,1,0,300,1500,0.09116400312931443
synthetic,bursty,llm_only,6,300,0.9202018437866082,3.1505904818693775,93,0.31,1,0,300,1500,0.14013517711994156
synthetic,bursty,llm_only,7,300,0.9027303389626892,5.286639458215006,112,0.37333333333333335,1,0,300,1500,0.056730338962689024
synthetic,bursty,llm_only,8,300,0.9202707999342938,4.3357602841452625,101,0.33666666666666667,2,0,300,1500,0.10553746660096049
synthetic,bursty,llm_only,9,300,0.9292837028890661,3.6120185039480632,103,0.3433333333333333,1,0,300,1500,0.11048370288906599
synthetic,bursty,shield_ric,0,300,0.9473196971152679,2.5106673115747027,0,0.0,1,0,300,1500,0.487319697115268
synthetic,bursty,shield_ric,1,300,0.921099265456329,3.729074329528281,0,0.0,1,2,298,1500,0.46029926545632915
synthetic,bursty,shield_ric,2,300,0.9158872654226926,4.891609068991505,0,0.0,1,0,300,1500,0.4542872654226926
synthetic,bursty,shield_ric,3,300,0.952468819441227,2.4354478261631076,0,0.0,1,0,300,1500,0.49306881944122705
synthetic,bursty,shield_ric,4,300,0.9271065638042137,3.0990972423612586,0,0.0,2,1,299,1500,0.46590656380421347
synthetic,bursty,shield_ric,5,300,0.9185931126126301,4.465332972128753,0,0.0,1,1,299,1500,0.45739311261263005
synthetic,bursty,shield_ric,6,300,0.9288520597185371,3.7700520464864464,0,0.0,1,1,299,1500,0.46645205971853726
synthetic,bursty,shield_ric,7,300,0.9414233745188187,2.799649965639857,0,0.0,1,1,299,1500,0.47982337451881873
synthetic,bursty,shield_ric,8,300,0.9410490833169571,2.7494572928084944,0,0.0,1,0,300,1500,0.47844908331695707
synthetic,bursty,shield_ric,9,300,0.952653853994758,1.5561600335604624,0,0.0,1,0,300,1500,0.49325385399475785
synthetic,backhaul,static,0,300,0.8158315356989673,2.8490139252528834,0,0.0,5,0,0,0,0.35583153569896725
synthetic,backhaul,static,1,300,0.8049981156500869,2.8490139529217307,0,0.0,1,0,0,0,0.3449981156500869
synthetic,backhaul,static,2,300,0.8309977561077093,2.8490139388157814,0,0.0,1,0,0,0,0.3709977561077094
synthetic,backhaul,static,3,300,0.82666487674657,2.8490152875892396,0,0.0,3,0,0,0,0.3666648767465701
synthetic,backhaul,static,4,300,0.8201648974078053,2.849013408830876,0,0.0,3,0,0,0,0.3601648974078052
synthetic,backhaul,static,5,300,0.7811648512458091,2.849013991236537,0,0.0,2,0,0,0,0.3211648512458091
synthetic,backhaul,static,6,300,0.7941648950544009,2.8490161060022943,0,0.0,2,0,0,0,0.33416489505440083
synthetic,backhaul,static,7,300,0.8158314292807705,2.849013565531584,0,0.0,1,0,0,0,0.35583142928077044
synthetic,backhaul,static,8,300,0.7768313668462938,2.8490131980872206,0,0.0,1,0,0,0,0.3168313668462938
synthetic,backhaul,static,9,300,0.8049980860569091,2.8490138184833467,0,0.0,1,0,0,0,0.3449980860569091
synthetic,backhaul,heuristic,0,300,0.9773311604428111,1.0857805587821745,0,0.0,1,0,0,0,0.517331160442811
synthetic,backhaul,heuristic,1,300,0.975997692803503,1.0857805693456255,0,0.0,1,0,0,0,0.5159976928035032
synthetic,backhaul,heuristic,2,300,0.9791973515255404,1.0857805639602367,0,0.0,1,0,0,0,0.5191973515255404
synthetic,backhaul,heuristic,3,300,0.9786644441742876,1.0857810788968505,0,0.0,1,0,0,0,0.5186644441742876
synthetic,backhaul,heuristic,4,300,0.9778645192082212,1.0857803616218595,0,0.0,1,0,0,0,0.5178645192082211
synthetic,backhaul,heuristic,5,300,0.9730644065352535,1.0857805839735057,0,0.0,1,0,0,0,0.5130644065352534
synthetic,backhaul,heuristic,6,300,0.9746644532245156,1.0857813913517298,0,0.0,1,0,0,0,0.5146644532245156
synthetic,backhaul,heuristic,7,300,0.9773310294767903,1.0857804214472746,0,0.0,1,0,0,0,0.5173310294767903
synthetic,backhaul,heuristic,8,300,0.9725309653638488,1.0857802811638528,0,0.0,1,0,0,0,0.5125309653638488
synthetic,backhaul,heuristic,9,300,0.9759976072676083,1.0857805180195517,0,0.0,1,0,0,0,0.5159976072676083
synthetic,backhaul,rl,0,300,0.791724730730848,2.910770989573084,101,0.33666666666666667,3,0,300,1500,-0.014008602602485331
synthetic,backhaul,rl,1,300,0.8053548907421332,2.91983928719749,114,0.38,1,0,300,1500,-0.05057844259120028
synthetic,backhaul,rl,2,300,0.7901676715544973,3.9642091585041177,120,0.4,1,0,300,1500,-0.08149899511216943
synthetic,backhaul,rl,3,300,0.7990518025861464,3.6114580344018883,108,0.36,1,0,300,1500,-0.033748197413853556
synthetic,backhaul,rl,4,300,0.8058235723824057,3.374682483767299,130,0.43333333333333335,1,0,300,1500,-0.09737642761759426
synthetic,backhaul,rl,5,300,0.8202547029353421,2.8934446173015487,122,0.4066666666666667,1,0,300,1500,-0.05847863039799128
synthetic,backhaul,rl,6,300,0.822267429309376,3.1532772561266436,107,0.3566666666666667,2,0,300,1500,-0.012132570690623947
synthetic,backhaul,rl,7,300,0.7994133844995903,3.142247285578227,114,0.38,1,0,300,1500,-0.051786615500409715
synthetic,backhaul,rl,8,300,0.8024739631495986,3.9537439852020326,118,0.3933333333333333,4,0,300,1500,-0.07365937018373477
synthetic,backhaul,rl,9,300,0.8320487539252065,3.4552953975454783,115,0.38333333333333336,1,0,300,1500,-0.031484579408126795
synthetic,backhaul,llm_only,0,300,0.7927169707534024,2.8979282779319115,120,0.4,3,0,300,1500,-0.084216362579931
synthetic,backhaul,llm_only,1,300,0.810017279446277,3.167302916377233,117,0.39,2,0,300,1500,-0.05918272055372301
synthetic,backhaul,llm_only,2,300,0.8064729989156397,3.9847803938905706,110,0.36666666666666664,1,0,300,1500,-0.03519366775102692
synthetic,backhaul,llm_only,3,300,0.8232844904674251,3.000846953483493,106,0.35333333333333333,1,0,300,1500,-0.0037155095325749105
synthetic,backhaul,llm_only,4,300,0.7876274985543011,3.3724912553856874,111,0.37,1,0,300,1500,-0.053105834779032295
synthetic,backhaul,llm_only,5,300,0.8082935866894401,3.7600966489127954,126,0.42,2,0,300,1500,-0.09103974664389325
synthetic,backhaul,llm_only,6,300,0.8103770518648598,3.5276683427164826,121,0.4033333333333333,4,0,300,1500,-0.07082294813514031
synthetic,backhaul,llm_only,7,300,0.7965535287892044,3.695338990111675,124,0.41333333333333333,2,0,300,1500,-0.08997980454412899
synthetic,backhaul,llm_only,8,300,0.7932315697347438,4.515016065275364,123,0.41,4,0,300,1500,-0.09796843026525617
synthetic,backhaul,llm_only,9,300,0.8151137978727769,3.2043362286649564,112,0.37333333333333335,2,0,300,1500,-0.03861953546055639
synthetic,backhaul,shield_ric,0,300,0.7494141533781903,3.466447363330909,0,0.0,3,1,299,1500,0.29041415337819027
synthetic,backhaul,shield_ric,1,300,0.7709122195123812,3.139395381974832,0,0.0,1,3,297,1500,0.3075122195123813
synthetic,backhaul,shield_ric,2,300,0.7885912828192405,2.9921003822984256,0,0.0,1,1,299,1500,0.32699128281924056
synthetic,backhaul,shield_ric,3,300,0.7829125853511939,2.9089335685885143,0,0.0,1,2,298,1500,0.3253125853511939
synthetic,backhaul,shield_ric,4,300,0.7664743725153788,5.555043715005572,0,0.0,1,1,299,1500,0.3072743725153788
synthetic,backhaul,shield_ric,5,300,0.7417070812229395,7.430670014857272,0,0.0,1,3,297,1500,0.2805070812229395
synthetic,backhaul,shield_ric,6,300,0.7825304725463553,4.930099805939085,0,0.0,2,1,299,1500,0.32413047254635535
synthetic,backhaul,shield_ric,7,300,0.7559749565542278,4.379631871883117,0,0.0,7,0,300,1500,0.2949749565542278
synthetic,backhaul,shield_ric,8,300,0.7695817666936827,3.7124208865878376,0,0.0,4,1,299,1500,0.3083817666936826
synthetic,backhaul,shield_ric,9,300,0.8033941294114922,3.1801174659739715,0,0.0,1,3,297,1500,0.34339412941149217
synthetic,compromised_xapp,static,0,300,0.9982091533860765,1.0044777275386367,0,0.0,1,0,0,0,0.5382091533860766
synthetic,compromised_xapp,static,1,300,0.9984628472247389,1.004456563373333,0,0.0,1,0,0,0,0.5384628472247389
synthetic,compromised_xapp,static,2,300,0.9983933862804463,1.004432735471389,0,0.0,1,0,0,0,0.5383933862804464
synthetic,compromised_xapp,static,3,300,0.9985780174563653,1.004346573266425,0,0.0,1,0,0,0,0.5385780174563654
synthetic,compromised_xapp,static,4,300,0.9984329635545742,1.003605811897578,0,0.0,1,0,0,0,0.5384329635545743
synthetic,compromised_xapp,static,5,300,0.9984759267951067,1.0038552434530876,0,0.0,1,0,0,0,0.5384759267951067
synthetic,compromised_xapp,static,6,300,0.9984515056607347,1.0049594809426197,0,0.0,1,0,0,0,0.5384515056607349
synthetic,compromised_xapp,static,7,300,0.9983434574096826,1.0048916283622829,0,0.0,1,0,0,0,0.5383434574096826
synthetic,compromised_xapp,static,8,300,0.998151851668167,1.005710687823764,0,0.0,1,0,0,0,0.538151851668167
synthetic,compromised_xapp,static,9,300,0.9982001260212454,1.0052617105846098,0,0.0,1,0,0,0,0.5382001260212455
synthetic,compromised_xapp,heuristic,0,300,0.999999091026296,0.9990058393313823,0,0.0,1,0,0,0,0.5399990910262961
synthetic,compromised_xapp,heuristic,1,300,0.9999991419912396,0.9990051012849012,0,0.0,1,0,0,0,0.5399991419912394
synthetic,compromised_xapp,heuristic,2,300,0.9999990704293382,0.9990051826849903,0,0.0,1,0,0,0,0.5399990704293383
synthetic,compromised_xapp,heuristic,3,300,0.9999992288492865,0.9990045430955048,0,0.0,1,0,0,0,0.5399992288492865
synthetic,compromised_xapp,heuristic,4,300,0.9999991665233214,0.9990049626492337,0,0.0,1,0,0,0,0.5399991665233216
synthetic,compromised_xapp,heuristic,5,300,0.9999991800652849,0.9990050749375857,0,0.0,1,0,0,0,0.5399991800652849
synthetic,compromised_xapp,heuristic,6,300,0.9999991407528808,0.9990052961001461,0,0.0,1,0,0,0,0.5399991407528806
synthetic,compromised_xapp,heuristic,7,300,0.9999990413572623,0.9990054183307305,0,0.0,1,0,0,0,0.5399990413572622
synthetic,compromised_xapp,heuristic,8,300,0.9999989051454434,0.999006165774094,0,0.0,1,0,0,0,0.5399989051454435
synthetic,compromised_xapp,heuristic,9,300,0.9999991459436625,0.999005160843407,0,0.0,1,0,0,0,0.5399991459436624
synthetic,compromised_xapp,rl,0,300,0.9315652776859703,4.9019043503381825,139,0.4633333333333333,1,0,300,1500,-0.023768055647362955
synthetic,compromised_xapp,rl,1,300,0.9112880836394543,6.998619769605974,145,0.48333333333333334,1,0,300,1500,-0.052711916360545556
synthetic,compromised_xapp,rl,2,300,0.9124685378293248,5.8528677894605305,141,0.47,1,0,300,1500,-0.04246479550400838
synthetic,compromised_xapp,rl,3,300,0.8753383043819012,10.906881604240672,158,0.5266666666666666,1,0,300,1500,-0.13559502895143224
synthetic,compromised_xapp,rl,4,300,0.9378780872737646,4.857894464267296,148,0.49333333333333335,1,0,300,1500,-0.047388579392902024
synthetic,compromised_xapp,rl,5,300,0.9096918179689673,4.271668041822211,142,0.47333333333333333,1,0,300,1500,-0.04837484869769933
synthetic,compromised_xapp,rl,6,300,0.9076257199565885,8.077065989587966,137,0.45666666666666667,1,0,300,1500,-0.040840946710078124
synthetic,compromised_xapp,rl,7,300,0.9122074169030581,7.23764899593537,161,0.5366666666666666,1,0,300,1500,-0.11252591643027499
synthetic,compromised_xapp,rl,8,300,0.9241033204083315,4.798785110923554,145,0.48333333333333334,1,0,300,1500,-0.04356334625833524
synthetic,compromised_xapp,rl,9,300,0.8941839526367926,15.260555022882155,148,0.49333333333333335,1,0,300,1500,-0.09694938069654074
synthetic,compromised_xapp,llm_only,0,300,0.9129053214298449,4.86637757177969,147,0.49,1,0,300,1500,-0.065494678570155
synthetic,compromised_xapp,llm_only,1,300,0.9255051368761739,4.550702561097544,164,0.5466666666666666,1,0,300,1500,-0.10689486312382625
synthetic,compromised_xapp,llm_only,2,300,0.906703502171851,6.488604878435675,150,0.5,1,0,300,1500,-0.08249649782814891
synthetic,compromised_xapp,llm_only,3,300,0.8938447708752183,8.33938902181065,155,0.5166666666666667,1,0,300,1500,-0.1163552291247817
synthetic,compromised_xapp,llm_only,4,300,0.889034110877576,13.143163620102177,142,0.47333333333333333,1,0,300,1500,-0.07403255578909054
synthetic,compromised_xapp,llm_only,5,300,0.9035257426114689,6.678100961237256,146,0.4866666666666667,1,0,300,1500,-0.0648075907218645
synthetic,compromised_xapp,llm_only,6,300,0.8890569803423705,9.256336111158777,153,0.51,1,0,300,1500,-0.10954301965762935
synthetic,compromised_xapp,llm_only,7,300,0.9314533682955948,2.846529079432233,148,0.49333333333333335,1,0,300,1500,-0.05027996503773844
synthetic,compromised_xapp,llm_only,8,300,0.8965851208246727,10.622909005996268,140,0.4666666666666667,1,0,300,1500,-0.05534821250866058
synthetic,compromised_xapp,llm_only,9,300,0.8623854148980935,14.4199883866492,154,0.5133333333333333,1,0,300,1500,-0.1348145851019065
synthetic,compromised_xapp,shield_ric,0,300,0.9262009097853395,9.994054105004128,0,0.0,1,10,290,1500,0.4642009097853397
synthetic,compromised_xapp,shield_ric,1,300,0.9185047707653727,9.33997056136227,0,0.0,1,12,288,1500,0.4605047707653726
synthetic,compromised_xapp,shield_ric,2,300,0.9151783908163547,7.8534736386096125,0,0.0,1,15,285,1500,0.45217839081635475
synthetic,compromised_xapp,shield_ric,3,300,0.9119704032749187,9.286893472640253,0,0.0,1,19,281,1500,0.45237040327491873
synthetic,compromised_xapp,shield_ric,4,300,0.907061135787747,19.100404724691224,0,0.0,1,9,291,1500,0.44786113578774706
synthetic,compromised_xapp,shield_ric,5,300,0.9139596433466075,8.324427243038272,0,0.0,1,17,283,1500,0.45195964334660743
synthetic,compromised_xapp,shield_ric,6,300,0.9162757114965344,4.7213506631055475,0,0.0,1,9,291,1500,0.4552757114965342
synthetic,compromised_xapp,shield_ric,7,300,0.9226399642837528,7.6410812038326466,0,0.0,1,18,282,1500,0.46083996428375296
synthetic,compromised_xapp,shield_ric,8,300,0.9099579854941934,15.654078554240563,0,0.0,1,9,291,1500,0.4451579854941933
synthetic,compromised_xapp,shield_ric,9,300,0.9059281144021486,32.08071612471548,0,0.0,1,14,286,1500,0.44772811440214866
synthetic,compound,static,0,300,0.7527069753708158,4.917829249767824,0,0.0,35,0,0,0,0.29270697537081586
synthetic,compound,static,1,300,0.7287187750847149,5.382476042639508,0,0.0,37,0,0,0,0.268718775084715
synthetic,compound,static,2,300,0.7637872958299632,5.084005267735443,0,0.0,35,0,0,0,0.30378729582996317
synthetic,compound,static,3,300,0.7532363827680507,4.926811804254354,0,0.0,35,0,0,0,0.29323638276805064
synthetic,compound,static,4,300,0.7432164969308853,4.998385259341429,0,0.0,19,0,0,0,0.28321649693088524
synthetic,compound,static,5,300,0.7520693703381919,5.036908304021239,0,0.0,35,0,0,0,0.29206937033819186
synthetic,compound,static,6,300,0.7566602209250866,4.219982245116943,0,0.0,35,0,0,0,0.29666022092508654
synthetic,compound,static,7,300,0.737038064388344,4.968546784019024,0,0.0,35,0,0,0,0.2770380643883441
synthetic,compound,static,8,300,0.7546192938062636,4.388385365672421,0,0.0,15,0,0,0,0.29461929380626345
synthetic,compound,static,9,300,0.7601861252063401,4.222386624139638,0,0.0,28,0,0,0,0.30018612520633997
synthetic,compound,heuristic,0,300,0.9795765684748733,1.08587033692655,0,0.0,2,0,0,0,0.5195765684748731
synthetic,compound,heuristic,1,300,0.9742584670806138,1.0859043894648976,0,0.0,1,0,0,0,0.5142584670806137
synthetic,compound,heuristic,2,300,0.9799836293861216,1.0859329699721343,0,0.0,1,0,0,0,0.5199836293861215
synthetic,compound,heuristic,3,300,0.9793266326849323,1.0858810581093432,0,0.0,1,0,0,0,0.5193266326849325
synthetic,compound,heuristic,4,300,0.9775312942909473,1.0858815542230393,0,0.0,1,0,0,0,0.5175312942909472
synthetic,compound,heuristic,5,300,0.9764458222696857,1.0859039613560753,0,0.0,1,0,0,0,0.5164458222696857
synthetic,compound,heuristic,6,300,0.9820360625276557,1.0858659156980648,0,0.0,1,0,0,0,0.5220360625276558
synthetic,compound,heuristic,7,300,0.9789726874337172,1.085903196967241,0,0.0,1,0,0,0,0.518972687433717
synthetic,compound,heuristic,8,300,0.9813511936140776,1.0858646820660711,0,0.0,1,0,0,0,0.5213511936140776
synthetic,compound,heuristic,9,300,0.9760810812793375,1.085897797099026,0,0.0,1,0,0,0,0.5160810812793375
synthetic,compound,rl,0,300,0.8568229206355034,6.01241030265317,144,0.48,1,0,300,1500,-0.10711041269782991
synthetic,compound,rl,1,300,0.8513769827732753,4.248589911585392,154,0.5133333333333333,1,0,300,1500,-0.15175635056005807
synthetic,compound,rl,2,300,0.8519810454139519,6.297911850906195,154,0.5133333333333333,3,0,300,1500,-0.14648562125271478
synthetic,compound,rl,3,300,0.8448489568800452,5.429874002602441,137,0.45666666666666667,1,0,300,1500,-0.10201770978662152
synthetic,compound,rl,4,300,0.85220177549742,5.501978670144962,149,0.49666666666666665,1,0,300,1500,-0.1385982245025799
synthetic,compound,rl,5,300,0.8499278869361259,6.482233457363746,148,0.49333333333333335,1,0,300,1500,-0.12707211306387417
synthetic,compound,rl,6,300,0.8755877877872685,3.49484021099064,151,0.5033333333333333,2,0,300,1500,-0.12321221221273149
synthetic,compound,rl,7,300,0.8294533768994179,7.477595512639833,158,0.5266666666666666,2,0,300,1500,-0.1817466231005821
synthetic,compound,rl,8,300,0.8599440220384671,3.321731574757802,135,0.45,1,0,300,1500,-0.07832264462819959
synthetic,compound,rl,9,300,0.8829394780997345,5.517787098718944,156,0.52,1,0,300,1500,-0.1319938552335987
synthetic,compound,llm_only,0,300,0.8593815843278456,4.59546684997895,150,0.5,1,0,300,1500,-0.12721841567215444
synthetic,compound,llm_only,1,300,0.8701826710402706,2.9339309886263596,147,0.49,2,0,300,1500,-0.10981732895972933
synthetic,compound,llm_only,2,300,0.8464834427733969,4.945249123018765,167,0.5566666666666666,2,0,300,1500,-0.1984498905599365
synthetic,compound,llm_only,3,300,0.8656695847903602,2.9973881448196518,166,0.5533333333333333,2,0,300,1500,-0.18113041520964
synthetic,compound,llm_only,4,300,0.867251253685878,4.515972525411973,141,0.47,1,0,300,1500,-0.08981541298078867
synthetic,compound,llm_only,5,300,0.8705126040824852,4.490437228391739,149,0.49666666666666665,2,0,300,1500,-0.12208739591751475
synthetic,compound,llm_only,6,300,0.8563658550777329,8.282073176999694,170,0.5666666666666667,2,0,300,1500,-0.201834144922267
synthetic,compound,llm_only,7,300,0.8300891207756933,5.048217463682406,152,0.5066666666666667,2,0,300,1500,-0.16164421255763992
synthetic,compound,llm_only,8,300,0.8450330942688266,4.875969529094765,155,0.5166666666666667,1,0,300,1500,-0.1723669057311734
synthetic,compound,llm_only,9,300,0.8754748068594921,8.427466901570034,155,0.5166666666666667,1,0,300,1500,-0.13385852647384122
synthetic,compound,shield_ric,0,300,0.8115125339534132,9.687437021890341,0,0.0,1,32,268,1500,0.3509125339534131
synthetic,compound,shield_ric,1,300,0.7858318717628072,8.736775043306416,0,0.0,5,35,265,1500,0.3246318717628071
synthetic,compound,shield_ric,2,300,0.8209022114257527,9.585971454565795,0,0.0,1,25,275,1500,0.36090221142575274
synthetic,compound,shield_ric,3,300,0.8021740367916252,7.126941224791942,0,0.0,1,36,264,1500,0.3429740367916253
synthetic,compound,shield_ric,4,300,0.8090963449534647,804.5017446287932,0,0.0,1,33,267,1500,0.3468963449534648
synthetic,compound,shield_ric,5,300,0.8153264646666757,4.8751959076767015,0,0.0,1,36,264,1500,0.3545264646666756
synthetic,compound,shield_ric,6,300,0.8084111058293794,13.579252110786518,0,0.0,1,28,272,1500,0.34701110582937944
synthetic,compound,shield_ric,7,300,0.7766152790054196,7.477595512639833,0,0.0,1,36,264,1500,0.31721527900541946
synthetic,compound,shield_ric,8,300,0.8081621009034029,44.865276859985,0,0.0,1,25,275,1500,0.346562100903403
synthetic,compound,shield_ric,9,300,0.858178481408909,5.337807347915495,0,0.0,1,23,277,1500,0.399778481408909
