scenario,controller,planner,predicate_set,perception,seed,cycles,mean_pdr,p05_pdr,violation_rate_phi,hazard_rate,recovery_cycles,fallback_rate,repair_rate,mean_power_dbm,max_pa_temp_c,mean_reward,h_rf,h_pwr,h_relay,h_part,compliant_available_rate,h_starve,h_therm,atk_predicate_set
narrowband,greedy_twin,adaptive,phi_plus,radioml,0,300,0.9844403549075703,0.9739438037608484,0.9233333333333333,0.26666666666666666,1,0.0,0.0,28.39666666666667,49.54051434733791,0.7177736882409037,0.0,0.21333333333333335,0.0,0.0,0.4533333333333333,0.0,0.06,phi
narrowband,greedy_twin,adaptive,phi_plus,radioml,1,300,0.9861473944768154,0.9739898210151937,0.9366666666666666,0.24666666666666667,1,0.0,0.0,28.336666666666666,50.84907059351701,0.7394807278101486,0.0,0.22,0.0,0.0,0.37666666666666665,0.0,0.043333333333333335,phi
narrowband,greedy_twin,adaptive,phi_plus,radioml,2,300,0.9852828016681883,0.973976657952519,0.92,0.18,1,0.0,0.0,28.426666666666666,47.83796847343316,0.8052828016681883,0.0,0.10333333333333333,0.0,0.0,0.43333333333333335,0.0,0.08,phi
narrowband,greedy_twin,adaptive,phi_plus,radioml,3,300,0.9855486155205126,0.9739810139132287,0.9633333333333334,0.25333333333333335,1,0.0,0.0,28.733333333333334,54.82341962666831,0.7322152821871795,0.0,0.14666666666666667,0.0,0.0,0.38,0.0,0.10666666666666667,phi
narrowband,greedy_twin,adaptive,phi_plus,radioml,4,300,0.9855802193843567,0.9739821060752091,0.95,0.16666666666666666,1,0.0,0.0,28.466666666666665,49.303589192406676,0.8189135527176898,0.0,0.14,0.0,0.0,0.37666666666666665,0.0,0.02666666666666667,phi
narrowband,greedy_twin,adaptive,phi_plus,radioml,5,300,0.9842852536991376,0.9739374688171645,0.91,0.21,1,0.0,0.0,28.406666666666666,43.519129622983186,0.7742852536991378,0.0,0.15333333333333332,0.0,0.0,0.41,0.0,0.07333333333333333,phi
narrowband,greedy_twin,adaptive,phi_plus,radioml,6,300,0.9859124630147189,0.9739779373573243,0.9166666666666666,0.17,1,0.0,0.0,28.266666666666666,45.711856505088,0.815912463014719,0.0,0.13666666666666666,0.0,0.0,0.37,0.0,0.03666666666666667,phi
narrowband,greedy_twin,adaptive,phi_plus,radioml,7,300,0.9856594064887899,0.9739947905552271,0.9333333333333333,0.12333333333333334,1,0.0,0.0,28.303333333333335,54.12998329526437,0.8623260731554565,0.0,0.11,0.0,0.0,0.4066666666666667,0.0,0.013333333333333334,phi
narrowband,greedy_twin,adaptive,phi_plus,radioml,8,300,0.9816050865102901,0.973964743091359,0.9466666666666667,0.1,1,0.0,0.0,28.56,52.81270017797539,0.8816050865102901,0.0,0.07333333333333333,0.0,0.0,0.37666666666666665,0.0,0.03666666666666667,phi
narrowband,greedy_twin,adaptive,phi_plus,radioml,9,300,0.9853030636506488,0.9739862919898357,0.95,0.13,1,0.0,0.0,28.586666666666666,47.06997366517459,0.8553030636506488,0.0,0.09,0.0,0.0,0.35333333333333333,0.0,0.04,phi
narrowband,greedy_twin,adaptive,phi_plus,radioml,10,300,0.9850811456596299,0.9736326464666836,0.9233333333333333,0.13666666666666666,1,0.0,0.0,28.34,49.16797707565586,0.8484144789929631,0.0,0.07333333333333333,0.0,0.0,0.3566666666666667,0.0,0.07666666666666666,phi
narrowband,greedy_twin,adaptive,phi_plus,radioml,11,300,0.9864048196627224,0.9739908731372924,0.9433333333333334,0.13,1,0.0,0.0,28.4,47.95958221964976,0.8564048196627224,0.0,0.09333333333333334,0.0,0.0,0.3466666666666667,0.0,0.043333333333333335,phi
narrowband,greedy_twin,adaptive,phi_plus,radioml,12,300,0.9846190154899045,0.973964453395645,0.9333333333333333,0.12,1,0.0,0.0,28.24,50.53731204796686,0.8646190154899045,0.0,0.08333333333333333,0.0,0.0,0.39666666666666667,0.0,0.04,phi
narrowband,greedy_twin,adaptive,phi_plus,radioml,13,300,0.9818271668923887,0.9739806114379885,0.91,0.24333333333333335,1,0.0,0.0,28.113333333333333,42.64731967530246,0.7384938335590554,0.0,0.24,0.0,0.0,0.38333333333333336,0.0,0.016666666666666666,phi
narrowband,greedy_twin,adaptive,phi_plus,radioml,14,300,0.98521324790457,0.9739919389917048,0.9033333333333333,0.12666666666666668,1,0.0,0.0,28.27,46.75367543551078,0.8585465812379031,0.0,0.09,0.0,0.0,0.46,0.0,0.04,phi
narrowband,greedy_twin,adaptive,phi_plus,radioml,15,300,0.9855546472351365,0.9739779762077408,0.9533333333333334,0.12666666666666668,1,0.0,0.0,28.47,50.50240287241538,0.8588879805684699,0.0,0.08333333333333333,0.0,0.0,0.38333333333333336,0.0,0.043333333333333335,phi
narrowband,greedy_twin,adaptive,phi_plus,radioml,16,300,0.9837187272396297,0.9739877910022041,0.9433333333333334,0.21666666666666667,1,0.0,0.0,28.733333333333334,51.003036348197824,0.767052060572963,0.0,0.1,0.0,0.0,0.38,0.0,0.15,phi
narrowband,greedy_twin,adaptive,phi_plus,radioml,17,300,0.984691512705886,0.9739853483706934,0.94,0.11666666666666667,1,0.0,0.0,28.533333333333335,48.81548375959939,0.868024846039219,0.0,0.11333333333333333,0.0,0.0,0.33666666666666667,0.0,0.013333333333333334,phi
narrowband,greedy_twin,adaptive,phi_plus,radioml,18,300,0.9853160103751799,0.9739825745644034,0.95,0.1,1,0.0,0.0,28.493333333333332,48.02176948296191,0.8853160103751798,0.0,0.07666666666666666,0.0,0.0,0.37333333333333335,0.0,0.023333333333333334,phi
narrowband,greedy_twin,adaptive,phi_plus,radioml,19,300,0.9855042117754336,0.973980281041923,0.9366666666666666,0.12666666666666668,1,0.0,0.0,28.42,52.69461150881606,0.858837545108767,0.0,0.09,0.0,0.0,0.42,0.0,0.043333333333333335,phi
narrowband,greedy_twin,adaptive,phi_plus,radioml,20,300,0.9864764415161621,0.9739969225115689,0.9366666666666666,0.17333333333333334,1,0.0,0.0,28.503333333333334,47.158436796670756,0.8131431081828288,0.0,0.16666666666666666,0.0,0.0,0.41333333333333333,0.0,0.006666666666666667,phi
narrowband,greedy_twin,adaptive,phi_plus,radioml,21,300,0.9862075276135639,0.9739907179265379,0.9233333333333333,0.17,1,0.0,0.0,28.343333333333334,49.870698193472094,0.8162075276135641,0.0,0.14333333333333334,0.0,0.0,0.4066666666666667,0.0,0.03666666666666667,phi
narrowband,greedy_twin,adaptive,phi_plus,radioml,22,300,0.9828817829050359,0.9739753260447817,0.9233333333333333,0.19333333333333333,1,0.0,0.0,28.473333333333333,49.95868246215074,0.7895484495717026,0.0,0.12666666666666668,0.0,0.0,0.39666666666666667,0.0,0.07666666666666666,phi
narrowband,greedy_twin,adaptive,phi_plus,radioml,23,300,0.9814273816973917,0.9739393723161821,0.8966666666666666,0.21666666666666667,1,0.0,0.0,28.35,44.80267510293306,0.7647607150307252,0.0,0.15666666666666668,0.0,0.0,0.4166666666666667,0.0,0.11666666666666667,phi
narrowband,greedy_twin,adaptive,phi_plus,radioml,24,300,0.9849496962255251,0.9739895912621074,0.93,0.12666666666666668,1,0.0,0.0,28.42,44.46490120323315,0.8582830295588584,0.0,0.09666666666666666,0.0,0.0,0.45666666666666667,0.0,0.03,phi
narrowband,greedy_twin,adaptive,phi_plus,radioml,25,300,0.9843816111475271,0.9739819658026193,0.9333333333333333,0.17666666666666667,1,0.0,0.0,28.476666666666667,52.845600403358304,0.8077149444808605,0.0,0.16,0.0,0.0,0.37,0.0,0.03333333333333333,phi
narrowband,greedy_twin,adaptive,phi_plus,radioml,26,300,0.984770383900958,0.9739611780962031,0.92,0.15333333333333332,1,0.0,0.0,28.38,52.587160377505064,0.8314370505676246,0.0,0.11666666666666667,0.0,0.0,0.38,0.0,0.04,phi
narrowband,greedy_twin,adaptive,phi_plus,radioml,27,300,0.9851163174842517,0.9739732733394743,0.94,0.19,1,0.0,0.0,28.376666666666665,44.808333759674746,0.7951163174842518,0.0,0.14333333333333334,0.0,0.0,0.4166666666666667,0.0,0.06,phi
narrowband,greedy_twin,adaptive,phi_plus,radioml,28,300,0.9854659792981079,0.9739962684671776,0.93,0.16,1,0.0,0.0,28.19,49.98312716657397,0.8254659792981078,0.0,0.15333333333333332,0.0,0.0,0.4,0.0,0.006666666666666667,phi
narrowband,greedy_twin,adaptive,phi_plus,radioml,29,300,0.9850981863446465,0.9739841356901675,0.93,0.18,1,0.0,0.0,28.39666666666667,48.61350229484503,0.8050981863446466,0.0,0.15,0.0,0.0,0.41333333333333333,0.0,0.05333333333333334,phi
narrowband,lagrangian_rl,adaptive,phi_plus,radioml,0,300,0.9076752500501006,0.2027206718382526,0.86,0.27,1,0.0,0.0,28.446666666666665,53.29559401577873,0.6376752500501006,0.0,0.12333333333333334,0.0,0.0,0.4,0.0,0.17,phi
narrowband,lagrangian_rl,adaptive,phi_plus,radioml,1,300,0.926186651055898,0.6986368409073888,0.87,0.28,1,0.0,0.0,28.54,46.92710345707789,0.646186651055898,0.0,0.13,0.0,0.0,0.4066666666666667,0.0,0.16,phi
narrowband,lagrangian_rl,adaptive,phi_plus,radioml,2,300,0.9285310968753144,0.7728560687627812,0.88,0.4033333333333333,1,0.0,0.0,28.633333333333333,47.772595596939695,0.5251977635419811,0.0,0.21333333333333335,0.0,0.0,0.36666666666666664,0.0,0.24333333333333335,phi
narrowband,lagrangian_rl,adaptive,phi_plus,radioml,3,300,0.9198659931671568,0.5400092666569466,0.8666666666666667,0.31666666666666665,1,0.0,0.0,28.516666666666666,47.658815955213406,0.6031993265004902,0.0,0.17,0.0,0.0,0.41333333333333333,0.0,0.20333333333333334,phi
narrowband,lagrangian_rl,adaptive,phi_plus,radioml,4,300,0.9250526330217921,0.6310109881653362,0.8866666666666667,0.37666666666666665,1,0.0,0.0,28.723333333333333,49.43985825100665,0.5483859663551254,0.0,0.15333333333333332,0.0,0.0,0.4166666666666667,0.0,0.26666666666666666,phi
narrowband,lagrangian_rl,adaptive,phi_plus,radioml,5,300,0.9267743878652883,0.7052423144714604,0.8166666666666667,0.32,1,0.0,0.0,28.186666666666667,47.02386241132311,0.6067743878652884,0.0,0.19,0.0,0.0,0.44333333333333336,0.0,0.14666666666666667,phi
narrowband,lagrangian_rl,adaptive,phi_plus,radioml,6,300,0.9215979851419803,0.6926467564571437,0.8566666666666667,0.37666666666666665,1,0.0,0.0,28.466666666666665,48.07201151809143,0.5449313184753136,0.0,0.23,0.0,0.0,0.3566666666666667,0.0,0.18,phi
narrowband,lagrangian_rl,adaptive,phi_plus,radioml,7,300,0.9210663715714061,0.5716593756243379,0.8466666666666667,0.35,1,0.0,0.0,28.36,47.57248366844387,0.5710663715714062,0.0,0.13666666666666666,0.0,0.0,0.41333333333333333,0.0,0.23,phi
narrowband,lagrangian_rl,adaptive,phi_plus,radioml,8,300,0.9110280881375714,0.4294696710737434,0.8533333333333334,0.32,1,0.0,0.0,28.516666666666666,51.96726820512869,0.5910280881375715,0.0,0.11,0.0,0.0,0.38333333333333336,0.0,0.21333333333333335,phi
narrowband,lagrangian_rl,adaptive,phi_plus,radioml,9,300,0.90924553171369,0.37235854555363224,0.8733333333333333,0.31666666666666665,1,0.0,0.0,28.57,49.888029261474024,0.5925788650470235,0.0,0.10333333333333333,0.0,0.0,0.39,0.0,0.23333333333333334,phi
narrowband,lagrangian_rl,adaptive,phi_plus,radioml,10,300,0.9169689112341665,0.3285860860946657,0.85,0.36333333333333334,1,0.0,0.0,28.47,49.818349327573586,0.5536355779008331,0.0,0.09666666666666666,0.0,0.0,0.36333333333333334,0.0,0.30333333333333334,phi
narrowband,lagrangian_rl,adaptive,phi_plus,radioml,11,300,0.9163283597564001,0.5009641635980948,0.86,0.30666666666666664,1,0.0,0.0,28.516666666666666,45.93348426509718,0.6096616930897335,0.0,0.12666666666666668,0.0,0.0,0.4033333333333333,0.0,0.22333333333333333,phi
narrowband,lagrangian_rl,adaptive,phi_plus,radioml,12,300,0.9191052514881327,0.6501463275069732,0.8766666666666667,0.41333333333333333,1,0.0,0.0,28.68,47.47175643508348,0.5057719181547994,0.0,0.19333333333333333,0.0,0.0,0.35333333333333333,0.0,0.25333333333333335,phi
narrowband,lagrangian_rl,adaptive,phi_plus,radioml,13,300,0.9144264393189663,0.3928930735123738,0.87,0.31333333333333335,1,0.0,0.0,28.69,52.56625176452008,0.6010931059856331,0.0,0.1,0.0,0.0,0.3933333333333333,0.0,0.25666666666666665,phi
narrowband,lagrangian_rl,adaptive,phi_plus,radioml,14,300,0.9235949425557085,0.679748091715338,0.86,0.38,1,0.0,0.0,28.606666666666666,47.22492222516064,0.5435949425557086,0.0,0.18333333333333332,0.0,0.0,0.36,0.0,0.2633333333333333,phi
narrowband,lagrangian_rl,adaptive,phi_plus,radioml,15,300,0.9097610729681531,0.42568702870934005,0.85,0.32,1,0.0,0.0,28.276666666666667,48.058488234658064,0.589761072968153,0.0,0.21,0.0,0.0,0.39666666666666667,0.0,0.15,phi
narrowband,lagrangian_rl,adaptive,phi_plus,radioml,16,300,0.9288691599066287,0.7584995712135447,0.8833333333333333,0.36666666666666664,1,0.0,0.0,28.756666666666668,52.58940418097335,0.562202493239962,0.0,0.12,0.0,0.0,0.3933333333333333,0.0,0.2866666666666667,phi
narrowband,lagrangian_rl,adaptive,phi_plus,radioml,17,300,0.9186521327274276,0.5347898283724217,0.8733333333333333,0.21666666666666667,1,0.0,0.0,28.543333333333333,47.695152925606315,0.701985466060761,0.0,0.08,0.0,0.0,0.36,0.0,0.16,phi
narrowband,lagrangian_rl,adaptive,phi_plus,radioml,18,300,0.9228600840215431,0.6031268993367704,0.9,0.39666666666666667,1,0.0,0.0,28.81,44.643374114065004,0.5261934173548763,0.0,0.15,0.0,0.0,0.38666666666666666,0.0,0.3433333333333333,phi
narrowband,lagrangian_rl,adaptive,phi_plus,radioml,19,300,0.9220452799634196,0.5579411526824285,0.8833333333333333,0.38666666666666666,1,0.0,0.0,28.733333333333334,49.53965373408128,0.5353786132967528,0.0,0.18666666666666668,0.0,0.0,0.4066666666666667,0.0,0.26,phi
narrowband,lagrangian_rl,adaptive,phi_plus,radioml,20,300,0.9183215872362182,0.5611219879229465,0.8833333333333333,0.36,1,0.0,0.0,28.706666666666667,51.85211880235437,0.5583215872362182,0.0,0.17333333333333334,0.0,0.0,0.36666666666666664,0.0,0.22666666666666666,phi
narrowband,lagrangian_rl,adaptive,phi_plus,radioml,21,300,0.9198006534046912,0.6249937677862124,0.8633333333333333,0.36,1,0.0,0.0,28.516666666666666,50.65629298854061,0.5598006534046912,0.0,0.17666666666666667,0.0,0.0,0.38666666666666666,0.0,0.2866666666666667,phi
narrowband,lagrangian_rl,adaptive,phi_plus,radioml,22,300,0.9144037780509656,0.36362284578959697,0.87,0.24,1,0.0,0.0,28.48,49.00736809916747,0.6744037780509656,0.0,0.1,0.0,0.0,0.44,0.0,0.18,phi
narrowband,lagrangian_rl,adaptive,phi_plus,radioml,23,300,0.9133448056236644,0.4765705951441674,0.87,0.21666666666666667,1,0.0,0.0,28.436666666666667,48.807667846448,0.6966781389569977,0.0,0.08,0.0,0.0,0.37,0.0,0.15,phi
narrowband,lagrangian_rl,adaptive,phi_plus,radioml,24,300,0.9309128737239936,0.7660581459071734,0.8933333333333333,0.37,1,0.0,0.0,28.636666666666667,47.79433588194197,0.5609128737239935,0.0,0.15333333333333332,0.0,0.0,0.38,0.0,0.23666666666666666,phi
narrowband,lagrangian_rl,adaptive,phi_plus,radioml,25,300,0.9209302658122116,0.5466875738042725,0.8733333333333333,0.36333333333333334,1,0.0,0.0,28.563333333333333,50.34300672363418,0.5575969324788781,0.0,0.18333333333333332,0.0,0.0,0.4266666666666667,0.0,0.21666666666666667,phi
narrowband,lagrangian_rl,adaptive,phi_plus,radioml,26,300,0.9233764788144244,0.5260191307173457,0.8666666666666667,0.22,1,0.0,0.0,28.566666666666666,44.08191657018288,0.7033764788144244,0.0,0.08,0.0,0.0,0.38333333333333336,0.0,0.16666666666666666,phi
narrowband,lagrangian_rl,adaptive,phi_plus,radioml,27,300,0.9131253801819311,0.3830476525372955,0.8566666666666667,0.37,1,0.0,0.0,28.523333333333333,50.67273833908246,0.5431253801819311,0.0,0.18,0.0,0.0,0.42333333333333334,0.0,0.23666666666666666,phi
narrowband,lagrangian_rl,adaptive,phi_plus,radioml,28,300,0.9137661270783956,0.3632514538308377,0.8566666666666667,0.29333333333333333,1,0.0,0.0,28.466666666666665,49.407691482256425,0.620432793745062,0.0,0.18333333333333332,0.0,0.0,0.41333333333333333,0.0,0.14333333333333334,phi
narrowband,lagrangian_rl,adaptive,phi_plus,radioml,29,300,0.9168056984387677,0.47601381938520426,0.8633333333333333,0.3433333333333333,1,0.0,0.0,28.533333333333335,48.99152542908503,0.5734723651054343,0.0,0.13,0.0,0.0,0.36333333333333334,0.0,0.26666666666666666,phi
narrowband,simplex_rta,adaptive,phi_plus,radioml,0,300,0.9892456139245275,0.9929084376157937,0.2633333333333333,0.01,1,0.0,0.0,26.15,44.33484385466601,0.9792456139245275,0.0,0.01,0.0,0.0,0.6033333333333334,0.0,0.0,phi
narrowband,simplex_rta,adaptive,phi_plus,radioml,1,300,0.9930468090159138,0.9931173513312194,0.27,0.013333333333333334,1,0.0,0.0,26.186666666666667,44.19544809030266,0.9797134756825805,0.0,0.013333333333333334,0.0,0.0,0.5566666666666666,0.0,0.0,phi
narrowband,simplex_rta,adaptive,phi_plus,radioml,2,300,0.9927235134790169,0.9927764974393583,0.24,0.0,1,0.0,0.0,26.176666666666666,45.15265576309438,0.9927235134790169,0.0,0.0,0.0,0.0,0.7466666666666667,0.0,0.0,phi
narrowband,simplex_rta,adaptive,phi_plus,radioml,3,300,0.9931801727796316,0.9931338668563928,0.25666666666666665,0.013333333333333334,1,0.0,0.0,26.156666666666666,44.22926385724298,0.9798468394462982,0.0,0.013333333333333334,0.0,0.0,0.7233333333333334,0.0,0.0,phi
narrowband,simplex_rta,adaptive,phi_plus,radioml,4,300,0.9927560174966416,0.992598957250018,0.23333333333333334,0.006666666666666667,1,0.0,0.0,26.143333333333334,44.54862229456675,0.9860893508299748,0.0,0.006666666666666667,0.0,0.0,0.65,0.0,0.0,phi
narrowband,simplex_rta,adaptive,phi_plus,radioml,5,300,0.9894330091231226,0.9923080151354943,0.2633333333333333,0.006666666666666667,1,0.0,0.0,26.17,44.24205262396321,0.982766342456456,0.0,0.006666666666666667,0.0,0.0,0.43,0.0,0.0,phi
narrowband,simplex_rta,adaptive,phi_plus,radioml,6,300,0.9929414268196471,0.9930362016591022,0.28,0.006666666666666667,1,0.0,0.0,26.15,44.75173155853453,0.9862747601529804,0.0,0.006666666666666667,0.0,0.0,0.5833333333333334,0.0,0.0,phi
narrowband,simplex_rta,adaptive,phi_plus,radioml,7,300,0.9929625468778672,0.992968448384144,0.2733333333333333,0.01,1,0.0,0.0,26.173333333333332,44.98311248238121,0.9829625468778672,0.0,0.01,0.0,0.0,0.5433333333333333,0.0,0.0,phi
narrowband,simplex_rta,adaptive,phi_plus,radioml,8,300,0.9894840549455906,0.9928496713545066,0.23333333333333334,0.0033333333333333335,1,0.0,0.0,26.136666666666667,44.22009542752578,0.9861507216122573,0.0,0.0033333333333333335,0.0,0.0,0.6966666666666667,0.0,0.0,phi
narrowband,simplex_rta,adaptive,phi_plus,radioml,9,300,0.9929628007727603,0.9929802698623303,0.27,0.0,1,0.0,0.0,26.136666666666667,44.17136663643748,0.9929628007727603,0.0,0.0,0.0,0.0,0.6233333333333333,0.0,0.0,phi
narrowband,simplex_rta,adaptive,phi_plus,radioml,10,300,0.9928229922835116,0.9930129877763149,0.24333333333333335,0.0033333333333333335,1,0.0,0.0,26.176666666666666,44.31919144116752,0.9894896589501783,0.0,0.0033333333333333335,0.0,0.0,0.25,0.0,0.0,phi
narrowband,simplex_rta,adaptive,phi_plus,radioml,11,300,0.9925582281156452,0.9925129648232085,0.24666666666666667,0.0033333333333333335,1,0.0,0.0,26.11,44.33344130056241,0.9892248947823119,0.0,0.0033333333333333335,0.0,0.0,0.49,0.0,0.0,phi
narrowband,simplex_rta,adaptive,phi_plus,radioml,12,300,0.9929657848483292,0.9929491284158471,0.24666666666666667,0.013333333333333334,1,0.0,0.0,26.136666666666667,44.16796511647284,0.979632451514996,0.0,0.013333333333333334,0.0,0.0,0.81,0.0,0.0,phi
narrowband,simplex_rta,adaptive,phi_plus,radioml,13,300,0.9930340165911563,0.9930206102982214,0.2866666666666667,0.0,1,0.0,0.0,26.166666666666668,44.22768558200375,0.9930340165911563,0.0,0.0,0.0,0.0,0.5966666666666667,0.0,0.0,phi
narrowband,simplex_rta,adaptive,phi_plus,radioml,14,300,0.9930359461029945,0.9929998175132645,0.22333333333333333,0.0,1,0.0,0.0,26.133333333333333,44.16982210416604,0.9930359461029945,0.0,0.0,0.0,0.0,0.4033333333333333,0.0,0.0,phi
narrowband,simplex_rta,adaptive,phi_plus,radioml,15,300,0.9928302406635086,0.9928039961137213,0.24333333333333335,0.0033333333333333335,1,0.0,0.0,26.13,44.24301940990927,0.9894969073301751,0.0,0.0033333333333333335,0.0,0.0,0.6333333333333333,0.0,0.0,phi
narrowband,simplex_rta,adaptive,phi_plus,radioml,16,300,0.9928038474279292,0.9928901288458405,0.25666666666666665,0.0,1,0.0,0.0,26.166666666666668,44.23921001611013,0.9928038474279292,0.0,0.0,0.0,0.0,0.5266666666666666,0.0,0.0,phi
narrowband,simplex_rta,adaptive,phi_plus,radioml,17,300,0.992761846471016,0.992638546446425,0.2633333333333333,0.006666666666666667,1,0.0,0.0,26.16,44.373272184622124,0.9860951798043494,0.0,0.006666666666666667,0.0,0.0,0.6233333333333333,0.0,0.0,phi
narrowband,simplex_rta,adaptive,phi_plus,radioml,18,300,0.9897559936087226,0.9929032483068959,0.24666666666666667,0.01,1,0.0,0.0,26.163333333333334,45.66528651935025,0.9797559936087226,0.0,0.01,0.0,0.0,0.59,0.0,0.0,phi
narrowband,simplex_rta,adaptive,phi_plus,radioml,19,300,0.9895954836296543,0.9928459193099926,0.25666666666666665,0.01,1,0.0,0.0,26.15,44.18964258811212,0.9795954836296543,0.0,0.01,0.0,0.0,0.71,0.0,0.0,phi
narrowband,simplex_rta,adaptive,phi_plus,radioml,20,300,0.9927332491667564,0.9923843595671888,0.25333333333333335,0.006666666666666667,1,0.0,0.0,26.153333333333332,44.25941487586818,0.9860665825000897,0.0,0.006666666666666667,0.0,0.0,0.63,0.0,0.0,phi
narrowband,simplex_rta,adaptive,phi_plus,radioml,21,300,0.9926559252963011,0.9921917238613257,0.27,0.0033333333333333335,1,0.0,0.0,26.166666666666668,44.70868849208085,0.9893225919629678,0.0,0.0033333333333333335,0.0,0.0,0.6133333333333333,0.0,0.0,phi
narrowband,simplex_rta,adaptive,phi_plus,radioml,22,300,0.9929128563251021,0.9930316804329976,0.27666666666666667,0.006666666666666667,1,0.0,0.0,26.183333333333334,44.42322789986318,0.9862461896584355,0.0,0.006666666666666667,0.0,0.0,0.49666666666666665,0.0,0.0,phi
narrowband,simplex_rta,adaptive,phi_plus,radioml,23,300,0.9929470337683393,0.9929059139059908,0.23333333333333334,0.006666666666666667,1,0.0,0.0,26.14666666666667,44.170076074846676,0.9862803671016726,0.0,0.006666666666666667,0.0,0.0,0.6966666666666667,0.0,0.0,phi
narrowband,simplex_rta,adaptive,phi_plus,radioml,24,300,0.9927248539748657,0.9926027319036611,0.22333333333333333,0.01,1,0.0,0.0,26.17,44.7666579465967,0.9827248539748656,0.0,0.01,0.0,0.0,0.7266666666666667,0.0,0.0,phi
narrowband,simplex_rta,adaptive,phi_plus,radioml,25,300,0.9930740217785053,0.9928572624226363,0.22333333333333333,0.016666666666666666,1,0.0,0.0,26.13,44.17702860781541,0.9764073551118387,0.0,0.016666666666666666,0.0,0.0,0.5266666666666666,0.0,0.0,phi
narrowband,simplex_rta,adaptive,phi_plus,radioml,26,300,0.9929092042416773,0.992992691334353,0.2866666666666667,0.0033333333333333335,1,0.0,0.0,26.176666666666666,44.84602802531859,0.9895758709083439,0.0,0.0033333333333333335,0.0,0.0,0.6833333333333333,0.0,0.0,phi
narrowband,simplex_rta,adaptive,phi_plus,radioml,27,300,0.9928683366108466,0.9929561059248415,0.23333333333333334,0.006666666666666667,1,0.0,0.0,26.126666666666665,44.18627498679389,0.9862016699441799,0.0,0.006666666666666667,0.0,0.0,0.7233333333333334,0.0,0.0,phi
narrowband,simplex_rta,adaptive,phi_plus,radioml,28,300,0.9928638717880515,0.9930176095915403,0.24333333333333335,0.0,1,0.0,0.0,26.14666666666667,44.17604288612838,0.9928638717880515,0.0,0.0,0.0,0.0,0.49666666666666665,0.0,0.0,phi
narrowband,simplex_rta,adaptive,phi_plus,radioml,29,300,0.9926704330381099,0.9928074199109497,0.25,0.013333333333333334,1,0.0,0.0,26.14,44.202856675758866,0.9793370997047766,0.0,0.013333333333333334,0.0,0.0,0.37333333333333335,0.0,0.0,phi
narrowband,shield_filter,adaptive,phi_plus,radioml,0,300,0.7297060307522104,0.0002778462828855591,0.0,0.0,1,0.23333333333333334,0.0,23.67,36.448031561905836,0.7297060307522104,0.0,0.0,0.0,0.0,0.7666666666666667,0.0,0.0,phi
narrowband,shield_filter,adaptive,phi_plus,radioml,1,300,0.7567520408948362,0.0003404522128315718,0.0,0.0,1,0.23333333333333334,0.0,23.73,37.36778662288525,0.7567520408948362,0.0,0.0,0.0,0.0,0.7666666666666667,0.0,0.0,phi
narrowband,shield_filter,adaptive,phi_plus,radioml,2,300,0.764584800084379,0.0003005980300704475,0.0,0.0,1,0.21333333333333335,0.0,23.79,37.55812220901579,0.764584800084379,0.0,0.0,0.0,0.0,0.7866666666666666,0.0,0.0,phi
narrowband,shield_filter,adaptive,phi_plus,radioml,3,300,0.7507291174053011,0.0002834942792245178,0.0,0.0,2,0.22666666666666666,0.0,23.8,36.55278941338403,0.7507291174053011,0.0,0.0,0.0,0.0,0.7733333333333333,0.0,0.0,phi
narrowband,shield_filter,adaptive,phi_plus,radioml,4,300,0.7829251447360821,0.0003233056805941447,0.0,0.0,2,0.17333333333333334,0.0,24.05,37.5792732656112,0.7829251447360821,0.0,0.0,0.0,0.0,0.8266666666666667,0.0,0.0,phi
narrowband,shield_filter,adaptive,phi_plus,radioml,5,300,0.7695009704982861,0.0004256176910369443,0.0,0.0,1,0.22,0.0,23.83,37.51632843475978,0.7695009704982861,0.0,0.0,0.0,0.0,0.78,0.0,0.0,phi
narrowband,shield_filter,adaptive,phi_plus,radioml,6,300,0.7172807511335787,0.0003101068442719353,0.0,0.0,1,0.2733333333333333,0.0,23.6,38.549111835766055,0.7172807511335787,0.0,0.0,0.0,0.0,0.7266666666666667,0.0,0.0,phi
narrowband,shield_filter,adaptive,phi_plus,radioml,7,300,0.7780402047305366,0.00032148716439288366,0.0,0.0,1,0.20666666666666667,0.0,23.79,36.98476968409755,0.7780402047305366,0.0,0.0,0.0,0.0,0.7933333333333333,0.0,0.0,phi
narrowband,shield_filter,adaptive,phi_plus,radioml,8,300,0.751889442878494,0.0004702031287862163,0.0,0.0,1,0.21333333333333335,0.0,23.72,36.22999491827418,0.751889442878494,0.0,0.0,0.0,0.0,0.7866666666666666,0.0,0.0,phi
narrowband,shield_filter,adaptive,phi_plus,radioml,9,300,0.7063267035722042,0.0002898203165799594,0.0,0.0033333333333333335,1,0.2833333333333333,0.0,23.54,37.685145044861216,0.7029933702388708,0.0,0.0,0.0,0.0,0.7166666666666667,0.0033333333333333335,0.0,phi
narrowband,shield_filter,adaptive,phi_plus,radioml,10,300,0.7395551732426706,0.0003285446041612715,0.0,0.0,1,0.22333333333333333,0.0,23.72,38.686321601355324,0.7395551732426706,0.0,0.0,0.0,0.0,0.7766666666666666,0.0,0.0,phi
narrowband,shield_filter,adaptive,phi_plus,radioml,11,300,0.7495327418651354,0.0003621613412732474,0.0,0.0,1,0.24333333333333335,0.0,23.76,37.836115358871325,0.7495327418651354,0.0,0.0,0.0,0.0,0.7566666666666667,0.0,0.0,phi
narrowband,shield_filter,adaptive,phi_plus,radioml,12,300,0.7714332977231237,0.0004442307343278767,0.0,0.0,1,0.18666666666666668,0.0,24.04,38.94986738813497,0.7714332977231237,0.0,0.0,0.0,0.0,0.8133333333333334,0.0,0.0,phi
narrowband,shield_filter,adaptive,phi_plus,radioml,13,300,0.7764858019969165,0.00035384397547265936,0.0,0.0,1,0.22,0.0,23.79,37.43279799026316,0.7764858019969165,0.0,0.0,0.0,0.0,0.78,0.0,0.0,phi
narrowband,shield_filter,adaptive,phi_plus,radioml,14,300,0.7843022099755247,0.0003034306850280048,0.0,0.0,1,0.20333333333333334,0.0,24.11,39.32868064294937,0.7843022099755247,0.0,0.0,0.0,0.0,0.7966666666666666,0.0,0.0,phi
narrowband,shield_filter,adaptive,phi_plus,radioml,15,300,0.7627684676551684,0.0003503823484171121,0.0,0.0,2,0.2,0.0,23.96,37.83211536209688,0.7627684676551684,0.0,0.0,0.0,0.0,0.8,0.0,0.0,phi
narrowband,shield_filter,adaptive,phi_plus,radioml,16,300,0.7515124201170964,0.0003366355506843729,0.0,0.0033333333333333335,1,0.21666666666666667,0.0,23.78,38.220989325262934,0.748179086783763,0.0,0.0,0.0,0.0,0.7833333333333333,0.0033333333333333335,0.0,phi
narrowband,shield_filter,adaptive,phi_plus,radioml,17,300,0.7716154052030388,0.00032298292542649843,0.0,0.0,1,0.22333333333333333,0.0,23.94,39.990080322906735,0.7716154052030388,0.0,0.0,0.0,0.0,0.7766666666666666,0.0,0.0,phi
narrowband,shield_filter,adaptive,phi_plus,radioml,18,300,0.7955251704095385,0.0003156287747159438,0.0,0.0,1,0.17666666666666667,0.0,24.06,36.815690519857185,0.7955251704095385,0.0,0.0,0.0,0.0,0.8233333333333334,0.0,0.0,phi
narrowband,shield_filter,adaptive,phi_plus,radioml,19,300,0.7683984109368629,0.00027530989319845585,0.0,0.0,1,0.19,0.0,23.91,39.46179194456845,0.7683984109368629,0.0,0.0,0.0,0.0,0.81,0.0,0.0,phi
narrowband,shield_filter,adaptive,phi_plus,radioml,20,300,0.7507077634457708,0.0003182745736108088,0.0,0.0,1,0.23333333333333334,0.0,23.863333333333333,39.78074625929329,0.7507077634457708,0.0,0.0,0.0,0.0,0.7666666666666667,0.0,0.0,phi
narrowband,shield_filter,adaptive,phi_plus,radioml,21,300,0.7588250425249508,0.00031973889599056735,0.0,0.0,1,0.20666666666666667,0.0,23.87,39.12784185961403,0.7588250425249508,0.0,0.0,0.0,0.0,0.7933333333333333,0.0,0.0,phi
narrowband,shield_filter,adaptive,phi_plus,radioml,22,300,0.7508297312452923,0.00028531793996584186,0.0,0.0,1,0.22,0.0,23.83,38.61522383377958,0.7508297312452923,0.0,0.0,0.0,0.0,0.78,0.0,0.0,phi
narrowband,shield_filter,adaptive,phi_plus,radioml,23,300,0.6948002354005286,0.00027672442972917217,0.0,0.0033333333333333335,1,0.27666666666666667,0.0,23.49,36.843976168117,0.6914669020671953,0.0,0.0,0.0,0.0,0.7233333333333334,0.0033333333333333335,0.0,phi
narrowband,shield_filter,adaptive,phi_plus,radioml,24,300,0.7281827966960346,0.0002627672471520992,0.0,0.0,2,0.26,0.0,23.74,37.71746519201667,0.7281827966960346,0.0,0.0,0.0,0.0,0.74,0.0,0.0,phi
narrowband,shield_filter,adaptive,phi_plus,radioml,25,300,0.760176548304909,0.0004893033418649049,0.0,0.0,2,0.22333333333333333,0.0,23.88,37.03073213523373,0.760176548304909,0.0,0.0,0.0,0.0,0.7766666666666666,0.0,0.0,phi
narrowband,shield_filter,adaptive,phi_plus,radioml,26,300,0.7786454275623669,0.00040146090221325785,0.0,0.0,1,0.18333333333333332,0.0,23.96,39.712157082944145,0.7786454275623669,0.0,0.0,0.0,0.0,0.8166666666666667,0.0,0.0,phi
narrowband,shield_filter,adaptive,phi_plus,radioml,27,300,0.7630262973482567,0.000381291873334242,0.0,0.0,1,0.20666666666666667,0.0,23.82,40.957256587908475,0.7630262973482567,0.0,0.0,0.0,0.0,0.7933333333333333,0.0,0.0,phi
narrowband,shield_filter,adaptive,phi_plus,radioml,28,300,0.7565287690280162,0.00021944083980126415,0.0,0.0,1,0.24,0.0,23.87,40.96392152458438,0.7565287690280162,0.0,0.0,0.0,0.0,0.76,0.0,0.0,phi
narrowband,shield_filter,adaptive,phi_plus,radioml,29,300,0.7678403839907172,0.0003757644126042535,0.0,0.0,1,0.17333333333333334,0.0,23.9,37.474789317527375,0.7678403839907172,0.0,0.0,0.0,0.0,0.8266666666666667,0.0,0.0,phi
narrowband,shield_repair,adaptive,phi_plus,radioml,0,300,0.9862771852000496,0.9735914741712004,0.0,0.0,1,0.0,0.7286666666666667,25.65,42.04907390270415,0.9862771852000496,0.0,0.0,0.0,0.0,0.8166666666666667,0.0,0.0,phi
narrowband,shield_repair,adaptive,phi_plus,radioml,1,300,0.9852352467126825,0.9732499243529181,0.0,0.0,1,0.0,0.7366666666666667,25.72,42.18618665004718,0.9852352467126825,0.0,0.0,0.0,0.0,0.7833333333333333,0.0,0.0,phi
narrowband,shield_repair,adaptive,phi_plus,radioml,2,300,0.9841545427772947,0.9709790335335304,0.0,0.0,1,0.0,0.7333333333333333,25.63,41.66484433891287,0.9841545427772947,0.0,0.0,0.0,0.0,0.78,0.0,0.0,phi
narrowband,shield_repair,adaptive,phi_plus,radioml,3,300,0.9853416586160904,0.9735219083667881,0.0,0.0,1,0.0,0.7693333333333333,25.63,40.35758939589363,0.9853416586160904,0.0,0.0,0.0,0.0,0.7533333333333333,0.0,0.0,phi
narrowband,shield_repair,adaptive,phi_plus,radioml,4,300,0.9852125857750009,0.9733866778581561,0.0,0.0,1,0.0,0.73,25.65,42.35467288162996,0.9852125857750009,0.0,0.0,0.0,0.0,0.7933333333333333,0.0,0.0,phi
narrowband,shield_repair,adaptive,phi_plus,radioml,5,300,0.9848613616387274,0.9729226526809419,0.0,0.0,1,0.0,0.7553333333333333,25.53,39.59136141571515,0.9848613616387274,0.0,0.0,0.0,0.0,0.7666666666666667,0.0,0.0,phi
narrowband,shield_repair,adaptive,phi_plus,radioml,6,300,0.9861273983466258,0.973654642520191,0.0,0.0,1,0.0,0.7586666666666667,25.66,42.70251456999683,0.9861273983466258,0.0,0.0,0.0,0.0,0.71,0.0,0.0,phi
narrowband,shield_repair,adaptive,phi_plus,radioml,7,300,0.9842674369000785,0.972971858074406,0.0,0.0,1,0.0,0.7353333333333333,25.72,41.05411583367779,0.9842674369000785,0.0,0.0,0.0,0.0,0.7733333333333333,0.0,0.0,phi
narrowband,shield_repair,adaptive,phi_plus,radioml,8,300,0.9783676364221333,0.9726283164414705,0.0,0.0,1,0.0,0.7486666666666667,25.52,43.43420213140268,0.9783676364221333,0.0,0.0,0.0,0.0,0.7666666666666667,0.0,0.0,phi
narrowband,shield_repair,adaptive,phi_plus,radioml,9,300,0.9850783831951196,0.9737827882010159,0.0,0.0,1,0.0,0.7606666666666667,25.69,39.37806429791718,0.9850783831951196,0.0,0.0,0.0,0.0,0.75,0.0,0.0,phi
narrowband,shield_repair,adaptive,phi_plus,radioml,10,300,0.9847934357412123,0.973574693158717,0.0,0.0,1,0.0,0.7466666666666667,25.55,40.32746180561009,0.9847934357412123,0.0,0.0,0.0,0.0,0.7966666666666666,0.0,0.0,phi
narrowband,shield_repair,adaptive,phi_plus,radioml,11,300,0.9851367200819264,0.9733094429129853,0.0,0.0,1,0.0,0.754,25.6,40.96985952811772,0.9851367200819264,0.0,0.0,0.0,0.0,0.74,0.0,0.0,phi
narrowband,shield_repair,adaptive,phi_plus,radioml,12,300,0.9825736521157842,0.973248201984886,0.0,0.0,1,0.0,0.7406666666666667,25.67,41.90072125995302,0.9825736521157842,0.0,0.0,0.0,0.0,0.78,0.0,0.0,phi
narrowband,shield_repair,adaptive,phi_plus,radioml,13,300,0.9822522538637065,0.9737707363056077,0.0,0.0,1,0.0,0.7453333333333333,25.65,39.32370735599758,0.9822522538637065,0.0,0.0,0.0,0.0,0.7766666666666666,0.0,0.0,phi
narrowband,shield_repair,adaptive,phi_plus,radioml,14,300,0.9860935855261459,0.9735507387529929,0.0,0.0,1,0.0,0.714,25.54,40.47513848925334,0.9860935855261459,0.0,0.0,0.0,0.0,0.8166666666666667,0.0,0.0,phi
narrowband,shield_repair,adaptive,phi_plus,radioml,15,300,0.9854264896234715,0.9729307371996824,0.0,0.0,1,0.0,0.7386666666666667,25.61,42.70969529886543,0.9854264896234715,0.0,0.0,0.0,0.0,0.79,0.0,0.0,phi
narrowband,shield_repair,adaptive,phi_plus,radioml,16,300,0.9852308920359075,0.9722093457219011,0.0,0.0,1,0.0,0.7846666666666666,25.64,41.653653094393476,0.9852308920359075,0.0,0.0,0.0,0.0,0.7233333333333334,0.0,0.0,phi
narrowband,shield_repair,adaptive,phi_plus,radioml,17,300,0.9837248713872054,0.9733110033366522,0.0,0.0,1,0.0,0.7746666666666666,25.55,40.35041825964015,0.9837248713872054,0.0,0.0,0.0,0.0,0.7333333333333333,0.0,0.0,phi
narrowband,shield_repair,adaptive,phi_plus,radioml,18,300,0.985426354741149,0.9734432285907624,0.0,0.0,1,0.0,0.7453333333333333,25.7,41.382475279438324,0.985426354741149,0.0,0.0,0.0,0.0,0.7966666666666666,0.0,0.0,phi
narrowband,shield_repair,adaptive,phi_plus,radioml,19,300,0.9852438416033257,0.9731419308246977,0.0,0.0,1,0.0,0.7526666666666667,25.71,42.39550861178572,0.9852438416033257,0.0,0.0,0.0,0.0,0.7733333333333333,0.0,0.0,phi
narrowband,shield_repair,adaptive,phi_plus,radioml,20,300,0.9854067309017607,0.9737637242557057,0.0,0.0,1,0.0,0.758,25.68,42.54309164662407,0.9854067309017607,0.0,0.0,0.0,0.0,0.77,0.0,0.0,phi
narrowband,shield_repair,adaptive,phi_plus,radioml,21,300,0.9853796634041169,0.9733401807585148,0.0,0.0,1,0.0,0.7373333333333333,25.56,40.989447362929305,0.9853796634041169,0.0,0.0,0.0,0.0,0.7866666666666666,0.0,0.0,phi
narrowband,shield_repair,adaptive,phi_plus,radioml,22,300,0.9843491441162368,0.9720678843205327,0.0,0.0,1,0.0,0.76,25.61,42.85127362524805,0.9843491441162368,0.0,0.0,0.0,0.0,0.7333333333333333,0.0,0.0,phi
narrowband,shield_repair,adaptive,phi_plus,radioml,23,300,0.9813898629354609,0.9723390892473694,0.0,0.0,1,0.0,0.75,25.53,39.13292405383323,0.9813898629354609,0.0,0.0,0.0,0.0,0.7666666666666667,0.0,0.0,phi
narrowband,shield_repair,adaptive,phi_plus,radioml,24,300,0.9850368517809098,0.9735493201914466,0.0,0.0,1,0.0,0.7286666666666667,25.51,41.410884957890566,0.9850368517809098,0.0,0.0,0.0,0.0,0.79,0.0,0.0,phi
narrowband,shield_repair,adaptive,phi_plus,radioml,25,300,0.9858458924462357,0.9736342668651773,0.0,0.0,1,0.0,0.7606666666666667,25.59,43.27881912959632,0.9858458924462357,0.0,0.0,0.0,0.0,0.7566666666666667,0.0,0.0,phi
narrowband,shield_repair,adaptive,phi_plus,radioml,26,300,0.9852710806942468,0.9736711687062679,0.0,0.0,1,0.0,0.7573333333333333,25.67,43.56897462602093,0.9852710806942468,0.0,0.0,0.0,0.0,0.7666666666666667,0.0,0.0,phi
narrowband,shield_repair,adaptive,phi_plus,radioml,27,300,0.985112896631766,0.9730936918444522,0.0,0.0,1,0.0,0.7366666666666667,25.56,39.85610163042899,0.985112896631766,0.0,0.0,0.0,0.0,0.78,0.0,0.0,phi
narrowband,shield_repair,adaptive,phi_plus,radioml,28,300,0.9853514025606933,0.9738945992290583,0.0,0.0,1,0.0,0.7246666666666667,25.55,41.23371447845125,0.9853514025606933,0.0,0.0,0.0,0.0,0.7866666666666666,0.0,0.0,phi
narrowband,shield_repair,adaptive,phi_plus,radioml,29,300,0.9851714444072999,0.9737631736806327,0.0,0.0,1,0.0,0.7433333333333333,25.66,40.69653748173169,0.9851714444072999,0.0,0.0,0.0,0.0,0.7766666666666666,0.0,0.0,phi
wideband,greedy_twin,adaptive,phi_plus,radioml,0,300,0.9082673609342462,0.4471037589383401,0.9133333333333333,0.5766666666666667,1,0.0,0.0,29.036666666666665,53.23223603337351,0.33160069426757965,0.0,0.14666666666666667,0.0,0.0,0.47,0.0,0.51,phi
wideband,greedy_twin,adaptive,phi_plus,radioml,1,300,0.8817208022438342,0.20791365295748815,0.9133333333333333,0.5733333333333334,1,0.0,0.0,28.923333333333332,47.73474275934638,0.3083874689105008,0.0,0.15666666666666668,0.0,0.0,0.4,0.0,0.5133333333333333,phi
wideband,greedy_twin,adaptive,phi_plus,radioml,2,300,0.9110825202777846,0.5189223320120157,0.93,0.56,1,0.0,0.0,29.136666666666667,51.3927622007966,0.3510825202777845,0.0,0.18666666666666668,0.0,0.0,0.4266666666666667,0.0,0.4866666666666667,phi
wideband,greedy_twin,adaptive,phi_plus,radioml,3,300,0.8999715334962864,0.4429074584798164,0.9166666666666666,0.56,1,0.0,0.0,29.043333333333333,48.46500825499141,0.33997153349628645,0.0,0.24666666666666667,0.0,0.0,0.4166666666666667,0.0,0.49666666666666665,phi
wideband,greedy_twin,adaptive,phi_plus,radioml,4,300,0.9128144967269636,0.5275819771194723,0.9433333333333334,0.6233333333333333,1,0.0,0.0,29.203333333333333,51.646820656142985,0.28948116339363034,0.0,0.25333333333333335,0.0,0.0,0.42333333333333334,0.0,0.5866666666666667,phi
wideband,greedy_twin,adaptive,phi_plus,radioml,5,300,0.8866814996382042,0.255580243203685,0.91,0.5366666666666666,1,0.0,0.0,29.053333333333335,53.51121592619921,0.35001483297153757,0.0,0.17666666666666667,0.0,0.0,0.4866666666666667,0.0,0.5166666666666667,phi
wideband,greedy_twin,adaptive,phi_plus,radioml,6,300,0.9060857089257333,0.440216151772854,0.9133333333333333,0.5533333333333333,1,0.0,0.0,28.926666666666666,48.5008036510319,0.35275237559239997,0.0,0.17666666666666667,0.0,0.0,0.45,0.0,0.4666666666666667,phi
wideband,greedy_twin,adaptive,phi_plus,radioml,7,300,0.90792020101967,0.5094137236868802,0.94,0.5133333333333333,2,0.0,0.0,29.133333333333333,54.84438493481854,0.3945868676863368,0.0,0.17,0.0,0.0,0.45,0.0,0.44666666666666666,phi
wideband,greedy_twin,adaptive,phi_plus,radioml,8,300,0.9227518051159295,0.626100745456215,0.9333333333333333,0.5666666666666667,1,0.0,0.0,29.19333333333333,51.88311558031039,0.35608513844926276,0.0,0.09333333333333334,0.0,0.0,0.45,0.0,0.5266666666666666,phi
wideband,greedy_twin,adaptive,phi_plus,radioml,9,300,0.901898304916098,0.44751839423364304,0.93,0.5633333333333334,1,0.0,0.0,29.11,44.03145437096627,0.33856497158276466,0.0,0.17,0.0,0.0,0.46,0.0,0.5066666666666667,phi
wideband,greedy_twin,adaptive,phi_plus,radioml,10,300,0.8970492477942483,0.46941046097726336,0.93,0.5033333333333333,1,0.0,0.0,28.996666666666666,45.24422711221094,0.39371591446091503,0.0,0.16666666666666666,0.0,0.0,0.45666666666666667,0.0,0.4533333333333333,phi
wideband,greedy_twin,adaptive,phi_plus,radioml,11,300,0.9142960757101029,0.5052824098499966,0.9166666666666666,0.57,1,0.0,0.0,28.996666666666666,47.18307130675345,0.34429607571010307,0.0,0.19333333333333333,0.0,0.0,0.3933333333333333,0.0,0.56,phi
wideband,greedy_twin,adaptive,phi_plus,radioml,12,300,0.9101662176036933,0.5142641561213497,0.9333333333333333,0.47,1,0.0,0.0,29.05,50.55810156884958,0.4401662176036934,0.0,0.11333333333333333,0.0,0.0,0.3933333333333333,0.0,0.4166666666666667,phi
wideband,greedy_twin,adaptive,phi_plus,radioml,13,300,0.9157593105810997,0.5175465756826624,0.9066666666666666,0.5566666666666666,1,0.0,0.0,28.91,45.06806682716113,0.3590926439144331,0.0,0.20666666666666667,0.0,0.0,0.44666666666666666,0.0,0.5233333333333333,phi
wideband,greedy_twin,adaptive,phi_plus,radioml,14,300,0.8999867862694225,0.4681069537347136,0.9233333333333333,0.6133333333333333,3,0.0,0.0,29.17,52.6358895976203,0.28665345293608924,0.0,0.13,0.0,0.0,0.46,0.0,0.57,phi
wideband,greedy_twin,adaptive,phi_plus,radioml,15,300,0.8923738803826107,0.37612708731990513,0.94,0.5333333333333333,1,0.0,0.0,29.053333333333335,48.624671011658975,0.35904054704927724,0.0,0.14333333333333334,0.0,0.0,0.43,0.0,0.49,phi
wideband,greedy_twin,adaptive,phi_plus,radioml,16,300,0.9142408021176955,0.4950386340430731,0.93,0.6233333333333333,1,0.0,0.0,29.23,50.466979255407054,0.2909074687843622,0.0,0.23666666666666666,0.0,0.0,0.43333333333333335,0.0,0.5633333333333334,phi
wideband,greedy_twin,adaptive,phi_plus,radioml,17,300,0.9091646923955489,0.4659143895532555,0.94,0.5933333333333334,1,0.0,0.0,29.206666666666667,49.595438812994445,0.31583135906221543,0.0,0.12,0.0,0.0,0.37666666666666665,0.0,0.5433333333333333,phi
wideband,greedy_twin,adaptive,phi_plus,radioml,18,300,0.9046158733734675,0.4055983334869138,0.9566666666666667,0.59,1,0.0,0.0,29.263333333333332,48.486653648321784,0.3146158733734674,0.0,0.18666666666666668,0.0,0.0,0.37,0.0,0.5233333333333333,phi
wideband,greedy_twin,adaptive,phi_plus,radioml,19,300,0.8972838123768253,0.4568718077154711,0.9366666666666666,0.6633333333333333,2,0.0,0.0,29.19333333333333,48.45829646597004,0.2339504790434921,0.0,0.15666666666666668,0.0,0.0,0.4,0.0,0.6166666666666667,phi
wideband,greedy_twin,adaptive,phi_plus,radioml,20,300,0.915956106339523,0.5968411554867401,0.9433333333333334,0.6,1,0.0,0.0,29.276666666666667,53.96683095250306,0.31595610633952304,0.0,0.21,0.0,0.0,0.4,0.0,0.5333333333333333,phi
wideband,greedy_twin,adaptive,phi_plus,radioml,21,300,0.9200876237546114,0.5393992326325819,0.94,0.62,2,0.0,0.0,29.17,47.75591481611378,0.30008762375461134,0.0,0.19666666666666666,0.0,0.0,0.4,0.0,0.58,phi
wideband,greedy_twin,adaptive,phi_plus,radioml,22,300,0.9066663968706916,0.412944445774537,0.9233333333333333,0.6366666666666667,2,0.0,0.0,29.12,48.872662184769645,0.2699997302040249,0.0,0.22666666666666666,0.0,0.0,0.43,0.0,0.6033333333333334,phi
wideband,greedy_twin,adaptive,phi_plus,radioml,23,300,0.9276427912301307,0.5844283277711548,0.9166666666666666,0.64,2,0.0,0.0,29.14,47.266421602403035,0.2876427912301306,0.0,0.15333333333333332,0.0,0.0,0.43,0.0,0.6066666666666667,phi
wideband,greedy_twin,adaptive,phi_plus,radioml,24,300,0.9079215653395598,0.47186175201616354,0.9233333333333333,0.6333333333333333,1,0.0,0.0,29.043333333333333,42.719967785096216,0.27458823200622634,0.0,0.2,0.0,0.0,0.5066666666666667,0.0,0.58,phi
wideband,greedy_twin,adaptive,phi_plus,radioml,25,300,0.9007983253817955,0.323417178939036,0.9266666666666666,0.5666666666666667,1,0.0,0.0,29.09,49.15747032008561,0.3341316587151287,0.0,0.15,0.0,0.0,0.37666666666666665,0.0,0.56,phi
wideband,greedy_twin,adaptive,phi_plus,radioml,26,300,0.9154128231370119,0.528237210337625,0.9066666666666666,0.57,1,0.0,0.0,28.976666666666667,48.9998500140136,0.34541282313701205,0.0,0.1,0.0,0.0,0.4666666666666667,0.0,0.5366666666666666,phi
wideband,greedy_twin,adaptive,phi_plus,radioml,27,300,0.9038927244654898,0.36953605077189405,0.9433333333333334,0.4666666666666667,1,0.0,0.0,29.1,46.19236827723276,0.43722605779882334,0.0,0.12666666666666668,0.0,0.0,0.45,0.0,0.4166666666666667,phi
wideband,greedy_twin,adaptive,phi_plus,radioml,28,300,0.8949130746481399,0.39085314506739016,0.9433333333333334,0.5766666666666667,1,0.0,0.0,29.173333333333332,48.62365896659682,0.3182464079814731,0.0,0.18,0.0,0.0,0.42,0.0,0.52,phi
wideband,greedy_twin,adaptive,phi_plus,radioml,29,300,0.9029854358372142,0.5368360673384687,0.93,0.6333333333333333,1,0.0,0.0,29.156666666666666,46.307168196586524,0.26965210250388083,0.0,0.18,0.0,0.0,0.41,0.0,0.5866666666666667,phi
wideband,lagrangian_rl,adaptive,phi_plus,radioml,0,300,0.7083763414267825,0.005738075753504495,0.9066666666666666,0.5566666666666666,3,0.0,0.0,28.786666666666665,54.09480224126189,0.1517096747601158,0.0,0.20333333333333334,0.0,0.0,0.4066666666666667,0.21,0.32,phi
wideband,lagrangian_rl,adaptive,phi_plus,radioml,1,300,0.7144490614836928,0.0004747156161105612,0.9233333333333333,0.49666666666666665,1,0.0,0.0,28.936666666666667,56.17985357337354,0.21778239481702621,0.0,0.16,0.0,0.0,0.34,0.14,0.33666666666666667,phi
wideband,lagrangian_rl,adaptive,phi_plus,radioml,2,300,0.7157574687747533,0.003732216748600822,0.9433333333333334,0.57,3,0.0,0.0,29.173333333333332,53.546911836261934,0.14575746877475335,0.0,0.20333333333333334,0.0,0.0,0.32666666666666666,0.16333333333333333,0.4166666666666667,phi
wideband,lagrangian_rl,adaptive,phi_plus,radioml,3,300,0.6851675486726218,0.00019479739733902502,0.91,0.4666666666666667,1,0.0,0.0,28.95,54.932018591408045,0.21850088200595508,0.0,0.19333333333333333,0.0,0.0,0.3933333333333333,0.18666666666666668,0.31,phi
wideband,lagrangian_rl,adaptive,phi_plus,radioml,4,300,0.6861773157902911,0.0007211010217505927,0.91,0.5133333333333333,1,0.0,0.0,28.833333333333332,52.71873286705108,0.17284398245695773,0.0,0.23,0.0,0.0,0.42,0.20666666666666667,0.24333333333333335,phi
wideband,lagrangian_rl,adaptive,phi_plus,radioml,5,300,0.7022587218669581,0.0030794801425486624,0.9066666666666666,0.5066666666666667,2,0.0,0.0,28.856666666666666,53.81645672905348,0.19559205520029155,0.0,0.16333333333333333,0.0,0.0,0.39666666666666667,0.14,0.31,phi
wideband,lagrangian_rl,adaptive,phi_plus,radioml,6,300,0.7068585891064487,0.0024404807701127857,0.91,0.4766666666666667,1,0.0,0.0,28.973333333333333,47.1438525859641,0.230191922439782,0.0,0.10333333333333333,0.0,0.0,0.36333333333333334,0.11333333333333333,0.38,phi
wideband,lagrangian_rl,adaptive,phi_plus,radioml,7,300,0.6887112635191357,0.0008725887300823226,0.91,0.44,6,0.0,0.0,28.726666666666667,55.65078133178671,0.24871126351913575,0.0,0.17666666666666667,0.0,0.0,0.38,0.17,0.23,phi
wideband,lagrangian_rl,adaptive,phi_plus,radioml,8,300,0.7032295205708501,0.0006230931148553425,0.9366666666666666,0.5566666666666666,1,0.0,0.0,29.013333333333332,52.248107432476814,0.14656285390418342,0.0,0.13,0.0,0.0,0.35,0.16333333333333333,0.3433333333333333,phi
wideband,lagrangian_rl,adaptive,phi_plus,radioml,9,300,0.646874883782154,0.0007711622658259209,0.95,0.5266666666666666,1,0.0,0.0,29.026666666666667,56.176164425467704,0.12020821711548713,0.0,0.10666666666666667,0.0,0.0,0.35333333333333333,0.23,0.36666666666666664,phi
wideband,lagrangian_rl,adaptive,phi_plus,radioml,10,300,0.707553333277645,0.002974139305524282,0.9166666666666666,0.5566666666666666,2,0.0,0.0,28.91,46.63899721183982,0.1508866666109784,0.0,0.17333333333333334,0.0,0.0,0.36333333333333334,0.13,0.36666666666666664,phi
wideband,lagrangian_rl,adaptive,phi_plus,radioml,11,300,0.6759424283114188,0.002090728693612005,0.9166666666666666,0.6066666666666667,2,0.0,0.0,28.983333333333334,54.73744806261661,0.06927576164475216,0.0,0.24666666666666667,0.0,0.0,0.3566666666666667,0.2,0.39,phi
wideband,lagrangian_rl,adaptive,phi_plus,radioml,12,300,0.6973776587570631,0.0001737881863883219,0.9133333333333333,0.4666666666666667,3,0.0,0.0,28.833333333333332,54.82540250582796,0.2307109920903964,0.0,0.13333333333333333,0.0,0.0,0.37333333333333335,0.14333333333333334,0.24333333333333335,phi
wideband,lagrangian_rl,adaptive,phi_plus,radioml,13,300,0.6840775997340813,0.002229783925335931,0.9,0.52,4,0.0,0.0,28.906666666666666,49.07241452057834,0.16407759973408131,0.0,0.06333333333333334,0.0,0.0,0.38333333333333336,0.17,0.4033333333333333,phi
wideband,lagrangian_rl,adaptive,phi_plus,radioml,14,300,0.6822881683016149,0.0005505657712293171,0.9166666666666666,0.54,1,0.0,0.0,28.89666666666667,50.357028045212296,0.14228816830161486,0.0,0.14,0.0,0.0,0.3233333333333333,0.21333333333333335,0.38333333333333336,phi
wideband,lagrangian_rl,adaptive,phi_plus,radioml,15,300,0.6755160170438592,0.0014941859889549569,0.8966666666666666,0.4,3,0.0,0.0,28.79,54.8992187164524,0.2755160170438593,0.0,0.043333333333333335,0.0,0.0,0.3566666666666667,0.20333333333333334,0.25333333333333335,phi
wideband,lagrangian_rl,adaptive,phi_plus,radioml,16,300,0.7155363512489307,0.0011730031162739173,0.93,0.49333333333333335,1,0.0,0.0,28.95,53.862982644312495,0.22220301791559735,0.0,0.16333333333333333,0.0,0.0,0.37333333333333335,0.10333333333333333,0.32666666666666666,phi
wideband,lagrangian_rl,adaptive,phi_plus,radioml,17,300,0.6742283413379381,0.0006746031278092359,0.9366666666666666,0.5133333333333333,2,0.0,0.0,29.043333333333333,55.63465414795001,0.16089500800460477,0.0,0.16333333333333333,0.0,0.0,0.3333333333333333,0.22333333333333333,0.4066666666666667,phi
wideband,lagrangian_rl,adaptive,phi_plus,radioml,18,300,0.6979476698024454,0.0004716795538901609,0.9333333333333333,0.5066666666666667,1,0.0,0.0,28.973333333333333,50.23623280831996,0.19128100313577864,0.0,0.15666666666666668,0.0,0.0,0.33666666666666667,0.24666666666666667,0.33,phi
wideband,lagrangian_rl,adaptive,phi_plus,radioml,19,300,0.662730075554314,0.0021792280870630803,0.95,0.5866666666666667,1,0.0,0.0,28.986666666666668,56.19210797913302,0.07606340888764722,0.0,0.30666666666666664,0.0,0.0,0.35,0.2,0.31666666666666665,phi
wideband,lagrangian_rl,adaptive,phi_plus,radioml,20,300,0.6803905071290413,0.0004855193005100068,0.9266666666666666,0.4666666666666667,1,0.0,0.0,28.876666666666665,52.355862966344596,0.21372384046237458,0.0,0.14666666666666667,0.0,0.0,0.33666666666666667,0.2,0.22333333333333333,phi
wideband,lagrangian_rl,adaptive,phi_plus,radioml,21,300,0.690879409518573,0.001415805342625471,0.9066666666666666,0.4866666666666667,1,0.0,0.0,28.886666666666667,47.55164597861374,0.20421274285190624,0.0,0.17666666666666667,0.0,0.0,0.3466666666666667,0.18666666666666668,0.33666666666666667,phi
wideband,lagrangian_rl,adaptive,phi_plus,radioml,22,300,0.7167529456151236,0.0033796554728986227,0.9333333333333333,0.53,2,0.0,0.0,29.043333333333333,56.17192906767729,0.18675294561512354,0.0,0.16333333333333333,0.0,0.0,0.3433333333333333,0.13333333333333333,0.4033333333333333,phi
wideband,lagrangian_rl,adaptive,phi_plus,radioml,23,300,0.6822977058818461,8.541857329761846e-05,0.9233333333333333,0.5166666666666667,1,0.0,0.0,28.79,51.22970309836219,0.16563103921517947,0.0,0.06,0.0,0.0,0.3566666666666667,0.25,0.31,phi
wideband,lagrangian_rl,adaptive,phi_plus,radioml,24,300,0.6931081663057513,0.00103476818051627,0.93,0.5266666666666666,1,0.0,0.0,29.086666666666666,53.03150923921668,0.1664414996390847,0.0,0.17666666666666667,0.0,0.0,0.36666666666666664,0.15333333333333332,0.37333333333333335,phi
wideband,lagrangian_rl,adaptive,phi_plus,radioml,25,300,0.694437818476606,0.003363068712569949,0.94,0.59,1,0.0,0.0,29.163333333333334,51.717800662300014,0.10443781847660594,0.0,0.18,0.0,0.0,0.41333333333333333,0.2,0.44333333333333336,phi
wideband,lagrangian_rl,adaptive,phi_plus,radioml,26,300,0.7088812094828078,0.002183091568603345,0.94,0.5066666666666667,2,0.0,0.0,29.14666666666667,54.399798213900915,0.20221454281614104,0.0,0.11333333333333333,0.0,0.0,0.33,0.17333333333333334,0.39,phi
wideband,lagrangian_rl,adaptive,phi_plus,radioml,27,300,0.6894285351345758,0.0013778587600025726,0.91,0.41333333333333333,1,0.0,0.0,28.89666666666667,56.15336431370136,0.2760952018012425,0.0,0.16333333333333333,0.0,0.0,0.39,0.16,0.26666666666666666,phi
wideband,lagrangian_rl,adaptive,phi_plus,radioml,28,300,0.6693715350873546,0.0006159827284815562,0.9266666666666666,0.55,1,0.0,0.0,28.993333333333332,54.87978033468433,0.11937153508735454,0.0,0.16666666666666666,0.0,0.0,0.41,0.22333333333333333,0.3466666666666667,phi
wideband,lagrangian_rl,adaptive,phi_plus,radioml,29,300,0.7142772922634791,0.0008040960711626083,0.9133333333333333,0.5433333333333333,1,0.0,0.0,28.956666666666667,54.9579176708499,0.17094395893014577,0.0,0.14,0.0,0.0,0.38333333333333336,0.10333333333333333,0.4033333333333333,phi
wideband,simplex_rta,adaptive,phi_plus,radioml,0,300,0.7877027775416413,0.003268022087072462,0.25333333333333335,0.0033333333333333335,1,0.0,0.0,26.16,44.16767455782513,0.784369444208308,0.0,0.0033333333333333335,0.0,0.0,0.5666666666666667,0.0,0.0,phi
wideband,simplex_rta,adaptive,phi_plus,radioml,1,300,0.7849628251792847,0.0014916047591176022,0.25333333333333335,0.01,1,0.0,0.0,26.176666666666666,44.87663398319113,0.7749628251792848,0.0,0.01,0.0,0.0,0.5,0.0,0.0,phi
wideband,simplex_rta,adaptive,phi_plus,radioml,2,300,0.7869114820705098,0.0011659570775757484,0.25666666666666665,0.006666666666666667,1,0.0,0.0,26.16,44.19466400084297,0.780244815403843,0.0,0.006666666666666667,0.0,0.0,0.8066666666666666,0.0,0.0,phi
wideband,simplex_rta,adaptive,phi_plus,radioml,3,300,0.8072151175628369,0.0017815266271752877,0.26,0.023333333333333334,1,0.0,0.0,26.176666666666666,44.22928486430737,0.7838817842295036,0.0,0.023333333333333334,0.0,0.0,0.58,0.0,0.0,phi
wideband,simplex_rta,adaptive,phi_plus,radioml,4,300,0.7621350729611688,0.0012615416793564929,0.26,0.01,1,0.0,0.0,26.156666666666666,44.47165721543142,0.7521350729611688,0.0,0.01,0.0,0.0,0.73,0.0,0.0,phi
wideband,simplex_rta,adaptive,phi_plus,radioml,5,300,0.7982515623543982,0.004095205086008929,0.2833333333333333,0.0033333333333333335,2,0.0,0.0,26.17,44.21799740316992,0.7949182290210648,0.0,0.0033333333333333335,0.0,0.0,0.5666666666666667,0.0,0.0,phi
wideband,simplex_rta,adaptive,phi_plus,radioml,6,300,0.783206336256431,0.002074035370870372,0.2733333333333333,0.0033333333333333335,1,0.0,0.0,26.17,44.636543742534826,0.7798730029230977,0.0,0.0033333333333333335,0.0,0.0,0.72,0.0,0.0,phi
wideband,simplex_rta,adaptive,phi_plus,radioml,7,300,0.7851312848105367,0.0014173370909364078,0.28,0.006666666666666667,1,0.0,0.0,26.196666666666665,45.6892726107956,0.7784646181438701,0.0,0.006666666666666667,0.0,0.0,0.6633333333333333,0.0,0.0,phi
wideband,simplex_rta,adaptive,phi_plus,radioml,8,300,0.7687814774891778,0.001104264062679154,0.2633333333333333,0.0,2,0.0,0.0,26.17,44.216227916860674,0.7687814774891778,0.0,0.0,0.0,0.0,0.66,0.0,0.0,phi
wideband,simplex_rta,adaptive,phi_plus,radioml,9,300,0.77633296541386,0.0018943790874744726,0.26,0.006666666666666667,2,0.0,0.0,26.14,44.18964533512278,0.7696662987471933,0.0,0.006666666666666667,0.0,0.0,0.5166666666666667,0.0,0.0,phi
wideband,simplex_rta,adaptive,phi_plus,radioml,10,300,0.7685331954109358,0.0014532377711277975,0.25333333333333335,0.01,6,0.0,0.0,26.153333333333332,44.182200399545266,0.7585331954109358,0.0,0.01,0.0,0.0,0.44333333333333336,0.0,0.0,phi
wideband,simplex_rta,adaptive,phi_plus,radioml,11,300,0.7782773299093638,0.001824918703130329,0.25666666666666665,0.01,4,0.0,0.0,26.11,45.95204551174769,0.7682773299093638,0.0,0.01,0.0,0.0,0.7033333333333334,0.0,0.0,phi
wideband,simplex_rta,adaptive,phi_plus,radioml,12,300,0.7890665611310397,0.002193888877516828,0.26666666666666666,0.013333333333333334,1,0.0,0.0,26.173333333333332,44.34382729390103,0.7757332277977064,0.0,0.013333333333333334,0.0,0.0,0.62,0.0,0.0,phi
wideband,simplex_rta,adaptive,phi_plus,radioml,13,300,0.8026490259384043,0.002671498075359552,0.2866666666666667,0.0,3,0.0,0.0,26.176666666666666,44.98491097796898,0.8026490259384043,0.0,0.0,0.0,0.0,0.7833333333333333,0.0,0.0,phi
wideband,simplex_rta,adaptive,phi_plus,radioml,14,300,0.8046689559019055,0.002000934271093724,0.2866666666666667,0.0033333333333333335,1,0.0,0.0,26.19333333333333,44.17525311574846,0.8013356225685722,0.0,0.0033333333333333335,0.0,0.0,0.45,0.0,0.0,phi
wideband,simplex_rta,adaptive,phi_plus,radioml,15,300,0.8072871588796078,0.0034611834319977024,0.2833333333333333,0.0033333333333333335,2,0.0,0.0,26.153333333333332,44.417057404889206,0.8039538255462745,0.0,0.0033333333333333335,0.0,0.0,0.4666666666666667,0.0,0.0,phi
wideband,simplex_rta,adaptive,phi_plus,radioml,16,300,0.7517943828318756,0.0010758048606334977,0.2733333333333333,0.01,7,0.0,0.0,26.19333333333333,44.425185795407515,0.7417943828318756,0.0,0.01,0.0,0.0,0.5533333333333333,0.0,0.0,phi
wideband,simplex_rta,adaptive,phi_plus,radioml,17,300,0.780723386955807,0.0032058761230931315,0.24666666666666667,0.01,2,0.0,0.0,26.173333333333332,44.33724587693642,0.770723386955807,0.0,0.01,0.0,0.0,0.7533333333333333,0.0,0.0,phi
wideband,simplex_rta,adaptive,phi_plus,radioml,18,300,0.7654628672371575,0.0009551109483519627,0.25333333333333335,0.0033333333333333335,6,0.0,0.0,26.17,45.39007025242613,0.7621295339038242,0.0,0.0033333333333333335,0.0,0.0,0.6266666666666667,0.0,0.0,phi
wideband,simplex_rta,adaptive,phi_plus,radioml,19,300,0.7951610323325887,0.0013441788712690624,0.25,0.006666666666666667,3,0.0,0.0,26.136666666666667,43.99592334175385,0.788494365665922,0.0,0.006666666666666667,0.0,0.0,0.7,0.0,0.0,phi
wideband,simplex_rta,adaptive,phi_plus,radioml,20,300,0.7886728573496335,0.0012527121494171033,0.23,0.006666666666666667,3,0.0,0.0,26.136666666666667,44.65660817849284,0.7820061906829668,0.0,0.006666666666666667,0.0,0.0,0.7433333333333333,0.0,0.0,phi
wideband,simplex_rta,adaptive,phi_plus,radioml,21,300,0.7949253428812416,0.0009856580963755622,0.2833333333333333,0.013333333333333334,1,0.0,0.0,26.196666666666665,44.995114848708596,0.7815920095479083,0.0,0.013333333333333334,0.0,0.0,0.6133333333333333,0.0,0.0,phi
wideband,simplex_rta,adaptive,phi_plus,radioml,22,300,0.7957561285763698,0.0028372523593062694,0.25,0.01,1,0.0,0.0,26.163333333333334,44.22152919873096,0.7857561285763698,0.0,0.01,0.0,0.0,0.6,0.0,0.0,phi
wideband,simplex_rta,adaptive,phi_plus,radioml,23,300,0.768538163293728,0.001369253014513925,0.26666666666666666,0.0033333333333333335,1,0.0,0.0,26.18,44.229450147754264,0.7652048299603946,0.0,0.0033333333333333335,0.0,0.0,0.42333333333333334,0.0,0.0,phi
wideband,simplex_rta,adaptive,phi_plus,radioml,24,300,0.79266475778135,0.0013637862154226635,0.24333333333333335,0.0033333333333333335,2,0.0,0.0,26.156666666666666,44.85149414896873,0.7893314244480167,0.0,0.0033333333333333335,0.0,0.0,0.65,0.0,0.0,phi
wideband,simplex_rta,adaptive,phi_plus,radioml,25,300,0.803847736091056,0.0018108276225569284,0.22333333333333333,0.013333333333333334,2,0.0,0.0,26.136666666666667,44.190230827776375,0.7905144027577226,0.0,0.013333333333333334,0.0,0.0,0.5466666666666666,0.0,0.0,phi
wideband,simplex_rta,adaptive,phi_plus,radioml,26,300,0.7667556714150489,0.0011537454581451877,0.27,0.006666666666666667,8,0.0,0.0,26.166666666666668,45.38664963262565,0.7600890047483823,0.0,0.006666666666666667,0.0,0.0,0.5433333333333333,0.0,0.0,phi
wideband,simplex_rta,adaptive,phi_plus,radioml,27,300,0.7704644647452149,0.0009666702427903492,0.26,0.0033333333333333335,3,0.0,0.0,26.14666666666667,44.84890317637436,0.7671311314118816,0.0,0.0033333333333333335,0.0,0.0,0.7466666666666667,0.0,0.0,phi
wideband,simplex_rta,adaptive,phi_plus,radioml,28,300,0.7910619773579111,0.003963164076138797,0.2633333333333333,0.01,1,0.0,0.0,26.143333333333334,44.17739528172982,0.781061977357911,0.0,0.01,0.0,0.0,0.8133333333333334,0.0,0.0,phi
wideband,simplex_rta,adaptive,phi_plus,radioml,29,300,0.7861919484241227,0.0014344411909946331,0.28,0.016666666666666666,3,0.0,0.0,26.173333333333332,44.21746049679174,0.769525281757456,0.0,0.016666666666666666,0.0,0.0,0.3933333333333333,0.0,0.0,phi
wideband,shield_filter,adaptive,phi_plus,radioml,0,300,0.44775618114062354,1.6452356434656846e-05,0.0,0.0,11,0.31666666666666665,0.0,23.2,38.24787839896505,0.44775618114062354,0.0,0.0,0.0,0.0,0.6833333333333333,0.0,0.0,phi
wideband,shield_filter,adaptive,phi_plus,radioml,1,300,0.4459293189200746,2.1735664656880136e-05,0.0,0.0,3,0.35333333333333333,0.0,23.18,37.53748436454692,0.4459293189200746,0.0,0.0,0.0,0.0,0.6466666666666666,0.0,0.0,phi
wideband,shield_filter,adaptive,phi_plus,radioml,2,300,0.48864235438967996,1.9335628020941583e-05,0.0,0.0,1,0.30333333333333334,0.0,23.41,41.30928382463446,0.48864235438967996,0.0,0.0,0.0,0.0,0.6966666666666667,0.0,0.0,phi
wideband,shield_filter,adaptive,phi_plus,radioml,3,300,0.4580556731204524,2.2206332140351725e-05,0.0,0.0,5,0.32666666666666666,0.0,23.12,36.10863090312989,0.4580556731204524,0.0,0.0,0.0,0.0,0.6733333333333333,0.0,0.0,phi
wideband,shield_filter,adaptive,phi_plus,radioml,4,300,0.4472210838155947,1.6258054522978203e-05,0.0,0.0,9,0.34,0.0,23.22,38.9539922760173,0.4472210838155947,0.0,0.0,0.0,0.0,0.66,0.0,0.0,phi
wideband,shield_filter,adaptive,phi_plus,radioml,5,300,0.47632887670889906,1.9167651756348308e-05,0.0,0.0,4,0.31,0.0,23.34,37.49483640153432,0.47632887670889906,0.0,0.0,0.0,0.0,0.69,0.0,0.0,phi
wideband,shield_filter,adaptive,phi_plus,radioml,6,300,0.47548192661993405,1.4990121471519692e-05,0.0,0.0,10,0.29,0.0,23.38,38.30398254780526,0.47548192661993405,0.0,0.0,0.0,0.0,0.71,0.0,0.0,phi
wideband,shield_filter,adaptive,phi_plus,radioml,7,300,0.4666567555463687,2.6111634080044914e-05,0.0,0.0,10,0.3433333333333333,0.0,23.28,41.20014184160736,0.4666567555463687,0.0,0.0,0.0,0.0,0.6566666666666666,0.0,0.0,phi
wideband,shield_filter,adaptive,phi_plus,radioml,8,300,0.44026537694967244,1.7078126462348167e-05,0.0,0.0,21,0.3433333333333333,0.0,23.05,37.86105978321962,0.44026537694967244,0.0,0.0,0.0,0.0,0.6566666666666666,0.0,0.0,phi
wideband,shield_filter,adaptive,phi_plus,radioml,9,300,0.42603867325202754,1.6371073918642884e-05,0.0,0.0,18,0.3566666666666667,0.0,23.18,40.1997826062532,0.42603867325202754,0.0,0.0,0.0,0.0,0.6433333333333333,0.0,0.0,phi
wideband,shield_filter,adaptive,phi_plus,radioml,10,300,0.45769965857283734,2.1740902677908714e-05,0.0,0.0,2,0.31666666666666665,0.0,23.28,37.69835066329939,0.45769965857283734,0.0,0.0,0.0,0.0,0.6833333333333333,0.0,0.0,phi
wideband,shield_filter,adaptive,phi_plus,radioml,11,300,0.4325366188806998,1.1731431520392717e-05,0.0,0.0,1,0.32666666666666666,0.0,23.13,39.92323099409393,0.4325366188806998,0.0,0.0,0.0,0.0,0.6733333333333333,0.0,0.0,phi
wideband,shield_filter,adaptive,phi_plus,radioml,12,300,0.4703412704677635,1.9456909044131363e-05,0.0,0.0,10,0.3,0.0,23.52,39.43746661251856,0.4703412704677635,0.0,0.0,0.0,0.0,0.7,0.0,0.0,phi
wideband,shield_filter,adaptive,phi_plus,radioml,13,300,0.4694221656623788,1.9081559779269832e-05,0.0,0.0,9,0.3,0.0,23.42,37.46916414151917,0.4694221656623788,0.0,0.0,0.0,0.0,0.7,0.0,0.0,phi
wideband,shield_filter,adaptive,phi_plus,radioml,14,300,0.4634882615572598,1.9351776457632322e-05,0.0,0.0,42,0.32666666666666666,0.0,23.27,39.871970368039065,0.4634882615572598,0.0,0.0,0.0,0.0,0.6733333333333333,0.0,0.0,phi
wideband,shield_filter,adaptive,phi_plus,radioml,15,300,0.4567777890264057,1.5451739589342468e-05,0.0,0.0,21,0.3333333333333333,0.0,23.26,36.709925445162426,0.4567777890264057,0.0,0.0,0.0,0.0,0.6666666666666666,0.0,0.0,phi
wideband,shield_filter,adaptive,phi_plus,radioml,16,300,0.46816881015442696,2.575333913016495e-05,0.0,0.0,20,0.3233333333333333,0.0,23.42,39.72035966932857,0.46816881015442696,0.0,0.0,0.0,0.0,0.6766666666666666,0.0,0.0,phi
wideband,shield_filter,adaptive,phi_plus,radioml,17,300,0.45932702262260716,2.3120978637755207e-05,0.0,0.0,1,0.34,0.0,23.36,37.601694111870074,0.45932702262260716,0.0,0.0,0.0,0.0,0.66,0.0,0.0,phi
wideband,shield_filter,adaptive,phi_plus,radioml,18,300,0.4480115979083349,2.230166716784574e-05,0.0,0.0,18,0.36333333333333334,0.0,23.14,38.06277142182359,0.4480115979083349,0.0,0.0,0.0,0.0,0.6366666666666667,0.0,0.0,phi
wideband,shield_filter,adaptive,phi_plus,radioml,19,300,0.43339647264427167,2.1229725062946575e-05,0.0,0.0,11,0.33,0.0,23.14,38.306856233055555,0.43339647264427167,0.0,0.0,0.0,0.0,0.67,0.0,0.0,phi
wideband,shield_filter,adaptive,phi_plus,radioml,20,300,0.4369926241662565,2.128962124748587e-05,0.0,0.0,12,0.3566666666666667,0.0,23.093333333333334,37.74343796288587,0.4369926241662565,0.0,0.0,0.0,0.0,0.6433333333333333,0.0,0.0,phi
wideband,shield_filter,adaptive,phi_plus,radioml,21,300,0.4430369522921707,1.4397435799795176e-05,0.0,0.0,20,0.36333333333333334,0.0,23.05,36.32954908110811,0.4430369522921707,0.0,0.0,0.0,0.0,0.6366666666666667,0.0,0.0,phi
wideband,shield_filter,adaptive,phi_plus,radioml,22,300,0.4620507825185314,2.755240192388888e-05,0.0,0.0033333333333333335,2,0.3333333333333333,0.0,23.4,41.681590302595595,0.458717449185198,0.0,0.0033333333333333335,0.0,0.0,0.6666666666666666,0.0,0.0,phi
wideband,shield_filter,adaptive,phi_plus,radioml,23,300,0.4596279560733393,2.478990212718258e-05,0.0,0.0,3,0.2866666666666667,0.0,23.39,40.19825912274553,0.4596279560733393,0.0,0.0,0.0,0.0,0.7133333333333334,0.0,0.0,phi
wideband,shield_filter,adaptive,phi_plus,radioml,24,300,0.42711027311364586,2.1720469616565692e-05,0.0,0.0,45,0.32,0.0,23.22,36.90258360050265,0.42711027311364586,0.0,0.0,0.0,0.0,0.68,0.0,0.0,phi
wideband,shield_filter,adaptive,phi_plus,radioml,25,300,0.4567500537173393,2.6584379328955438e-05,0.0,0.0,26,0.2966666666666667,0.0,23.39,36.95426136677481,0.4567500537173393,0.0,0.0,0.0,0.0,0.7033333333333334,0.0,0.0,phi
wideband,shield_filter,adaptive,phi_plus,radioml,26,300,0.46715597922314167,1.9155213438461182e-05,0.0,0.0033333333333333335,28,0.34,0.0,23.26,38.132851838402054,0.4638226458898083,0.0,0.0,0.0,0.0,0.66,0.0033333333333333335,0.0,phi
wideband,shield_filter,adaptive,phi_plus,radioml,27,300,0.45679000659295177,1.561570204109669e-05,0.0,0.0,73,0.2866666666666667,0.0,23.45,40.49473298566269,0.45679000659295177,0.0,0.0,0.0,0.0,0.7133333333333334,0.0,0.0,phi
wideband,shield_filter,adaptive,phi_plus,radioml,28,300,0.45329077671581863,1.94307153347977e-05,0.0,0.0,6,0.2833333333333333,0.0,23.44,38.28702351973307,0.45329077671581863,0.0,0.0,0.0,0.0,0.7166666666666667,0.0,0.0,phi
wideband,shield_filter,adaptive,phi_plus,radioml,29,300,0.43771906746135375,1.380904004882859e-05,0.0,0.0,13,0.34,0.0,23.18,37.72226940331945,0.43771906746135375,0.0,0.0,0.0,0.0,0.66,0.0,0.0,phi
wideband,shield_repair,adaptive,phi_plus,radioml,0,300,0.7526699893630376,0.0004779646521802178,0.0,0.0,2,0.0,0.77,25.44,40.29587111688973,0.7526699893630376,0.0,0.0,0.0,0.0,0.7333333333333333,0.0,0.0,phi
wideband,shield_repair,adaptive,phi_plus,radioml,1,300,0.7500862794537253,0.0004249941606851983,0.0,0.0,1,0.0,0.7766666666666666,25.58,41.4294517123284,0.7500862794537253,0.0,0.0,0.0,0.0,0.72,0.0,0.0,phi
wideband,shield_repair,adaptive,phi_plus,radioml,2,300,0.743597648375358,0.0005130267461681369,0.0,0.0,1,0.0,0.764,25.41,41.457109861020754,0.743597648375358,0.0,0.0,0.0,0.0,0.71,0.0,0.0,phi
wideband,shield_repair,adaptive,phi_plus,radioml,3,300,0.7589964570718176,0.00024649576907430696,0.0,0.0,3,0.0,0.7826666666666666,25.57,42.63622587155657,0.7589964570718176,0.0,0.0,0.0,0.0,0.7166666666666667,0.0,0.0,phi
wideband,shield_repair,adaptive,phi_plus,radioml,4,300,0.7622297113687482,0.006087097779462278,0.0,0.0,4,0.0,0.7653333333333333,25.53,40.26446250179828,0.7622297113687482,0.0,0.0,0.0,0.0,0.73,0.0,0.0,phi
wideband,shield_repair,adaptive,phi_plus,radioml,5,300,0.7522055767005045,0.0003365343252131896,0.0,0.0,2,0.0,0.7746666666666666,25.43,41.871671341044426,0.7522055767005045,0.0,0.0,0.0,0.0,0.73,0.0,0.0,phi
wideband,shield_repair,adaptive,phi_plus,radioml,6,300,0.7287510735940862,0.00020929568854601761,0.0,0.0,1,0.0,0.7573333333333333,25.55,41.61416831885096,0.7287510735940862,0.0,0.0,0.0,0.0,0.7333333333333333,0.0,0.0,phi
wideband,shield_repair,adaptive,phi_plus,radioml,7,300,0.7652638268681806,0.0028051314575824643,0.0,0.0033333333333333335,2,0.0,0.7613333333333333,25.56,41.897619125583944,0.7619304935348473,0.0,0.0,0.0,0.0,0.7433333333333333,0.0033333333333333335,0.0,phi
wideband,shield_repair,adaptive,phi_plus,radioml,8,300,0.7537926406813046,0.0007151409378431732,0.0,0.0,2,0.0,0.7886666666666666,25.5,42.46311495696739,0.7537926406813046,0.0,0.0,0.0,0.0,0.6733333333333333,0.0,0.0,phi
wideband,shield_repair,adaptive,phi_plus,radioml,9,300,0.7528337601479432,0.0004705579087472774,0.0,0.0,1,0.0,0.7793333333333333,25.58,41.820361833016314,0.7528337601479432,0.0,0.0,0.0,0.0,0.7,0.0,0.0,phi
wideband,shield_repair,adaptive,phi_plus,radioml,10,300,0.7523321888506799,0.006122968501601609,0.0,0.0,1,0.0,0.772,25.57,43.10286024921819,0.7523321888506799,0.0,0.0,0.0,0.0,0.75,0.0,0.0,phi
wideband,shield_repair,adaptive,phi_plus,radioml,11,300,0.7454142349251446,0.008853487448200883,0.0,0.0,1,0.0,0.7706666666666667,25.57,42.08733622203329,0.7454142349251446,0.0,0.0,0.0,0.0,0.72,0.0,0.0,phi
wideband,shield_repair,adaptive,phi_plus,radioml,12,300,0.7579181052341051,0.0003097063759265899,0.0,0.0,1,0.0,0.75,25.44,41.73676025029571,0.7579181052341051,0.0,0.0,0.0,0.0,0.7733333333333333,0.0,0.0,phi
wideband,shield_repair,adaptive,phi_plus,radioml,13,300,0.728961737931496,0.0006273567979205631,0.0,0.0,2,0.0,0.7773333333333333,25.46,40.63270369302568,0.728961737931496,0.0,0.0,0.0,0.0,0.7133333333333334,0.0,0.0,phi
wideband,shield_repair,adaptive,phi_plus,radioml,14,300,0.7417306913342759,0.0004400862604859168,0.0,0.0033333333333333335,6,0.0,0.7786666666666666,25.59,43.78867808010816,0.7383973580009425,0.0,0.0,0.0,0.0,0.6933333333333334,0.0033333333333333335,0.0,phi
wideband,shield_repair,adaptive,phi_plus,radioml,15,300,0.7620399926586935,0.0017610513471723625,0.0,0.0,3,0.0,0.7446666666666667,25.61,41.33089525820974,0.7620399926586935,0.0,0.0,0.0,0.0,0.7433333333333333,0.0,0.0,phi
wideband,shield_repair,adaptive,phi_plus,radioml,16,300,0.7667407258805055,0.0014012899380832363,0.0,0.0,2,0.0,0.7833333333333333,25.58,43.35084518266637,0.7667407258805055,0.0,0.0,0.0,0.0,0.74,0.0,0.0,phi
wideband,shield_repair,adaptive,phi_plus,radioml,17,300,0.7647203238112865,0.006669979019118082,0.0,0.0,1,0.0,0.7886666666666666,25.52,40.32063253993027,0.7647203238112865,0.0,0.0,0.0,0.0,0.6933333333333334,0.0,0.0,phi
wideband,shield_repair,adaptive,phi_plus,radioml,18,300,0.7417668461527352,0.003436371238645229,0.0,0.0033333333333333335,5,0.0,0.7806666666666666,25.61,40.3538426887174,0.738433512819402,0.0,0.0,0.0,0.0,0.72,0.0033333333333333335,0.0,phi
wideband,shield_repair,adaptive,phi_plus,radioml,19,300,0.7424469989991025,0.004580584809221482,0.0,0.0033333333333333335,3,0.0,0.7853333333333333,25.71,41.80420427401424,0.7391136656657692,0.0,0.0,0.0,0.0,0.72,0.0033333333333333335,0.0,phi
wideband,shield_repair,adaptive,phi_plus,radioml,20,300,0.7620031409826921,0.00018780522023266406,0.0,0.0,2,0.0,0.7773333333333333,25.62,43.80733826664706,0.7620031409826921,0.0,0.0,0.0,0.0,0.7233333333333334,0.0,0.0,phi
wideband,shield_repair,adaptive,phi_plus,radioml,21,300,0.761092029497212,0.0045150369422387706,0.0,0.0,3,0.0,0.774,25.58,42.97586801637789,0.761092029497212,0.0,0.0,0.0,0.0,0.7466666666666667,0.0,0.0,phi
wideband,shield_repair,adaptive,phi_plus,radioml,22,300,0.7393664715533773,0.0011283094481867205,0.0,0.0,3,0.0,0.782,25.57,43.196704951506945,0.7393664715533773,0.0,0.0,0.0,0.0,0.7033333333333334,0.0,0.0,phi
wideband,shield_repair,adaptive,phi_plus,radioml,23,300,0.7465711593333737,0.0109190343708249,0.0,0.0,3,0.0,0.762,25.44,38.48409696046387,0.7465711593333737,0.0,0.0,0.0,0.0,0.7633333333333333,0.0,0.0,phi
wideband,shield_repair,adaptive,phi_plus,radioml,24,300,0.7420231225173219,0.0009758032120153145,0.0,0.0,3,0.0,0.7633333333333333,25.4,40.851517580714244,0.7420231225173219,0.0,0.0,0.0,0.0,0.72,0.0,0.0,phi
wideband,shield_repair,adaptive,phi_plus,radioml,25,300,0.7608059626837163,0.004041975627002238,0.0,0.0,2,0.0,0.7686666666666667,25.44,41.43974411695736,0.7608059626837163,0.0,0.0,0.0,0.0,0.72,0.0,0.0,phi
wideband,shield_repair,adaptive,phi_plus,radioml,26,300,0.7504423840490478,0.000723092634949599,0.0,0.0,1,0.0,0.7566666666666667,25.61,44.027171469688504,0.7504423840490478,0.0,0.0,0.0,0.0,0.76,0.0,0.0,phi
wideband,shield_repair,adaptive,phi_plus,radioml,27,300,0.7531351671645422,0.0004893972606643868,0.0,0.0,6,0.0,0.7626666666666667,25.44,42.14724699927344,0.7531351671645422,0.0,0.0,0.0,0.0,0.7533333333333333,0.0,0.0,phi
wideband,shield_repair,adaptive,phi_plus,radioml,28,300,0.7245439639635254,0.00016478168243185044,0.0,0.0,3,0.0,0.7593333333333333,25.42,42.20204887620162,0.7245439639635254,0.0,0.0,0.0,0.0,0.75,0.0,0.0,phi
wideband,shield_repair,adaptive,phi_plus,radioml,29,300,0.7645577756382831,0.0007694891579685045,0.0,0.0,2,0.0,0.7693333333333333,25.53,40.283129817630666,0.7645577756382831,0.0,0.0,0.0,0.0,0.7333333333333333,0.0,0.0,phi
bursty,greedy_twin,adaptive,phi_plus,radioml,0,300,0.9826504395717918,0.9725462893140461,0.8133333333333334,0.17666666666666667,1,0.0,0.0,27.89666666666667,48.577009853237655,0.805983772905125,0.0,0.17333333333333334,0.0,0.0,0.6933333333333334,0.0,0.006666666666666667,phi
bursty,greedy_twin,adaptive,phi_plus,radioml,1,300,0.9835859475899386,0.9737457379637813,0.8466666666666667,0.24333333333333335,1,0.0,0.0,28.04,47.76922145905437,0.7402526142566052,0.0,0.23333333333333334,0.0,0.0,0.6866666666666666,0.0,0.023333333333333334,phi
bursty,greedy_twin,adaptive,phi_plus,radioml,2,300,0.9821496338643868,0.9735897055120456,0.77,0.14333333333333334,1,0.0,0.0,27.673333333333332,46.49358475861668,0.8388163005310535,0.0,0.13666666666666666,0.0,0.0,0.7366666666666667,0.0,0.006666666666666667,phi
bursty,greedy_twin,adaptive,phi_plus,radioml,3,300,0.9777638043472098,0.9737827773078058,0.8266666666666667,0.18666666666666668,1,0.0,0.0,27.99,47.984869975019386,0.7910971376805431,0.0,0.16333333333333333,0.0,0.0,0.6433333333333333,0.0,0.02666666666666667,phi
bursty,greedy_twin,adaptive,phi_plus,radioml,4,300,0.9827540663506034,0.9739216038201474,0.84,0.13333333333333333,1,0.0,0.0,28.05,50.59056634901441,0.8494207330172701,0.0,0.12333333333333334,0.0,0.0,0.6466666666666666,0.0,0.016666666666666666,phi
bursty,greedy_twin,adaptive,phi_plus,radioml,5,300,0.978674279235388,0.9730253890905036,0.7633333333333333,0.11666666666666667,1,0.0,0.0,27.803333333333335,45.70724848674296,0.8620076125687215,0.0,0.11666666666666667,0.0,0.0,0.67,0.0,0.0,phi
bursty,greedy_twin,adaptive,phi_plus,radioml,6,300,0.9837301482044855,0.9730797131376517,0.7833333333333333,0.13666666666666666,1,0.0,0.0,27.746666666666666,50.35474600281873,0.8470634815378189,0.0,0.12666666666666668,0.0,0.0,0.6866666666666666,0.0,0.016666666666666666,phi
bursty,greedy_twin,adaptive,phi_plus,radioml,7,300,0.9831510226113672,0.9738793649968848,0.84,0.14666666666666667,1,0.0,0.0,28.016666666666666,51.20191213474827,0.8364843559447004,0.0,0.14333333333333334,0.0,0.0,0.65,0.0,0.023333333333333334,phi
bursty,greedy_twin,adaptive,phi_plus,radioml,8,300,0.9810095490097099,0.9739473341495527,0.8333333333333334,0.08,1,0.0,0.0,28.08,53.57483796716948,0.90100954900971,0.0,0.08,0.0,0.0,0.65,0.0,0.0,phi
bursty,greedy_twin,adaptive,phi_plus,radioml,9,300,0.9805607752539508,0.9734825011891558,0.8133333333333334,0.12666666666666668,1,0.0,0.0,27.983333333333334,50.76978830242521,0.8538941085872841,0.0,0.11333333333333333,0.0,0.0,0.6866666666666666,0.0,0.013333333333333334,phi
bursty,greedy_twin,adaptive,phi_plus,radioml,10,300,0.9811555223777136,0.9724132706197769,0.8533333333333334,0.14333333333333334,1,0.0,0.0,28.093333333333334,51.19501052751113,0.8378221890443802,0.0,0.12666666666666668,0.0,0.0,0.6433333333333333,0.0,0.03,phi
bursty,greedy_twin,adaptive,phi_plus,radioml,11,300,0.9843051398041621,0.9736164112193698,0.8333333333333334,0.25666666666666665,1,0.0,0.0,28.003333333333334,44.06020433460309,0.7276384731374953,0.0,0.24,0.0,0.0,0.6266666666666667,0.0,0.016666666666666666,phi
bursty,greedy_twin,adaptive,phi_plus,radioml,12,300,0.9791283800562754,0.9737902801690104,0.8366666666666667,0.19,2,0.0,0.0,28.266666666666666,55.03169000315776,0.7891283800562753,0.0,0.14666666666666667,0.0,0.0,0.6433333333333333,0.0,0.056666666666666664,phi
bursty,greedy_twin,adaptive,phi_plus,radioml,13,300,0.9831578389910473,0.973724096543859,0.8233333333333334,0.19333333333333333,1,0.0,0.0,27.933333333333334,47.81668778740671,0.789824505657714,0.0,0.17666666666666667,0.0,0.0,0.67,0.0,0.03,phi
bursty,greedy_twin,adaptive,phi_plus,radioml,14,300,0.9800771638623401,0.9738090292735166,0.8133333333333334,0.12666666666666668,1,0.0,0.0,28.006666666666668,52.427479455334726,0.8534104971956733,0.0,0.09,0.0,0.0,0.68,0.0,0.04,phi
bursty,greedy_twin,adaptive,phi_plus,radioml,15,300,0.984032521259677,0.9739192746773255,0.8166666666666667,0.08333333333333333,1,0.0,0.0,27.933333333333334,50.61554217778774,0.9006991879263436,0.0,0.07333333333333333,0.0,0.0,0.7166666666666667,0.0,0.01,phi
bursty,greedy_twin,adaptive,phi_plus,radioml,16,300,0.9829006605765597,0.9738415669166898,0.7733333333333333,0.15,1,0.0,0.0,27.92,49.673302774466805,0.8329006605765596,0.0,0.12333333333333334,0.0,0.0,0.6533333333333333,0.0,0.02666666666666667,phi
bursty,greedy_twin,adaptive,phi_plus,radioml,17,300,0.9836477147549564,0.9737442082170948,0.8466666666666667,0.16666666666666666,1,0.0,0.0,28.1,52.13385581038544,0.8169810480882896,0.0,0.12333333333333334,0.0,0.0,0.63,0.0,0.05333333333333334,phi
bursty,greedy_twin,adaptive,phi_plus,radioml,18,300,0.9769449907082898,0.9737086296329208,0.8333333333333334,0.18,1,0.0,0.0,28.04,47.280606092114134,0.7969449907082897,0.0,0.17,0.0,0.0,0.61,0.0,0.013333333333333334,phi
bursty,greedy_twin,adaptive,phi_plus,radioml,19,300,0.9828362469586136,0.9737491887230916,0.8366666666666667,0.13333333333333333,1,0.0,0.0,28.016666666666666,48.090121055683746,0.8495029136252803,0.0,0.1,0.0,0.0,0.6633333333333333,0.0,0.03333333333333333,phi
bursty,greedy_twin,adaptive,phi_plus,radioml,20,300,0.9826927238956796,0.9738169015466696,0.83,0.18333333333333332,2,0.0,0.0,28.073333333333334,50.66009023171315,0.7993593905623463,0.0,0.17666666666666667,0.0,0.0,0.6566666666666666,0.0,0.006666666666666667,phi
bursty,greedy_twin,adaptive,phi_plus,radioml,21,300,0.9791423503916618,0.973446046332365,0.81,0.14333333333333334,1,0.0,0.0,27.883333333333333,49.42678974568423,0.8358090170583283,0.0,0.12666666666666668,0.0,0.0,0.65,0.0,0.016666666666666666,phi
bursty,greedy_twin,adaptive,phi_plus,radioml,22,300,0.9778160654428893,0.9736856153054466,0.8033333333333333,0.2633333333333333,1,0.0,0.0,27.976666666666667,47.58556360457303,0.714482732109556,0.0,0.25,0.0,0.0,0.6866666666666666,0.0,0.02,phi
bursty,greedy_twin,adaptive,phi_plus,radioml,23,300,0.982527112896845,0.9735670669476163,0.8,0.15,1,0.0,0.0,28.023333333333333,48.08224897493372,0.8325271128968451,0.0,0.10666666666666667,0.0,0.0,0.68,0.0,0.04666666666666667,phi
bursty,greedy_twin,adaptive,phi_plus,radioml,24,300,0.9818727988004858,0.9737102015283011,0.8333333333333334,0.14333333333333334,1,0.0,0.0,28.003333333333334,51.45906055648464,0.8385394654671524,0.0,0.13666666666666666,0.0,0.0,0.6733333333333333,0.0,0.006666666666666667,phi
bursty,greedy_twin,adaptive,phi_plus,radioml,25,300,0.9825716575347705,0.9733868310435131,0.8133333333333334,0.11333333333333333,1,0.0,0.0,27.796666666666667,51.33467919590326,0.8692383242014372,0.0,0.11,0.0,0.0,0.65,0.0,0.006666666666666667,phi
bursty,greedy_twin,adaptive,phi_plus,radioml,26,300,0.9778102265514862,0.973887376250871,0.8,0.07666666666666666,1,0.0,0.0,27.77,52.519007183696196,0.9011435598848198,0.0,0.07,0.0,0.0,0.6566666666666666,0.0,0.006666666666666667,phi
bursty,greedy_twin,adaptive,phi_plus,radioml,27,300,0.9833135392622093,0.9739174102259193,0.8366666666666667,0.13333333333333333,1,0.0,0.0,28.093333333333334,53.12090752974703,0.849980205928876,0.0,0.09333333333333334,0.0,0.0,0.7266666666666667,0.0,0.04666666666666667,phi
bursty,greedy_twin,adaptive,phi_plus,radioml,28,300,0.9808375164578061,0.9737688917124205,0.7833333333333333,0.13,1,0.0,0.0,27.79,45.38637505137631,0.8508375164578063,0.0,0.12,0.0,0.0,0.6833333333333333,0.0,0.03333333333333333,phi
bursty,greedy_twin,adaptive,phi_plus,radioml,29,300,0.9827742912712794,0.9735373946114,0.8266666666666667,0.15333333333333332,1,0.0,0.0,28.18,52.490786714293684,0.829440957937946,0.0,0.1,0.0,0.0,0.65,0.0,0.06333333333333334,phi
bursty,lagrangian_rl,adaptive,phi_plus,radioml,0,300,0.9548618010041627,0.7791979700715893,0.7433333333333333,0.25333333333333335,1,0.0,0.0,27.85,44.54416776842445,0.7015284676708294,0.0,0.20333333333333334,0.0,0.0,0.7033333333333334,0.0,0.07,phi
bursty,lagrangian_rl,adaptive,phi_plus,radioml,1,300,0.9431375612453311,0.7789531525111768,0.7566666666666667,0.17333333333333334,1,0.0,0.0,27.836666666666666,49.83573648927892,0.7698042279119978,0.0,0.14333333333333334,0.0,0.0,0.7033333333333334,0.0,0.03666666666666667,phi
bursty,lagrangian_rl,adaptive,phi_plus,radioml,2,300,0.9531725934478019,0.7789036751578912,0.7766666666666666,0.11,1,0.0,0.0,28.11,47.06198052884576,0.8431725934478018,0.0,0.08,0.0,0.0,0.6466666666666666,0.0,0.03666666666666667,phi
bursty,lagrangian_rl,adaptive,phi_plus,radioml,3,300,0.9464300567367078,0.7753070462556885,0.8,0.28,2,0.0,0.0,28.123333333333335,50.64844268483106,0.6664300567367077,0.0,0.16666666666666666,0.0,0.0,0.6833333333333333,0.0,0.15,phi
bursty,lagrangian_rl,adaptive,phi_plus,radioml,4,300,0.9469511277290387,0.7791570031976502,0.76,0.22,1,0.0,0.0,27.873333333333335,53.02650715997209,0.7269511277290387,0.0,0.19666666666666666,0.0,0.0,0.6833333333333333,0.0,0.03333333333333333,phi
bursty,lagrangian_rl,adaptive,phi_plus,radioml,5,300,0.9498563256279836,0.7788649825898076,0.7166666666666667,0.22666666666666666,2,0.0,0.0,27.703333333333333,48.050593215025735,0.7231896589613169,0.0,0.20333333333333334,0.0,0.0,0.72,0.0,0.04,phi
bursty,lagrangian_rl,adaptive,phi_plus,radioml,6,300,0.9493260799490948,0.7790895595059008,0.8133333333333334,0.23,1,0.0,0.0,28.173333333333332,52.433082373208116,0.7193260799490949,0.0,0.15666666666666668,0.0,0.0,0.6566666666666666,0.0,0.11333333333333333,phi
bursty,lagrangian_rl,adaptive,phi_plus,radioml,7,300,0.9459573404869889,0.7789817506194519,0.7833333333333333,0.17,2,0.0,0.0,28.053333333333335,55.020388456923,0.775957340486989,0.0,0.13666666666666666,0.0,0.0,0.6833333333333333,0.0,0.04,phi
bursty,lagrangian_rl,adaptive,phi_plus,radioml,8,300,0.9527292240853042,0.779102084461451,0.7733333333333333,0.19,1,0.0,0.0,28.113333333333333,50.83449408099899,0.7627292240853044,0.0,0.10333333333333333,0.0,0.0,0.6566666666666666,0.0,0.09666666666666666,phi
bursty,lagrangian_rl,adaptive,phi_plus,radioml,9,300,0.9540336184540862,0.7791977239665956,0.8466666666666667,0.36666666666666664,1,0.0,0.0,28.636666666666667,46.757045961049975,0.5873669517874195,0.0,0.11333333333333333,0.0,0.0,0.64,0.0,0.2833333333333333,phi
bursty,lagrangian_rl,adaptive,phi_plus,radioml,10,300,0.9498288020482611,0.779160643512408,0.7666666666666667,0.22333333333333333,1,0.0,0.0,27.993333333333332,49.3444891112826,0.7264954687149279,0.0,0.14666666666666667,0.0,0.0,0.6366666666666667,0.0,0.09,phi
bursty,lagrangian_rl,adaptive,phi_plus,radioml,11,300,0.955373562751746,0.7791989699291663,0.7233333333333334,0.17333333333333334,1,0.0,0.0,27.72,46.78058268656815,0.7820402294184126,0.0,0.14666666666666667,0.0,0.0,0.7,0.0,0.04,phi
bursty,lagrangian_rl,adaptive,phi_plus,radioml,12,300,0.9458468581284152,0.7790707144200201,0.7566666666666667,0.23,2,0.0,0.0,27.976666666666667,51.17068326822083,0.7158468581284153,0.0,0.13666666666666666,0.0,0.0,0.6566666666666666,0.0,0.10333333333333333,phi
bursty,lagrangian_rl,adaptive,phi_plus,radioml,13,300,0.9497638412532126,0.7791874327083317,0.73,0.19666666666666666,1,0.0,0.0,27.816666666666666,46.84775129051692,0.7530971745865459,0.0,0.15333333333333332,0.0,0.0,0.6466666666666666,0.0,0.05,phi
bursty,lagrangian_rl,adaptive,phi_plus,radioml,14,300,0.9547897343711447,0.7791850687037076,0.78,0.19,1,0.0,0.0,28.1,48.40315244170954,0.7647897343711446,0.0,0.11,0.0,0.0,0.61,0.0,0.09666666666666666,phi
bursty,lagrangian_rl,adaptive,phi_plus,radioml,15,300,0.9404285847340873,0.7787135153657575,0.76,0.18333333333333332,1,0.0,0.0,27.91,50.24627095668851,0.757095251400754,0.0,0.15333333333333332,0.0,0.0,0.6466666666666666,0.0,0.056666666666666664,phi
bursty,lagrangian_rl,adaptive,phi_plus,radioml,16,300,0.9556395731560777,0.7791996805261878,0.7933333333333333,0.22333333333333333,1,0.0,0.0,28.32,52.082856755974106,0.7323062398227443,0.0,0.12333333333333334,0.0,0.0,0.66,0.0,0.11,phi
bursty,lagrangian_rl,adaptive,phi_plus,radioml,17,300,0.9516216174713892,0.7790911038723403,0.79,0.23333333333333334,1,0.0,0.0,28.17,47.97233935996561,0.718288284138056,0.0,0.12,0.0,0.0,0.5933333333333334,0.0,0.12,phi
bursty,lagrangian_rl,adaptive,phi_plus,radioml,18,300,0.9449787643974217,0.7791860671575285,0.74,0.17666666666666667,1,0.0,0.0,27.83,46.152443625431914,0.768312097730755,0.0,0.10666666666666667,0.0,0.0,0.7166666666666667,0.0,0.08,phi
bursty,lagrangian_rl,adaptive,phi_plus,radioml,19,300,0.9386199650420181,0.7095420611087304,0.7533333333333333,0.22333333333333333,1,0.0,0.0,27.786666666666665,46.79626056188032,0.7152866317086849,0.0,0.2,0.0,0.0,0.6766666666666666,0.0,0.02666666666666667,phi
bursty,lagrangian_rl,adaptive,phi_plus,radioml,20,300,0.953309451097662,0.7790857484701009,0.7633333333333333,0.15,1,0.0,0.0,27.96,49.571577854201124,0.8033094510976619,0.0,0.09333333333333334,0.0,0.0,0.6433333333333333,0.0,0.06666666666666667,phi
bursty,lagrangian_rl,adaptive,phi_plus,radioml,21,300,0.9575798757805423,0.7791998176614505,0.7533333333333333,0.27666666666666667,1,0.0,0.0,27.986666666666668,44.113018193393586,0.6809132091138757,0.0,0.21333333333333335,0.0,0.0,0.6866666666666666,0.0,0.08666666666666667,phi
bursty,lagrangian_rl,adaptive,phi_plus,radioml,22,300,0.9604327135399254,0.9026361618568931,0.73,0.19,1,0.0,0.0,27.73,49.71568766846405,0.7704327135399255,0.0,0.17,0.0,0.0,0.65,0.0,0.02666666666666667,phi
bursty,lagrangian_rl,adaptive,phi_plus,radioml,23,300,0.9573569599303403,0.7791971659275824,0.7966666666666666,0.14,1,0.0,0.0,28.183333333333334,46.66089850624798,0.8173569599303403,0.0,0.09,0.0,0.0,0.6466666666666666,0.0,0.056666666666666664,phi
bursty,lagrangian_rl,adaptive,phi_plus,radioml,24,300,0.948022386914213,0.7783791504982855,0.7066666666666667,0.2733333333333333,1,0.0,0.0,27.516666666666666,47.89485949956564,0.6746890535808796,0.0,0.23333333333333334,0.0,0.0,0.73,0.0,0.06,phi
bursty,lagrangian_rl,adaptive,phi_plus,radioml,25,300,0.9586704067743023,0.779199989014721,0.7633333333333333,0.11333333333333333,1,0.0,0.0,28.036666666666665,47.48692403705381,0.8453370734409689,0.0,0.08333333333333333,0.0,0.0,0.6633333333333333,0.0,0.04666666666666667,phi
bursty,lagrangian_rl,adaptive,phi_plus,radioml,26,300,0.9493305315876679,0.7791522575707904,0.83,0.2633333333333333,1,0.0,0.0,28.39666666666667,49.271288020114454,0.6859971982543346,0.0,0.16,0.0,0.0,0.6566666666666666,0.0,0.13333333333333333,phi
bursty,lagrangian_rl,adaptive,phi_plus,radioml,27,300,0.9605841782265425,0.8221831215294492,0.7833333333333333,0.17,1,0.0,0.0,28.183333333333334,50.11903519140333,0.7905841782265426,0.0,0.11333333333333333,0.0,0.0,0.64,0.0,0.056666666666666664,phi
bursty,lagrangian_rl,adaptive,phi_plus,radioml,28,300,0.9415459380893357,0.7463508950060888,0.7166666666666667,0.23333333333333334,2,0.0,0.0,27.746666666666666,46.36825011039557,0.7082126047560026,0.0,0.18666666666666668,0.0,0.0,0.6866666666666666,0.0,0.056666666666666664,phi
bursty,lagrangian_rl,adaptive,phi_plus,radioml,29,300,0.9632191644031076,0.8486253786607904,0.7966666666666666,0.27,1,0.0,0.0,28.11,45.348625485624375,0.6932191644031076,0.0,0.15666666666666668,0.0,0.0,0.6333333333333333,0.0,0.12333333333333334,phi
bursty,simplex_rta,adaptive,phi_plus,radioml,0,300,0.9897340165091367,0.9881932347453041,0.25666666666666665,0.016666666666666666,1,0.0,0.0,26.156666666666666,44.22074440637752,0.97306734984247,0.0,0.016666666666666666,0.0,0.0,0.7233333333333334,0.0,0.0,phi
bursty,simplex_rta,adaptive,phi_plus,radioml,1,300,0.9912084052308844,0.9894418396774276,0.25333333333333335,0.01,1,0.0,0.0,26.176666666666666,44.33468786834423,0.9812084052308844,0.0,0.01,0.0,0.0,0.6733333333333333,0.0,0.0,phi
bursty,simplex_rta,adaptive,phi_plus,radioml,2,300,0.9924660623848169,0.9901553406519622,0.2833333333333333,0.0033333333333333335,1,0.0,0.0,26.166666666666668,45.67725059790068,0.9891327290514836,0.0,0.0033333333333333335,0.0,0.0,0.93,0.0,0.0,phi
bursty,simplex_rta,adaptive,phi_plus,radioml,3,300,0.9917044797680935,0.9907761367864619,0.24666666666666667,0.006666666666666667,1,0.0,0.0,26.14666666666667,44.331509396012464,0.9850378131014266,0.0,0.006666666666666667,0.0,0.0,0.8133333333333334,0.0,0.0,phi
bursty,simplex_rta,adaptive,phi_plus,radioml,4,300,0.9882276868481,0.987341568839717,0.25333333333333335,0.016666666666666666,1,0.0,0.0,26.153333333333332,44.291744599873006,0.9715610201814333,0.0,0.016666666666666666,0.0,0.0,0.7266666666666667,0.0,0.0,phi
bursty,simplex_rta,adaptive,phi_plus,radioml,5,300,0.9892234784433852,0.9739999423121809,0.26666666666666666,0.01,1,0.0,0.0,26.153333333333332,44.194625370598516,0.9792234784433852,0.0,0.01,0.0,0.0,0.7366666666666667,0.0,0.0,phi
bursty,simplex_rta,adaptive,phi_plus,radioml,6,300,0.9888825146947546,0.9911405783276058,0.27666666666666667,0.0033333333333333335,1,0.0,0.0,26.14666666666667,45.38680365768008,0.9855491813614213,0.0,0.0033333333333333335,0.0,0.0,0.6266666666666667,0.0,0.0,phi
bursty,simplex_rta,adaptive,phi_plus,radioml,7,300,0.9873654434966045,0.984998819562597,0.22333333333333333,0.006666666666666667,1,0.0,0.0,26.113333333333333,44.094455862036945,0.9806987768299378,0.0,0.006666666666666667,0.0,0.0,0.81,0.0,0.0,phi
bursty,simplex_rta,adaptive,phi_plus,radioml,8,300,0.9853119147502631,0.9894033581050579,0.25666666666666665,0.02666666666666667,1,0.0,0.0,26.156666666666666,44.18628879586557,0.9586452480835965,0.0,0.02666666666666667,0.0,0.0,0.76,0.0,0.0,phi
bursty,simplex_rta,adaptive,phi_plus,radioml,9,300,0.9922187816102244,0.9882066698573252,0.23333333333333334,0.013333333333333334,1,0.0,0.0,26.126666666666665,44.6362985335651,0.9788854482768911,0.0,0.013333333333333334,0.0,0.0,0.6166666666666667,0.0,0.0,phi
bursty,simplex_rta,adaptive,phi_plus,radioml,10,300,0.9893119746565902,0.9915288224746611,0.25,0.006666666666666667,1,0.0,0.0,26.163333333333334,45.41683784293949,0.9826453079899234,0.0,0.006666666666666667,0.0,0.0,0.6566666666666666,0.0,0.0,phi
bursty,simplex_rta,adaptive,phi_plus,radioml,11,300,0.9863543072057933,0.9805168995455478,0.22666666666666666,0.01,1,0.0,0.0,26.1,46.00480727053209,0.9763543072057934,0.0,0.01,0.0,0.0,0.8166666666666667,0.0,0.0,phi
bursty,simplex_rta,adaptive,phi_plus,radioml,12,300,0.9911940618201285,0.9843602762386372,0.23666666666666666,0.01,1,0.0,0.0,26.113333333333333,45.42379591799103,0.9811940618201285,0.0,0.01,0.0,0.0,0.7933333333333333,0.0,0.0,phi
bursty,simplex_rta,adaptive,phi_plus,radioml,13,300,0.9885986889418327,0.9828826641073014,0.30666666666666664,0.0033333333333333335,1,0.0,0.0,26.19,44.37264824612773,0.9852653556084994,0.0,0.0033333333333333335,0.0,0.0,0.92,0.0,0.0,phi
bursty,simplex_rta,adaptive,phi_plus,radioml,14,300,0.9920776302426202,0.9892035440627707,0.26666666666666666,0.006666666666666667,1,0.0,0.0,26.16,45.6525886405268,0.9854109635759536,0.0,0.006666666666666667,0.0,0.0,0.7733333333333333,0.0,0.0,phi
bursty,simplex_rta,adaptive,phi_plus,radioml,15,300,0.9923046643435426,0.9898100652704784,0.3,0.006666666666666667,1,0.0,0.0,26.17,44.61902030187855,0.985637997676876,0.0,0.006666666666666667,0.0,0.0,0.6066666666666667,0.0,0.0,phi
bursty,simplex_rta,adaptive,phi_plus,radioml,16,300,0.9875053796566576,0.9870467120289702,0.26666666666666666,0.02,1,0.0,0.0,26.183333333333334,44.30554819871367,0.9675053796566576,0.0,0.02,0.0,0.0,0.7366666666666667,0.0,0.0,phi
bursty,simplex_rta,adaptive,phi_plus,radioml,17,300,0.9915091867787674,0.9898172359225196,0.22,0.006666666666666667,1,0.0,0.0,26.09,44.344536004089655,0.9848425201121008,0.0,0.006666666666666667,0.0,0.0,0.76,0.0,0.0,phi
bursty,simplex_rta,adaptive,phi_plus,radioml,18,300,0.9909982284719395,0.9848114253915606,0.22,0.01,1,0.0,0.0,26.123333333333335,45.64922812672528,0.9809982284719395,0.0,0.01,0.0,0.0,0.8933333333333333,0.0,0.0,phi
bursty,simplex_rta,adaptive,phi_plus,radioml,19,300,0.9915330524505991,0.9907057336502859,0.26,0.0,1,0.0,0.0,26.163333333333334,44.54138309321612,0.9915330524505991,0.0,0.0,0.0,0.0,0.8033333333333333,0.0,0.0,phi
bursty,simplex_rta,adaptive,phi_plus,radioml,20,300,0.985037744006922,0.9739997660870731,0.23333333333333334,0.01,1,0.0,0.0,26.14,45.22322109477439,0.975037744006922,0.0,0.01,0.0,0.0,0.7566666666666667,0.0,0.0,phi
bursty,simplex_rta,adaptive,phi_plus,radioml,21,300,0.9902256544938962,0.9903969439104631,0.2733333333333333,0.006666666666666667,1,0.0,0.0,26.143333333333334,44.04903026741786,0.9835589878272295,0.0,0.006666666666666667,0.0,0.0,0.49333333333333335,0.0,0.0,phi
bursty,simplex_rta,adaptive,phi_plus,radioml,22,300,0.9915273656881387,0.9905569263749723,0.23666666666666666,0.0033333333333333335,1,0.0,0.0,26.166666666666668,46.01239258846455,0.9881940323548054,0.0,0.0033333333333333335,0.0,0.0,0.5466666666666666,0.0,0.0,phi
bursty,simplex_rta,adaptive,phi_plus,radioml,23,300,0.9913344650445337,0.9904354157325064,0.25,0.006666666666666667,1,0.0,0.0,26.176666666666666,45.99358284483043,0.984667798377867,0.0,0.006666666666666667,0.0,0.0,0.4766666666666667,0.0,0.0,phi
bursty,simplex_rta,adaptive,phi_plus,radioml,24,300,0.9881979917415736,0.973999858613553,0.2733333333333333,0.013333333333333334,1,0.0,0.0,26.166666666666668,44.47758152683601,0.9748646584082403,0.0,0.013333333333333334,0.0,0.0,0.63,0.0,0.0,phi
bursty,simplex_rta,adaptive,phi_plus,radioml,25,300,0.9905697570945108,0.9897158071262221,0.22333333333333333,0.0033333333333333335,1,0.0,0.0,26.123333333333335,45.98105849089673,0.9872364237611775,0.0,0.0033333333333333335,0.0,0.0,0.7933333333333333,0.0,0.0,phi
bursty,simplex_rta,adaptive,phi_plus,radioml,26,300,0.98875295654558,0.9818581525648563,0.27,0.02,1,0.0,0.0,26.163333333333334,44.4775884583401,0.96875295654558,0.0,0.02,0.0,0.0,0.8133333333333334,0.0,0.0,phi
bursty,simplex_rta,adaptive,phi_plus,radioml,27,300,0.9910525404806687,0.989317124071372,0.21,0.0,2,0.0,0.0,26.1,44.17430516823221,0.9910525404806687,0.0,0.0,0.0,0.0,0.6266666666666667,0.0,0.0,phi
bursty,simplex_rta,adaptive,phi_plus,radioml,28,300,0.9903333013325141,0.9894722125227831,0.2833333333333333,0.0033333333333333335,1,0.0,0.0,26.15,45.18431032999742,0.9869999679991808,0.0,0.0033333333333333335,0.0,0.0,0.6633333333333333,0.0,0.0,phi
bursty,simplex_rta,adaptive,phi_plus,radioml,29,300,0.9900835440518992,0.9845154549172811,0.25,0.016666666666666666,1,0.0,0.0,26.086666666666666,44.170029247929655,0.9734168773852326,0.0,0.016666666666666666,0.0,0.0,0.7766666666666666,0.0,0.0,phi
bursty,shield_filter,adaptive,phi_plus,radioml,0,300,0.9019204859178153,0.16613303133477011,0.0,0.0,3,0.14,0.0,23.63,40.3517336035041,0.9019204859178153,0.0,0.0,0.0,0.0,0.86,0.0,0.0,phi
bursty,shield_filter,adaptive,phi_plus,radioml,1,300,0.9069865227554011,0.1970877782428988,0.0,0.0,6,0.13333333333333333,0.0,23.68,36.57007804255387,0.9069865227554011,0.0,0.0,0.0,0.0,0.8666666666666667,0.0,0.0,phi
bursty,shield_filter,adaptive,phi_plus,radioml,2,300,0.9241542475859607,0.31184740792821314,0.0,0.0,2,0.12333333333333334,0.0,23.85,38.40812610839562,0.9241542475859607,0.0,0.0,0.0,0.0,0.8766666666666667,0.0,0.0,phi
bursty,shield_filter,adaptive,phi_plus,radioml,3,300,0.9296799911727747,0.5220494685975655,0.0,0.0033333333333333335,1,0.12666666666666668,0.0,23.85,38.61338358310336,0.9263466578394414,0.0,0.0033333333333333335,0.0,0.0,0.8733333333333333,0.0,0.0,phi
bursty,shield_filter,adaptive,phi_plus,radioml,4,300,0.9003740059094589,0.20001289553867735,0.0,0.0,1,0.16666666666666666,0.0,23.59,36.44920085742415,0.9003740059094589,0.0,0.0,0.0,0.0,0.8333333333333334,0.0,0.0,phi
bursty,shield_filter,adaptive,phi_plus,radioml,5,300,0.9120374061341211,0.18127237849239747,0.0,0.0,1,0.14333333333333334,0.0,23.73,37.02430603015052,0.9120374061341211,0.0,0.0,0.0,0.0,0.8566666666666667,0.0,0.0,phi
bursty,shield_filter,adaptive,phi_plus,radioml,6,300,0.9203097222221462,0.3153829493002022,0.0,0.0,1,0.14333333333333334,0.0,23.77,38.30590200651451,0.9203097222221462,0.0,0.0,0.0,0.0,0.8566666666666667,0.0,0.0,phi
bursty,shield_filter,adaptive,phi_plus,radioml,7,300,0.9337863101407952,0.43844359303719055,0.0,0.0,1,0.14333333333333334,0.0,23.81,35.66398321138344,0.9337863101407952,0.0,0.0,0.0,0.0,0.8566666666666667,0.0,0.0,phi
bursty,shield_filter,adaptive,phi_plus,radioml,8,300,0.892312101789607,0.09270273694893379,0.0,0.0,6,0.12333333333333334,0.0,23.52,39.33623833393517,0.892312101789607,0.0,0.0,0.0,0.0,0.8766666666666667,0.0,0.0,phi
bursty,shield_filter,adaptive,phi_plus,radioml,9,300,0.9003145637656605,0.1269372111114806,0.0,0.0,1,0.18666666666666668,0.0,23.58,38.72151342547231,0.9003145637656605,0.0,0.0,0.0,0.0,0.8133333333333334,0.0,0.0,phi
bursty,shield_filter,adaptive,phi_plus,radioml,10,300,0.8954426982529236,0.1517063790390732,0.0,0.0,3,0.15333333333333332,0.0,23.66,40.77628632276126,0.8954426982529236,0.0,0.0,0.0,0.0,0.8466666666666667,0.0,0.0,phi
bursty,shield_filter,adaptive,phi_plus,radioml,11,300,0.9119668357542997,0.18274512205235832,0.0,0.0,1,0.16333333333333333,0.0,23.52,38.2632347239887,0.9119668357542997,0.0,0.0,0.0,0.0,0.8366666666666667,0.0,0.0,phi
bursty,shield_filter,adaptive,phi_plus,radioml,12,300,0.9161523528446609,0.23277977409771144,0.0,0.0,1,0.16666666666666666,0.0,23.6,38.14993599946388,0.9161523528446609,0.0,0.0,0.0,0.0,0.8333333333333334,0.0,0.0,phi
bursty,shield_filter,adaptive,phi_plus,radioml,13,300,0.9005999360134646,0.22712409350653728,0.0,0.0,2,0.14,0.0,23.74,38.40316691069621,0.9005999360134646,0.0,0.0,0.0,0.0,0.86,0.0,0.0,phi
bursty,shield_filter,adaptive,phi_plus,radioml,14,300,0.9093943651839966,0.20787870392293747,0.0,0.0,6,0.14,0.0,23.82,40.39569579967475,0.9093943651839966,0.0,0.0,0.0,0.0,0.86,0.0,0.0,phi
bursty,shield_filter,adaptive,phi_plus,radioml,15,300,0.8955137039534903,0.11325931773305435,0.0,0.0,3,0.13666666666666666,0.0,23.51,37.55885684993818,0.8955137039534903,0.0,0.0,0.0,0.0,0.8633333333333333,0.0,0.0,phi
bursty,shield_filter,adaptive,phi_plus,radioml,16,300,0.90680460665931,0.13676598305554855,0.0,0.0,1,0.15333333333333332,0.0,23.74,36.069842309929165,0.90680460665931,0.0,0.0,0.0,0.0,0.8466666666666667,0.0,0.0,phi
bursty,shield_filter,adaptive,phi_plus,radioml,17,300,0.9004023387849909,0.09535477099335014,0.0,0.0,3,0.18333333333333332,0.0,23.51,37.98685964167848,0.9004023387849909,0.0,0.0,0.0,0.0,0.8166666666666667,0.0,0.0,phi
bursty,shield_filter,adaptive,phi_plus,radioml,18,300,0.8984795239974229,0.15707611651031556,0.0,0.0,1,0.15,0.0,23.7,39.61347615259882,0.8984795239974229,0.0,0.0,0.0,0.0,0.85,0.0,0.0,phi
bursty,shield_filter,adaptive,phi_plus,radioml,19,300,0.8929432486580545,0.14669114629661972,0.0,0.0,2,0.16666666666666666,0.0,23.47,39.07409115886778,0.8929432486580545,0.0,0.0,0.0,0.0,0.8333333333333334,0.0,0.0,phi
bursty,shield_filter,adaptive,phi_plus,radioml,20,300,0.9025033075888246,0.15150336702496664,0.0,0.0,1,0.14666666666666667,0.0,23.573333333333334,38.49082812624997,0.9025033075888246,0.0,0.0,0.0,0.0,0.8533333333333334,0.0,0.0,phi
bursty,shield_filter,adaptive,phi_plus,radioml,21,300,0.9222371042965282,0.22183111244110093,0.0,0.0,1,0.13666666666666666,0.0,23.78,39.14955510964508,0.9222371042965282,0.0,0.0,0.0,0.0,0.8633333333333333,0.0,0.0,phi
bursty,shield_filter,adaptive,phi_plus,radioml,22,300,0.9057637350839575,0.1311863994329837,0.0,0.0,3,0.16666666666666666,0.0,23.61,41.10949012307421,0.9057637350839575,0.0,0.0,0.0,0.0,0.8333333333333334,0.0,0.0,phi
bursty,shield_filter,adaptive,phi_plus,radioml,23,300,0.8977672658825615,0.14865657244499828,0.0,0.0,4,0.14666666666666667,0.0,23.52,37.71686507642914,0.8977672658825615,0.0,0.0,0.0,0.0,0.8533333333333334,0.0,0.0,phi
bursty,shield_filter,adaptive,phi_plus,radioml,24,300,0.9114502147548724,0.29519668975549435,0.0,0.0,2,0.14,0.0,23.58,38.87246023461076,0.9114502147548724,0.0,0.0,0.0,0.0,0.86,0.0,0.0,phi
bursty,shield_filter,adaptive,phi_plus,radioml,25,300,0.912017649467611,0.08631243520005995,0.0,0.0,2,0.15666666666666668,0.0,23.46,37.54468562028954,0.912017649467611,0.0,0.0,0.0,0.0,0.8433333333333334,0.0,0.0,phi
bursty,shield_filter,adaptive,phi_plus,radioml,26,300,0.8972392281949251,0.13336032543186982,0.0,0.0,1,0.16666666666666666,0.0,23.63,39.181754912413844,0.8972392281949251,0.0,0.0,0.0,0.0,0.8333333333333334,0.0,0.0,phi
bursty,shield_filter,adaptive,phi_plus,radioml,27,300,0.9242422031860478,0.25482266769961914,0.0,0.0,1,0.14333333333333334,0.0,23.68,37.68233336246031,0.9242422031860478,0.0,0.0,0.0,0.0,0.8566666666666667,0.0,0.0,phi
bursty,shield_filter,adaptive,phi_plus,radioml,28,300,0.8981727321161164,0.17601090197105426,0.0,0.0,1,0.14666666666666667,0.0,23.56,37.70102424440855,0.8981727321161164,0.0,0.0,0.0,0.0,0.8533333333333334,0.0,0.0,phi
bursty,shield_filter,adaptive,phi_plus,radioml,29,300,0.8913512487239981,0.10744715912666909,0.0,0.0,2,0.18,0.0,23.5,37.04066494818086,0.8913512487239981,0.0,0.0,0.0,0.0,0.82,0.0,0.0,phi
bursty,shield_repair,adaptive,phi_plus,radioml,0,300,0.9806963620351151,0.9681270734002133,0.0,0.0,1,0.0,0.682,25.22,40.69989446477075,0.9806963620351151,0.0,0.0,0.0,0.0,0.86,0.0,0.0,phi
bursty,shield_repair,adaptive,phi_plus,radioml,1,300,0.9780488898650229,0.9610426601595384,0.0,0.0,1,0.0,0.688,25.22,41.90328756842729,0.9780488898650229,0.0,0.0,0.0,0.0,0.8333333333333334,0.0,0.0,phi
bursty,shield_repair,adaptive,phi_plus,radioml,2,300,0.9796984635268031,0.9681181571231504,0.0,0.0,1,0.0,0.6626666666666666,24.98,40.954061087285254,0.9796984635268031,0.0,0.0,0.0,0.0,0.87,0.0,0.0,phi
bursty,shield_repair,adaptive,phi_plus,radioml,3,300,0.9794302599627239,0.9655790059315795,0.0,0.0,1,0.0,0.6953333333333334,25.16,43.1903025811148,0.9794302599627239,0.0,0.0,0.0,0.0,0.8366666666666667,0.0,0.0,phi
bursty,shield_repair,adaptive,phi_plus,radioml,4,300,0.9790870783307999,0.9629067673730983,0.0,0.0,1,0.0,0.6806666666666666,25.25,42.267097073491676,0.9790870783307999,0.0,0.0,0.0,0.0,0.8233333333333334,0.0,0.0,phi
bursty,shield_repair,adaptive,phi_plus,radioml,5,300,0.981077624350711,0.9662265425949679,0.0,0.0,1,0.0,0.688,25.17,39.49577228335767,0.981077624350711,0.0,0.0,0.0,0.0,0.8766666666666667,0.0,0.0,phi
bursty,shield_repair,adaptive,phi_plus,radioml,6,300,0.9806171059454972,0.9661498080490649,0.0,0.0,1,0.0,0.672,25.1,41.53264032789323,0.9806171059454972,0.0,0.0,0.0,0.0,0.8533333333333334,0.0,0.0,phi
bursty,shield_repair,adaptive,phi_plus,radioml,7,300,0.9814559374473978,0.9660148699795739,0.0,0.0,1,0.0,0.6893333333333334,25.24,42.968630948227286,0.9814559374473978,0.0,0.0,0.0,0.0,0.82,0.0,0.0,phi
bursty,shield_repair,adaptive,phi_plus,radioml,8,300,0.9771369383292762,0.9677305468271786,0.0,0.0,1,0.0,0.688,25.08,42.18130426989182,0.9771369383292762,0.0,0.0,0.0,0.0,0.8533333333333334,0.0,0.0,phi
bursty,shield_repair,adaptive,phi_plus,radioml,9,300,0.9747111618384732,0.9569615331043954,0.0,0.0,1,0.0,0.696,24.98,39.94961426313594,0.9747111618384732,0.0,0.0,0.0,0.0,0.8366666666666667,0.0,0.0,phi
bursty,shield_repair,adaptive,phi_plus,radioml,10,300,0.9788875917973413,0.9614051919522464,0.0,0.0,2,0.0,0.6853333333333333,25.16,41.62755583554946,0.9788875917973413,0.0,0.0,0.0,0.0,0.8366666666666667,0.0,0.0,phi
bursty,shield_repair,adaptive,phi_plus,radioml,11,300,0.9822940794206856,0.9685132785612226,0.0,0.0,1,0.0,0.694,25.26,39.17196169489153,0.9822940794206856,0.0,0.0,0.0,0.0,0.86,0.0,0.0,phi
bursty,shield_repair,adaptive,phi_plus,radioml,12,300,0.9765422004167901,0.9669445054659863,0.0,0.0,1,0.0,0.6886666666666666,25.26,41.65661885149112,0.9765422004167901,0.0,0.0,0.0,0.0,0.8433333333333334,0.0,0.0,phi
bursty,shield_repair,adaptive,phi_plus,radioml,13,300,0.9777485026817383,0.9662456671013816,0.0,0.0,1,0.0,0.6813333333333333,25.14,41.78969088687624,0.9777485026817383,0.0,0.0,0.0,0.0,0.8666666666666667,0.0,0.0,phi
bursty,shield_repair,adaptive,phi_plus,radioml,14,300,0.9748595830108783,0.9609038687834762,0.0,0.0,2,0.0,0.6773333333333333,25.18,42.078740875052596,0.9748595830108783,0.0,0.0,0.0,0.0,0.87,0.0,0.0,phi
bursty,shield_repair,adaptive,phi_plus,radioml,15,300,0.9795844200626349,0.9600324914769921,0.0,0.0,1,0.0,0.662,24.9,38.36408379783335,0.9795844200626349,0.0,0.0,0.0,0.0,0.8933333333333333,0.0,0.0,phi
bursty,shield_repair,adaptive,phi_plus,radioml,16,300,0.9753412859995484,0.9417591004952018,0.0,0.0,1,0.0,0.7186666666666667,24.91,42.297455028070736,0.9753412859995484,0.0,0.0,0.0,0.0,0.81,0.0,0.0,phi
bursty,shield_repair,adaptive,phi_plus,radioml,17,300,0.982245376405034,0.9670432677349224,0.0,0.0,1,0.0,0.7,25.2,40.80058018813611,0.982245376405034,0.0,0.0,0.0,0.0,0.8166666666666667,0.0,0.0,phi
bursty,shield_repair,adaptive,phi_plus,radioml,18,300,0.9764820316619756,0.9616771335033774,0.0,0.0,1,0.0,0.6986666666666667,25.16,40.34533830417835,0.9764820316619756,0.0,0.0,0.0,0.0,0.8666666666666667,0.0,0.0,phi
bursty,shield_repair,adaptive,phi_plus,radioml,19,300,0.9795361367388167,0.9574791875439441,0.0,0.0,1,0.0,0.6973333333333334,25.27,42.096568462917354,0.9795361367388167,0.0,0.0,0.0,0.0,0.8566666666666667,0.0,0.0,phi
bursty,shield_repair,adaptive,phi_plus,radioml,20,300,0.9788926445250238,0.9686467631160274,0.0,0.0,1,0.0,0.696,25.14,43.20766416177141,0.9788926445250238,0.0,0.0,0.0,0.0,0.85,0.0,0.0,phi
bursty,shield_repair,adaptive,phi_plus,radioml,21,300,0.9730462769576002,0.9556744652566462,0.0,0.0,1,0.0,0.674,25.1,41.79008512798105,0.9730462769576002,0.0,0.0,0.0,0.0,0.8433333333333334,0.0,0.0,phi
bursty,shield_repair,adaptive,phi_plus,radioml,22,300,0.9725565215585829,0.9621106441556122,0.0,0.0,1,0.0,0.704,25.21,42.27866364391914,0.9725565215585829,0.0,0.0,0.0,0.0,0.8333333333333334,0.0,0.0,phi
bursty,shield_repair,adaptive,phi_plus,radioml,23,300,0.9818787513534657,0.962651868870291,0.0,0.0,1,0.0,0.6846666666666666,25.18,43.80237003799229,0.9818787513534657,0.0,0.0,0.0,0.0,0.83,0.0,0.0,phi
bursty,shield_repair,adaptive,phi_plus,radioml,24,300,0.9690008136676721,0.9555035412980963,0.0,0.0,1,0.0,0.6813333333333333,25.09,41.42329795818172,0.9690008136676721,0.0,0.0,0.0,0.0,0.8633333333333333,0.0,0.0,phi
bursty,shield_repair,adaptive,phi_plus,radioml,25,300,0.981156244997627,0.9650894183884415,0.0,0.0,1,0.0,0.6973333333333334,25.24,42.57602205612801,0.981156244997627,0.0,0.0,0.0,0.0,0.8366666666666667,0.0,0.0,phi
bursty,shield_repair,adaptive,phi_plus,radioml,26,300,0.9714512474244185,0.9419730442593997,0.0,0.0,1,0.0,0.6773333333333333,25.14,43.5576125901265,0.9714512474244185,0.0,0.0,0.0,0.0,0.8566666666666667,0.0,0.0,phi
bursty,shield_repair,adaptive,phi_plus,radioml,27,300,0.9707755345273357,0.961080293627318,0.0,0.0,2,0.0,0.6833333333333333,25.12,41.816963958928106,0.9707755345273357,0.0,0.0,0.0,0.0,0.8733333333333333,0.0,0.0,phi
bursty,shield_repair,adaptive,phi_plus,radioml,28,300,0.979211943183116,0.96431375194062,0.0,0.0,1,0.0,0.6833333333333333,25.05,39.994345459395,0.979211943183116,0.0,0.0,0.0,0.0,0.84,0.0,0.0,phi
bursty,shield_repair,adaptive,phi_plus,radioml,29,300,0.9763742259754823,0.9632896218299174,0.0,0.0,2,0.0,0.6893333333333334,25.09,42.045928706215854,0.9763742259754823,0.0,0.0,0.0,0.0,0.8466666666666667,0.0,0.0,phi
backhaul,greedy_twin,adaptive,phi_plus,radioml,0,300,0.9534892384500756,0.8960788913574598,0.8366666666666667,0.15333333333333332,1,0.0,0.0,28.1,49.5829592003941,0.8001559051167423,0.0,0.13666666666666666,0.0,0.0,0.5466666666666666,0.0,0.02,phi
backhaul,greedy_twin,adaptive,phi_plus,radioml,1,300,0.9524824704625465,0.8960795708420778,0.8766666666666667,0.24666666666666667,3,0.0,0.0,28.616666666666667,48.27197309920019,0.70581580379588,0.0,0.11,0.0,0.0,0.5033333333333333,0.0,0.14666666666666667,phi
backhaul,greedy_twin,adaptive,phi_plus,radioml,2,300,0.9507252675475383,0.8960797885559024,0.8766666666666667,0.13,1,0.0,0.0,28.41,55.09253462112074,0.8207252675475383,0.0,0.056666666666666664,0.0,0.0,0.5166666666666667,0.0,0.07333333333333333,phi
backhaul,greedy_twin,adaptive,phi_plus,radioml,3,300,0.9511947589690798,0.8960790142454605,0.8766666666666667,0.26666666666666666,3,0.0,0.0,28.5,52.24858359176629,0.6845280923024132,0.0,0.21,0.0,0.0,0.52,0.0,0.06666666666666667,phi
backhaul,greedy_twin,adaptive,phi_plus,radioml,4,300,0.9546803767718598,0.8960794761700382,0.8566666666666667,0.2,3,0.0,0.0,28.256666666666668,49.42217155566136,0.7546803767718597,0.0,0.14666666666666667,0.0,0.0,0.56,0.0,0.06333333333333334,phi
backhaul,greedy_twin,adaptive,phi_plus,radioml,5,300,0.9551516162720505,0.8960795780303242,0.8266666666666667,0.2633333333333333,1,0.0,0.0,28.323333333333334,47.563808755717865,0.6918182829387172,0.0,0.17666666666666667,0.0,0.0,0.5733333333333334,0.0,0.1,phi
backhaul,greedy_twin,adaptive,phi_plus,radioml,6,300,0.9523580367861172,0.896079650376137,0.8533333333333334,0.19666666666666666,2,0.0,0.0,28.273333333333333,46.95886919924696,0.7556913701194503,0.0,0.16333333333333333,0.0,0.0,0.5366666666666666,0.0,0.05333333333333334,phi
backhaul,greedy_twin,adaptive,phi_plus,radioml,7,300,0.9525217348740157,0.8960797547100928,0.8466666666666667,0.16333333333333333,1,0.0,0.0,28.206666666666667,51.87042936714435,0.7891884015406824,0.0,0.12666666666666668,0.0,0.0,0.5,0.0,0.05333333333333334,phi
backhaul,greedy_twin,adaptive,phi_plus,radioml,8,300,0.950041191346051,0.8960795802970034,0.9166666666666666,0.21333333333333335,1,0.0,0.0,28.733333333333334,50.41297504792403,0.7367078580127178,0.0,0.11,0.0,0.0,0.44666666666666666,0.0,0.11666666666666667,phi
backhaul,greedy_twin,adaptive,phi_plus,radioml,9,300,0.9505545971441256,0.8960797580771284,0.88,0.19,2,0.0,0.0,28.53,54.404931434115895,0.7605545971441254,0.0,0.12333333333333334,0.0,0.0,0.5033333333333333,0.0,0.07333333333333333,phi
backhaul,greedy_twin,adaptive,phi_plus,radioml,10,300,0.953832718831549,0.8960796740496471,0.8466666666666667,0.14,1,0.0,0.0,28.236666666666668,47.51764679391487,0.8138327188315492,0.0,0.11,0.0,0.0,0.5466666666666666,0.0,0.03333333333333333,phi
backhaul,greedy_twin,adaptive,phi_plus,radioml,11,300,0.9554589512099944,0.8960797315018407,0.8633333333333333,0.23333333333333334,1,0.0,0.0,28.426666666666666,44.46142059246209,0.722125617876661,0.0,0.15333333333333332,0.0,0.0,0.5233333333333333,0.0,0.10333333333333333,phi
backhaul,greedy_twin,adaptive,phi_plus,radioml,12,300,0.9547441394730004,0.8960797481937929,0.88,0.26,1,0.0,0.0,28.383333333333333,50.65142053272855,0.6947441394730004,0.0,0.2,0.0,0.0,0.5033333333333333,0.0,0.06666666666666667,phi
backhaul,greedy_twin,adaptive,phi_plus,radioml,13,300,0.9483663973279765,0.8960793196784673,0.88,0.23,1,0.0,0.0,28.463333333333335,49.62589224611015,0.7183663973279766,0.0,0.17666666666666667,0.0,0.0,0.4866666666666667,0.0,0.06,phi
backhaul,greedy_twin,adaptive,phi_plus,radioml,14,300,0.9542981604958006,0.8960798519151505,0.8566666666666667,0.16333333333333333,1,0.0,0.0,28.296666666666667,47.807908662134096,0.7909648271624673,0.0,0.11333333333333333,0.0,0.0,0.5433333333333333,0.0,0.06,phi
backhaul,greedy_twin,adaptive,phi_plus,radioml,15,300,0.9529700332784601,0.8960796970200282,0.8466666666666667,0.10666666666666667,1,0.0,0.0,28.14666666666667,46.461698012575205,0.8463033666117933,0.0,0.06,0.0,0.0,0.5466666666666666,0.0,0.05,phi
backhaul,greedy_twin,adaptive,phi_plus,radioml,16,300,0.9545029981640395,0.896079379751897,0.8733333333333333,0.09333333333333334,2,0.0,0.0,28.406666666666666,52.22820616299155,0.8611696648307062,0.0,0.03666666666666667,0.0,0.0,0.5,0.0,0.06333333333333334,phi
backhaul,greedy_twin,adaptive,phi_plus,radioml,17,300,0.9550121761157944,0.8960797975247451,0.8866666666666667,0.22666666666666666,1,0.0,0.0,28.486666666666668,50.37602658724773,0.7283455094491277,0.0,0.16666666666666666,0.0,0.0,0.51,0.0,0.06333333333333334,phi
backhaul,greedy_twin,adaptive,phi_plus,radioml,18,300,0.9493801070720508,0.8960795982450575,0.8866666666666667,0.22,1,0.0,0.0,28.393333333333334,47.276977362975366,0.7293801070720507,0.0,0.1,0.0,0.0,0.4866666666666667,0.0,0.14,phi
backhaul,greedy_twin,adaptive,phi_plus,radioml,19,300,0.9485985353639121,0.8960789030764732,0.8766666666666667,0.21333333333333335,3,0.0,0.0,28.493333333333332,51.214279106706954,0.7352652020305789,0.0,0.10333333333333333,0.0,0.0,0.5166666666666667,0.0,0.11666666666666667,phi
backhaul,greedy_twin,adaptive,phi_plus,radioml,20,300,0.9530504582354179,0.8960775902422691,0.8966666666666666,0.19333333333333333,1,0.0,0.0,28.53,49.62383752451085,0.7597171249020847,0.0,0.14333333333333334,0.0,0.0,0.45666666666666667,0.0,0.07333333333333333,phi
backhaul,greedy_twin,adaptive,phi_plus,radioml,21,300,0.9523806872473715,0.8960797094160478,0.8566666666666667,0.17666666666666667,1,0.0,0.0,28.32,54.02597459236431,0.7757140205807047,0.0,0.11666666666666667,0.0,0.0,0.5533333333333333,0.0,0.06333333333333334,phi
backhaul,greedy_twin,adaptive,phi_plus,radioml,22,300,0.9572398920814044,0.8960797713896248,0.85,0.11666666666666667,1,0.0,0.0,28.27,52.9834394022152,0.8405732254147376,0.0,0.08666666666666667,0.0,0.0,0.57,0.0,0.03,phi
backhaul,greedy_twin,adaptive,phi_plus,radioml,23,300,0.9501757625303014,0.8960791536030451,0.82,0.31,2,0.0,0.0,28.25,42.76108616473811,0.6401757625303013,0.0,0.21,0.0,0.0,0.56,0.0,0.11666666666666667,phi
backhaul,greedy_twin,adaptive,phi_plus,radioml,24,300,0.9558293105243437,0.8960797767365016,0.8233333333333334,0.16333333333333333,1,0.0,0.0,28.0,44.38181007228853,0.7924959771910104,0.0,0.15666666666666668,0.0,0.0,0.5466666666666666,0.0,0.006666666666666667,phi
backhaul,greedy_twin,adaptive,phi_plus,radioml,25,300,0.9515722258505518,0.8960797408646187,0.8533333333333334,0.18,1,0.0,0.0,28.286666666666665,46.19430364191165,0.7715722258505516,0.0,0.14666666666666667,0.0,0.0,0.5433333333333333,0.0,0.05,phi
backhaul,greedy_twin,adaptive,phi_plus,radioml,26,300,0.9547808678539995,0.896079794740618,0.8766666666666667,0.14,1,0.0,0.0,28.36,46.9258732291419,0.8147808678539995,0.0,0.08666666666666667,0.0,0.0,0.5433333333333333,0.0,0.05333333333333334,phi
backhaul,greedy_twin,adaptive,phi_plus,radioml,27,300,0.9535601286388158,0.896074892390616,0.8733333333333333,0.19666666666666666,2,0.0,0.0,28.403333333333332,47.004083360548194,0.7568934619721491,0.0,0.10333333333333333,0.0,0.0,0.5166666666666667,0.0,0.1,phi
backhaul,greedy_twin,adaptive,phi_plus,radioml,28,300,0.9531041643610962,0.8960792023720204,0.8466666666666667,0.17666666666666667,1,0.0,0.0,28.126666666666665,50.94452898927192,0.7764374976944295,0.0,0.15333333333333332,0.0,0.0,0.52,0.0,0.023333333333333334,phi
backhaul,greedy_twin,adaptive,phi_plus,radioml,29,300,0.953233274528753,0.8960796725017284,0.85,0.14,1,0.0,0.0,28.09,48.79807443794371,0.8132332745287529,0.0,0.10666666666666667,0.0,0.0,0.49333333333333335,0.0,0.043333333333333335,phi
backhaul,lagrangian_rl,adaptive,phi_plus,radioml,0,300,0.9276575918884252,0.695435981666453,0.76,0.14,2,0.0,0.0,27.92,45.06885980053599,0.7876575918884253,0.0,0.11,0.0,0.0,0.5866666666666667,0.0,0.04,phi
backhaul,lagrangian_rl,adaptive,phi_plus,radioml,1,300,0.9227122581514838,0.6954339223927245,0.8066666666666666,0.25,1,0.0,0.0,28.273333333333333,44.809072558752064,0.6727122581514838,0.0,0.15666666666666668,0.0,0.0,0.5033333333333333,0.0,0.10666666666666667,phi
backhaul,lagrangian_rl,adaptive,phi_plus,radioml,2,300,0.9380866980398349,0.7168410841051189,0.7933333333333333,0.21333333333333335,1,0.0,0.0,28.073333333333334,42.70631388825783,0.7247533647065015,0.0,0.18,0.0,0.0,0.5233333333333333,0.0,0.03333333333333333,phi
backhaul,lagrangian_rl,adaptive,phi_plus,radioml,3,300,0.9358491408000587,0.7760686330381632,0.7733333333333333,0.25333333333333335,1,0.0,0.0,28.026666666666667,43.73954684158021,0.6825158074667254,0.0,0.20333333333333334,0.0,0.0,0.5766666666666667,0.0,0.06,phi
backhaul,lagrangian_rl,adaptive,phi_plus,radioml,4,300,0.9308391458474958,0.716856642732475,0.81,0.17666666666666667,2,0.0,0.0,28.333333333333332,49.71352562087002,0.7541724791808292,0.0,0.10333333333333333,0.0,0.0,0.56,0.0,0.08666666666666667,phi
backhaul,lagrangian_rl,adaptive,phi_plus,radioml,5,300,0.9214008609052846,0.695435704081675,0.8333333333333334,0.18333333333333332,1,0.0,0.0,28.33,50.42815718112091,0.7380675275719514,0.0,0.17666666666666667,0.0,0.0,0.5,0.0,0.04666666666666667,phi
backhaul,lagrangian_rl,adaptive,phi_plus,radioml,6,300,0.9242528997358592,0.6954359421740937,0.76,0.22,1,0.0,0.0,28.03,42.29278396111483,0.7042528997358594,0.0,0.18333333333333332,0.0,0.0,0.5333333333333333,0.0,0.05333333333333334,phi
backhaul,lagrangian_rl,adaptive,phi_plus,radioml,7,300,0.9326714045378458,0.7789870049333643,0.8166666666666667,0.28,1,0.0,0.0,28.34,49.36739621289093,0.652671404537846,0.0,0.21333333333333335,0.0,0.0,0.54,0.0,0.08333333333333333,phi
backhaul,lagrangian_rl,adaptive,phi_plus,radioml,8,300,0.9416385199368263,0.7791964381146029,0.7366666666666667,0.13666666666666666,1,0.0,0.0,27.903333333333332,50.016668320547595,0.8049718532701594,0.0,0.07333333333333333,0.0,0.0,0.5533333333333333,0.0,0.07666666666666666,phi
backhaul,lagrangian_rl,adaptive,phi_plus,radioml,9,300,0.9346427561737136,0.7168024224351125,0.8033333333333333,0.14333333333333334,1,0.0,0.0,28.24,41.80176697771454,0.7913094228403802,0.0,0.08666666666666667,0.0,0.0,0.4866666666666667,0.0,0.056666666666666664,phi
backhaul,lagrangian_rl,adaptive,phi_plus,radioml,10,300,0.9300476359424587,0.6954359718279226,0.78,0.11333333333333333,1,0.0,0.0,28.05666666666667,47.57960320280572,0.8167143026091253,0.0,0.06666666666666667,0.0,0.0,0.5433333333333333,0.0,0.04666666666666667,phi
backhaul,lagrangian_rl,adaptive,phi_plus,radioml,11,300,0.931563192358075,0.7168500657681718,0.8233333333333334,0.25,1,0.0,0.0,28.4,48.94454589758299,0.681563192358075,0.0,0.12666666666666668,0.0,0.0,0.51,0.0,0.14666666666666667,phi
backhaul,lagrangian_rl,adaptive,phi_plus,radioml,12,300,0.9342206320953034,0.7148877129005664,0.81,0.14333333333333334,1,0.0,0.0,28.233333333333334,46.41626003005936,0.7908872987619701,0.0,0.08,0.0,0.0,0.5166666666666667,0.0,0.06333333333333334,phi
backhaul,lagrangian_rl,adaptive,phi_plus,radioml,13,300,0.9180360354744209,0.6954338876058898,0.7733333333333333,0.18,1,0.0,0.0,27.95,49.080487544655355,0.738036035474421,0.0,0.13666666666666666,0.0,0.0,0.52,0.0,0.056666666666666664,phi
backhaul,lagrangian_rl,adaptive,phi_plus,radioml,14,300,0.9268557196098615,0.7168457460724066,0.77,0.25666666666666665,1,0.0,0.0,28.033333333333335,44.81148599900923,0.6701890529431948,0.0,0.17,0.0,0.0,0.5366666666666666,0.0,0.13,phi
backhaul,lagrangian_rl,adaptive,phi_plus,radioml,15,300,0.9312776722041337,0.7736284744896337,0.7966666666666666,0.21333333333333335,1,0.0,0.0,28.19,51.759841409919794,0.7179443388708004,0.0,0.18666666666666668,0.0,0.0,0.54,0.0,0.05333333333333334,phi
backhaul,lagrangian_rl,adaptive,phi_plus,radioml,16,300,0.9222069760922379,0.7162459457863957,0.77,0.12666666666666668,1,0.0,0.0,27.98,52.27632413708579,0.7955403094255712,0.0,0.10333333333333333,0.0,0.0,0.56,0.0,0.023333333333333334,phi
backhaul,lagrangian_rl,adaptive,phi_plus,radioml,17,300,0.9286921838992612,0.7166490278243363,0.83,0.19333333333333333,1,0.0,0.0,28.38,44.51145685120829,0.7353588505659276,0.0,0.09333333333333334,0.0,0.0,0.54,0.0,0.10666666666666667,phi
backhaul,lagrangian_rl,adaptive,phi_plus,radioml,18,300,0.9198856379746477,0.6947313352714556,0.8,0.22,1,0.0,0.0,28.106666666666666,39.15867498664927,0.6998856379746478,0.0,0.13333333333333333,0.0,0.0,0.57,0.0,0.1,phi
backhaul,lagrangian_rl,adaptive,phi_plus,radioml,19,300,0.921045715953832,0.6954296942269984,0.8033333333333333,0.18666666666666668,1,0.0,0.0,28.226666666666667,47.57956228754577,0.7343790492871654,0.0,0.12,0.0,0.0,0.57,0.0,0.07333333333333333,phi
backhaul,lagrangian_rl,adaptive,phi_plus,radioml,20,300,0.9277811940435995,0.7036661450889509,0.7966666666666666,0.1,4,0.0,0.0,28.173333333333332,54.570520744345174,0.8277811940435996,0.0,0.06666666666666667,0.0,0.0,0.5166666666666667,0.0,0.03666666666666667,phi
backhaul,lagrangian_rl,adaptive,phi_plus,radioml,21,300,0.9337978051498435,0.7593618251897828,0.7966666666666666,0.22666666666666666,1,0.0,0.0,28.3,47.12805283984848,0.7071311384831768,0.0,0.14666666666666667,0.0,0.0,0.5,0.0,0.09666666666666666,phi
backhaul,lagrangian_rl,adaptive,phi_plus,radioml,22,300,0.9249663102552266,0.6954359797277271,0.8033333333333333,0.24,1,0.0,0.0,28.2,47.11104335070555,0.6849663102552266,0.0,0.16666666666666666,0.0,0.0,0.5466666666666666,0.0,0.09,phi
backhaul,lagrangian_rl,adaptive,phi_plus,radioml,23,300,0.9317125840719007,0.7157911855055836,0.8433333333333334,0.26,1,0.0,0.0,28.423333333333332,46.24597062125454,0.6717125840719007,0.0,0.19333333333333333,0.0,0.0,0.51,0.0,0.11,phi
backhaul,lagrangian_rl,adaptive,phi_plus,radioml,24,300,0.9369424019716978,0.7168636503573206,0.7933333333333333,0.19,1,0.0,0.0,28.10333333333333,44.33331310921659,0.7469424019716976,0.0,0.12,0.0,0.0,0.5466666666666666,0.0,0.07,phi
backhaul,lagrangian_rl,adaptive,phi_plus,radioml,25,300,0.9353473440969063,0.7779484023966627,0.7533333333333333,0.16,1,0.0,0.0,27.85333333333333,43.38142534002052,0.7753473440969062,0.0,0.14333333333333334,0.0,0.0,0.56,0.0,0.023333333333333334,phi
backhaul,lagrangian_rl,adaptive,phi_plus,radioml,26,300,0.9279671900849658,0.69543598764121,0.8266666666666667,0.2,2,0.0,0.0,28.35333333333333,42.978094891446204,0.7279671900849657,0.0,0.13666666666666666,0.0,0.0,0.53,0.0,0.07333333333333333,phi
backhaul,lagrangian_rl,adaptive,phi_plus,radioml,27,300,0.914886417196694,0.6817999308427554,0.7866666666666666,0.24,1,0.0,0.0,28.043333333333333,49.456582640014155,0.674886417196694,0.0,0.19,0.0,0.0,0.54,0.0,0.05,phi
backhaul,lagrangian_rl,adaptive,phi_plus,radioml,28,300,0.9323644486229493,0.776036237203055,0.7633333333333333,0.20333333333333334,1,0.0,0.0,27.976666666666667,46.74743966705867,0.7290311152896162,0.0,0.12666666666666668,0.0,0.0,0.54,0.0,0.09,phi
backhaul,lagrangian_rl,adaptive,phi_plus,radioml,29,300,0.9269751547830909,0.7649037083092194,0.78,0.19,3,0.0,0.0,27.94333333333333,50.4156213940928,0.7369751547830911,0.0,0.14,0.0,0.0,0.49333333333333335,0.0,0.05333333333333334,phi
backhaul,simplex_rta,adaptive,phi_plus,radioml,0,300,0.9590291987163251,0.9135297241624568,0.23666666666666666,0.006666666666666667,1,0.0,0.0,26.14666666666667,45.21212966786476,0.9523625320496585,0.0,0.006666666666666667,0.0,0.0,0.89,0.0,0.0,phi
backhaul,simplex_rta,adaptive,phi_plus,radioml,1,300,0.9612053927768753,0.9135710201261164,0.24,0.0033333333333333335,1,0.0,0.0,26.136666666666667,43.895647278337485,0.957872059443542,0.0,0.0033333333333333335,0.0,0.0,0.65,0.0,0.0,phi
backhaul,simplex_rta,adaptive,phi_plus,radioml,2,300,0.960055532335422,0.9135405972515118,0.27,0.0033333333333333335,1,0.0,0.0,26.16,45.276132215028454,0.9567221990020885,0.0,0.0033333333333333335,0.0,0.0,0.49333333333333335,0.0,0.0,phi
backhaul,simplex_rta,adaptive,phi_plus,radioml,3,300,0.9601282512306675,0.9136025008194991,0.25,0.006666666666666667,1,0.0,0.0,26.153333333333332,44.26179814329641,0.9534615845640008,0.0,0.006666666666666667,0.0,0.0,0.7933333333333333,0.0,0.0,phi
backhaul,simplex_rta,adaptive,phi_plus,radioml,4,300,0.9619794910630276,0.9136291489678828,0.27666666666666667,0.006666666666666667,1,0.0,0.0,26.143333333333334,44.20676113446822,0.9553128243963609,0.0,0.006666666666666667,0.0,0.0,0.6366666666666667,0.0,0.0,phi
backhaul,simplex_rta,adaptive,phi_plus,radioml,5,300,0.9559828706617471,0.9135008358177822,0.27666666666666667,0.01,1,0.0,0.0,26.143333333333334,43.60078214293432,0.9459828706617471,0.0,0.01,0.0,0.0,0.6533333333333333,0.0,0.0,phi
backhaul,simplex_rta,adaptive,phi_plus,radioml,6,300,0.9575886453394575,0.9135831254092104,0.24333333333333335,0.006666666666666667,1,0.0,0.0,26.116666666666667,44.53058185610902,0.9509219786727908,0.0,0.006666666666666667,0.0,0.0,0.7233333333333334,0.0,0.0,phi
backhaul,simplex_rta,adaptive,phi_plus,radioml,7,300,0.958272512082372,0.9135714050138509,0.22666666666666666,0.0033333333333333335,1,0.0,0.0,26.136666666666667,44.374126969209655,0.9549391787490387,0.0,0.0033333333333333335,0.0,0.0,0.7166666666666667,0.0,0.0,phi
backhaul,simplex_rta,adaptive,phi_plus,radioml,8,300,0.9612767174524927,0.9135932273669856,0.23333333333333334,0.013333333333333334,1,0.0,0.0,26.14,44.88143323853975,0.9479433841191593,0.0,0.013333333333333334,0.0,0.0,0.6633333333333333,0.0,0.0,phi
backhaul,simplex_rta,adaptive,phi_plus,radioml,9,300,0.9622016033462447,0.9135875072802614,0.25,0.01,1,0.0,0.0,26.15,44.16982908087135,0.9522016033462447,0.0,0.01,0.0,0.0,0.55,0.0,0.0,phi
backhaul,simplex_rta,adaptive,phi_plus,radioml,10,300,0.95852530058538,0.9136386592894699,0.24333333333333335,0.01,1,0.0,0.0,26.14,44.37052326430788,0.94852530058538,0.0,0.01,0.0,0.0,0.5933333333333334,0.0,0.0,phi
backhaul,simplex_rta,adaptive,phi_plus,radioml,11,300,0.959031709311447,0.9136393642073828,0.21333333333333335,0.0033333333333333335,1,0.0,0.0,26.106666666666666,44.74477789067328,0.9556983759781137,0.0,0.0033333333333333335,0.0,0.0,0.73,0.0,0.0,phi
backhaul,simplex_rta,adaptive,phi_plus,radioml,12,300,0.9620667328420518,0.913527622441263,0.24333333333333335,0.013333333333333334,1,0.0,0.0,26.14,44.64938819231507,0.9487333995087185,0.0,0.013333333333333334,0.0,0.0,0.6633333333333333,0.0,0.0,phi
backhaul,simplex_rta,adaptive,phi_plus,radioml,13,300,0.9597454336789307,0.9135827906258788,0.29,0.0033333333333333335,1,0.0,0.0,26.173333333333332,44.53661239125908,0.9564121003455974,0.0,0.0033333333333333335,0.0,0.0,0.6966666666666667,0.0,0.0,phi
backhaul,simplex_rta,adaptive,phi_plus,radioml,14,300,0.9619700841478107,0.9136099049846533,0.23,0.0033333333333333335,1,0.0,0.0,26.15,44.18296491450034,0.9586367508144773,0.0,0.0033333333333333335,0.0,0.0,0.6133333333333333,0.0,0.0,phi
backhaul,simplex_rta,adaptive,phi_plus,radioml,15,300,0.9613396068767925,0.9135260068026436,0.24333333333333335,0.01,1,0.0,0.0,26.16,45.68027477462817,0.9513396068767925,0.0,0.01,0.0,0.0,0.6266666666666667,0.0,0.0,phi
backhaul,simplex_rta,adaptive,phi_plus,radioml,16,300,0.9620850820338368,0.9135757409809363,0.25666666666666665,0.006666666666666667,1,0.0,0.0,26.13,41.1866713640943,0.9554184153671702,0.0,0.006666666666666667,0.0,0.0,0.6933333333333334,0.0,0.0,phi
backhaul,simplex_rta,adaptive,phi_plus,radioml,17,300,0.9612492560605672,0.9136965155825569,0.24333333333333335,0.006666666666666667,1,0.0,0.0,26.166666666666668,46.37983451798128,0.9545825893939006,0.0,0.006666666666666667,0.0,0.0,0.7333333333333333,0.0,0.0,phi
backhaul,simplex_rta,adaptive,phi_plus,radioml,18,300,0.9609473363435888,0.9135529723173191,0.25,0.01,1,0.0,0.0,26.136666666666667,44.83872228818269,0.9509473363435887,0.0,0.01,0.0,0.0,0.84,0.0,0.0,phi
backhaul,simplex_rta,adaptive,phi_plus,radioml,19,300,0.9591293693336689,0.9134739823817982,0.27,0.006666666666666667,1,0.0,0.0,26.16,44.26033112428095,0.9524627026670023,0.0,0.006666666666666667,0.0,0.0,0.6,0.0,0.0,phi
backhaul,simplex_rta,adaptive,phi_plus,radioml,20,300,0.9606274339648606,0.9135759367882231,0.22,0.0,1,0.0,0.0,26.136666666666667,46.0162945218184,0.9606274339648606,0.0,0.0,0.0,0.0,0.6266666666666667,0.0,0.0,phi
backhaul,simplex_rta,adaptive,phi_plus,radioml,21,300,0.9598540241986648,0.9135364968871579,0.24666666666666667,0.0033333333333333335,1,0.0,0.0,26.123333333333335,44.22143260803479,0.9565206908653315,0.0,0.0033333333333333335,0.0,0.0,0.6466666666666666,0.0,0.0,phi
backhaul,simplex_rta,adaptive,phi_plus,radioml,22,300,0.9636292319097943,0.9137261089673503,0.21,0.006666666666666667,1,0.0,0.0,26.116666666666667,44.370207717399936,0.9569625652431277,0.0,0.006666666666666667,0.0,0.0,0.5366666666666666,0.0,0.0,phi
backhaul,simplex_rta,adaptive,phi_plus,radioml,23,300,0.9566719690861426,0.9134951131211031,0.25666666666666665,0.006666666666666667,1,0.0,0.0,26.14666666666667,44.850950814781186,0.950005302419476,0.0,0.006666666666666667,0.0,0.0,0.55,0.0,0.0,phi
backhaul,simplex_rta,adaptive,phi_plus,radioml,24,300,0.9615022546971235,0.91358257970524,0.26,0.006666666666666667,1,0.0,0.0,26.143333333333334,43.64523856858016,0.9548355880304568,0.0,0.006666666666666667,0.0,0.0,0.56,0.0,0.0,phi
backhaul,simplex_rta,adaptive,phi_plus,radioml,25,300,0.9584599021769785,0.9135173032122915,0.26666666666666666,0.006666666666666667,1,0.0,0.0,26.15,46.047811230833226,0.9517932355103119,0.0,0.006666666666666667,0.0,0.0,0.81,0.0,0.0,phi
backhaul,simplex_rta,adaptive,phi_plus,radioml,26,300,0.9595847889447015,0.9134871492562148,0.25333333333333335,0.0033333333333333335,1,0.0,0.0,26.133333333333333,44.19461430879955,0.9562514556113682,0.0,0.0033333333333333335,0.0,0.0,0.59,0.0,0.0,phi
backhaul,simplex_rta,adaptive,phi_plus,radioml,27,300,0.9541861053883304,0.9135556274427916,0.21666666666666667,0.006666666666666667,1,0.0,0.0,26.11,44.16719467072149,0.9475194387216637,0.0,0.006666666666666667,0.0,0.0,0.6333333333333333,0.0,0.0,phi
backhaul,simplex_rta,adaptive,phi_plus,radioml,28,300,0.960970660472292,0.9136570624704962,0.26,0.006666666666666667,1,0.0,0.0,26.14666666666667,44.18218432059113,0.9543039938056253,0.0,0.006666666666666667,0.0,0.0,0.48,0.0,0.0,phi
backhaul,simplex_rta,adaptive,phi_plus,radioml,29,300,0.960383083520129,0.9136214203133438,0.27,0.0,1,0.0,0.0,26.17,45.38352677179279,0.960383083520129,0.0,0.0,0.0,0.0,0.47,0.0,0.0,phi
backhaul,shield_filter,adaptive,phi_plus,radioml,0,300,0.8270970483952677,0.34517526204610083,0.0,0.0,3,0.2,0.0,23.56,37.145745817174785,0.8270970483952677,0.0,0.0,0.0,0.0,0.8,0.0,0.0,phi
backhaul,shield_filter,adaptive,phi_plus,radioml,1,300,0.8456425203936232,0.3432264872360708,0.0,0.0,2,0.18,0.0,23.46,36.725225598063226,0.8456425203936232,0.0,0.0,0.0,0.0,0.82,0.0,0.0,phi
backhaul,shield_filter,adaptive,phi_plus,radioml,2,300,0.8457166131886583,0.3454931479468096,0.0,0.0,1,0.18,0.0,23.55,35.749787422944806,0.8457166131886583,0.0,0.0,0.0,0.0,0.82,0.0,0.0,phi
backhaul,shield_filter,adaptive,phi_plus,radioml,3,300,0.8361311706386513,0.3454395021012896,0.0,0.0,1,0.21,0.0,23.47,38.08861553679225,0.8361311706386513,0.0,0.0,0.0,0.0,0.79,0.0,0.0,phi
backhaul,shield_filter,adaptive,phi_plus,radioml,4,300,0.8545708574994645,0.34685599373619697,0.0,0.0,1,0.18333333333333332,0.0,23.76,39.38176603264074,0.8545708574994645,0.0,0.0,0.0,0.0,0.8166666666666667,0.0,0.0,phi
backhaul,shield_filter,adaptive,phi_plus,radioml,5,300,0.8314770659335153,0.3447193879206535,0.0,0.0,1,0.19333333333333333,0.0,23.4,37.38045643153207,0.8314770659335153,0.0,0.0,0.0,0.0,0.8066666666666666,0.0,0.0,phi
backhaul,shield_filter,adaptive,phi_plus,radioml,6,300,0.8560662366335767,0.3461515630541589,0.0,0.0,2,0.17666666666666667,0.0,23.68,38.86209534433464,0.8560662366335767,0.0,0.0,0.0,0.0,0.8233333333333334,0.0,0.0,phi
backhaul,shield_filter,adaptive,phi_plus,radioml,7,300,0.8782059226808113,0.34669329234090834,0.0,0.0,1,0.19333333333333333,0.0,23.45,35.827378968950256,0.8782059226808113,0.0,0.0,0.0,0.0,0.8066666666666666,0.0,0.0,phi
backhaul,shield_filter,adaptive,phi_plus,radioml,8,300,0.8461087593846163,0.3461636849515836,0.0,0.0,2,0.20333333333333334,0.0,23.53,39.47120523659848,0.8461087593846163,0.0,0.0,0.0,0.0,0.7966666666666666,0.0,0.0,phi
backhaul,shield_filter,adaptive,phi_plus,radioml,9,300,0.8637156209503225,0.3460046860659609,0.0,0.0,1,0.19666666666666666,0.0,23.66,39.95493375029147,0.8637156209503225,0.0,0.0,0.0,0.0,0.8033333333333333,0.0,0.0,phi
backhaul,shield_filter,adaptive,phi_plus,radioml,10,300,0.8573530902272836,0.3460381262213066,0.0,0.0,1,0.16,0.0,23.74,39.70546620889871,0.8573530902272836,0.0,0.0,0.0,0.0,0.84,0.0,0.0,phi
backhaul,shield_filter,adaptive,phi_plus,radioml,11,300,0.8660773160966652,0.3453925164355412,0.0,0.0,1,0.18666666666666668,0.0,23.65,39.088714931370134,0.8660773160966652,0.0,0.0,0.0,0.0,0.8133333333333334,0.0,0.0,phi
backhaul,shield_filter,adaptive,phi_plus,radioml,12,300,0.8567877136556397,0.34593763610755235,0.0,0.0,1,0.17333333333333334,0.0,23.55,35.77033347673537,0.8567877136556397,0.0,0.0,0.0,0.0,0.8266666666666667,0.0,0.0,phi
backhaul,shield_filter,adaptive,phi_plus,radioml,13,300,0.8361689060649068,0.3440561066207929,0.0,0.0,1,0.19,0.0,23.51,39.78778274219763,0.8361689060649068,0.0,0.0,0.0,0.0,0.81,0.0,0.0,phi
backhaul,shield_filter,adaptive,phi_plus,radioml,14,300,0.8563484548682394,0.3461143057273045,0.0,0.0,1,0.16333333333333333,0.0,23.83,39.789105631724276,0.8563484548682394,0.0,0.0,0.0,0.0,0.8366666666666667,0.0,0.0,phi
backhaul,shield_filter,adaptive,phi_plus,radioml,15,300,0.8708428212708319,0.34584882400168787,0.0,0.0,2,0.17,0.0,23.86,38.41898416824909,0.8708428212708319,0.0,0.0,0.0,0.0,0.83,0.0,0.0,phi
backhaul,shield_filter,adaptive,phi_plus,radioml,16,300,0.8543565716393884,0.34550147189566366,0.0,0.0,2,0.21,0.0,23.63,38.393118636774346,0.8543565716393884,0.0,0.0,0.0,0.0,0.79,0.0,0.0,phi
backhaul,shield_filter,adaptive,phi_plus,radioml,17,300,0.8367366200394375,0.34556792439420575,0.0,0.0,3,0.23,0.0,23.4,36.86694475845863,0.8367366200394375,0.0,0.0,0.0,0.0,0.77,0.0,0.0,phi
backhaul,shield_filter,adaptive,phi_plus,radioml,18,300,0.8405407334494354,0.346007417421418,0.0,0.0,1,0.17333333333333334,0.0,23.83,38.97829220899829,0.8405407334494354,0.0,0.0,0.0,0.0,0.8266666666666667,0.0,0.0,phi
backhaul,shield_filter,adaptive,phi_plus,radioml,19,300,0.8348116699350119,0.3461419651715099,0.0,0.0,1,0.16,0.0,23.64,39.07372105571526,0.8348116699350119,0.0,0.0,0.0,0.0,0.84,0.0,0.0,phi
backhaul,shield_filter,adaptive,phi_plus,radioml,20,300,0.8439324070961808,0.34577607701461444,0.0,0.0,1,0.18666666666666668,0.0,23.773333333333333,39.72896421565848,0.8439324070961808,0.0,0.0,0.0,0.0,0.8133333333333334,0.0,0.0,phi
backhaul,shield_filter,adaptive,phi_plus,radioml,21,300,0.853123549021184,0.34508811941721257,0.0,0.0,1,0.14333333333333334,0.0,23.74,37.91424654724173,0.853123549021184,0.0,0.0,0.0,0.0,0.8566666666666667,0.0,0.0,phi
backhaul,shield_filter,adaptive,phi_plus,radioml,22,300,0.859132518476688,0.346308988541765,0.0,0.0,1,0.15666666666666668,0.0,23.87,38.316313571665546,0.859132518476688,0.0,0.0,0.0,0.0,0.8433333333333334,0.0,0.0,phi
backhaul,shield_filter,adaptive,phi_plus,radioml,23,300,0.8449628395954014,0.345646202187436,0.0,0.0033333333333333335,2,0.18,0.0,23.59,37.81043785429207,0.8416295062620681,0.0,0.0033333333333333335,0.0,0.0,0.82,0.0,0.0,phi
backhaul,shield_filter,adaptive,phi_plus,radioml,24,300,0.8530261398604876,0.34586127389235977,0.0,0.0,1,0.17333333333333334,0.0,23.59,37.26774091377943,0.8530261398604876,0.0,0.0,0.0,0.0,0.8266666666666667,0.0,0.0,phi
backhaul,shield_filter,adaptive,phi_plus,radioml,25,300,0.8384747714636075,0.34610772915672333,0.0,0.0,1,0.18666666666666668,0.0,23.74,38.649084369324754,0.8384747714636075,0.0,0.0,0.0,0.0,0.8133333333333334,0.0,0.0,phi
backhaul,shield_filter,adaptive,phi_plus,radioml,26,300,0.8360105167072595,0.3447513212635871,0.0,0.0,1,0.22333333333333333,0.0,23.4,38.17942173639146,0.8360105167072595,0.0,0.0,0.0,0.0,0.7766666666666666,0.0,0.0,phi
backhaul,shield_filter,adaptive,phi_plus,radioml,27,300,0.8494220532609756,0.34603090317738944,0.0,0.0,1,0.19,0.0,23.54,38.45083463453742,0.8494220532609756,0.0,0.0,0.0,0.0,0.81,0.0,0.0,phi
backhaul,shield_filter,adaptive,phi_plus,radioml,28,300,0.8560358650987762,0.3458024225468206,0.0,0.0,1,0.15333333333333332,0.0,23.72,39.55121543751028,0.8560358650987762,0.0,0.0,0.0,0.0,0.8466666666666667,0.0,0.0,phi
backhaul,shield_filter,adaptive,phi_plus,radioml,29,300,0.8728825746892236,0.3461648949513794,0.0,0.0,1,0.14666666666666667,0.0,23.73,36.33451878988958,0.8728825746892236,0.0,0.0,0.0,0.0,0.8533333333333334,0.0,0.0,phi
backhaul,shield_repair,adaptive,phi_plus,radioml,0,300,0.9529456324560567,0.8960055377257118,0.0,0.0,1,0.0,0.7093333333333334,25.35,43.43085393196279,0.9529456324560567,0.0,0.0,0.0,0.0,0.8166666666666667,0.0,0.0,phi
backhaul,shield_repair,adaptive,phi_plus,radioml,1,300,0.9508739754812082,0.8960521581535683,0.0,0.0,3,0.0,0.7173333333333334,25.36,42.29736258726175,0.9508739754812082,0.0,0.0,0.0,0.0,0.8066666666666666,0.0,0.0,phi
backhaul,shield_repair,adaptive,phi_plus,radioml,2,300,0.9552544724159588,0.8960007299924971,0.0,0.0,1,0.0,0.71,25.3,40.248582405407284,0.9552544724159588,0.0,0.0,0.0,0.0,0.8166666666666667,0.0,0.0,phi
backhaul,shield_repair,adaptive,phi_plus,radioml,3,300,0.9559131075047272,0.8960246630176201,0.0,0.0,1,0.0,0.7246666666666667,25.38,43.40366409429188,0.9559131075047272,0.0,0.0,0.0,0.0,0.8133333333333334,0.0,0.0,phi
backhaul,shield_repair,adaptive,phi_plus,radioml,4,300,0.9517854240667506,0.8960484342903271,0.0,0.0,3,0.0,0.7073333333333334,25.31,39.47566431594787,0.9517854240667506,0.0,0.0,0.0,0.0,0.8066666666666666,0.0,0.0,phi
backhaul,shield_repair,adaptive,phi_plus,radioml,5,300,0.9502673942499162,0.8960565846883816,0.0,0.0,1,0.0,0.7313333333333333,25.23,41.18248050830323,0.9502673942499162,0.0,0.0,0.0,0.0,0.8166666666666667,0.0,0.0,phi
backhaul,shield_repair,adaptive,phi_plus,radioml,6,300,0.9540851130461564,0.8960627612051189,0.0,0.0,2,0.0,0.7033333333333334,25.27,40.817382928561656,0.9540851130461564,0.0,0.0,0.0,0.0,0.8266666666666667,0.0,0.0,phi
backhaul,shield_repair,adaptive,phi_plus,radioml,7,300,0.952646906015708,0.8958414193704349,0.0,0.0,2,0.0,0.716,25.28,42.754058808579344,0.952646906015708,0.0,0.0,0.0,0.0,0.83,0.0,0.0,phi
backhaul,shield_repair,adaptive,phi_plus,radioml,8,300,0.9549573245449717,0.8960019853143143,0.0,0.0,1,0.0,0.7233333333333334,25.27,41.94038772107217,0.9549573245449717,0.0,0.0,0.0,0.0,0.79,0.0,0.0,phi
backhaul,shield_repair,adaptive,phi_plus,radioml,9,300,0.9531748729367677,0.8960415692669722,0.0,0.0,2,0.0,0.7253333333333334,25.36,41.424368131895,0.9531748729367677,0.0,0.0,0.0,0.0,0.79,0.0,0.0,phi
backhaul,shield_repair,adaptive,phi_plus,radioml,10,300,0.95473977636742,0.896053762767555,0.0,0.0,1,0.0,0.7026666666666667,25.4,42.79646359984839,0.95473977636742,0.0,0.0,0.0,0.0,0.83,0.0,0.0,phi
backhaul,shield_repair,adaptive,phi_plus,radioml,11,300,0.954918184346808,0.8960491364901975,0.0,0.0,1,0.0,0.7213333333333334,25.32,40.49908089190399,0.954918184346808,0.0,0.0,0.0,0.0,0.81,0.0,0.0,phi
backhaul,shield_repair,adaptive,phi_plus,radioml,12,300,0.9552699705783878,0.8959746315907674,0.0,0.0,1,0.0,0.7286666666666667,25.38,42.79674677588287,0.9552699705783878,0.0,0.0,0.0,0.0,0.8066666666666666,0.0,0.0,phi
backhaul,shield_repair,adaptive,phi_plus,radioml,13,300,0.9479543558060275,0.8959713702883334,0.0,0.0,1,0.0,0.7306666666666667,25.45,43.3640790141188,0.9479543558060275,0.0,0.0,0.0,0.0,0.7733333333333333,0.0,0.0,phi
backhaul,shield_repair,adaptive,phi_plus,radioml,14,300,0.9542539557978421,0.896052833599021,0.0,0.0,1,0.0,0.704,25.33,41.775259227251176,0.9542539557978421,0.0,0.0,0.0,0.0,0.8266666666666667,0.0,0.0,phi
backhaul,shield_repair,adaptive,phi_plus,radioml,15,300,0.9559918937210293,0.896055870660236,0.0,0.0,1,0.0,0.69,25.29,42.374906785787594,0.9559918937210293,0.0,0.0,0.0,0.0,0.8433333333333334,0.0,0.0,phi
backhaul,shield_repair,adaptive,phi_plus,radioml,16,300,0.9522398589241743,0.8956951932515093,0.0,0.0,2,0.0,0.7306666666666667,25.35,41.1864763987571,0.9522398589241743,0.0,0.0,0.0,0.0,0.8333333333333334,0.0,0.0,phi
backhaul,shield_repair,adaptive,phi_plus,radioml,17,300,0.953940347381707,0.8960649571762856,0.0,0.0,1,0.0,0.74,25.34,40.59560161477786,0.953940347381707,0.0,0.0,0.0,0.0,0.7966666666666666,0.0,0.0,phi
backhaul,shield_repair,adaptive,phi_plus,radioml,18,300,0.9496725766767675,0.8959788187074532,0.0,0.0,1,0.0,0.73,25.39,40.56642161385932,0.9496725766767675,0.0,0.0,0.0,0.0,0.83,0.0,0.0,phi
backhaul,shield_repair,adaptive,phi_plus,radioml,19,300,0.9506270450854243,0.896027499737951,0.0,0.0,3,0.0,0.7106666666666667,25.38,42.094715555149996,0.9506270450854243,0.0,0.0,0.0,0.0,0.8366666666666667,0.0,0.0,phi
backhaul,shield_repair,adaptive,phi_plus,radioml,20,300,0.9568384563400347,0.8960411593754241,0.0,0.0,1,0.0,0.7313333333333333,25.33,41.63825086514398,0.9568384563400347,0.0,0.0,0.0,0.0,0.7966666666666666,0.0,0.0,phi
backhaul,shield_repair,adaptive,phi_plus,radioml,21,300,0.9551330269217999,0.8960218401293685,0.0,0.0,1,0.0,0.7206666666666667,25.21,39.26249184245522,0.9551330269217999,0.0,0.0,0.0,0.0,0.83,0.0,0.0,phi
backhaul,shield_repair,adaptive,phi_plus,radioml,22,300,0.9525724760534626,0.8958995346212254,0.0,0.0,1,0.0,0.7166666666666667,25.37,42.53288993186516,0.9525724760534626,0.0,0.0,0.0,0.0,0.82,0.0,0.0,phi
backhaul,shield_repair,adaptive,phi_plus,radioml,23,300,0.9522819399198672,0.8960586499103522,0.0,0.0,2,0.0,0.692,25.08,39.36112364580814,0.9522819399198672,0.0,0.0,0.0,0.0,0.8466666666666667,0.0,0.0,phi
backhaul,shield_repair,adaptive,phi_plus,radioml,24,300,0.9537931760555286,0.8960462849049313,0.0,0.0,1,0.0,0.6966666666666667,25.17,40.736912033335365,0.9537931760555286,0.0,0.0,0.0,0.0,0.8266666666666667,0.0,0.0,phi
backhaul,shield_repair,adaptive,phi_plus,radioml,25,300,0.9518314656051822,0.8958485152998654,0.0,0.0,1,0.0,0.7233333333333334,25.34,40.94836029008128,0.9518314656051822,0.0,0.0,0.0,0.0,0.8066666666666666,0.0,0.0,phi
backhaul,shield_repair,adaptive,phi_plus,radioml,26,300,0.9553347732934363,0.8960564162712649,0.0,0.0,1,0.0,0.736,25.37,40.88736534310436,0.9553347732934363,0.0,0.0,0.0,0.0,0.7833333333333333,0.0,0.0,phi
backhaul,shield_repair,adaptive,phi_plus,radioml,27,300,0.9526210340028601,0.8960650232430564,0.0,0.0,2,0.0,0.7133333333333334,25.35,42.06628176822097,0.9526210340028601,0.0,0.0,0.0,0.0,0.8166666666666667,0.0,0.0,phi
backhaul,shield_repair,adaptive,phi_plus,radioml,28,300,0.9515944820975772,0.895950620755543,0.0,0.0,1,0.0,0.7086666666666667,25.21,41.609483269411555,0.9515944820975772,0.0,0.0,0.0,0.0,0.8333333333333334,0.0,0.0,phi
backhaul,shield_repair,adaptive,phi_plus,radioml,29,300,0.9524648610475254,0.8960414105670217,0.0,0.0,1,0.0,0.7173333333333334,25.33,41.03684792142007,0.9524648610475254,0.0,0.0,0.0,0.0,0.8066666666666666,0.0,0.0,phi
compromised_xapp,greedy_twin,adaptive,phi_plus,radioml,0,300,0.9819743197496469,0.9739190441285988,0.95,0.7133333333333334,1,0.0,0.0,29.323333333333334,45.886534863958296,0.2686409864163136,0.0,0.17666666666666667,0.42,0.0,0.15666666666666668,0.0,0.6166666666666667,phi
compromised_xapp,greedy_twin,adaptive,phi_plus,radioml,1,300,0.9822891508683934,0.9739270652381126,0.96,0.74,1,0.0,0.0,29.32,52.465571218898354,0.24228915086839342,0.0,0.13333333333333333,0.37666666666666665,0.0,0.15,0.0,0.6033333333333334,phi
compromised_xapp,greedy_twin,adaptive,phi_plus,radioml,2,300,0.9826747176798606,0.9739647454867866,0.9533333333333334,0.8233333333333334,1,0.0,0.0,29.383333333333333,51.5047431432904,0.15934138434652745,0.0,0.21,0.45,0.0,0.14666666666666667,0.0,0.6733333333333333,phi
compromised_xapp,greedy_twin,adaptive,phi_plus,radioml,3,300,0.9827295113999761,0.9739669301578373,0.96,0.69,1,0.0,0.0,29.243333333333332,44.82180563273433,0.29272951139997616,0.0,0.16666666666666666,0.37333333333333335,0.0,0.15,0.0,0.5433333333333333,phi
compromised_xapp,greedy_twin,adaptive,phi_plus,radioml,4,300,0.9827283741435188,0.9739800708424439,0.9633333333333334,0.7433333333333333,1,0.0,0.0,29.316666666666666,45.84489195447584,0.23939504081018556,0.0,0.21333333333333335,0.37,0.0,0.16666666666666666,0.0,0.58,phi
compromised_xapp,greedy_twin,adaptive,phi_plus,radioml,5,300,0.9825796025665902,0.9739933632465858,0.9466666666666667,0.7733333333333333,1,0.0,0.0,29.323333333333334,51.69355429531068,0.20924626923325673,0.0,0.23666666666666666,0.41,0.0,0.16666666666666666,0.0,0.65,phi
compromised_xapp,greedy_twin,adaptive,phi_plus,radioml,6,300,0.9819836949855014,0.9739626925355619,0.9533333333333334,0.7,1,0.0,0.0,29.31,52.07315226828294,0.28198369498550135,0.0,0.15,0.39666666666666667,0.0,0.17666666666666667,0.0,0.5766666666666667,phi
compromised_xapp,greedy_twin,adaptive,phi_plus,radioml,7,300,0.9829825613086045,0.9739773332265773,0.9633333333333334,0.7166666666666667,1,0.0,0.0,29.3,51.65591523657196,0.2663158946419378,0.0,0.17333333333333334,0.4,0.0,0.15666666666666668,0.0,0.55,phi
compromised_xapp,greedy_twin,adaptive,phi_plus,radioml,8,300,0.9822652154161464,0.9739849692057193,0.9633333333333334,0.8066666666666666,1,0.0,0.0,29.48,48.663821784452345,0.17559854874947964,0.0,0.23,0.4166666666666667,0.0,0.14666666666666667,0.0,0.7033333333333334,phi
compromised_xapp,greedy_twin,adaptive,phi_plus,radioml,9,300,0.9823732596905046,0.9739693516611045,0.9633333333333334,0.6966666666666667,1,0.0,0.0,29.386666666666667,48.31923382493745,0.28570659302383794,0.0,0.12333333333333334,0.4166666666666667,0.0,0.14666666666666667,0.0,0.57,phi
compromised_xapp,greedy_twin,adaptive,phi_plus,radioml,10,300,0.981656184664796,0.9739640286248404,0.9666666666666667,0.82,1,0.0,0.0,29.52,48.740565675309554,0.16165618466479606,0.0,0.14333333333333334,0.4033333333333333,0.0,0.13,0.0,0.7266666666666667,phi
compromised_xapp,greedy_twin,adaptive,phi_plus,radioml,11,300,0.9817590633759675,0.973941181837185,0.9466666666666667,0.78,1,0.0,0.0,29.326666666666668,49.375177339830216,0.20175906337596758,0.0,0.22666666666666666,0.4033333333333333,0.0,0.16666666666666666,0.0,0.6466666666666666,phi
compromised_xapp,greedy_twin,adaptive,phi_plus,radioml,12,300,0.9828374527322509,0.9739867451607248,0.9666666666666667,0.7533333333333333,1,0.0,0.0,29.35333333333333,54.66082610196377,0.2295041193989176,0.0,0.3233333333333333,0.39,0.0,0.16666666666666666,0.0,0.5966666666666667,phi
compromised_xapp,greedy_twin,adaptive,phi_plus,radioml,13,300,0.982669123382021,0.973956892599431,0.9333333333333333,0.67,1,0.0,0.0,29.076666666666668,43.9771667995713,0.31266912338202074,0.0,0.25333333333333335,0.38,0.0,0.16333333333333333,0.0,0.5033333333333333,phi
compromised_xapp,greedy_twin,adaptive,phi_plus,radioml,14,300,0.9821143823308063,0.973955666704729,0.9533333333333334,0.7666666666666667,1,0.0,0.0,29.343333333333334,47.56046959530598,0.21544771566413976,0.0,0.15666666666666668,0.39,0.0,0.17333333333333334,0.0,0.67,phi
compromised_xapp,greedy_twin,adaptive,phi_plus,radioml,15,300,0.982109564129723,0.973952091175819,0.9733333333333334,0.79,1,0.0,0.0,29.51,50.35213684642619,0.19210956412972288,0.0,0.31333333333333335,0.3933333333333333,0.0,0.16333333333333333,0.0,0.6966666666666667,phi
compromised_xapp,greedy_twin,adaptive,phi_plus,radioml,16,300,0.9824132006765689,0.9739575525892047,0.9566666666666667,0.79,1,0.0,0.0,29.39666666666667,45.06140556152989,0.19241320067656886,0.0,0.20666666666666667,0.4166666666666667,0.0,0.17333333333333334,0.0,0.6366666666666667,phi
compromised_xapp,greedy_twin,adaptive,phi_plus,radioml,17,300,0.9819933541869977,0.9739666120672835,0.9633333333333334,0.7433333333333333,1,0.0,0.0,29.383333333333333,51.25551013265814,0.23866002085366436,0.0,0.14,0.4266666666666667,0.0,0.11666666666666667,0.0,0.6133333333333333,phi
compromised_xapp,greedy_twin,adaptive,phi_plus,radioml,18,300,0.9831320402738927,0.973983592742047,0.9666666666666667,0.7266666666666667,1,0.0,0.0,29.346666666666668,47.84217378212445,0.2564653736072262,0.0,0.23666666666666666,0.36,0.0,0.14333333333333334,0.0,0.5933333333333334,phi
compromised_xapp,greedy_twin,adaptive,phi_plus,radioml,19,300,0.9831748834661407,0.9739709222297215,0.9666666666666667,0.7533333333333333,1,0.0,0.0,29.4,54.48753516458827,0.2298415501328074,0.0,0.2,0.36333333333333334,0.0,0.15333333333333332,0.0,0.61,phi
compromised_xapp,greedy_twin,adaptive,phi_plus,radioml,20,300,0.9816194068673129,0.9739906909602895,0.96,0.7466666666666667,1,0.0,0.0,29.406666666666666,53.68105175536601,0.23495274020064638,0.0,0.21,0.42,0.0,0.15333333333333332,0.0,0.6233333333333333,phi
compromised_xapp,greedy_twin,adaptive,phi_plus,radioml,21,300,0.9817368484201726,0.9739795648274359,0.95,0.7533333333333333,1,0.0,0.0,29.286666666666665,42.32551662045144,0.22840351508683923,0.0,0.20333333333333334,0.3566666666666667,0.0,0.17,0.0,0.61,phi
compromised_xapp,greedy_twin,adaptive,phi_plus,radioml,22,300,0.981389565411665,0.9739466896462401,0.96,0.7266666666666667,1,0.0,0.0,29.326666666666668,52.19466939432807,0.25472289874499826,0.0,0.20666666666666667,0.37333333333333335,0.0,0.15333333333333332,0.0,0.6366666666666667,phi
compromised_xapp,greedy_twin,adaptive,phi_plus,radioml,23,300,0.9817234563720642,0.9739785594451624,0.94,0.7433333333333333,1,0.0,0.0,29.313333333333333,49.51169317045492,0.23839012303873092,0.0,0.16666666666666666,0.44,0.0,0.14666666666666667,0.0,0.6333333333333333,phi
compromised_xapp,greedy_twin,adaptive,phi_plus,radioml,24,300,0.981687021826323,0.973985047906062,0.9633333333333334,0.78,1,0.0,0.0,29.473333333333333,48.37274003971321,0.20168702182632303,0.0,0.19,0.41,0.0,0.15333333333333332,0.0,0.7033333333333334,phi
compromised_xapp,greedy_twin,adaptive,phi_plus,radioml,25,300,0.9814424616853266,0.9739447418718474,0.9633333333333334,0.7966666666666666,1,0.0,0.0,29.37,50.201180622771474,0.18477579501865987,0.0,0.31333333333333335,0.36,0.0,0.13666666666666666,0.0,0.62,phi
compromised_xapp,greedy_twin,adaptive,phi_plus,radioml,26,300,0.9833384962123192,0.973973425828331,0.9566666666666667,0.76,1,0.0,0.0,29.363333333333333,50.19624395455001,0.22333849621231924,0.0,0.12666666666666668,0.4,0.0,0.13666666666666666,0.0,0.6733333333333333,phi
compromised_xapp,greedy_twin,adaptive,phi_plus,radioml,27,300,0.980556886266259,0.9739830416648794,0.97,0.7366666666666667,1,0.0,0.0,29.406666666666666,50.025846901727334,0.24389021959959237,0.0,0.12666666666666668,0.39,0.0,0.17333333333333334,0.0,0.6133333333333333,phi
compromised_xapp,greedy_twin,adaptive,phi_plus,radioml,28,300,0.9822477544486082,0.9739764482727249,0.9633333333333334,0.6866666666666666,1,0.0,0.0,29.273333333333333,47.799779181966855,0.2955810877819417,0.0,0.12666666666666668,0.4266666666666667,0.0,0.15,0.0,0.5533333333333333,phi
compromised_xapp,greedy_twin,adaptive,phi_plus,radioml,29,300,0.980500764003477,0.973968959032852,0.96,0.74,1,0.0,0.0,29.346666666666668,53.11756431576132,0.24050076400347697,0.0,0.18,0.4033333333333333,0.0,0.15,0.0,0.6,phi
compromised_xapp,lagrangian_rl,adaptive,phi_plus,radioml,0,300,0.9653687347518166,0.7791999913750276,0.9233333333333333,0.7666666666666667,1,0.0,0.0,29.156666666666666,49.53395222193023,0.1987020680851501,0.0,0.32,0.3933333333333333,0.0,0.17333333333333334,0.0,0.5666666666666667,phi
compromised_xapp,lagrangian_rl,adaptive,phi_plus,radioml,1,300,0.9604347751654772,0.7791999521489301,0.9566666666666667,0.7966666666666666,1,0.0,0.0,29.446666666666665,54.41286694232579,0.1637681084988107,0.0,0.16666666666666666,0.43666666666666665,0.0,0.13666666666666666,0.0,0.6766666666666666,phi
compromised_xapp,lagrangian_rl,adaptive,phi_plus,radioml,2,300,0.9428458739270524,0.7787911905920735,0.9366666666666666,0.77,1,0.0,0.0,29.186666666666667,44.99818609116021,0.17284587392705233,0.0,0.20333333333333334,0.47333333333333333,0.0,0.16666666666666666,0.0,0.5533333333333333,phi
compromised_xapp,lagrangian_rl,adaptive,phi_plus,radioml,3,300,0.9598409047539076,0.7791999120809142,0.9433333333333334,0.7366666666666667,1,0.0,0.0,29.266666666666666,50.00473409418187,0.22317423808724104,0.0,0.25,0.4166666666666667,0.0,0.14,0.0,0.57,phi
compromised_xapp,lagrangian_rl,adaptive,phi_plus,radioml,4,300,0.9597965162450179,0.7791999115984334,0.9566666666666667,0.7833333333333333,1,0.0,0.0,29.39,54.29650676641512,0.1764631829116847,0.0,0.16666666666666666,0.43,0.0,0.15666666666666668,0.0,0.6633333333333333,phi
compromised_xapp,lagrangian_rl,adaptive,phi_plus,radioml,5,300,0.9578439976994724,0.7791986391609419,0.9466666666666667,0.7966666666666666,1,0.0,0.0,29.33,50.076018392273674,0.16117733103280568,0.0,0.17666666666666667,0.4633333333333333,0.0,0.16666666666666666,0.0,0.65,phi
compromised_xapp,lagrangian_rl,adaptive,phi_plus,radioml,6,300,0.9605283611153976,0.7791998744914485,0.96,0.7933333333333333,1,0.0,0.0,29.483333333333334,52.64489471394608,0.1671950277820643,0.0,0.19333333333333333,0.4666666666666667,0.0,0.13,0.0,0.6733333333333333,phi
compromised_xapp,lagrangian_rl,adaptive,phi_plus,radioml,7,300,0.9556130268901682,0.7791689034590102,0.9533333333333334,0.8233333333333334,1,0.0,0.0,29.263333333333332,52.98988889385114,0.13227969355683486,0.0,0.2733333333333333,0.49,0.0,0.12666666666666668,0.0,0.62,phi
compromised_xapp,lagrangian_rl,adaptive,phi_plus,radioml,8,300,0.9517389072667197,0.7790437250433039,0.9566666666666667,0.7633333333333333,1,0.0,0.0,29.336666666666666,52.7974070037711,0.1884055739333863,0.0,0.22666666666666666,0.45,0.0,0.14666666666666667,0.0,0.5666666666666667,phi
compromised_xapp,lagrangian_rl,adaptive,phi_plus,radioml,9,300,0.9672750333466589,0.7791999917081842,0.9433333333333334,0.8,1,0.0,0.0,29.37,45.47998241444279,0.16727503334665883,0.0,0.19333333333333333,0.44,0.0,0.13333333333333333,0.0,0.6966666666666667,phi
compromised_xapp,lagrangian_rl,adaptive,phi_plus,radioml,10,300,0.9622643873656959,0.7791997972820749,0.93,0.74,1,0.0,0.0,29.156666666666666,49.336358511484676,0.22226438736569587,0.0,0.18666666666666668,0.44333333333333336,0.0,0.14333333333333334,0.0,0.5566666666666666,phi
compromised_xapp,lagrangian_rl,adaptive,phi_plus,radioml,11,300,0.9538094878669893,0.7791980845320834,0.9466666666666667,0.8133333333333334,1,0.0,0.0,29.323333333333334,52.030205372496084,0.1404761545336559,0.0,0.25,0.4766666666666667,0.0,0.14666666666666667,0.0,0.6133333333333333,phi
compromised_xapp,lagrangian_rl,adaptive,phi_plus,radioml,12,300,0.9620886442023114,0.7791999476858902,0.9533333333333334,0.8233333333333334,1,0.0,0.0,29.403333333333332,44.269992930723184,0.13875531086897797,0.0,0.2633333333333333,0.41333333333333333,0.0,0.13666666666666666,0.0,0.6566666666666666,phi
compromised_xapp,lagrangian_rl,adaptive,phi_plus,radioml,13,300,0.9644352043519299,0.7791999449636264,0.93,0.79,1,0.0,0.0,29.28,46.15575735028056,0.17443520435192975,0.0,0.16666666666666666,0.4533333333333333,0.0,0.16,0.0,0.67,phi
compromised_xapp,lagrangian_rl,adaptive,phi_plus,radioml,14,300,0.9596698257481338,0.7791999258922147,0.95,0.7733333333333333,1,0.0,0.0,29.336666666666666,48.17885695296277,0.18633649241480052,0.0,0.21,0.4533333333333333,0.0,0.14333333333333334,0.0,0.65,phi
compromised_xapp,lagrangian_rl,adaptive,phi_plus,radioml,15,300,0.9569451967994576,0.7791999398919688,0.93,0.7366666666666667,1,0.0,0.0,29.253333333333334,48.39175843543312,0.22027853013279086,0.0,0.15333333333333332,0.4,0.0,0.15666666666666668,0.0,0.6166666666666667,phi
compromised_xapp,lagrangian_rl,adaptive,phi_plus,radioml,16,300,0.9570301850032926,0.7791903047281055,0.96,0.8,1,0.0,0.0,29.426666666666666,53.75406224165414,0.15703018500329258,0.0,0.23,0.46,0.0,0.13,0.0,0.6466666666666666,phi
compromised_xapp,lagrangian_rl,adaptive,phi_plus,radioml,17,300,0.9590391276507929,0.7791929366123624,0.9733333333333334,0.7666666666666667,1,0.0,0.0,29.486666666666668,54.8178090039236,0.19237246098412625,0.0,0.21333333333333335,0.49,0.0,0.11333333333333333,0.0,0.64,phi
compromised_xapp,lagrangian_rl,adaptive,phi_plus,radioml,18,300,0.9644099856309091,0.779199950452824,0.9633333333333334,0.78,1,0.0,0.0,29.44,49.055069896442895,0.18440998563090907,0.0,0.17666666666666667,0.47,0.0,0.13666666666666666,0.0,0.6833333333333333,phi
compromised_xapp,lagrangian_rl,adaptive,phi_plus,radioml,19,300,0.9634288580776621,0.7791996148742293,0.94,0.74,1,0.0,0.0,29.36,51.18970106437049,0.22342885807766208,0.0,0.12666666666666668,0.4266666666666667,0.0,0.2,0.0,0.6266666666666667,phi
compromised_xapp,lagrangian_rl,adaptive,phi_plus,radioml,20,300,0.9666747434357217,0.9453423808838842,0.9566666666666667,0.8166666666666667,1,0.0,0.0,29.47,47.02873212740185,0.15000807676905506,0.0,0.24666666666666667,0.45,0.0,0.14333333333333334,0.0,0.68,phi
compromised_xapp,lagrangian_rl,adaptive,phi_plus,radioml,21,300,0.9592106524950064,0.7791991997855479,0.9366666666666666,0.7633333333333333,1,0.0,0.0,29.226666666666667,50.02230875863321,0.19587731916167306,0.0,0.15666666666666668,0.43333333333333335,0.0,0.14,0.0,0.5933333333333334,phi
compromised_xapp,lagrangian_rl,adaptive,phi_plus,radioml,22,300,0.953277679088665,0.7791894491024478,0.9366666666666666,0.7533333333333333,1,0.0,0.0,29.29,50.27300882119987,0.19994434575533165,0.0,0.16333333333333333,0.44,0.0,0.19666666666666666,0.0,0.61,phi
compromised_xapp,lagrangian_rl,adaptive,phi_plus,radioml,23,300,0.9512863526935693,0.779199843441693,0.94,0.78,1,0.0,0.0,29.233333333333334,49.91401103765817,0.17128635269356926,0.0,0.20333333333333334,0.49,0.0,0.18666666666666668,0.0,0.6066666666666667,phi
compromised_xapp,lagrangian_rl,adaptive,phi_plus,radioml,24,300,0.9524676207896179,0.7791987530185098,0.9466666666666667,0.8333333333333334,1,0.0,0.0,29.273333333333333,53.52270776116489,0.11913428745628439,0.0,0.3333333333333333,0.4666666666666667,0.0,0.14666666666666667,0.0,0.63,phi
compromised_xapp,lagrangian_rl,adaptive,phi_plus,radioml,25,300,0.9657940694661986,0.779199870418909,0.9666666666666667,0.7533333333333333,1,0.0,0.0,29.49,54.12780642326064,0.2124607361328654,0.0,0.08333333333333333,0.42,0.0,0.15333333333333332,0.0,0.65,phi
compromised_xapp,lagrangian_rl,adaptive,phi_plus,radioml,26,300,0.9639200027833887,0.7791999988940362,0.94,0.7433333333333333,1,0.0,0.0,29.22,45.19984958583762,0.22058666945005542,0.0,0.18333333333333332,0.4066666666666667,0.0,0.14666666666666667,0.0,0.59,phi
compromised_xapp,lagrangian_rl,adaptive,phi_plus,radioml,27,300,0.9567258611765703,0.7791989563327457,0.9566666666666667,0.77,1,0.0,0.0,29.433333333333334,50.38274645556185,0.18672586117657036,0.0,0.26,0.44333333333333336,0.0,0.13666666666666666,0.0,0.68,phi
compromised_xapp,lagrangian_rl,adaptive,phi_plus,radioml,28,300,0.9604688374105783,0.7791999381708522,0.9566666666666667,0.8066666666666666,1,0.0,0.0,29.25,49.71421622835124,0.15380217074391167,0.0,0.25,0.45666666666666667,0.0,0.16,0.0,0.6166666666666667,phi
compromised_xapp,lagrangian_rl,adaptive,phi_plus,radioml,29,300,0.9541410710869627,0.7791978838755432,0.9233333333333333,0.7466666666666667,1,0.0,0.0,29.14666666666667,52.97182120266102,0.2074744044202962,0.0,0.19333333333333333,0.43666666666666665,0.0,0.16666666666666666,0.0,0.6333333333333333,phi
compromised_xapp,simplex_rta,adaptive,phi_plus,radioml,0,300,0.9927375686912425,0.9926116444811222,0.26666666666666666,0.02,1,0.0,0.0,26.153333333333332,44.365948636959445,0.9727375686912425,0.0,0.0033333333333333335,0.02,0.0,0.15333333333333332,0.0,0.0,phi
compromised_xapp,simplex_rta,adaptive,phi_plus,radioml,1,300,0.9926848519709492,0.9929112240099324,0.25333333333333335,0.023333333333333334,1,0.0,0.0,26.163333333333334,44.91232554102669,0.9693515186376159,0.0,0.006666666666666667,0.02,0.0,0.11666666666666667,0.0,0.0,phi
compromised_xapp,simplex_rta,adaptive,phi_plus,radioml,2,300,0.9931870785521064,0.9931709080006142,0.25666666666666665,0.02666666666666667,1,0.0,0.0,26.17,44.16955129138156,0.9665204118854397,0.0,0.013333333333333334,0.023333333333333334,0.0,0.20666666666666667,0.0,0.0,phi
compromised_xapp,simplex_rta,adaptive,phi_plus,radioml,3,300,0.9929871118958528,0.9931936674419731,0.2833333333333333,0.02,1,0.0,0.0,26.16,44.17139991090964,0.9729871118958527,0.0,0.006666666666666667,0.016666666666666666,0.0,0.25,0.0,0.0,phi
compromised_xapp,simplex_rta,adaptive,phi_plus,radioml,4,300,0.9929126967005945,0.9931463155609543,0.26666666666666666,0.013333333333333334,1,0.0,0.0,26.15,44.17238387336216,0.979579363367261,0.0,0.01,0.01,0.0,0.26,0.0,0.0,phi
compromised_xapp,simplex_rta,adaptive,phi_plus,radioml,5,300,0.9927370647698285,0.9929839989694691,0.3,0.016666666666666666,1,0.0,0.0,26.173333333333332,44.20098739242496,0.9760703981031619,0.0,0.006666666666666667,0.016666666666666666,0.0,0.23333333333333334,0.0,0.0,phi
compromised_xapp,simplex_rta,adaptive,phi_plus,radioml,6,300,0.9931823139338845,0.9932026823473378,0.2633333333333333,0.02,1,0.0,0.0,26.156666666666666,44.24884658131369,0.9731823139338845,0.0,0.006666666666666667,0.013333333333333334,0.0,0.10333333333333333,0.0,0.0,phi
compromised_xapp,simplex_rta,adaptive,phi_plus,radioml,7,300,0.9928645638634037,0.9931479226088503,0.2866666666666667,0.023333333333333334,1,0.0,0.0,26.16,44.537656667042896,0.9695312305300704,0.0,0.01,0.016666666666666666,0.0,0.21,0.0,0.0,phi
compromised_xapp,simplex_rta,adaptive,phi_plus,radioml,8,300,0.992886372862931,0.993083622541682,0.25333333333333335,0.016666666666666666,1,0.0,0.0,26.14666666666667,44.185657371954214,0.9762197061962644,0.0,0.006666666666666667,0.013333333333333334,0.0,0.09,0.0,0.0,phi
compromised_xapp,simplex_rta,adaptive,phi_plus,radioml,9,300,0.9928538183650271,0.9929801452589808,0.25,0.016666666666666666,1,0.0,0.0,26.14666666666667,44.25938215863634,0.9761871516983603,0.0,0.006666666666666667,0.013333333333333334,0.0,0.19,0.0,0.0,phi
compromised_xapp,simplex_rta,adaptive,phi_plus,radioml,10,300,0.9906537398769054,0.9930880860607338,0.2733333333333333,0.023333333333333334,1,0.0,0.0,26.2,44.25955526739391,0.9673204065435721,0.0,0.006666666666666667,0.02,0.0,0.22666666666666666,0.0,0.0,phi
compromised_xapp,simplex_rta,adaptive,phi_plus,radioml,11,300,0.9926260465834215,0.992894775624117,0.26666666666666666,0.02666666666666667,1,0.0,0.0,26.14666666666667,44.46985612846347,0.9659593799167548,0.0,0.013333333333333334,0.02,0.0,0.11666666666666667,0.0,0.0,phi
compromised_xapp,simplex_rta,adaptive,phi_plus,radioml,12,300,0.9926213604018619,0.9931149435497868,0.2633333333333333,0.023333333333333334,1,0.0,0.0,26.163333333333334,44.20866235050818,0.9692880270685286,0.0,0.016666666666666666,0.016666666666666666,0.0,0.36333333333333334,0.0,0.0,phi
compromised_xapp,simplex_rta,adaptive,phi_plus,radioml,13,300,0.9929860334531959,0.9931492719684903,0.2833333333333333,0.02,1,0.0,0.0,26.156666666666666,44.177817262849686,0.972986033453196,0.0,0.0033333333333333335,0.016666666666666666,0.0,0.18,0.0,0.0,phi
compromised_xapp,simplex_rta,adaptive,phi_plus,radioml,14,300,0.9929955060673283,0.9931246145821758,0.25,0.02666666666666667,1,0.0,0.0,26.17,44.47227539786008,0.9663288394006616,0.0,0.016666666666666666,0.02,0.0,0.14666666666666667,0.0,0.0,phi
compromised_xapp,simplex_rta,adaptive,phi_plus,radioml,15,300,0.9929116928369672,0.9930147148327708,0.25666666666666665,0.023333333333333334,1,0.0,0.0,26.143333333333334,44.33342638824023,0.9695783595036338,0.0,0.006666666666666667,0.02,0.0,0.13,0.0,0.0,phi
compromised_xapp,simplex_rta,adaptive,phi_plus,radioml,16,300,0.9929269410233601,0.993060994335749,0.27,0.013333333333333334,1,0.0,0.0,26.163333333333334,44.18212426862265,0.9795936076900267,0.0,0.006666666666666667,0.01,0.0,0.3566666666666667,0.0,0.0,phi
compromised_xapp,simplex_rta,adaptive,phi_plus,radioml,17,300,0.9929255844618431,0.9930228467724783,0.28,0.01,1,0.0,0.0,26.136666666666667,44.42416235657632,0.9829255844618431,0.0,0.0,0.01,0.0,0.19,0.0,0.0,phi
compromised_xapp,simplex_rta,adaptive,phi_plus,radioml,18,300,0.9930434229745148,0.9931595595310913,0.27,0.013333333333333334,1,0.0,0.0,26.163333333333334,44.1736827429641,0.9797100896411814,0.0,0.01,0.0033333333333333335,0.0,0.27,0.0,0.0,phi
compromised_xapp,simplex_rta,adaptive,phi_plus,radioml,19,300,0.9930437187621811,0.9931009609375991,0.25333333333333335,0.016666666666666666,1,0.0,0.0,26.16,44.22868141928772,0.9763770520955145,0.0,0.0033333333333333335,0.016666666666666666,0.0,0.3933333333333333,0.0,0.0,phi
compromised_xapp,simplex_rta,adaptive,phi_plus,radioml,20,300,0.9926941438789694,0.9923075334078059,0.25,0.016666666666666666,1,0.0,0.0,26.143333333333334,44.99082315771928,0.9760274772123027,0.0,0.0033333333333333335,0.013333333333333334,0.0,0.24,0.0,0.0,phi
compromised_xapp,simplex_rta,adaptive,phi_plus,radioml,21,300,0.9927510513593012,0.993042958006943,0.26,0.01,1,0.0,0.0,26.173333333333332,44.53686654395238,0.9827510513593012,0.0,0.0033333333333333335,0.01,0.0,0.24333333333333335,0.0,0.0,phi
compromised_xapp,simplex_rta,adaptive,phi_plus,radioml,22,300,0.9929933306732494,0.9931639813884541,0.26,0.013333333333333334,1,0.0,0.0,26.176666666666666,44.1752120036903,0.979659997339916,0.0,0.0033333333333333335,0.01,0.0,0.3233333333333333,0.0,0.0,phi
compromised_xapp,simplex_rta,adaptive,phi_plus,radioml,23,300,0.9929262629419774,0.9930162131350787,0.2866666666666667,0.02,1,0.0,0.0,26.186666666666667,44.30656586887447,0.9729262629419774,0.0,0.013333333333333334,0.016666666666666666,0.0,0.13333333333333333,0.0,0.0,phi
compromised_xapp,simplex_rta,adaptive,phi_plus,radioml,24,300,0.992376359598575,0.9928189883616165,0.28,0.023333333333333334,1,0.0,0.0,26.186666666666667,45.162503048955244,0.9690430262652415,0.0,0.013333333333333334,0.016666666666666666,0.0,0.3466666666666667,0.0,0.0,phi
compromised_xapp,simplex_rta,adaptive,phi_plus,radioml,25,300,0.9929057161462079,0.9929735594486018,0.27,0.02666666666666667,1,0.0,0.0,26.153333333333332,44.17136323692593,0.9662390494795413,0.0,0.0033333333333333335,0.023333333333333334,0.0,0.37333333333333335,0.0,0.0,phi
compromised_xapp,simplex_rta,adaptive,phi_plus,radioml,26,300,0.9928031215178553,0.9929973458602448,0.24333333333333335,0.023333333333333334,1,0.0,0.0,26.173333333333332,45.65295338404855,0.969469788184522,0.0,0.0033333333333333335,0.02,0.0,0.20333333333333334,0.0,0.0,phi
compromised_xapp,simplex_rta,adaptive,phi_plus,radioml,27,300,0.9928910796295886,0.9931094660212407,0.24,0.02,1,0.0,0.0,26.14,45.398482459519236,0.9728910796295885,0.0,0.006666666666666667,0.013333333333333334,0.0,0.14666666666666667,0.0,0.0,phi
compromised_xapp,simplex_rta,adaptive,phi_plus,radioml,28,300,0.9927538511441094,0.9931023807719341,0.26666666666666666,0.023333333333333334,1,0.0,0.0,26.163333333333334,42.51986587541547,0.9694205178107761,0.0,0.006666666666666667,0.02,0.0,0.13,0.0,0.0,phi
compromised_xapp,simplex_rta,adaptive,phi_plus,radioml,29,300,0.9929997438686748,0.9931797595913012,0.29333333333333333,0.023333333333333334,1,0.0,0.0,26.17,44.18209384369184,0.9696664105353414,0.0,0.013333333333333334,0.02,0.0,0.41333333333333333,0.0,0.0,phi
compromised_xapp,shield_filter,adaptive,phi_plus,radioml,0,300,0.5245667670671246,0.08042781701308857,0.0,0.0033333333333333335,4,0.6566666666666666,0.0,21.85,37.2953591551257,0.5212334337337912,0.0,0.0033333333333333335,0.0,0.0,0.3433333333333333,0.0,0.0,phi
compromised_xapp,shield_filter,adaptive,phi_plus,radioml,1,300,0.51776098748527,0.08397015287845953,0.0,0.006666666666666667,1,0.64,0.0,21.78,39.870033244212685,0.5110943208186033,0.0,0.0033333333333333335,0.0033333333333333335,0.0,0.36,0.0,0.0,phi
compromised_xapp,shield_filter,adaptive,phi_plus,radioml,2,300,0.5195083266360676,0.08380456391448828,0.0,0.0033333333333333335,2,0.6366666666666667,0.0,21.8,39.01355852784405,0.5161749933027342,0.0,0.0033333333333333335,0.0,0.0,0.36333333333333334,0.0,0.0,phi
compromised_xapp,shield_filter,adaptive,phi_plus,radioml,3,300,0.515954249583423,0.09197574482449526,0.0,0.0,7,0.6733333333333333,0.0,21.72,36.589534702499904,0.515954249583423,0.0,0.0,0.0,0.0,0.32666666666666666,0.0,0.0,phi
compromised_xapp,shield_filter,adaptive,phi_plus,radioml,4,300,0.5179880834026477,0.07838981443047756,0.0,0.0,9,0.6533333333333333,0.0,21.74,40.06351324678296,0.5179880834026477,0.0,0.0,0.0,0.0,0.3466666666666667,0.0,0.0,phi
compromised_xapp,shield_filter,adaptive,phi_plus,radioml,5,300,0.5112828079743239,0.07459501267929572,0.0,0.0033333333333333335,1,0.6766666666666666,0.0,21.63,39.15777913400018,0.5079494746409906,0.0,0.0,0.0033333333333333335,0.0,0.3233333333333333,0.0,0.0,phi
compromised_xapp,shield_filter,adaptive,phi_plus,radioml,6,300,0.5021673641269864,0.08360034517135391,0.0,0.0033333333333333335,5,0.6933333333333334,0.0,21.65,41.272389011346846,0.498834030793653,0.0,0.0,0.0033333333333333335,0.0,0.30666666666666664,0.0,0.0,phi
compromised_xapp,shield_filter,adaptive,phi_plus,radioml,7,300,0.4721579131175144,0.06849756996123582,0.0,0.0,2,0.7233333333333334,0.0,21.43,36.45888554448908,0.4721579131175144,0.0,0.0,0.0,0.0,0.27666666666666667,0.0,0.0,phi
compromised_xapp,shield_filter,adaptive,phi_plus,radioml,8,300,0.507359415859846,0.07601602767194264,0.0,0.0033333333333333335,5,0.6966666666666667,0.0,21.52,38.53016053740869,0.5040260825265127,0.0,0.0033333333333333335,0.0,0.0,0.30333333333333334,0.0,0.0,phi
compromised_xapp,shield_filter,adaptive,phi_plus,radioml,9,300,0.515767046486276,0.07656836716393535,0.0,0.0,4,0.7066666666666667,0.0,21.53,36.10701645968469,0.515767046486276,0.0,0.0,0.0,0.0,0.29333333333333333,0.0,0.0,phi
compromised_xapp,shield_filter,adaptive,phi_plus,radioml,10,300,0.4798176894639236,0.07872009801376326,0.0,0.0,1,0.71,0.0,21.37,39.180276323983335,0.4798176894639236,0.0,0.0,0.0,0.0,0.29,0.0,0.0,phi
compromised_xapp,shield_filter,adaptive,phi_plus,radioml,11,300,0.5143863772433478,0.0815599838765538,0.0,0.0,9,0.66,0.0,21.69,37.81669552598057,0.5143863772433478,0.0,0.0,0.0,0.0,0.34,0.0,0.0,phi
compromised_xapp,shield_filter,adaptive,phi_plus,radioml,12,300,0.5088135462651824,0.0831555426458285,0.0,0.0,6,0.6633333333333333,0.0,21.78,36.97363544713177,0.5088135462651824,0.0,0.0,0.0,0.0,0.33666666666666667,0.0,0.0,phi
compromised_xapp,shield_filter,adaptive,phi_plus,radioml,13,300,0.4938633941905812,0.06868327598964918,0.0,0.0,8,0.7,0.0,21.58,39.03127946135695,0.4938633941905812,0.0,0.0,0.0,0.0,0.3,0.0,0.0,phi
compromised_xapp,shield_filter,adaptive,phi_plus,radioml,14,300,0.500549264520968,0.06922044553639103,0.0,0.006666666666666667,4,0.6866666666666666,0.0,21.58,36.2720691681934,0.4938825978543014,0.0,0.0,0.006666666666666667,0.0,0.31333333333333335,0.0,0.0,phi
compromised_xapp,shield_filter,adaptive,phi_plus,radioml,15,300,0.5308924081108759,0.0827696409388841,0.0,0.0,1,0.6133333333333333,0.0,21.93,38.54551764588563,0.5308924081108759,0.0,0.0,0.0,0.0,0.38666666666666666,0.0,0.0,phi
compromised_xapp,shield_filter,adaptive,phi_plus,radioml,16,300,0.5251367088607485,0.08962012008857462,0.0,0.006666666666666667,13,0.6533333333333333,0.0,21.79,36.921053270923196,0.5184700421940818,0.0,0.0,0.006666666666666667,0.0,0.3466666666666667,0.0,0.0,phi
compromised_xapp,shield_filter,adaptive,phi_plus,radioml,17,300,0.500939305233294,0.07687817900343928,0.0,0.0,2,0.6866666666666666,0.0,21.58,38.841867058607605,0.500939305233294,0.0,0.0,0.0,0.0,0.31333333333333335,0.0,0.0,phi
compromised_xapp,shield_filter,adaptive,phi_plus,radioml,18,300,0.5042576494371053,0.08233319287904776,0.0,0.0,1,0.6933333333333334,0.0,21.7,37.21629354022822,0.5042576494371053,0.0,0.0,0.0,0.0,0.30666666666666664,0.0,0.0,phi
compromised_xapp,shield_filter,adaptive,phi_plus,radioml,19,300,0.5221043411931247,0.07948895883000559,0.0,0.0033333333333333335,1,0.6466666666666666,0.0,21.88,39.96009401117664,0.5187710078597912,0.0,0.0033333333333333335,0.0,0.0,0.35333333333333333,0.0,0.0,phi
compromised_xapp,shield_filter,adaptive,phi_plus,radioml,20,300,0.48155954863989014,0.06971752009624767,0.0,0.0,6,0.71,0.0,21.383333333333333,37.24496245546685,0.48155954863989014,0.0,0.0,0.0,0.0,0.29,0.0,0.0,phi
compromised_xapp,shield_filter,adaptive,phi_plus,radioml,21,300,0.5006405770800187,0.07621621975581584,0.0,0.0033333333333333335,2,0.6766666666666666,0.0,21.59,36.76251019254634,0.4973072437466854,0.0,0.0,0.0033333333333333335,0.0,0.3233333333333333,0.0,0.0,phi
compromised_xapp,shield_filter,adaptive,phi_plus,radioml,22,300,0.5161835861771925,0.07774467039364828,0.0,0.0033333333333333335,4,0.6533333333333333,0.0,21.69,39.353249516134014,0.5128502528438592,0.0,0.0,0.0033333333333333335,0.0,0.3466666666666667,0.0,0.0,phi
compromised_xapp,shield_filter,adaptive,phi_plus,radioml,23,300,0.49426720360810245,0.061011466830275855,0.0,0.0,1,0.6933333333333334,0.0,21.61,41.034025632556414,0.49426720360810245,0.0,0.0,0.0,0.0,0.30666666666666664,0.0,0.0,phi
compromised_xapp,shield_filter,adaptive,phi_plus,radioml,24,300,0.49030793775861314,0.08388323229443904,0.0,0.0033333333333333335,2,0.7066666666666667,0.0,21.58,41.48019038842048,0.48697460442527984,0.0,0.0033333333333333335,0.0,0.0,0.29333333333333333,0.0,0.0,phi
compromised_xapp,shield_filter,adaptive,phi_plus,radioml,25,300,0.525192730958394,0.08420529728876838,0.0,0.0,2,0.6733333333333333,0.0,21.64,37.678888730120065,0.525192730958394,0.0,0.0,0.0,0.0,0.32666666666666666,0.0,0.0,phi
compromised_xapp,shield_filter,adaptive,phi_plus,radioml,26,300,0.5118886896862685,0.07746968537757354,0.0,0.0,1,0.69,0.0,21.65,38.1058865342878,0.5118886896862685,0.0,0.0,0.0,0.0,0.31,0.0,0.0,phi
compromised_xapp,shield_filter,adaptive,phi_plus,radioml,27,300,0.5047420630669057,0.10161485509829919,0.0,0.006666666666666667,3,0.6933333333333334,0.0,21.52,37.7071864430725,0.49807539640023907,0.0,0.0033333333333333335,0.0033333333333333335,0.0,0.30666666666666664,0.0,0.0,phi
compromised_xapp,shield_filter,adaptive,phi_plus,radioml,28,300,0.4867895469311024,0.07425466913392002,0.0,0.0,10,0.69,0.0,21.47,38.882302117499734,0.4867895469311024,0.0,0.0,0.0,0.0,0.31,0.0,0.0,phi
compromised_xapp,shield_filter,adaptive,phi_plus,radioml,29,300,0.5216419531385412,0.07759339853724721,0.0,0.0033333333333333335,4,0.6433333333333333,0.0,21.72,37.09690545914482,0.5183086198052079,0.0,0.0,0.0033333333333333335,0.0,0.3566666666666667,0.0,0.0,phi
compromised_xapp,shield_repair,adaptive,phi_plus,radioml,0,300,0.9803707176707754,0.9718918367297084,0.0,0.043333333333333335,1,0.0,0.9133333333333333,25.65,38.61738414173357,0.9370373843374421,0.0,0.0,0.043333333333333335,0.0,0.3233333333333333,0.0,0.0,phi
compromised_xapp,shield_repair,adaptive,phi_plus,radioml,1,300,0.9817987139263342,0.9728959099714748,0.0,0.06666666666666667,1,0.0,0.9106666666666666,25.74,42.54811928487139,0.9151320472596676,0.0,0.0,0.06666666666666667,0.0,0.30666666666666664,0.0,0.0,phi
compromised_xapp,shield_repair,adaptive,phi_plus,radioml,2,300,0.9815821029069669,0.9735359351397534,0.0,0.05,1,0.0,0.91,25.67,41.166139648134816,0.9315821029069667,0.0,0.0,0.05,0.0,0.2966666666666667,0.0,0.0,phi
compromised_xapp,shield_repair,adaptive,phi_plus,radioml,3,300,0.9819303805400446,0.9735678089629948,0.0,0.03,1,0.0,0.914,25.71,40.43436370484122,0.9519303805400445,0.0,0.0,0.03,0.0,0.3233333333333333,0.0,0.0,phi
compromised_xapp,shield_repair,adaptive,phi_plus,radioml,4,300,0.9815318061917063,0.9721514981905091,0.0,0.04,1,0.0,0.9,25.74,39.6826163488276,0.9415318061917064,0.0,0.0,0.04,0.0,0.3333333333333333,0.0,0.0,phi
compromised_xapp,shield_repair,adaptive,phi_plus,radioml,5,300,0.9821449023740911,0.9732889874757816,0.0,0.06,1,0.0,0.9133333333333333,25.67,41.619353089628646,0.9221449023740911,0.0,0.0,0.06,0.0,0.3333333333333333,0.0,0.0,phi
compromised_xapp,shield_repair,adaptive,phi_plus,radioml,6,300,0.9823196015055214,0.9733501114266826,0.0,0.03666666666666667,1,0.0,0.9,25.7,41.951582758380766,0.9456529348388547,0.0,0.0,0.03666666666666667,0.0,0.3566666666666667,0.0,0.0,phi
compromised_xapp,shield_repair,adaptive,phi_plus,radioml,7,300,0.9820144695024885,0.973740322117405,0.0,0.04,1,0.0,0.902,25.8,41.97384326988881,0.9420144695024885,0.0,0.0,0.04,0.0,0.37,0.0,0.0,phi
compromised_xapp,shield_repair,adaptive,phi_plus,radioml,8,300,0.9814759753827891,0.9730698308902784,0.0,0.04666666666666667,1,0.0,0.914,25.69,41.533763406075494,0.9348093087161224,0.0,0.0,0.04666666666666667,0.0,0.31666666666666665,0.0,0.0,phi
compromised_xapp,shield_repair,adaptive,phi_plus,radioml,9,300,0.978222495851576,0.9724149011451033,0.0,0.04,1,0.0,0.9173333333333333,25.64,42.866400585262575,0.938222495851576,0.0,0.0,0.04,0.0,0.29333333333333333,0.0,0.0,phi
compromised_xapp,shield_repair,adaptive,phi_plus,radioml,10,300,0.9808054774546726,0.9733263182996454,0.0,0.04,1,0.0,0.924,25.71,40.07517731411997,0.9408054774546726,0.0,0.0,0.04,0.0,0.2833333333333333,0.0,0.0,phi
compromised_xapp,shield_repair,adaptive,phi_plus,radioml,11,300,0.9811497355873822,0.9737329200823593,0.0,0.04,1,0.0,0.912,25.76,40.40848209741985,0.9411497355873822,0.0,0.0,0.04,0.0,0.32666666666666666,0.0,0.0,phi
compromised_xapp,shield_repair,adaptive,phi_plus,radioml,12,300,0.9830415590472644,0.9736413702986352,0.0,0.023333333333333334,1,0.0,0.9046666666666666,25.77,43.446767126148146,0.9597082257139311,0.0,0.0,0.023333333333333334,0.0,0.32,0.0,0.0,phi
compromised_xapp,shield_repair,adaptive,phi_plus,radioml,13,300,0.9825242385666155,0.9733891568533123,0.0,0.016666666666666666,1,0.0,0.8986666666666666,25.67,39.49511596353578,0.9658575718999488,0.0,0.0,0.016666666666666666,0.0,0.36666666666666664,0.0,0.0,phi
compromised_xapp,shield_repair,adaptive,phi_plus,radioml,14,300,0.982287086848289,0.972695817714022,0.0,0.05,1,0.0,0.9106666666666666,25.79,43.97482385664809,0.932287086848289,0.0,0.0,0.05,0.0,0.3,0.0,0.0,phi
compromised_xapp,shield_repair,adaptive,phi_plus,radioml,15,300,0.9825056191575186,0.9732699952967728,0.0,0.043333333333333335,1,0.0,0.904,25.72,42.52180036041876,0.9391722858241852,0.0,0.0,0.043333333333333335,0.0,0.31,0.0,0.0,phi
compromised_xapp,shield_repair,adaptive,phi_plus,radioml,16,300,0.9818771832548536,0.9729086211842732,0.0,0.023333333333333334,1,0.0,0.918,25.7,38.97597093439095,0.9585438499215203,0.0,0.0,0.023333333333333334,0.0,0.32,0.0,0.0,phi
compromised_xapp,shield_repair,adaptive,phi_plus,radioml,17,300,0.9792253431830729,0.9735133286009362,0.0,0.056666666666666664,1,0.0,0.9106666666666666,25.72,43.10592856262296,0.9225586765164062,0.0,0.0,0.056666666666666664,0.0,0.3333333333333333,0.0,0.0,phi
compromised_xapp,shield_repair,adaptive,phi_plus,radioml,18,300,0.9817502155446889,0.9736179758122181,0.0,0.03333333333333333,1,0.0,0.918,25.75,40.37414988097799,0.9484168822113556,0.0,0.0,0.03333333333333333,0.0,0.32666666666666666,0.0,0.0,phi
compromised_xapp,shield_repair,adaptive,phi_plus,radioml,19,300,0.9827322494884444,0.9730110995216422,0.0,0.03333333333333333,1,0.0,0.9146666666666666,25.73,42.318653665871935,0.949398916155111,0.0,0.0,0.03333333333333333,0.0,0.3233333333333333,0.0,0.0,phi
compromised_xapp,shield_repair,adaptive,phi_plus,radioml,20,300,0.9798625688721347,0.9732126329394623,0.0,0.05,1,0.0,0.9213333333333333,25.7,42.9150525020058,0.9298625688721345,0.0,0.0,0.05,0.0,0.30666666666666664,0.0,0.0,phi
compromised_xapp,shield_repair,adaptive,phi_plus,radioml,21,300,0.9820455581278168,0.9732614009983629,0.0,0.023333333333333334,1,0.0,0.902,25.74,38.86436289212736,0.9587122247944835,0.0,0.0,0.023333333333333334,0.0,0.3433333333333333,0.0,0.0,phi
compromised_xapp,shield_repair,adaptive,phi_plus,radioml,22,300,0.9824899554090071,0.9737648926086658,0.0,0.03,1,0.0,0.9073333333333333,25.72,41.893930616367655,0.9524899554090072,0.0,0.0,0.03,0.0,0.34,0.0,0.0,phi
compromised_xapp,shield_repair,adaptive,phi_plus,radioml,23,300,0.9803047126665164,0.9694110169290853,0.0,0.05333333333333334,1,0.0,0.9093333333333333,25.68,40.47789780925562,0.9269713793331831,0.0,0.0,0.05333333333333334,0.0,0.32,0.0,0.0,phi
compromised_xapp,shield_repair,adaptive,phi_plus,radioml,24,300,0.9821152901818948,0.9737342591636282,0.0,0.06333333333333334,1,0.0,0.91,25.57,40.93164427142656,0.9187819568485615,0.0,0.0,0.06333333333333334,0.0,0.3333333333333333,0.0,0.0,phi
compromised_xapp,shield_repair,adaptive,phi_plus,radioml,25,300,0.9818170485423925,0.9734596762871555,0.0,0.02666666666666667,1,0.0,0.9233333333333333,25.68,43.25541503549501,0.9551503818757258,0.0,0.0,0.02666666666666667,0.0,0.30333333333333334,0.0,0.0,phi
compromised_xapp,shield_repair,adaptive,phi_plus,radioml,26,300,0.9815752069141972,0.9735631500055996,0.0,0.05,1,0.0,0.92,25.76,40.54212256436302,0.9315752069141972,0.0,0.0,0.05,0.0,0.3,0.0,0.0,phi
compromised_xapp,shield_repair,adaptive,phi_plus,radioml,27,300,0.9801784435171347,0.9736166494959207,0.0,0.03,1,0.0,0.91,25.71,40.29418265006014,0.9501784435171347,0.0,0.0,0.03,0.0,0.33666666666666667,0.0,0.0,phi
compromised_xapp,shield_repair,adaptive,phi_plus,radioml,28,300,0.9817168466003988,0.9727408013596277,0.0,0.023333333333333334,1,0.0,0.8986666666666666,25.69,39.88340354791212,0.9583835132670655,0.0,0.0,0.023333333333333334,0.0,0.34,0.0,0.0,phi
compromised_xapp,shield_repair,adaptive,phi_plus,radioml,29,300,0.9812202638654826,0.9716514542086971,0.0,0.043333333333333335,1,0.0,0.9126666666666666,25.72,41.01381039500834,0.9378869305321492,0.0,0.0,0.043333333333333335,0.0,0.31333333333333335,0.0,0.0,phi
compound,greedy_twin,adaptive,phi_plus,radioml,0,300,0.9526857864680386,0.894683796858352,0.9366666666666666,0.81,1,0.0,0.0,29.39666666666667,44.55253841994848,0.14268578646803853,0.0,0.12,0.5266666666666666,0.0,0.16666666666666666,0.0,0.7566666666666667,phi
compound,greedy_twin,adaptive,phi_plus,radioml,1,300,0.9573622601755816,0.8935908360993969,0.9566666666666667,0.8133333333333334,2,0.0,0.0,29.47,49.26707021413567,0.1440289268422483,0.0,0.24333333333333335,0.4633333333333333,0.0,0.18333333333333332,0.0,0.76,phi
compound,greedy_twin,adaptive,phi_plus,radioml,2,300,0.9366516207293012,0.882758357554876,0.95,0.8366666666666667,1,0.0,0.0,29.45,51.14250347301584,0.09998495406263451,0.0,0.31,0.5266666666666666,0.0,0.2,0.0,0.73,phi
compound,greedy_twin,adaptive,phi_plus,radioml,3,300,0.954535778084501,0.8951555666341756,0.9466666666666667,0.8066666666666666,2,0.0,0.0,29.476666666666667,42.64139632659771,0.1478691114178342,0.0,0.11333333333333333,0.49333333333333335,0.0,0.15333333333333332,0.0,0.78,phi
compound,greedy_twin,adaptive,phi_plus,radioml,4,300,0.9574328043257738,0.8957809492946819,0.96,0.8,1,0.0,0.0,29.39666666666667,48.87655553827634,0.157432804325774,0.0,0.18666666666666668,0.49,0.0,0.19333333333333333,0.0,0.6866666666666666,phi
compound,greedy_twin,adaptive,phi_plus,radioml,5,300,0.9463264903618152,0.8929540475594205,0.95,0.81,4,0.0,0.0,29.433333333333334,48.35232334567821,0.13632649036181513,0.0,0.28,0.52,0.0,0.16666666666666666,0.0,0.7333333333333333,phi
compound,greedy_twin,adaptive,phi_plus,radioml,6,300,0.9487342450062306,0.889809077901896,0.9366666666666666,0.81,2,0.0,0.0,29.433333333333334,51.36729333317254,0.1387342450062307,0.0,0.22,0.4666666666666667,0.0,0.19333333333333333,0.0,0.74,phi
compound,greedy_twin,adaptive,phi_plus,radioml,7,300,0.9382454509226683,0.8916386641001008,0.97,0.8366666666666667,2,0.0,0.0,29.47,49.12431274147296,0.10157878425600178,0.0,0.23,0.5466666666666666,0.0,0.16666666666666666,0.0,0.7233333333333334,phi
compound,greedy_twin,adaptive,phi_plus,radioml,8,300,0.9511334244825836,0.8932828147350015,0.97,0.83,1,0.0,0.0,29.58,54.47134656364935,0.12113342448258353,0.0,0.17666666666666667,0.49666666666666665,0.0,0.16333333333333333,0.0,0.72,phi
compound,greedy_twin,adaptive,phi_plus,radioml,9,300,0.9496463657808655,0.8880596535667008,0.96,0.8333333333333334,1,0.0,0.0,29.583333333333332,47.108251853725584,0.11631303244753231,0.0,0.23333333333333334,0.5266666666666666,0.0,0.18,0.0,0.7766666666666666,phi
compound,greedy_twin,adaptive,phi_plus,radioml,10,300,0.9545800820483532,0.8925881558454823,0.9666666666666667,0.8433333333333334,2,0.0,0.0,29.56,49.30946746077361,0.11124674871501976,0.0,0.15333333333333332,0.5,0.0,0.17333333333333334,0.0,0.7433333333333333,phi
compound,greedy_twin,adaptive,phi_plus,radioml,11,300,0.9331620899226124,0.8907718869037402,0.96,0.8333333333333334,1,0.0,0.0,29.503333333333334,54.18513885046573,0.09982875658927903,0.0,0.16333333333333333,0.5266666666666666,0.0,0.18,0.0,0.7633333333333333,phi
compound,greedy_twin,adaptive,phi_plus,radioml,12,300,0.9513164534634567,0.8942623025577104,0.94,0.7533333333333333,1,0.0,0.0,29.323333333333334,44.946333843104206,0.1979831201301236,0.0,0.14333333333333334,0.44333333333333336,0.0,0.18,0.0,0.7066666666666667,phi
compound,greedy_twin,adaptive,phi_plus,radioml,13,300,0.9462749312393178,0.8881551989990588,0.9466666666666667,0.8066666666666666,2,0.0,0.0,29.41,47.81030205831958,0.1396082645726511,0.0,0.17,0.5133333333333333,0.0,0.22333333333333333,0.0,0.7433333333333333,phi
compound,greedy_twin,adaptive,phi_plus,radioml,14,300,0.9508691642031754,0.8950253519452732,0.96,0.8433333333333334,2,0.0,0.0,29.55666666666667,53.890833858215565,0.1075358308698421,0.0,0.22,0.5233333333333333,0.0,0.20333333333333334,0.0,0.7533333333333333,phi
compound,greedy_twin,adaptive,phi_plus,radioml,15,300,0.945661226656343,0.8862405175298382,0.9766666666666667,0.8433333333333334,3,0.0,0.0,29.596666666666668,44.74437404123496,0.1023278933230097,0.0,0.17666666666666667,0.5366666666666666,0.0,0.17666666666666667,0.0,0.78,phi
compound,greedy_twin,adaptive,phi_plus,radioml,16,300,0.9488198184320178,0.8936577651374894,0.9633333333333334,0.7866666666666666,1,0.0,0.0,29.48,50.43104454784338,0.1621531517653513,0.0,0.22666666666666666,0.5,0.0,0.17,0.0,0.7,phi
compound,greedy_twin,adaptive,phi_plus,radioml,17,300,0.9504450627415414,0.8905366280852571,0.9633333333333334,0.82,2,0.0,0.0,29.513333333333332,47.97842009992746,0.13044506274154127,0.0,0.14,0.5333333333333333,0.0,0.16666666666666666,0.0,0.77,phi
compound,greedy_twin,adaptive,phi_plus,radioml,18,300,0.9520003634382075,0.8950315470033574,0.9733333333333334,0.8266666666666667,1,0.0,0.0,29.543333333333333,52.66562070564595,0.12533369677154088,0.0,0.14333333333333334,0.5133333333333333,0.0,0.17333333333333334,0.0,0.73,phi
compound,greedy_twin,adaptive,phi_plus,radioml,19,300,0.9519799040724911,0.8948610275085042,0.95,0.82,2,0.0,0.0,29.39,44.423094940686994,0.131979904072491,0.0,0.15333333333333332,0.48333333333333334,0.0,0.21333333333333335,0.0,0.7566666666666667,phi
compound,greedy_twin,adaptive,phi_plus,radioml,20,300,0.9454828643091908,0.8930484134555896,0.9666666666666667,0.8233333333333334,1,0.0,0.0,29.626666666666665,52.89933089469545,0.12214953097585739,0.0,0.17666666666666667,0.5,0.0,0.17333333333333334,0.0,0.7666666666666667,phi
compound,greedy_twin,adaptive,phi_plus,radioml,21,300,0.9496509744511106,0.8924221994475026,0.9566666666666667,0.8133333333333334,1,0.0,0.0,29.433333333333334,49.95017051498721,0.13631764111777736,0.0,0.28,0.47333333333333333,0.0,0.19666666666666666,0.0,0.71,phi
compound,greedy_twin,adaptive,phi_plus,radioml,22,300,0.9470342348608997,0.8948957962923703,0.9633333333333334,0.8566666666666667,1,0.0,0.0,29.58,54.1525368671028,0.0903675681942328,0.0,0.16,0.5366666666666666,0.0,0.18666666666666668,0.0,0.7833333333333333,phi
compound,greedy_twin,adaptive,phi_plus,radioml,23,300,0.9488507191152943,0.8922486939712826,0.9466666666666667,0.8433333333333334,1,0.0,0.0,29.496666666666666,53.59274796161444,0.10551738578196102,0.0,0.15333333333333332,0.5166666666666667,0.0,0.18333333333333332,0.0,0.7566666666666667,phi
compound,greedy_twin,adaptive,phi_plus,radioml,24,300,0.9548867147674563,0.8950204576483091,0.9533333333333334,0.83,1,0.0,0.0,29.48,51.39325783313401,0.1248867147674562,0.0,0.23,0.5033333333333333,0.0,0.17666666666666667,0.0,0.72,phi
compound,greedy_twin,adaptive,phi_plus,radioml,25,300,0.9498210922978412,0.8947850015815529,0.9666666666666667,0.8466666666666667,1,0.0,0.0,29.543333333333333,45.10700143029142,0.10315442563117444,0.0,0.17666666666666667,0.5066666666666667,0.0,0.14666666666666667,0.0,0.7833333333333333,phi
compound,greedy_twin,adaptive,phi_plus,radioml,26,300,0.954741186797616,0.8955039549272167,0.9633333333333334,0.8266666666666667,1,0.0,0.0,29.493333333333332,52.290669949914076,0.12807452013094936,0.0,0.28,0.4866666666666667,0.0,0.16333333333333333,0.0,0.7233333333333334,phi
compound,greedy_twin,adaptive,phi_plus,radioml,27,300,0.9392285197545558,0.8903024427700399,0.98,0.84,3,0.0,0.0,29.61,51.32056783012657,0.0992285197545558,0.0,0.16666666666666666,0.5033333333333333,0.0,0.17666666666666667,0.0,0.74,phi
compound,greedy_twin,adaptive,phi_plus,radioml,28,300,0.9462235246531384,0.8760935738433906,0.9666666666666667,0.8333333333333334,1,0.0,0.0,29.506666666666668,51.982793600241656,0.11289019131980481,0.0,0.21666666666666667,0.5,0.0,0.16666666666666666,0.0,0.75,phi
compound,greedy_twin,adaptive,phi_plus,radioml,29,300,0.9420909169268388,0.8832530153756624,0.97,0.83,2,0.0,0.0,29.523333333333333,53.352884826058,0.1120909169268389,0.0,0.19,0.53,0.0,0.18333333333333332,0.0,0.7266666666666667,phi
compound,lagrangian_rl,adaptive,phi_plus,radioml,0,300,0.9052391323053002,0.6816656621168514,0.9566666666666667,0.8166666666666667,1,0.0,0.0,29.423333333333332,50.51675586543117,0.08857246563863354,0.0,0.12,0.5433333333333333,0.0,0.21333333333333335,0.0,0.7166666666666667,phi
compound,lagrangian_rl,adaptive,phi_plus,radioml,1,300,0.9089252272250834,0.6650691251786102,0.9633333333333334,0.8133333333333334,1,0.0,0.0,29.536666666666665,51.299384238773044,0.09559189389174991,0.0,0.11333333333333333,0.49333333333333335,0.0,0.17333333333333334,0.0,0.75,phi
compound,lagrangian_rl,adaptive,phi_plus,radioml,2,300,0.897605277295634,0.6715324322091061,0.9566666666666667,0.82,2,0.0,0.0,29.503333333333334,45.60095520164099,0.07760527729563399,0.0,0.22,0.5366666666666666,0.0,0.17666666666666667,0.0,0.7066666666666667,phi
compound,lagrangian_rl,adaptive,phi_plus,radioml,3,300,0.9009626055614209,0.597405679091784,0.96,0.8133333333333334,2,0.0,0.0,29.39,49.08263604714654,0.08762927222808783,0.0,0.32,0.49666666666666665,0.0,0.19,0.0,0.6766666666666666,phi
compound,lagrangian_rl,adaptive,phi_plus,radioml,4,300,0.9014463974985321,0.6007150712609676,0.9533333333333334,0.8166666666666667,1,0.0,0.0,29.533333333333335,48.695279464885175,0.08477973083186528,0.0,0.22333333333333333,0.49,0.0,0.21333333333333335,0.0,0.77,phi
compound,lagrangian_rl,adaptive,phi_plus,radioml,5,300,0.8906055750791699,0.5391490461626919,0.96,0.8166666666666667,4,0.0,0.0,29.473333333333333,47.54896506191688,0.07393890841250317,0.0,0.12666666666666668,0.5433333333333333,0.0,0.20666666666666667,0.0,0.72,phi
compound,lagrangian_rl,adaptive,phi_plus,radioml,6,300,0.9073055507041897,0.6525227570371481,0.97,0.83,1,0.0,0.0,29.61,53.97468077682238,0.07730555070418955,0.0,0.15,0.5,0.0,0.17666666666666667,0.0,0.7566666666666667,phi
compound,lagrangian_rl,adaptive,phi_plus,radioml,7,300,0.8742779769811834,0.31868852159880456,0.95,0.8,1,0.0,0.0,29.3,45.11427729853876,0.07427797698118331,0.0,0.21,0.5333333333333333,0.0,0.17666666666666667,0.0,0.69,phi
compound,lagrangian_rl,adaptive,phi_plus,radioml,8,300,0.8957879187934297,0.535534866409038,0.9633333333333334,0.83,2,0.0,0.0,29.576666666666668,53.294419320728885,0.0657879187934296,0.0,0.19666666666666666,0.52,0.0,0.18,0.0,0.7466666666666667,phi
compound,lagrangian_rl,adaptive,phi_plus,radioml,9,300,0.9064265795385555,0.6813670737241112,0.96,0.8233333333333334,1,0.0,0.0,29.506666666666668,52.04726048706173,0.08309324620522208,0.0,0.14666666666666667,0.5266666666666666,0.0,0.16666666666666666,0.0,0.72,phi
compound,lagrangian_rl,adaptive,phi_plus,radioml,10,300,0.8967928143380296,0.5081903202766983,0.95,0.8166666666666667,1,0.0,0.0,29.336666666666666,47.30455759962422,0.08012614767136286,0.0,0.27666666666666667,0.5366666666666666,0.0,0.19,0.0,0.68,phi
compound,lagrangian_rl,adaptive,phi_plus,radioml,11,300,0.880122700857675,0.32617432209156955,0.9333333333333333,0.75,1,0.0,0.0,29.28,46.720118458234666,0.13012270085767483,0.0,0.19333333333333333,0.49,0.0,0.17,0.0,0.63,phi
compound,lagrangian_rl,adaptive,phi_plus,radioml,12,300,0.8865171001454212,0.34989263734069176,0.9633333333333334,0.8366666666666667,2,0.0,0.0,29.536666666666665,50.85178841183916,0.0498504334787543,0.0,0.12333333333333334,0.49,0.0,0.17666666666666667,0.0,0.7433333333333333,phi
compound,lagrangian_rl,adaptive,phi_plus,radioml,13,300,0.881553593883084,0.2207207056908169,0.9366666666666666,0.8066666666666666,1,0.0,0.0,29.403333333333332,53.92812210195096,0.07488692721641735,0.0,0.3333333333333333,0.5033333333333333,0.0,0.19,0.0,0.7033333333333334,phi
compound,lagrangian_rl,adaptive,phi_plus,radioml,14,300,0.8807574574373421,0.33839625303720117,0.95,0.7933333333333333,1,0.0,0.0,29.44,46.66406363635787,0.0874241241040088,0.0,0.22333333333333333,0.4866666666666667,0.0,0.17333333333333334,0.0,0.72,phi
compound,lagrangian_rl,adaptive,phi_plus,radioml,15,300,0.8849530274854028,0.48975836315044136,0.9533333333333334,0.7833333333333333,1,0.0,0.0,29.403333333333332,48.89626037742943,0.10161969415206949,0.0,0.23333333333333334,0.5433333333333333,0.0,0.21,0.0,0.6966666666666667,phi
compound,lagrangian_rl,adaptive,phi_plus,radioml,16,300,0.9152812209156235,0.6879221949183666,0.9666666666666667,0.88,1,0.0,0.0,29.616666666666667,43.820856391857575,0.03528122091562353,0.0,0.21,0.5233333333333333,0.0,0.18,0.0,0.8133333333333334,phi
compound,lagrangian_rl,adaptive,phi_plus,radioml,17,300,0.8883564765453205,0.45021113662519047,0.9666666666666667,0.7966666666666666,1,0.0,0.0,29.453333333333333,51.15036585824417,0.09168980987865388,0.0,0.21666666666666667,0.5133333333333333,0.0,0.16333333333333333,0.0,0.65,phi
compound,lagrangian_rl,adaptive,phi_plus,radioml,18,300,0.9024356860274998,0.6737833681026824,0.97,0.8166666666666667,1,0.0,0.0,29.583333333333332,48.3770666883497,0.0857690193608329,0.0,0.23,0.5233333333333333,0.0,0.21666666666666667,0.0,0.7066666666666667,phi
compound,lagrangian_rl,adaptive,phi_plus,radioml,19,300,0.894910235621098,0.6776083593995353,0.96,0.77,1,0.0,0.0,29.423333333333332,52.614449501421475,0.124910235621098,0.0,0.19,0.5133333333333333,0.0,0.19,0.0,0.6033333333333334,phi
compound,lagrangian_rl,adaptive,phi_plus,radioml,20,300,0.8922988818084386,0.5350862286428596,0.9633333333333334,0.8133333333333334,3,0.0,0.0,29.55666666666667,53.15529191706066,0.07896554847510534,0.0,0.23333333333333334,0.5133333333333333,0.0,0.19666666666666666,0.0,0.6866666666666666,phi
compound,lagrangian_rl,adaptive,phi_plus,radioml,21,300,0.8734187316314936,0.2694543604271092,0.9466666666666667,0.7966666666666666,1,0.0,0.0,29.283333333333335,42.315404959273856,0.07675206496482678,0.0,0.26666666666666666,0.5066666666666667,0.0,0.16,0.0,0.6666666666666666,phi
compound,lagrangian_rl,adaptive,phi_plus,radioml,22,300,0.902361749642212,0.5244057752164248,0.96,0.85,2,0.0,0.0,29.546666666666667,53.16300515622508,0.05236174964221212,0.0,0.3,0.57,0.0,0.17333333333333334,0.0,0.7366666666666667,phi
compound,lagrangian_rl,adaptive,phi_plus,radioml,23,300,0.8995712074695192,0.575689360091233,0.9566666666666667,0.8,1,0.0,0.0,29.496666666666666,46.1524017106313,0.09957120746951949,0.0,0.23,0.5233333333333333,0.0,0.17666666666666667,0.0,0.7433333333333333,phi
compound,lagrangian_rl,adaptive,phi_plus,radioml,24,300,0.8937336791808506,0.4375231786958913,0.9633333333333334,0.8333333333333334,1,0.0,0.0,29.57,51.99938276865353,0.06040034584751728,0.0,0.23666666666666666,0.5166666666666667,0.0,0.15333333333333332,0.0,0.7733333333333333,phi
compound,lagrangian_rl,adaptive,phi_plus,radioml,25,300,0.8947308840086955,0.553787941956739,0.96,0.8033333333333333,2,0.0,0.0,29.453333333333333,46.66293669075317,0.0913975506753621,0.0,0.23666666666666666,0.5266666666666666,0.0,0.18333333333333332,0.0,0.7066666666666667,phi
compound,lagrangian_rl,adaptive,phi_plus,radioml,26,300,0.8911737830953693,0.5647481026576616,0.95,0.81,2,0.0,0.0,29.466666666666665,49.98845769984499,0.08117378309536918,0.0,0.13,0.5,0.0,0.17333333333333334,0.0,0.6866666666666666,phi
compound,lagrangian_rl,adaptive,phi_plus,radioml,27,300,0.888388852776229,0.33355528392527894,0.9566666666666667,0.81,1,0.0,0.0,29.5,52.80787075953579,0.07838885277622912,0.0,0.19333333333333333,0.5166666666666667,0.0,0.16333333333333333,0.0,0.7033333333333334,phi
compound,lagrangian_rl,adaptive,phi_plus,radioml,28,300,0.8948868101643472,0.5041431599374214,0.9533333333333334,0.8333333333333334,2,0.0,0.0,29.44333333333333,49.35462448252321,0.06155347683101406,0.0,0.17666666666666667,0.5166666666666667,0.0,0.17666666666666667,0.0,0.73,phi
compound,lagrangian_rl,adaptive,phi_plus,radioml,29,300,0.8883882791842687,0.5527792886140467,0.9466666666666667,0.85,1,0.0,0.0,29.42,52.80049531745265,0.03838827918426876,0.0,0.15666666666666668,0.5133333333333333,0.0,0.19,0.0,0.7433333333333333,phi
compound,simplex_rta,adaptive,phi_plus,radioml,0,300,0.8776416896180179,0.03492954872944874,0.35,0.25333333333333335,4,0.0,0.0,26.05,44.048002789537065,0.6243083562846846,0.0,0.0033333333333333335,0.25,0.0,0.15333333333333332,0.0,0.0,phi
compound,simplex_rta,adaptive,phi_plus,radioml,1,300,0.9087760423245413,0.1778947916046827,0.31,0.21666666666666667,2,0.0,0.0,26.066666666666666,44.166666666666686,0.6921093756578747,0.0,0.0033333333333333335,0.21333333333333335,0.0,0.24333333333333335,0.0,0.0,phi
compound,simplex_rta,adaptive,phi_plus,radioml,2,300,0.9257549628162618,0.8348693215613509,0.33666666666666667,0.23333333333333334,1,0.0,0.0,26.08,44.83548134379947,0.6924216294829284,0.0,0.0033333333333333335,0.23,0.0,0.13666666666666666,0.0,0.0,phi
compound,simplex_rta,adaptive,phi_plus,radioml,3,300,0.8978620025517995,0.051812535056481535,0.36,0.24,1,0.0,0.0,26.093333333333334,44.616387676823926,0.6578620025517994,0.0,0.0033333333333333335,0.23666666666666666,0.0,0.13,0.0,0.0,phi
compound,simplex_rta,adaptive,phi_plus,radioml,4,300,0.8965620936397148,0.10266713343853029,0.33,0.22,6,0.0,0.0,26.07,44.3033818075062,0.6765620936397148,0.0,0.0033333333333333335,0.21666666666666667,0.0,0.25,0.0,0.0,phi
compound,simplex_rta,adaptive,phi_plus,radioml,5,300,0.8891156215648967,0.03531493746901845,0.3466666666666667,0.22333333333333333,1,0.0,0.0,26.106666666666666,45.97278457673159,0.6657822882315632,0.0,0.0033333333333333335,0.22,0.0,0.25666666666666665,0.0,0.0,phi
compound,simplex_rta,adaptive,phi_plus,radioml,6,300,0.9217598878395971,0.8385247484989503,0.33,0.22333333333333333,1,0.0,0.0,26.08,44.166674845575756,0.6984265545062637,0.0,0.0033333333333333335,0.22333333333333333,0.0,0.07,0.0,0.0,phi
compound,simplex_rta,adaptive,phi_plus,radioml,7,300,0.9049482402650574,0.05872579853648354,0.34,0.24333333333333335,1,0.0,0.0,26.08,44.16666666666681,0.6616149069317241,0.0,0.0033333333333333335,0.24,0.0,0.07333333333333333,0.0,0.0,phi
compound,simplex_rta,adaptive,phi_plus,radioml,8,300,0.9082222351569862,0.21937227968679918,0.36,0.24666666666666667,1,0.0,0.0,26.096666666666668,45.166019045225305,0.6615555684903194,0.0,0.0033333333333333335,0.24333333333333335,0.0,0.06666666666666667,0.0,0.0,phi
compound,simplex_rta,adaptive,phi_plus,radioml,9,300,0.9002273735202592,0.026550003804581945,0.34,0.22,4,0.0,0.0,26.093333333333334,44.61637765557078,0.6802273735202593,0.0,0.0033333333333333335,0.21666666666666667,0.0,0.17666666666666667,0.0,0.0,phi
compound,simplex_rta,adaptive,phi_plus,radioml,10,300,0.9072689361469108,0.31035990006352027,0.34,0.23333333333333334,2,0.0,0.0,26.08,44.41462291519674,0.6739356028135776,0.0,0.006666666666666667,0.22666666666666666,0.0,0.12666666666666668,0.0,0.0,phi
compound,simplex_rta,adaptive,phi_plus,radioml,11,300,0.9154030943900568,0.7275190227388001,0.33,0.22,1,0.0,0.0,26.046666666666667,44.086984999005495,0.695403094390057,0.0,0.0,0.22,0.0,0.12666666666666668,0.0,0.0,phi
compound,simplex_rta,adaptive,phi_plus,radioml,12,300,0.9087361121471496,0.34784055897636074,0.31,0.23,1,0.0,0.0,26.053333333333335,44.616377655570766,0.6787361121471495,0.0,0.0,0.23,0.0,0.21666666666666667,0.0,0.0,phi
compound,simplex_rta,adaptive,phi_plus,radioml,13,300,0.9146736315264011,0.46466940159158093,0.30333333333333334,0.19,1,0.0,0.0,26.053333333333335,44.166666666666686,0.7246736315264012,0.0,0.0,0.19,0.0,0.21,0.0,0.0,phi
compound,simplex_rta,adaptive,phi_plus,radioml,14,300,0.9043930945156149,0.10899235752427788,0.3466666666666667,0.27666666666666667,1,0.0,0.0,26.053333333333335,44.166666666666686,0.6277264278489482,0.0,0.0033333333333333335,0.2733333333333333,0.0,0.0,0.0,0.0,phi
compound,simplex_rta,adaptive,phi_plus,radioml,15,300,0.9094933406149679,0.5995157172884331,0.2966666666666667,0.22,2,0.0,0.0,26.036666666666665,45.01366666666668,0.6894933406149678,0.0,0.0033333333333333335,0.21666666666666667,0.0,0.1,0.0,0.0,phi
compound,simplex_rta,adaptive,phi_plus,radioml,16,300,0.9075520419970612,0.2523537606003507,0.31666666666666665,0.22666666666666666,1,0.0,0.0,26.06,44.10123920206148,0.6808853753303946,0.0,0.0033333333333333335,0.22333333333333333,0.0,0.20333333333333334,0.0,0.0,phi
compound,simplex_rta,adaptive,phi_plus,radioml,17,300,0.9269168458898636,0.8355750059155198,0.36333333333333334,0.26,1,0.0,0.0,26.066666666666666,44.3086404258637,0.6669168458898637,0.0,0.0,0.26,0.0,0.2733333333333333,0.0,0.0,phi
compound,simplex_rta,adaptive,phi_plus,radioml,18,300,0.8740496005741537,0.023885786018600284,0.30333333333333334,0.22333333333333333,1,0.0,0.0,26.08,46.36666870561138,0.6507162672408203,0.0,0.0033333333333333335,0.22,0.0,0.26,0.0,0.0,phi
compound,simplex_rta,adaptive,phi_plus,radioml,19,300,0.9021506649118749,0.28534723130939177,0.37,0.2866666666666667,1,0.0,0.0,26.05666666666667,42.51666666666668,0.6154839982452082,0.0,0.006666666666666667,0.28,0.0,0.16333333333333333,0.0,0.0,phi
compound,simplex_rta,adaptive,phi_plus,radioml,20,300,0.8910608219691183,0.030037988379694434,0.31,0.20666666666666667,1,0.0,0.0,26.076666666666668,44.20822898156659,0.6843941553024516,0.0,0.0033333333333333335,0.20333333333333334,0.0,0.05333333333333334,0.0,0.0,phi
compound,simplex_rta,adaptive,phi_plus,radioml,21,300,0.903029500457828,0.04046309281849912,0.3333333333333333,0.22,1,0.0,0.0,26.106666666666666,44.71509470191787,0.6830295004578278,0.0,0.0033333333333333335,0.21666666666666667,0.0,0.35,0.0,0.0,phi
compound,simplex_rta,adaptive,phi_plus,radioml,22,300,0.8956532725439024,0.02334593390553592,0.32666666666666666,0.23333333333333334,2,0.0,0.0,26.07,44.83548134379947,0.6623199392105691,0.0,0.006666666666666667,0.22666666666666666,0.0,0.15333333333333332,0.0,0.0,phi
compound,simplex_rta,adaptive,phi_plus,radioml,23,300,0.9246688969070285,0.6974397996822075,0.26666666666666666,0.16666666666666666,1,0.0,0.0,26.066666666666666,44.166666666666686,0.758002230240362,0.0,0.0,0.16666666666666666,0.0,0.12,0.0,0.0,phi
compound,simplex_rta,adaptive,phi_plus,radioml,24,300,0.897579939277331,0.10218852643668637,0.35333333333333333,0.25,1,0.0,0.0,26.093333333333334,45.16133454826877,0.6475799392773312,0.0,0.006666666666666667,0.24333333333333335,0.0,0.16,0.0,0.0,phi
compound,simplex_rta,adaptive,phi_plus,radioml,25,300,0.8968401240204491,0.03757549484234146,0.3466666666666667,0.22666666666666666,1,0.0,0.0,26.046666666666667,44.535429677568025,0.6701734573537824,0.0,0.0,0.22666666666666666,0.0,0.25,0.0,0.0,phi
compound,simplex_rta,adaptive,phi_plus,radioml,26,300,0.8965365339009774,0.03259955299815455,0.32666666666666666,0.19,1,0.0,0.0,26.093333333333334,44.536387230794105,0.7065365339009774,0.0,0.0,0.19,0.0,0.10666666666666667,0.0,0.0,phi
compound,simplex_rta,adaptive,phi_plus,radioml,27,300,0.9045636843468468,0.38588927910849735,0.3433333333333333,0.28,1,0.0,0.0,26.046666666666667,44.166666666666686,0.6245636843468467,0.0,0.0,0.28,0.0,0.10666666666666667,0.0,0.0,phi
compound,simplex_rta,adaptive,phi_plus,radioml,28,300,0.8988935110293391,0.10259381634511351,0.36,0.23333333333333334,1,0.0,0.0,26.09,44.16666666666948,0.6655601776960058,0.0,0.0,0.23333333333333334,0.0,0.06666666666666667,0.0,0.0,phi
compound,simplex_rta,adaptive,phi_plus,radioml,29,300,0.9188741937656275,0.72081896625952,0.33,0.21333333333333335,1,0.0,0.0,26.08,44.535429677568025,0.7055408604322942,0.0,0.0,0.21333333333333335,0.0,0.93,0.0,0.0,phi
compound,shield_filter,adaptive,phi_plus,radioml,0,300,0.3301446954704059,0.0002402991843503395,0.0,0.02,20,0.67,0.0,21.6,36.71555082407732,0.3101446954704059,0.0,0.0,0.02,0.0,0.33,0.0,0.0,phi
compound,shield_filter,adaptive,phi_plus,radioml,1,300,0.33277367434762256,0.00017688286444471837,0.0,0.0,24,0.6733333333333333,0.0,21.6,38.87859602939074,0.33277367434762256,0.0,0.0,0.0,0.0,0.32666666666666666,0.0,0.0,phi
compound,shield_filter,adaptive,phi_plus,radioml,2,300,0.33461121132333493,0.00021816476879218298,0.0,0.016666666666666666,2,0.6666666666666666,0.0,21.63,38.45079170728951,0.31794454465666827,0.0,0.006666666666666667,0.01,0.0,0.3333333333333333,0.0,0.0,phi
compound,shield_filter,adaptive,phi_plus,radioml,3,300,0.3030738472794334,0.00017952861408890755,0.0,0.02,39,0.7033333333333334,0.0,21.423333333333332,37.13056959287375,0.2830738472794334,0.0,0.01,0.013333333333333334,0.0,0.2966666666666667,0.0,0.0,phi
compound,shield_filter,adaptive,phi_plus,radioml,4,300,0.31055247653491286,0.00022946037710181786,0.0,0.0033333333333333335,14,0.6933333333333334,0.0,21.48,37.494272600929484,0.30721914320157956,0.0,0.0,0.0033333333333333335,0.0,0.30666666666666664,0.0,0.0,phi
compound,shield_filter,adaptive,phi_plus,radioml,5,300,0.3223107571252815,0.0002068213695601022,0.0,0.0033333333333333335,1,0.66,0.0,21.54,36.933874582558076,0.3189774237919482,0.0,0.0,0.0033333333333333335,0.0,0.34,0.0,0.0,phi
compound,shield_filter,adaptive,phi_plus,radioml,6,300,0.3266910191541916,0.00019231082997470914,0.0,0.013333333333333334,2,0.6933333333333334,0.0,21.61,38.89262519892645,0.31335768582085827,0.0,0.0033333333333333335,0.01,0.0,0.30666666666666664,0.0,0.0,phi
compound,shield_filter,adaptive,phi_plus,radioml,7,300,0.35026868699759983,0.0001720796134788128,0.0,0.01,2,0.67,0.0,21.65,41.10708991574861,0.3402686869975998,0.0,0.0,0.01,0.0,0.33,0.0,0.0,phi
compound,shield_filter,adaptive,phi_plus,radioml,8,300,0.3104866162462588,0.00016699425819101206,0.0,0.006666666666666667,14,0.7233333333333334,0.0,21.38,38.536200495186904,0.30381994957959213,0.0,0.0,0.006666666666666667,0.0,0.27666666666666667,0.0,0.0,phi
compound,shield_filter,adaptive,phi_plus,radioml,9,300,0.33414961073449273,0.00025297778706028596,0.0,0.0033333333333333335,1,0.7,0.0,21.52,40.7236644509096,0.3308162774011594,0.0,0.0,0.0033333333333333335,0.0,0.3,0.0,0.0,phi
compound,shield_filter,adaptive,phi_plus,radioml,10,300,0.3181756152321336,0.00021479763318170232,0.0,0.01,13,0.7,0.0,21.513333333333332,38.247163060791934,0.3081756152321336,0.0,0.0033333333333333335,0.006666666666666667,0.0,0.3,0.0,0.0,phi
compound,shield_filter,adaptive,phi_plus,radioml,11,300,0.32405679111280694,0.00019297326912417185,0.0,0.0033333333333333335,17,0.7,0.0,21.42,39.57741545885033,0.32072345777947364,0.0,0.0,0.0033333333333333335,0.0,0.3,0.0,0.0,phi
compound,shield_filter,adaptive,phi_plus,radioml,12,300,0.34524145825834357,0.00021372172125911038,0.0,0.006666666666666667,12,0.67,0.0,21.7,38.227296160934905,0.3385747915916769,0.0,0.0,0.006666666666666667,0.0,0.33,0.0,0.0,phi
compound,shield_filter,adaptive,phi_plus,radioml,13,300,0.33286737489960644,0.0001249185350787098,0.0,0.01,1,0.7033333333333334,0.0,21.44,39.1258715493101,0.32286737489960643,0.0,0.0033333333333333335,0.006666666666666667,0.0,0.2966666666666667,0.0,0.0,phi
compound,shield_filter,adaptive,phi_plus,radioml,14,300,0.32798604684984956,0.00019850455992090135,0.0,0.01,5,0.6933333333333334,0.0,21.45,36.601611592561554,0.31798604684984955,0.0,0.0,0.01,0.0,0.30666666666666664,0.0,0.0,phi
compound,shield_filter,adaptive,phi_plus,radioml,15,300,0.2977423447036632,0.0002122786377878884,0.0,0.013333333333333334,12,0.7233333333333334,0.0,21.28,38.40758071445271,0.28440901137032987,0.0,0.0033333333333333335,0.01,0.0,0.27666666666666667,0.0,0.0,phi
compound,shield_filter,adaptive,phi_plus,radioml,16,300,0.32184521123865967,0.00021518803781234738,0.0,0.0033333333333333335,14,0.7066666666666667,0.0,21.46,36.75531293504828,0.31851187790532637,0.0,0.0,0.0033333333333333335,0.0,0.29333333333333333,0.0,0.0,phi
compound,shield_filter,adaptive,phi_plus,radioml,17,300,0.301643877400949,0.0002401022720362269,0.0,0.0033333333333333335,7,0.7266666666666667,0.0,21.34,39.108116433113665,0.29831054406761565,0.0,0.0,0.0033333333333333335,0.0,0.2733333333333333,0.0,0.0,phi
compound,shield_filter,adaptive,phi_plus,radioml,18,300,0.3159687278928624,0.00024306912020442226,0.0,0.0,15,0.7,0.0,21.53,37.41198168109526,0.3159687278928624,0.0,0.0,0.0,0.0,0.3,0.0,0.0,phi
compound,shield_filter,adaptive,phi_plus,radioml,19,300,0.3375623387679425,0.00024279928646764478,0.0,0.013333333333333334,1,0.67,0.0,21.663333333333334,39.39082408670956,0.32422900543460914,0.0,0.0033333333333333335,0.01,0.0,0.33,0.0,0.0,phi
compound,shield_filter,adaptive,phi_plus,radioml,20,300,0.3378386508212215,0.00021307462179482388,0.0,0.0033333333333333335,15,0.6666666666666666,0.0,21.606666666666666,39.864156149598614,0.3345053174878882,0.0,0.0,0.0033333333333333335,0.0,0.3333333333333333,0.0,0.0,phi
compound,shield_filter,adaptive,phi_plus,radioml,21,300,0.320963860314033,0.00021223359396840784,0.0,0.0,31,0.68,0.0,21.59,37.826162081113395,0.320963860314033,0.0,0.0,0.0,0.0,0.32,0.0,0.0,phi
compound,shield_filter,adaptive,phi_plus,radioml,22,300,0.3205193439694155,0.000233471693115041,0.0,0.0033333333333333335,8,0.6966666666666667,0.0,21.54,39.47505846814618,0.3171860106360822,0.0,0.0033333333333333335,0.0,0.0,0.30333333333333334,0.0,0.0,phi
compound,shield_filter,adaptive,phi_plus,radioml,23,300,0.33777170938802026,0.0001890791669603371,0.0,0.0,5,0.67,0.0,21.57,36.79224704473116,0.33777170938802026,0.0,0.0,0.0,0.0,0.33,0.0,0.0,phi
compound,shield_filter,adaptive,phi_plus,radioml,24,300,0.3026770373523852,0.00021486543207772458,0.0,0.0033333333333333335,2,0.7233333333333334,0.0,21.34,36.73906493076423,0.2993437040190519,0.0,0.0,0.0033333333333333335,0.0,0.27666666666666667,0.0,0.0,phi
compound,shield_filter,adaptive,phi_plus,radioml,25,300,0.305441502191716,0.00022785180902758236,0.0,0.0,8,0.7,0.0,21.4,39.01191439819181,0.305441502191716,0.0,0.0,0.0,0.0,0.3,0.0,0.0,phi
compound,shield_filter,adaptive,phi_plus,radioml,26,300,0.3284185414142768,0.00021568187815239974,0.0,0.006666666666666667,2,0.6933333333333334,0.0,21.51,36.68780976969438,0.32175187474761013,0.0,0.0033333333333333335,0.0033333333333333335,0.0,0.30666666666666664,0.0,0.0,phi
compound,shield_filter,adaptive,phi_plus,radioml,27,300,0.3213116819722648,0.000214794196468316,0.0,0.0033333333333333335,21,0.69,0.0,21.53,37.80970359927713,0.31797834863893143,0.0,0.0,0.0033333333333333335,0.0,0.31,0.0,0.0,phi
compound,shield_filter,adaptive,phi_plus,radioml,28,300,0.3301510357529177,0.00026123229304611225,0.0,0.0033333333333333335,6,0.6833333333333333,0.0,21.59,40.39599343643358,0.32681770241958435,0.0,0.0,0.0033333333333333335,0.0,0.31666666666666665,0.0,0.0,phi
compound,shield_filter,adaptive,phi_plus,radioml,29,300,0.308634598031751,0.00017172565806716935,0.0,0.006666666666666667,15,0.6933333333333334,0.0,21.44,37.41621993681163,0.3019679313650843,0.0,0.0,0.006666666666666667,0.0,0.30666666666666664,0.0,0.0,phi
compound,shield_repair,adaptive,phi_plus,radioml,0,300,0.8835345831285103,0.6670771877708309,0.0,0.03,1,0.0,0.906,25.7,40.17199523359618,0.8535345831285103,0.0,0.0,0.03,0.0,0.32,0.0,0.0,phi
compound,shield_repair,adaptive,phi_plus,radioml,1,300,0.8713896898794004,0.4993374945502504,0.0,0.03333333333333333,2,0.0,0.914,25.73,39.807246247617236,0.8380563565460672,0.0,0.0,0.03333333333333333,0.0,0.2866666666666667,0.0,0.0,phi
compound,shield_repair,adaptive,phi_plus,radioml,2,300,0.8569133670775636,0.462296911073347,0.0,0.05333333333333334,1,0.0,0.9066666666666666,25.69,41.112590344168666,0.8035800337442303,0.0,0.0,0.05333333333333334,0.0,0.30666666666666664,0.0,0.0,phi
compound,shield_repair,adaptive,phi_plus,radioml,3,300,0.8686345493972146,0.6421084429034504,0.0,0.04666666666666667,1,0.0,0.9266666666666666,25.76,41.840362422888575,0.821967882730548,0.0,0.0,0.04666666666666667,0.0,0.2966666666666667,0.0,0.0,phi
compound,shield_repair,adaptive,phi_plus,radioml,4,300,0.8777261525565908,0.6762330844493832,0.0,0.06,3,0.0,0.902,25.65,39.176129176101895,0.8177261525565906,0.0,0.0,0.06,0.0,0.32,0.0,0.0,phi
compound,shield_repair,adaptive,phi_plus,radioml,5,300,0.87821016222687,0.6650586262277312,0.0,0.04,4,0.0,0.908,25.66,41.06765578020012,0.8382101622268701,0.0,0.0,0.04,0.0,0.33666666666666667,0.0,0.0,phi
compound,shield_repair,adaptive,phi_plus,radioml,6,300,0.882908879579321,0.6678475583485781,0.0,0.03,2,0.0,0.9046666666666666,25.65,40.74438486435491,0.8529088795793209,0.0,0.0,0.03,0.0,0.32666666666666666,0.0,0.0,phi
compound,shield_repair,adaptive,phi_plus,radioml,7,300,0.8636090404059278,0.5928754518189903,0.0,0.04666666666666667,2,0.0,0.9153333333333333,25.81,42.15446921053975,0.8169423737392612,0.0,0.0,0.04666666666666667,0.0,0.31666666666666665,0.0,0.0,phi
compound,shield_repair,adaptive,phi_plus,radioml,8,300,0.8771753280881512,0.6664677270487152,0.0,0.05333333333333334,6,0.0,0.908,25.63,40.87608222279166,0.8238419947548178,0.0,0.0,0.05333333333333334,0.0,0.31666666666666665,0.0,0.0,phi
compound,shield_repair,adaptive,phi_plus,radioml,9,300,0.8728697779137663,0.604328402751173,0.0,0.03666666666666667,1,0.0,0.92,25.75,41.86620594666532,0.8362031112470997,0.0,0.0,0.03666666666666667,0.0,0.3,0.0,0.0,phi
compound,shield_repair,adaptive,phi_plus,radioml,10,300,0.8644855881391584,0.5075749427155759,0.0,0.03666666666666667,6,0.0,0.918,25.73,41.442945231334164,0.8278189214724915,0.0,0.0,0.03666666666666667,0.0,0.29333333333333333,0.0,0.0,phi
compound,shield_repair,adaptive,phi_plus,radioml,11,300,0.8671151510169661,0.5876001036545442,0.0,0.05,1,0.0,0.9206666666666666,25.74,42.016151366819685,0.8171151510169661,0.0,0.0,0.05,0.0,0.31333333333333335,0.0,0.0,phi
compound,shield_repair,adaptive,phi_plus,radioml,12,300,0.8738679538121152,0.6318898907873004,0.0,0.04666666666666667,1,0.0,0.9046666666666666,25.79,42.71428757184244,0.8272012871454486,0.0,0.0,0.04666666666666667,0.0,0.33,0.0,0.0,phi
compound,shield_repair,adaptive,phi_plus,radioml,13,300,0.8924289018448,0.6719473845098776,0.0,0.043333333333333335,2,0.0,0.9126666666666666,25.79,42.609221719016034,0.8490955685114666,0.0,0.0,0.043333333333333335,0.0,0.32,0.0,0.0,phi
compound,shield_repair,adaptive,phi_plus,radioml,14,300,0.8632745831828189,0.5002193440653001,0.0,0.043333333333333335,2,0.0,0.9093333333333333,25.72,41.45431186469425,0.8199412498494855,0.0,0.0,0.043333333333333335,0.0,0.31,0.0,0.0,phi
compound,shield_repair,adaptive,phi_plus,radioml,15,300,0.8577238989425238,0.5480762085486374,0.0,0.06,1,0.0,0.8973333333333333,25.74,42.32448278440456,0.7977238989425239,0.0,0.0,0.06,0.0,0.3466666666666667,0.0,0.0,phi
compound,shield_repair,adaptive,phi_plus,radioml,16,300,0.8893946067985993,0.6269831596402448,0.0,0.07,1,0.0,0.9086666666666666,25.75,41.82892442958506,0.8193946067985993,0.0,0.0,0.07,0.0,0.3566666666666667,0.0,0.0,phi
compound,shield_repair,adaptive,phi_plus,radioml,17,300,0.872150196057836,0.5957385725467664,0.0,0.05,3,0.0,0.9173333333333333,25.73,42.43350437762015,0.8221501960578361,0.0,0.0,0.05,0.0,0.3,0.0,0.0,phi
compound,shield_repair,adaptive,phi_plus,radioml,18,300,0.8812193676712116,0.6485365269289208,0.0,0.043333333333333335,1,0.0,0.908,25.78,42.199014791745704,0.8378860343378782,0.0,0.0,0.043333333333333335,0.0,0.34,0.0,0.0,phi
compound,shield_repair,adaptive,phi_plus,radioml,19,300,0.8718404478631016,0.6104377415857759,0.0,0.06,1,0.0,0.9073333333333333,25.79,41.398756882234345,0.8118404478631016,0.0,0.0,0.06,0.0,0.35,0.0,0.0,phi
compound,shield_repair,adaptive,phi_plus,radioml,20,300,0.8710284837181377,0.6365451695509413,0.0,0.043333333333333335,1,0.0,0.9233333333333333,25.75,41.69721386760732,0.8276951503848043,0.0,0.0,0.043333333333333335,0.0,0.2833333333333333,0.0,0.0,phi
compound,shield_repair,adaptive,phi_plus,radioml,21,300,0.8917549075175676,0.668412686218119,0.0,0.05,2,0.0,0.9046666666666666,25.68,42.249234953420384,0.8417549075175675,0.0,0.0,0.05,0.0,0.32,0.0,0.0,phi
compound,shield_repair,adaptive,phi_plus,radioml,22,300,0.8670837163028781,0.6097536558914721,0.0,0.03666666666666667,2,0.0,0.908,25.77,42.92894540190913,0.8304170496362115,0.0,0.0,0.03666666666666667,0.0,0.33,0.0,0.0,phi
compound,shield_repair,adaptive,phi_plus,radioml,23,300,0.8702895376276175,0.6580474816798495,0.0,0.05333333333333334,1,0.0,0.8926666666666667,25.74,41.8905201835636,0.8169562042942841,0.0,0.0,0.05333333333333334,0.0,0.37666666666666665,0.0,0.0,phi
compound,shield_repair,adaptive,phi_plus,radioml,24,300,0.881651399389608,0.6571233039957751,0.0,0.04,2,0.0,0.9193333333333333,25.56,41.59455143753374,0.841651399389608,0.0,0.0,0.04,0.0,0.2966666666666667,0.0,0.0,phi
compound,shield_repair,adaptive,phi_plus,radioml,25,300,0.8699469465104193,0.6558038921795143,0.0,0.04,1,0.0,0.9226666666666666,25.65,42.13202815297824,0.8299469465104191,0.0,0.0,0.04,0.0,0.30333333333333334,0.0,0.0,phi
compound,shield_repair,adaptive,phi_plus,radioml,26,300,0.876140095343401,0.6390459784148572,0.0,0.04666666666666667,1,0.0,0.9066666666666666,25.79,41.201056412867736,0.8294734286767343,0.0,0.0,0.04666666666666667,0.0,0.36333333333333334,0.0,0.0,phi
compound,shield_repair,adaptive,phi_plus,radioml,27,300,0.8486907147505821,0.5026021932069139,0.0,0.056666666666666664,3,0.0,0.9093333333333333,25.63,40.759178879607596,0.7920240480839154,0.0,0.0,0.056666666666666664,0.0,0.33666666666666667,0.0,0.0,phi
compound,shield_repair,adaptive,phi_plus,radioml,28,300,0.8592932995080387,0.6169571936435222,0.0,0.02666666666666667,1,0.0,0.9186666666666666,25.62,39.44170420341164,0.8326266328413721,0.0,0.0,0.02666666666666667,0.0,0.2633333333333333,0.0,0.0,phi
compound,shield_repair,adaptive,phi_plus,radioml,29,300,0.8724259042717972,0.6588401556577084,0.0,0.05333333333333334,5,0.0,0.908,25.78,41.21142886578061,0.8190925709384639,0.0,0.0,0.05333333333333334,0.0,0.32,0.0,0.0,phi
