scenario,controller,planner,predicate_set,perception,seed,cycles,mean_pdr,p05_pdr,violation_rate_phi,hazard_rate,recovery_cycles,fallback_rate,repair_rate,mean_power_dbm,max_pa_temp_c,mean_reward,h_rf,h_pwr,h_relay,h_part,compliant_available_rate,h_starve,h_therm,ceiling_dbm
narrowband,shield_repair,adaptive,phi,radioml,0,300,0.983985039551477,0.9686648964584128,0.0,0.0,1,0.0,0.0,22.88,35.0,0.983985039551477,0.0,0.0,0.0,0.0,1.0,0.0,0.0,23.0
narrowband,shield_repair,adaptive,phi,radioml,1,300,0.984302457788624,0.9723083371558681,0.0,0.0,1,0.0,0.0,22.84,35.0,0.984302457788624,0.0,0.0,0.0,0.0,1.0,0.0,0.0,23.0
narrowband,shield_repair,adaptive,phi,radioml,2,300,0.9816346761759674,0.9644800095272723,0.0,0.0,1,0.0,0.0,22.91,35.0,0.9816346761759674,0.0,0.0,0.0,0.0,1.0,0.0,0.0,23.0
narrowband,shield_repair,adaptive,phi,radioml,3,300,0.976211817266435,0.9690766002973372,0.0,0.0,1,0.0,0.0,22.89,35.0,0.976211817266435,0.0,0.0,0.0,0.0,1.0,0.0,0.0,23.0
narrowband,shield_repair,adaptive,phi,radioml,4,300,0.9842886653951668,0.9696780359681524,0.0,0.0,1,0.0,0.0,22.83,35.0,0.9842886653951668,0.0,0.0,0.0,0.0,1.0,0.0,0.0,23.0
narrowband,shield_repair,adaptive,phi,radioml,5,300,0.9835742599717584,0.9708509515914591,0.0,0.0,1,0.0,0.0,22.86,35.0,0.9835742599717584,0.0,0.0,0.0,0.0,1.0,0.0,0.0,23.0
narrowband,shield_repair,adaptive,phi,radioml,6,300,0.9836089261075218,0.9705636644954505,0.0,0.0,1,0.0,0.0,22.89,35.0,0.9836089261075218,0.0,0.0,0.0,0.0,1.0,0.0,0.0,23.0
narrowband,shield_repair,adaptive,phi,radioml,7,300,0.983121971077305,0.9692426717917367,0.0,0.0,1,0.0,0.0,22.86,35.0,0.983121971077305,0.0,0.0,0.0,0.0,1.0,0.0,0.0,23.0
narrowband,shield_repair,adaptive,phi,radioml,8,300,0.9794819487812318,0.9683207677259065,0.0,0.0,1,0.0,0.0,22.88,35.0,0.9794819487812318,0.0,0.0,0.0,0.0,1.0,0.0,0.0,23.0
narrowband,shield_repair,adaptive,phi,radioml,9,300,0.9834565912067778,0.9697902848649023,0.0,0.0,1,0.0,0.0,22.9,35.0,0.9834565912067778,0.0,0.0,0.0,0.0,1.0,0.0,0.0,23.0
narrowband,shield_repair,adaptive,phi,radioml,10,300,0.9847355997883401,0.9701154391913629,0.0,0.0,1,0.0,0.0,22.85,35.0,0.9847355997883401,0.0,0.0,0.0,0.0,1.0,0.0,0.0,23.0
narrowband,shield_repair,adaptive,phi,radioml,11,300,0.9832869282733677,0.971066649434741,0.0,0.0,1,0.0,0.0,22.87,35.0,0.9832869282733677,0.0,0.0,0.0,0.0,1.0,0.0,0.0,23.0
narrowband,shield_repair,adaptive,phi,radioml,12,300,0.9757897480329907,0.9513090404193298,0.0,0.0,1,0.0,0.0,22.88,35.0,0.9757897480329907,0.0,0.0,0.0,0.0,1.0,0.0,0.0,23.0
narrowband,shield_repair,adaptive,phi,radioml,13,300,0.9817815024386566,0.9701710249804242,0.0,0.0,1,0.0,0.0,22.9,35.0,0.9817815024386566,0.0,0.0,0.0,0.0,1.0,0.0,0.0,23.0
narrowband,shield_repair,adaptive,phi,radioml,14,300,0.984426842577238,0.9656695166914576,0.0,0.0,1,0.0,0.0,22.9,35.0,0.984426842577238,0.0,0.0,0.0,0.0,1.0,0.0,0.0,23.0
narrowband,shield_repair,adaptive,phi,radioml,15,300,0.9810635736125969,0.9635685593492803,0.0,0.0,1,0.0,0.0,22.92,35.0,0.9810635736125969,0.0,0.0,0.0,0.0,1.0,0.0,0.0,23.0
narrowband,shield_repair,adaptive,phi,radioml,16,300,0.9813491644529787,0.9686704824192572,0.0,0.0,1,0.0,0.0,22.91,35.0,0.9813491644529787,0.0,0.0,0.0,0.0,1.0,0.0,0.0,23.0
narrowband,shield_repair,adaptive,phi,radioml,17,300,0.9817409523627225,0.9623169062752139,0.0,0.0,1,0.0,0.0,22.9,35.0,0.9817409523627225,0.0,0.0,0.0,0.0,1.0,0.0,0.0,23.0
narrowband,shield_repair,adaptive,phi,radioml,18,300,0.9835904376573432,0.9697701813412758,0.0,0.0,1,0.0,0.0,22.95,35.0,0.9835904376573432,0.0,0.0,0.0,0.0,1.0,0.0,0.0,23.0
narrowband,shield_repair,adaptive,phi,radioml,19,300,0.9834022272573153,0.9694557763640683,0.0,0.0,1,0.0,0.0,22.85,35.0,0.9834022272573153,0.0,0.0,0.0,0.0,1.0,0.0,0.0,23.0
narrowband,shield_repair,adaptive,phi,radioml,20,300,0.9843151825798245,0.9710928073723241,0.0,0.0,1,0.0,0.0,22.85,35.0,0.9843151825798245,0.0,0.0,0.0,0.0,1.0,0.0,0.0,23.0
narrowband,shield_repair,adaptive,phi,radioml,21,300,0.9839960884165442,0.9696422457943897,0.0,0.0,1,0.0,0.0,22.86,35.0,0.9839960884165442,0.0,0.0,0.0,0.0,1.0,0.0,0.0,23.0
narrowband,shield_repair,adaptive,phi,radioml,22,300,0.9843371252461539,0.9728184792786511,0.0,0.0,1,0.0,0.0,22.84,35.0,0.9843371252461539,0.0,0.0,0.0,0.0,1.0,0.0,0.0,23.0
narrowband,shield_repair,adaptive,phi,radioml,23,300,0.9800614373241825,0.965633407701636,0.0,0.0,1,0.0,0.0,22.93,35.0,0.9800614373241825,0.0,0.0,0.0,0.0,1.0,0.0,0.0,23.0
narrowband,shield_repair,adaptive,phi,radioml,24,300,0.9831428417030073,0.9663298739011242,0.0,0.0,1,0.0,0.0,22.86,35.0,0.9831428417030073,0.0,0.0,0.0,0.0,1.0,0.0,0.0,23.0
narrowband,shield_repair,adaptive,phi,radioml,25,300,0.9836678827416812,0.9634625169694276,0.0,0.0,1,0.0,0.0,22.9,35.0,0.9836678827416812,0.0,0.0,0.0,0.0,1.0,0.0,0.0,23.0
narrowband,shield_repair,adaptive,phi,radioml,26,300,0.9830478316150713,0.9693152700323393,0.0,0.0,1,0.0,0.0,22.87,35.0,0.9830478316150713,0.0,0.0,0.0,0.0,1.0,0.0,0.0,23.0
narrowband,shield_repair,adaptive,phi,radioml,27,300,0.9838135162890516,0.9695749970542208,0.0,0.0,1,0.0,0.0,22.89,35.0,0.9838135162890516,0.0,0.0,0.0,0.0,1.0,0.0,0.0,23.0
narrowband,shield_repair,adaptive,phi,radioml,28,300,0.9814095405845955,0.9663440986535868,0.0,0.0,1,0.0,0.0,22.83,35.0,0.9814095405845955,0.0,0.0,0.0,0.0,1.0,0.0,0.0,23.0
narrowband,shield_repair,adaptive,phi,radioml,29,300,0.9790837875331844,0.9679127121987853,0.0,0.0,1,0.0,0.0,22.87,35.0,0.9790837875331844,0.0,0.0,0.0,0.0,1.0,0.0,0.0,23.0
wideband,shield_repair,adaptive,phi,radioml,0,300,0.39766832781759676,6.29748618376626e-05,0.0,0.09,221,0.0,0.0,22.7,35.0,0.3076683278175967,0.0,0.0,0.0,0.0,1.0,0.09,0.0,23.0
wideband,shield_repair,adaptive,phi,radioml,1,300,0.4319460269150234,5.449274885331011e-05,0.0,0.08,221,0.0,0.0,22.78,35.0,0.35194602691502336,0.0,0.0,0.0,0.0,1.0,0.08,0.0,23.0
wideband,shield_repair,adaptive,phi,radioml,2,300,0.40373245671526486,2.8023292350610557e-05,0.0,0.1,73,0.0,0.0,22.59,35.0,0.30373245671526483,0.0,0.0,0.0,0.0,1.0,0.1,0.0,23.0
wideband,shield_repair,adaptive,phi,radioml,3,300,0.3959293868597243,2.9426226911610106e-05,0.0,0.09333333333333334,221,0.0,0.0,22.74,35.0,0.30259605352639096,0.0,0.0,0.0,0.0,1.0,0.09333333333333334,0.0,23.0
wideband,shield_repair,adaptive,phi,radioml,4,300,0.3998706915092138,5.313958700059417e-05,0.0,0.09666666666666666,221,0.0,0.0,22.67,35.0,0.30320402484254716,0.0,0.0,0.0,0.0,1.0,0.09666666666666666,0.0,23.0
wideband,shield_repair,adaptive,phi,radioml,5,300,0.4107323910269854,5.0842885288182306e-05,0.0,0.09,221,0.0,0.0,22.69,35.0,0.3207323910269854,0.0,0.0,0.0,0.0,1.0,0.09,0.0,23.0
wideband,shield_repair,adaptive,phi,radioml,6,300,0.40094095687946557,2.4809707105603558e-05,0.0,0.09,221,0.0,0.0,22.82,35.0,0.3109409568794656,0.0,0.0,0.0,0.0,1.0,0.09,0.0,23.0
wideband,shield_repair,adaptive,phi,radioml,7,300,0.41011836139686075,2.9409942212065448e-05,0.0,0.06666666666666667,221,0.0,0.0,22.75,35.0,0.3434516947301941,0.0,0.0,0.0,0.0,1.0,0.06666666666666667,0.0,23.0
wideband,shield_repair,adaptive,phi,radioml,8,300,0.39301250350069744,3.4656263564015734e-05,0.0,0.09666666666666666,221,0.0,0.0,22.79,35.0,0.2963458368340308,0.0,0.0,0.0,0.0,1.0,0.09666666666666666,0.0,23.0
wideband,shield_repair,adaptive,phi,radioml,9,300,0.4016881001453135,5.278602482843302e-05,0.0,0.09,221,0.0,0.0,22.82,35.0,0.3116881001453134,0.0,0.0,0.0,0.0,1.0,0.09,0.0,23.0
wideband,shield_repair,adaptive,phi,radioml,10,300,0.414395752129934,7.210734546477807e-05,0.0,0.11666666666666667,59,0.0,0.0,22.74,35.0,0.2977290854632674,0.0,0.0,0.0,0.0,1.0,0.11666666666666667,0.0,23.0
wideband,shield_repair,adaptive,phi,radioml,11,300,0.4009982633897131,6.445164913715418e-05,0.0,0.08333333333333333,20,0.0,0.0,22.77,35.0,0.3176649300563798,0.0,0.0,0.0,0.0,1.0,0.08333333333333333,0.0,23.0
wideband,shield_repair,adaptive,phi,radioml,12,300,0.41872966525230937,5.5599819136681676e-05,0.0,0.06333333333333334,221,0.0,0.0,22.78,35.0,0.355396331918976,0.0,0.0,0.0,0.0,1.0,0.06333333333333334,0.0,23.0
wideband,shield_repair,adaptive,phi,radioml,13,300,0.4209250766942643,1.8258399048157264e-05,0.0,0.10333333333333333,221,0.0,0.0,22.78,35.0,0.317591743360931,0.0,0.0,0.0,0.0,1.0,0.10333333333333333,0.0,23.0
wideband,shield_repair,adaptive,phi,radioml,14,300,0.3991066121081322,0.00010230802157169943,0.0,0.1,221,0.0,0.0,22.82,35.0,0.2991066121081322,0.0,0.0,0.0,0.0,1.0,0.1,0.0,23.0
wideband,shield_repair,adaptive,phi,radioml,15,300,0.40235601027774187,3.827514295706878e-05,0.0,0.10666666666666667,221,0.0,0.0,22.77,35.0,0.29568934361107513,0.0,0.0,0.0,0.0,1.0,0.10666666666666667,0.0,23.0
wideband,shield_repair,adaptive,phi,radioml,16,300,0.40668666545510956,6.799463042238469e-05,0.0,0.08333333333333333,36,0.0,0.0,22.82,35.0,0.3233533321217762,0.0,0.0,0.0,0.0,1.0,0.08333333333333333,0.0,23.0
wideband,shield_repair,adaptive,phi,radioml,17,300,0.40629225028294463,6.712943183792503e-05,0.0,0.06,221,0.0,0.0,22.66,35.0,0.34629225028294464,0.0,0.0,0.0,0.0,1.0,0.06,0.0,23.0
wideband,shield_repair,adaptive,phi,radioml,18,300,0.41651628299459226,2.5000126418722897e-05,0.0,0.11333333333333333,58,0.0,0.0,22.78,35.0,0.3031829496612589,0.0,0.0,0.0,0.0,1.0,0.11333333333333333,0.0,23.0
wideband,shield_repair,adaptive,phi,radioml,19,300,0.4229224549506235,2.5116147137018408e-05,0.0,0.09666666666666666,221,0.0,0.0,22.67,35.0,0.32625578828395685,0.0,0.0,0.0,0.0,1.0,0.09666666666666666,0.0,23.0
wideband,shield_repair,adaptive,phi,radioml,20,300,0.39998534828593973,8.591202915816999e-05,0.0,0.05333333333333334,221,0.0,0.0,22.74,35.0,0.3466520149526064,0.0,0.0,0.0,0.0,1.0,0.05333333333333334,0.0,23.0
wideband,shield_repair,adaptive,phi,radioml,21,300,0.3984363771417791,3.596811253471321e-05,0.0,0.10333333333333333,221,0.0,0.0,22.77,35.0,0.29510304380844576,0.0,0.0,0.0,0.0,1.0,0.10333333333333333,0.0,23.0
wideband,shield_repair,adaptive,phi,radioml,22,300,0.4245790182308677,1.7287890381051317e-05,0.0,0.11,222,0.0,0.0,22.73,35.0,0.31457901823086765,0.0,0.0,0.0,0.0,1.0,0.11,0.0,23.0
wideband,shield_repair,adaptive,phi,radioml,23,300,0.3948331231398754,3.59557859612406e-05,0.0,0.11666666666666667,221,0.0,0.0,22.79,35.0,0.27816645647320876,0.0,0.0,0.0,0.0,1.0,0.11666666666666667,0.0,23.0
wideband,shield_repair,adaptive,phi,radioml,24,300,0.40662504200802035,4.161121224022033e-05,0.0,0.07333333333333333,221,0.0,0.0,22.75,35.0,0.333291708674687,0.0,0.0,0.0,0.0,1.0,0.07333333333333333,0.0,23.0
wideband,shield_repair,adaptive,phi,radioml,25,300,0.40820287091431706,1.4741528582600499e-05,0.0,0.11,133,0.0,0.0,22.71,35.0,0.2982028709143171,0.0,0.0,0.0,0.0,1.0,0.11,0.0,23.0
wideband,shield_repair,adaptive,phi,radioml,26,300,0.42111506440183705,1.9612807746656255e-05,0.0,0.09,221,0.0,0.0,22.67,35.0,0.331115064401837,0.0,0.0,0.0,0.0,1.0,0.09,0.0,23.0
wideband,shield_repair,adaptive,phi,radioml,27,300,0.4226580244860575,2.1334715619745176e-05,0.0,0.12666666666666668,26,0.0,0.0,22.65,35.0,0.29599135781939084,0.0,0.0,0.0,0.0,1.0,0.12666666666666668,0.0,23.0
wideband,shield_repair,adaptive,phi,radioml,28,300,0.4028468937558043,2.8165726574073932e-05,0.0,0.09666666666666666,40,0.0,0.0,22.63,35.0,0.3061802270891376,0.0,0.0,0.0,0.0,1.0,0.09666666666666666,0.0,23.0
wideband,shield_repair,adaptive,phi,radioml,29,300,0.4074177964686171,2.475341822366701e-05,0.0,0.07,221,0.0,0.0,22.78,35.0,0.3374177964686171,0.0,0.0,0.0,0.0,1.0,0.07,0.0,23.0
bursty,shield_repair,adaptive,phi,radioml,0,300,0.9623373684835596,0.8333653542989491,0.0,0.0,4,0.0,0.0,22.55,35.0,0.9623373684835596,0.0,0.0,0.0,0.0,1.0,0.0,0.0,23.0
bursty,shield_repair,adaptive,phi,radioml,1,300,0.9543562483294074,0.8932580643249871,0.0,0.0,1,0.0,0.0,22.6,35.0,0.9543562483294074,0.0,0.0,0.0,0.0,1.0,0.0,0.0,23.0
bursty,shield_repair,adaptive,phi,radioml,2,300,0.9640891999565027,0.8839116369124144,0.0,0.0,6,0.0,0.0,22.68,35.0,0.9640891999565027,0.0,0.0,0.0,0.0,1.0,0.0,0.0,23.0
bursty,shield_repair,adaptive,phi,radioml,3,300,0.9525838768777544,0.8140140458977773,0.0,0.0,1,0.0,0.0,22.65,35.0,0.9525838768777544,0.0,0.0,0.0,0.0,1.0,0.0,0.0,23.0
bursty,shield_repair,adaptive,phi,radioml,4,300,0.9671460254877671,0.9162161919846877,0.0,0.0,1,0.0,0.0,22.54,35.0,0.9671460254877671,0.0,0.0,0.0,0.0,1.0,0.0,0.0,23.0
bursty,shield_repair,adaptive,phi,radioml,5,300,0.9593585500189206,0.8883839694029071,0.0,0.0,1,0.0,0.0,22.62,35.0,0.9593585500189206,0.0,0.0,0.0,0.0,1.0,0.0,0.0,23.0
bursty,shield_repair,adaptive,phi,radioml,6,300,0.9565180621187517,0.8879779186617929,0.0,0.0,1,0.0,0.0,22.66,35.0,0.9565180621187517,0.0,0.0,0.0,0.0,1.0,0.0,0.0,23.0
bursty,shield_repair,adaptive,phi,radioml,7,300,0.9605241735568093,0.8612341136705446,0.0,0.0,2,0.0,0.0,22.64,35.0,0.9605241735568093,0.0,0.0,0.0,0.0,1.0,0.0,0.0,23.0
bursty,shield_repair,adaptive,phi,radioml,8,300,0.9609680056356938,0.8768737367407772,0.0,0.0,1,0.0,0.0,22.6,35.0,0.9609680056356938,0.0,0.0,0.0,0.0,1.0,0.0,0.0,23.0
bursty,shield_repair,adaptive,phi,radioml,9,300,0.9648185770908264,0.899276358066169,0.0,0.0,2,0.0,0.0,22.73,35.0,0.9648185770908264,0.0,0.0,0.0,0.0,1.0,0.0,0.0,23.0
bursty,shield_repair,adaptive,phi,radioml,10,300,0.9661761395427066,0.8903119173781721,0.0,0.0,2,0.0,0.0,22.64,35.0,0.9661761395427066,0.0,0.0,0.0,0.0,1.0,0.0,0.0,23.0
bursty,shield_repair,adaptive,phi,radioml,11,300,0.96597024746027,0.9100957368403148,0.0,0.0,2,0.0,0.0,22.67,35.0,0.96597024746027,0.0,0.0,0.0,0.0,1.0,0.0,0.0,23.0
bursty,shield_repair,adaptive,phi,radioml,12,300,0.9553495915905491,0.8349425687998273,0.0,0.0,3,0.0,0.0,22.71,35.0,0.9553495915905491,0.0,0.0,0.0,0.0,1.0,0.0,0.0,23.0
bursty,shield_repair,adaptive,phi,radioml,13,300,0.9644341022438175,0.9101707828954836,0.0,0.0,1,0.0,0.0,22.62,35.0,0.9644341022438175,0.0,0.0,0.0,0.0,1.0,0.0,0.0,23.0
bursty,shield_repair,adaptive,phi,radioml,14,300,0.9684192662187467,0.9139016296765712,0.0,0.0,1,0.0,0.0,22.64,35.0,0.9684192662187467,0.0,0.0,0.0,0.0,1.0,0.0,0.0,23.0
bursty,shield_repair,adaptive,phi,radioml,15,300,0.9700535556653358,0.9068647351420533,0.0,0.0,1,0.0,0.0,22.72,35.0,0.9700535556653358,0.0,0.0,0.0,0.0,1.0,0.0,0.0,23.0
bursty,shield_repair,adaptive,phi,radioml,16,300,0.9593093425420822,0.8581779491123833,0.0,0.0,1,0.0,0.0,22.69,35.0,0.9593093425420822,0.0,0.0,0.0,0.0,1.0,0.0,0.0,23.0
bursty,shield_repair,adaptive,phi,radioml,17,300,0.9609612339546935,0.8896878316522204,0.0,0.0,1,0.0,0.0,22.61,35.0,0.9609612339546935,0.0,0.0,0.0,0.0,1.0,0.0,0.0,23.0
bursty,shield_repair,adaptive,phi,radioml,18,300,0.9631196097648321,0.9150103115201095,0.0,0.0,1,0.0,0.0,22.71,35.0,0.9631196097648321,0.0,0.0,0.0,0.0,1.0,0.0,0.0,23.0
bursty,shield_repair,adaptive,phi,radioml,19,300,0.9638111668655438,0.9121597982095992,0.0,0.0,1,0.0,0.0,22.62,35.0,0.9638111668655438,0.0,0.0,0.0,0.0,1.0,0.0,0.0,23.0
bursty,shield_repair,adaptive,phi,radioml,20,300,0.9560560475201442,0.8384447136857738,0.0,0.0,4,0.0,0.0,22.67,35.0,0.9560560475201442,0.0,0.0,0.0,0.0,1.0,0.0,0.0,23.0
bursty,shield_repair,adaptive,phi,radioml,21,300,0.9574364807869119,0.8657488226994016,0.0,0.0,3,0.0,0.0,22.67,35.0,0.9574364807869119,0.0,0.0,0.0,0.0,1.0,0.0,0.0,23.0
bursty,shield_repair,adaptive,phi,radioml,22,300,0.9536520612374001,0.8210507758482094,0.0,0.0,2,0.0,0.0,22.65,35.0,0.9536520612374001,0.0,0.0,0.0,0.0,1.0,0.0,0.0,23.0
bursty,shield_repair,adaptive,phi,radioml,23,300,0.9548974700202116,0.8285165189128829,0.0,0.0,4,0.0,0.0,22.67,35.0,0.9548974700202116,0.0,0.0,0.0,0.0,1.0,0.0,0.0,23.0
bursty,shield_repair,adaptive,phi,radioml,24,300,0.9603314867224719,0.8581498305563563,0.0,0.0,2,0.0,0.0,22.69,35.0,0.9603314867224719,0.0,0.0,0.0,0.0,1.0,0.0,0.0,23.0
bursty,shield_repair,adaptive,phi,radioml,25,300,0.9601932617869977,0.8831825044496849,0.0,0.0,1,0.0,0.0,22.67,35.0,0.9601932617869977,0.0,0.0,0.0,0.0,1.0,0.0,0.0,23.0
bursty,shield_repair,adaptive,phi,radioml,26,300,0.9532746247330588,0.8401653909668104,0.0,0.0,1,0.0,0.0,22.71,35.0,0.9532746247330588,0.0,0.0,0.0,0.0,1.0,0.0,0.0,23.0
bursty,shield_repair,adaptive,phi,radioml,27,300,0.9531669794997635,0.8376749139784909,0.0,0.0,1,0.0,0.0,22.63,35.0,0.9531669794997635,0.0,0.0,0.0,0.0,1.0,0.0,0.0,23.0
bursty,shield_repair,adaptive,phi,radioml,28,300,0.9623509291499287,0.8922979175785698,0.0,0.0,1,0.0,0.0,22.66,35.0,0.9623509291499287,0.0,0.0,0.0,0.0,1.0,0.0,0.0,23.0
bursty,shield_repair,adaptive,phi,radioml,29,300,0.9558392598252785,0.8154662284965783,0.0,0.0,5,0.0,0.0,22.69,35.0,0.9558392598252785,0.0,0.0,0.0,0.0,1.0,0.0,0.0,23.0
backhaul,shield_repair,adaptive,phi,radioml,0,300,0.9478782561655771,0.895202250095493,0.0,0.0,2,0.0,0.0,22.7,35.0,0.9478782561655771,0.0,0.0,0.0,0.0,1.0,0.0,0.0,23.0
backhaul,shield_repair,adaptive,phi,radioml,1,300,0.9506424365391202,0.8941704991738657,0.0,0.0,1,0.0,0.0,22.68,35.0,0.9506424365391202,0.0,0.0,0.0,0.0,1.0,0.0,0.0,23.0
backhaul,shield_repair,adaptive,phi,radioml,2,300,0.9481137313649947,0.8954822977603103,0.0,0.0,1,0.0,0.0,22.75,35.0,0.9481137313649947,0.0,0.0,0.0,0.0,1.0,0.0,0.0,23.0
backhaul,shield_repair,adaptive,phi,radioml,3,300,0.9505799253529028,0.8956183489519749,0.0,0.0,1,0.0,0.0,22.74,35.0,0.9505799253529028,0.0,0.0,0.0,0.0,1.0,0.0,0.0,23.0
backhaul,shield_repair,adaptive,phi,radioml,4,300,0.9479137770111279,0.8951808968833552,0.0,0.0,3,0.0,0.0,22.73,35.0,0.9479137770111279,0.0,0.0,0.0,0.0,1.0,0.0,0.0,23.0
backhaul,shield_repair,adaptive,phi,radioml,5,300,0.9488525854658018,0.8946617690434103,0.0,0.0,1,0.0,0.0,22.74,35.0,0.9488525854658018,0.0,0.0,0.0,0.0,1.0,0.0,0.0,23.0
backhaul,shield_repair,adaptive,phi,radioml,6,300,0.9507475114532282,0.8953394809366608,0.0,0.0,1,0.0,0.0,22.68,35.0,0.9507475114532282,0.0,0.0,0.0,0.0,1.0,0.0,0.0,23.0
backhaul,shield_repair,adaptive,phi,radioml,7,300,0.9490564058378178,0.8951573350360578,0.0,0.0,1,0.0,0.0,22.74,35.0,0.9490564058378178,0.0,0.0,0.0,0.0,1.0,0.0,0.0,23.0
backhaul,shield_repair,adaptive,phi,radioml,8,300,0.9447198932965638,0.8951058549283588,0.0,0.0,1,0.0,0.0,22.7,35.0,0.9447198932965638,0.0,0.0,0.0,0.0,1.0,0.0,0.0,23.0
backhaul,shield_repair,adaptive,phi,radioml,9,300,0.9489728194838212,0.8951715687320485,0.0,0.0,1,0.0,0.0,22.72,35.0,0.9489728194838212,0.0,0.0,0.0,0.0,1.0,0.0,0.0,23.0
backhaul,shield_repair,adaptive,phi,radioml,10,300,0.9478189005802768,0.8954751915990166,0.0,0.0,1,0.0,0.0,22.74,35.0,0.9478189005802768,0.0,0.0,0.0,0.0,1.0,0.0,0.0,23.0
backhaul,shield_repair,adaptive,phi,radioml,11,300,0.9463901293158081,0.8953744510040654,0.0,0.0,1,0.0,0.0,22.76,35.0,0.9463901293158081,0.0,0.0,0.0,0.0,1.0,0.0,0.0,23.0
backhaul,shield_repair,adaptive,phi,radioml,12,300,0.9507849351894775,0.8955135945754771,0.0,0.0,1,0.0,0.0,22.75,35.0,0.9507849351894775,0.0,0.0,0.0,0.0,1.0,0.0,0.0,23.0
backhaul,shield_repair,adaptive,phi,radioml,13,300,0.9504186724703756,0.8949867133232716,0.0,0.0,1,0.0,0.0,22.74,35.0,0.9504186724703756,0.0,0.0,0.0,0.0,1.0,0.0,0.0,23.0
backhaul,shield_repair,adaptive,phi,radioml,14,300,0.9478989082552958,0.8954228321656905,0.0,0.0,1,0.0,0.0,22.73,35.0,0.9478989082552958,0.0,0.0,0.0,0.0,1.0,0.0,0.0,23.0
backhaul,shield_repair,adaptive,phi,radioml,15,300,0.9510812765330673,0.8953904400923441,0.0,0.0,1,0.0,0.0,22.72,35.0,0.9510812765330673,0.0,0.0,0.0,0.0,1.0,0.0,0.0,23.0
backhaul,shield_repair,adaptive,phi,radioml,16,300,0.9455608768986868,0.8911434368467951,0.0,0.0,1,0.0,0.0,22.8,35.0,0.9455608768986868,0.0,0.0,0.0,0.0,1.0,0.0,0.0,23.0
backhaul,shield_repair,adaptive,phi,radioml,17,300,0.9478764167415527,0.895551429481056,0.0,0.0,2,0.0,0.0,22.78,35.0,0.9478764167415527,0.0,0.0,0.0,0.0,1.0,0.0,0.0,23.0
backhaul,shield_repair,adaptive,phi,radioml,18,300,0.9475841542172926,0.8949663323679253,0.0,0.0,1,0.0,0.0,22.75,35.0,0.9475841542172926,0.0,0.0,0.0,0.0,1.0,0.0,0.0,23.0
backhaul,shield_repair,adaptive,phi,radioml,19,300,0.9514932900370741,0.8953508342018215,0.0,0.0,2,0.0,0.0,22.66,35.0,0.9514932900370741,0.0,0.0,0.0,0.0,1.0,0.0,0.0,23.0
backhaul,shield_repair,adaptive,phi,radioml,20,300,0.9505088272739132,0.8954413232980221,0.0,0.0,1,0.0,0.0,22.76,35.0,0.9505088272739132,0.0,0.0,0.0,0.0,1.0,0.0,0.0,23.0
backhaul,shield_repair,adaptive,phi,radioml,21,300,0.9489325187262443,0.8945798314107112,0.0,0.0,1,0.0,0.0,22.78,35.0,0.9489325187262443,0.0,0.0,0.0,0.0,1.0,0.0,0.0,23.0
backhaul,shield_repair,adaptive,phi,radioml,22,300,0.9520311009175869,0.8954999563364403,0.0,0.0,2,0.0,0.0,22.75,35.0,0.9520311009175869,0.0,0.0,0.0,0.0,1.0,0.0,0.0,23.0
backhaul,shield_repair,adaptive,phi,radioml,23,300,0.95143531809494,0.8954558641499125,0.0,0.0,1,0.0,0.0,22.74,35.0,0.95143531809494,0.0,0.0,0.0,0.0,1.0,0.0,0.0,23.0
backhaul,shield_repair,adaptive,phi,radioml,24,300,0.9540213779281849,0.8958621429407808,0.0,0.0,2,0.0,0.0,22.81,35.0,0.9540213779281849,0.0,0.0,0.0,0.0,1.0,0.0,0.0,23.0
backhaul,shield_repair,adaptive,phi,radioml,25,300,0.9474863529029458,0.8955063158079867,0.0,0.0,1,0.0,0.0,22.72,35.0,0.9474863529029458,0.0,0.0,0.0,0.0,1.0,0.0,0.0,23.0
backhaul,shield_repair,adaptive,phi,radioml,26,300,0.9493856706790742,0.8935569675460888,0.0,0.0,1,0.0,0.0,22.74,35.0,0.9493856706790742,0.0,0.0,0.0,0.0,1.0,0.0,0.0,23.0
backhaul,shield_repair,adaptive,phi,radioml,27,300,0.9533530480454602,0.8957850889658298,0.0,0.0,2,0.0,0.0,22.65,35.0,0.9533530480454602,0.0,0.0,0.0,0.0,1.0,0.0,0.0,23.0
backhaul,shield_repair,adaptive,phi,radioml,28,300,0.951351392910977,0.8953825421623232,0.0,0.0,3,0.0,0.0,22.67,35.0,0.951351392910977,0.0,0.0,0.0,0.0,1.0,0.0,0.0,23.0
backhaul,shield_repair,adaptive,phi,radioml,29,300,0.9440277418557502,0.8932578861434674,0.0,0.0,2,0.0,0.0,22.85,35.0,0.9440277418557502,0.0,0.0,0.0,0.0,1.0,0.0,0.0,23.0
compromised_xapp,shield_repair,adaptive,phi,radioml,0,300,0.9784505360070256,0.9704758484407774,0.0,0.38333333333333336,1,0.0,0.0,22.91,35.0,0.5951172026736923,0.0,0.0,0.38333333333333336,0.0,1.0,0.0,0.0,23.0
compromised_xapp,shield_repair,adaptive,phi,radioml,1,300,0.9805435711462646,0.9712547003574092,0.0,0.4033333333333333,1,0.0,0.0,22.91,35.0,0.5772102378129312,0.0,0.0,0.4033333333333333,0.0,1.0,0.0,0.0,23.0
compromised_xapp,shield_repair,adaptive,phi,radioml,2,300,0.9801427045480701,0.9717269631112454,0.0,0.4,1,0.0,0.0,22.92,35.0,0.5801427045480703,0.0,0.0,0.4,0.0,1.0,0.0,0.0,23.0
compromised_xapp,shield_repair,adaptive,phi,radioml,3,300,0.9818135558856911,0.972178425322949,0.0,0.3933333333333333,1,0.0,0.0,22.94,35.0,0.5884802225523579,0.0,0.0,0.3933333333333333,0.0,1.0,0.0,0.0,23.0
compromised_xapp,shield_repair,adaptive,phi,radioml,4,300,0.9812120943557288,0.9727074790331207,0.0,0.36666666666666664,1,0.0,0.0,22.89,35.0,0.6145454276890622,0.0,0.0,0.36666666666666664,0.0,1.0,0.0,0.0,23.0
compromised_xapp,shield_repair,adaptive,phi,radioml,5,300,0.9764540135219218,0.9721391209466538,0.0,0.38333333333333336,1,0.0,0.0,22.89,35.0,0.5931206801885887,0.0,0.0,0.38333333333333336,0.0,1.0,0.0,0.0,23.0
compromised_xapp,shield_repair,adaptive,phi,radioml,6,300,0.9802580765250096,0.9691014956551522,0.0,0.43,1,0.0,0.0,22.94,35.0,0.5502580765250095,0.0,0.0,0.43,0.0,1.0,0.0,0.0,23.0
compromised_xapp,shield_repair,adaptive,phi,radioml,7,300,0.9812629201767298,0.9729691201826921,0.0,0.36,1,0.0,0.0,22.92,35.0,0.6212629201767296,0.0,0.0,0.36,0.0,1.0,0.0,0.0,23.0
compromised_xapp,shield_repair,adaptive,phi,radioml,8,300,0.978779193131187,0.9717447242459017,0.0,0.37333333333333335,1,0.0,0.0,22.91,35.0,0.6054458597978536,0.0,0.0,0.37333333333333335,0.0,1.0,0.0,0.0,23.0
compromised_xapp,shield_repair,adaptive,phi,radioml,9,300,0.9791275067715692,0.9702415886958558,0.0,0.39666666666666667,1,0.0,0.0,22.93,35.0,0.5824608401049026,0.0,0.0,0.39666666666666667,0.0,1.0,0.0,0.0,23.0
compromised_xapp,shield_repair,adaptive,phi,radioml,10,300,0.9805517637281338,0.9687659220197942,0.0,0.43333333333333335,1,0.0,0.0,22.91,35.0,0.5472184303948004,0.0,0.0,0.43333333333333335,0.0,1.0,0.0,0.0,23.0
compromised_xapp,shield_repair,adaptive,phi,radioml,11,300,0.9822220850458541,0.9735282855220856,0.0,0.38666666666666666,1,0.0,0.0,22.95,35.0,0.5955554183791876,0.0,0.0,0.38666666666666666,0.0,1.0,0.0,0.0,23.0
compromised_xapp,shield_repair,adaptive,phi,radioml,12,300,0.9799289927948649,0.9654701625893524,0.0,0.3566666666666667,1,0.0,0.0,22.93,35.0,0.6232623261281982,0.0,0.0,0.3566666666666667,0.0,1.0,0.0,0.0,23.0
compromised_xapp,shield_repair,adaptive,phi,radioml,13,300,0.97921530603538,0.9733807502649207,0.0,0.3933333333333333,1,0.0,0.0,22.9,35.0,0.5858819727020466,0.0,0.0,0.3933333333333333,0.0,1.0,0.0,0.0,23.0
compromised_xapp,shield_repair,adaptive,phi,radioml,14,300,0.9801514942165048,0.9669105512608033,0.0,0.3433333333333333,1,0.0,0.0,22.92,35.0,0.6368181608831716,0.0,0.0,0.3433333333333333,0.0,1.0,0.0,0.0,23.0
compromised_xapp,shield_repair,adaptive,phi,radioml,15,300,0.9821768225377199,0.9710289399044356,0.0,0.3333333333333333,1,0.0,0.0,22.91,35.0,0.6488434892043866,0.0,0.0,0.3333333333333333,0.0,1.0,0.0,0.0,23.0
compromised_xapp,shield_repair,adaptive,phi,radioml,16,300,0.9811621636804824,0.9731883565181638,0.0,0.4166666666666667,1,0.0,0.0,22.92,35.0,0.5644954970138156,0.0,0.0,0.4166666666666667,0.0,1.0,0.0,0.0,23.0
compromised_xapp,shield_repair,adaptive,phi,radioml,17,300,0.9809201302614935,0.9712557605033106,0.0,0.37666666666666665,1,0.0,0.0,22.93,35.0,0.6042534635948268,0.0,0.0,0.37666666666666665,0.0,1.0,0.0,0.0,23.0
compromised_xapp,shield_repair,adaptive,phi,radioml,18,300,0.981347906149575,0.972352582128092,0.0,0.4033333333333333,1,0.0,0.0,22.96,35.0,0.5780145728162418,0.0,0.0,0.4033333333333333,0.0,1.0,0.0,0.0,23.0
compromised_xapp,shield_repair,adaptive,phi,radioml,19,300,0.9811887019749965,0.9729132207110655,0.0,0.32666666666666666,1,0.0,0.0,22.89,35.0,0.6545220353083299,0.0,0.0,0.32666666666666666,0.0,1.0,0.0,0.0,23.0
compromised_xapp,shield_repair,adaptive,phi,radioml,20,300,0.9817428809034038,0.9708454917798832,0.0,0.3466666666666667,1,0.0,0.0,22.9,35.0,0.6350762142367372,0.0,0.0,0.3466666666666667,0.0,1.0,0.0,0.0,23.0
compromised_xapp,shield_repair,adaptive,phi,radioml,21,300,0.979452120228444,0.9732306304275286,0.0,0.37,1,0.0,0.0,22.92,35.0,0.6094521202284437,0.0,0.0,0.37,0.0,1.0,0.0,0.0,23.0
compromised_xapp,shield_repair,adaptive,phi,radioml,22,300,0.981028530997196,0.9732239736847734,0.0,0.3466666666666667,1,0.0,0.0,22.93,35.0,0.6343618643305293,0.0,0.0,0.3466666666666667,0.0,1.0,0.0,0.0,23.0
compromised_xapp,shield_repair,adaptive,phi,radioml,23,300,0.9814244284246976,0.9724471520638492,0.0,0.38,1,0.0,0.0,22.97,35.0,0.6014244284246975,0.0,0.0,0.38,0.0,1.0,0.0,0.0,23.0
compromised_xapp,shield_repair,adaptive,phi,radioml,24,300,0.9799533246142577,0.9713901583617105,0.0,0.36,1,0.0,0.0,22.86,35.0,0.6199533246142579,0.0,0.0,0.36,0.0,1.0,0.0,0.0,23.0
compromised_xapp,shield_repair,adaptive,phi,radioml,25,300,0.9810737756783897,0.9722915720134744,0.0,0.37333333333333335,1,0.0,0.0,22.95,35.0,0.6077404423450565,0.0,0.0,0.37333333333333335,0.0,1.0,0.0,0.0,23.0
compromised_xapp,shield_repair,adaptive,phi,radioml,26,300,0.9793676106503424,0.9715621848065714,0.0,0.4266666666666667,1,0.0,0.0,22.93,35.0,0.5527009439836756,0.0,0.0,0.4266666666666667,0.0,1.0,0.0,0.0,23.0
compromised_xapp,shield_repair,adaptive,phi,radioml,27,300,0.9810204299737063,0.9716767427258217,0.0,0.36,1,0.0,0.0,22.89,35.0,0.6210204299737063,0.0,0.0,0.36,0.0,1.0,0.0,0.0,23.0
compromised_xapp,shield_repair,adaptive,phi,radioml,28,300,0.9807221148686265,0.9682819585005151,0.0,0.36333333333333334,1,0.0,0.0,22.9,35.0,0.6173887815352933,0.0,0.0,0.36333333333333334,0.0,1.0,0.0,0.0,23.0
compromised_xapp,shield_repair,adaptive,phi,radioml,29,300,0.9790493427371882,0.9692182301309556,0.0,0.39666666666666667,1,0.0,0.0,22.91,35.0,0.5823826760705215,0.0,0.0,0.39666666666666667,0.0,1.0,0.0,0.0,23.0
compound,shield_repair,adaptive,phi,radioml,0,300,0.748453269185358,0.08797802885052897,0.0,0.4766666666666667,27,0.0,0.0,22.89,35.0,0.27178660251869136,0.0,0.0,0.4533333333333333,0.0,1.0,0.02666666666666667,0.0,23.0
compound,shield_repair,adaptive,phi,radioml,1,300,0.7629517318054643,0.08342312912981045,0.0,0.45666666666666667,8,0.0,0.0,22.87,35.0,0.30628506513879755,0.0,0.0,0.44666666666666666,0.0,1.0,0.013333333333333334,0.0,23.0
compound,shield_repair,adaptive,phi,radioml,2,300,0.7412918866430593,0.019240614863655244,0.0,0.47,19,0.0,0.0,22.9,35.0,0.27129188664305937,0.0,0.0,0.44,0.0,1.0,0.03,0.0,23.0
compound,shield_repair,adaptive,phi,radioml,3,300,0.7603791660509901,0.15505552360874694,0.0,0.46,2,0.0,0.0,22.87,35.0,0.30037916605099013,0.0,0.0,0.45666666666666667,0.0,1.0,0.013333333333333334,0.0,23.0
compound,shield_repair,adaptive,phi,radioml,4,300,0.7752935500931043,0.18081769105941328,0.0,0.49333333333333335,9,0.0,0.0,22.9,35.0,0.28196021675977095,0.0,0.0,0.49333333333333335,0.0,1.0,0.0,0.0,23.0
compound,shield_repair,adaptive,phi,radioml,5,300,0.7530214404795739,0.01304936832435804,0.0,0.5,16,0.0,0.0,22.89,35.0,0.2530214404795739,0.0,0.0,0.49333333333333335,0.0,1.0,0.013333333333333334,0.0,23.0
compound,shield_repair,adaptive,phi,radioml,6,300,0.7666900486357096,0.10210559942355052,0.0,0.48333333333333334,3,0.0,0.0,22.89,35.0,0.28335671530237616,0.0,0.0,0.48333333333333334,0.0,1.0,0.0033333333333333335,0.0,23.0
compound,shield_repair,adaptive,phi,radioml,7,300,0.7704345723932439,0.2445327767670128,0.0,0.49333333333333335,3,0.0,0.0,22.9,35.0,0.2771012390599105,0.0,0.0,0.4866666666666667,0.0,1.0,0.016666666666666666,0.0,23.0
compound,shield_repair,adaptive,phi,radioml,8,300,0.7664389129919702,0.13771429607065794,0.0,0.46,2,0.0,0.0,22.86,35.0,0.30643891299197024,0.0,0.0,0.45666666666666667,0.0,1.0,0.0033333333333333335,0.0,23.0
compound,shield_repair,adaptive,phi,radioml,9,300,0.7663106675562911,0.2794677687510656,0.0,0.5233333333333333,7,0.0,0.0,22.93,35.0,0.24297733422295778,0.0,0.0,0.52,0.0,1.0,0.006666666666666667,0.0,23.0
compound,shield_repair,adaptive,phi,radioml,10,300,0.7794397257738879,0.16413114413873542,0.0,0.43,21,0.0,0.0,22.86,35.0,0.3494397257738879,0.0,0.0,0.43,0.0,1.0,0.0,0.0,23.0
compound,shield_repair,adaptive,phi,radioml,11,300,0.7692191551294805,0.2504191211454523,0.0,0.4633333333333333,2,0.0,0.0,22.93,35.0,0.3058858217961472,0.0,0.0,0.46,0.0,1.0,0.01,0.0,23.0
compound,shield_repair,adaptive,phi,radioml,12,300,0.759451356408247,0.03881370543220749,0.0,0.47,1,0.0,0.0,22.9,35.0,0.2894513564082471,0.0,0.0,0.46,0.0,1.0,0.013333333333333334,0.0,23.0
compound,shield_repair,adaptive,phi,radioml,13,300,0.7548680350450864,0.14493230207253036,0.0,0.44666666666666666,11,0.0,0.0,22.93,35.0,0.3082013683784197,0.0,0.0,0.44666666666666666,0.0,1.0,0.006666666666666667,0.0,23.0
compound,shield_repair,adaptive,phi,radioml,14,300,0.7677111497001723,0.2409164240436578,0.0,0.47333333333333333,36,0.0,0.0,22.92,35.0,0.29437781636683896,0.0,0.0,0.47333333333333333,0.0,1.0,0.013333333333333334,0.0,23.0
compound,shield_repair,adaptive,phi,radioml,15,300,0.7750513648463827,0.10789478786659075,0.0,0.5166666666666667,5,0.0,0.0,22.94,35.0,0.2583846981797161,0.0,0.0,0.5133333333333333,0.0,1.0,0.01,0.0,23.0
compound,shield_repair,adaptive,phi,radioml,16,300,0.7389365544962198,0.055928002150350105,0.0,0.46,12,0.0,0.0,22.89,35.0,0.2789365544962197,0.0,0.0,0.45,0.0,1.0,0.02666666666666667,0.0,23.0
compound,shield_repair,adaptive,phi,radioml,17,300,0.7824854796157034,0.2720836444549217,0.0,0.46,3,0.0,0.0,22.95,35.0,0.32248547961570345,0.0,0.0,0.46,0.0,1.0,0.0,0.0,23.0
compound,shield_repair,adaptive,phi,radioml,18,300,0.7360119733698919,0.006223558535809896,0.0,0.51,6,0.0,0.0,22.92,35.0,0.2260119733698918,0.0,0.0,0.49666666666666665,0.0,1.0,0.02666666666666667,0.0,23.0
compound,shield_repair,adaptive,phi,radioml,19,300,0.7543868417052058,0.04780520618906142,0.0,0.5033333333333333,12,0.0,0.0,22.89,35.0,0.25105350837187246,0.0,0.0,0.5,0.0,1.0,0.02666666666666667,0.0,23.0
compound,shield_repair,adaptive,phi,radioml,20,300,0.7706580114648305,0.2467834298047797,0.0,0.5033333333333333,11,0.0,0.0,22.92,35.0,0.2673246781314972,0.0,0.0,0.5033333333333333,0.0,1.0,0.0,0.0,23.0
compound,shield_repair,adaptive,phi,radioml,21,300,0.7457468714905958,0.010536492732601033,0.0,0.5,12,0.0,0.0,22.91,35.0,0.2457468714905958,0.0,0.0,0.48,0.0,1.0,0.023333333333333334,0.0,23.0
compound,shield_repair,adaptive,phi,radioml,22,300,0.7527208568577988,0.025174719628477327,0.0,0.46,4,0.0,0.0,22.92,35.0,0.29272085685779875,0.0,0.0,0.45666666666666667,0.0,1.0,0.02666666666666667,0.0,23.0
compound,shield_repair,adaptive,phi,radioml,23,300,0.7680764926139395,0.22567174909300702,0.0,0.49666666666666665,9,0.0,0.0,22.91,35.0,0.27140982594727275,0.0,0.0,0.49666666666666665,0.0,1.0,0.0,0.0,23.0
compound,shield_repair,adaptive,phi,radioml,24,300,0.772135212445439,0.23849883035406824,0.0,0.48333333333333334,4,0.0,0.0,22.87,35.0,0.2888018791121057,0.0,0.0,0.48333333333333334,0.0,1.0,0.0,0.0,23.0
compound,shield_repair,adaptive,phi,radioml,25,300,0.7488767523548723,0.1772880235439511,0.0,0.5066666666666667,22,0.0,0.0,22.91,35.0,0.2422100856882057,0.0,0.0,0.49333333333333335,0.0,1.0,0.023333333333333334,0.0,23.0
compound,shield_repair,adaptive,phi,radioml,26,300,0.7573743924399255,0.214440193168359,0.0,0.49666666666666665,1,0.0,0.0,22.87,35.0,0.2607077257732589,0.0,0.0,0.49,0.0,1.0,0.023333333333333334,0.0,23.0
compound,shield_repair,adaptive,phi,radioml,27,300,0.7669023197632521,0.21950650889345755,0.0,0.49333333333333335,29,0.0,0.0,22.87,35.0,0.2735689864299187,0.0,0.0,0.49333333333333335,0.0,1.0,0.0,0.0,23.0
compound,shield_repair,adaptive,phi,radioml,28,300,0.7519210347499801,0.013852082522281062,0.0,0.4666666666666667,21,0.0,0.0,22.86,35.0,0.28525436808331345,0.0,0.0,0.45666666666666667,0.0,1.0,0.01,0.0,23.0
compound,shield_repair,adaptive,phi,radioml,29,300,0.7425030581320838,0.1154753671499789,0.0,0.49333333333333335,12,0.0,0.0,22.92,35.0,0.24916972479875046,0.0,0.0,0.4866666666666667,0.0,1.0,0.03333333333333333,0.0,23.0
narrowband,structured,naive,phi,radioml,0,300,0.9721419090490963,0.924076169339363,0.0,0.0,1,0.0,0.0,23.0,35.0,0.9721419090490963,0.0,0.0,0.0,0.0,0.0,0.0,0.0,23.0
narrowband,structured,naive,phi,radioml,1,300,0.9749555852514518,0.9362785072796739,0.0,0.0,1,0.0,0.0,23.0,35.0,0.9749555852514518,0.0,0.0,0.0,0.0,0.0,0.0,0.0,23.0
narrowband,structured,naive,phi,radioml,2,300,0.971108763678885,0.9322673969148765,0.0,0.0,1,0.0,0.0,23.0,35.0,0.971108763678885,0.0,0.0,0.0,0.0,0.0,0.0,0.0,23.0
narrowband,structured,naive,phi,radioml,3,300,0.9755205150838494,0.9349202739826183,0.0,0.0,1,0.0,0.0,23.0,35.0,0.9755205150838494,0.0,0.0,0.0,0.0,0.0,0.0,0.0,23.0
narrowband,structured,naive,phi,radioml,4,300,0.9699748353384088,0.9228134274299157,0.0,0.0,1,0.0,0.0,23.0,35.0,0.9699748353384088,0.0,0.0,0.0,0.0,0.0,0.0,0.0,23.0
narrowband,structured,naive,phi,radioml,5,300,0.9712505435741684,0.931864807818652,0.0,0.0,1,0.0,0.0,23.0,35.0,0.9712505435741684,0.0,0.0,0.0,0.0,0.0,0.0,0.0,23.0
narrowband,structured,naive,phi,radioml,6,300,0.9698151757442379,0.9252783201082844,0.0,0.0,1,0.0,0.0,23.0,35.0,0.9698151757442379,0.0,0.0,0.0,0.0,0.0,0.0,0.0,23.0
narrowband,structured,naive,phi,radioml,7,300,0.973405750862464,0.9243269136691239,0.0,0.0,1,0.0,0.0,23.0,35.0,0.973405750862464,0.0,0.0,0.0,0.0,0.0,0.0,0.0,23.0
narrowband,structured,naive,phi,radioml,8,300,0.9691110866378225,0.9312453326015073,0.0,0.0,1,0.0,0.0,23.0,35.0,0.9691110866378225,0.0,0.0,0.0,0.0,0.0,0.0,0.0,23.0
narrowband,structured,naive,phi,radioml,9,300,0.9742088170407017,0.9266795361720753,0.0,0.0,1,0.0,0.0,23.0,35.0,0.9742088170407017,0.0,0.0,0.0,0.0,0.0,0.0,0.0,23.0
narrowband,structured,naive,phi,radioml,10,300,0.9792046738422967,0.9357888344284253,0.0,0.0,1,0.0,0.0,23.0,35.0,0.9792046738422967,0.0,0.0,0.0,0.0,0.0,0.0,0.0,23.0
narrowband,structured,naive,phi,radioml,11,300,0.9723571832575942,0.927395941753323,0.0,0.0,1,0.0,0.0,23.0,35.0,0.9723571832575942,0.0,0.0,0.0,0.0,0.0,0.0,0.0,23.0
narrowband,structured,naive,phi,radioml,12,300,0.970443967301866,0.9259342453793672,0.0,0.0,1,0.0,0.0,23.0,35.0,0.970443967301866,0.0,0.0,0.0,0.0,0.0,0.0,0.0,23.0
narrowband,structured,naive,phi,radioml,13,300,0.9758271697429781,0.934310995984263,0.0,0.0,1,0.0,0.0,23.0,35.0,0.9758271697429781,0.0,0.0,0.0,0.0,0.0,0.0,0.0,23.0
narrowband,structured,naive,phi,radioml,14,300,0.9748807429399244,0.9243521886072966,0.0,0.0,1,0.0,0.0,23.0,35.0,0.9748807429399244,0.0,0.0,0.0,0.0,0.0,0.0,0.0,23.0
narrowband,structured,naive,phi,radioml,15,300,0.9687081295553238,0.9184345540840215,0.0,0.0,1,0.0,0.0,23.0,35.0,0.9687081295553238,0.0,0.0,0.0,0.0,0.0,0.0,0.0,23.0
narrowband,structured,naive,phi,radioml,16,300,0.9699296276675682,0.9125854923979005,0.0,0.0,1,0.0,0.0,23.0,35.0,0.9699296276675682,0.0,0.0,0.0,0.0,0.0,0.0,0.0,23.0
narrowband,structured,naive,phi,radioml,17,300,0.9711492992994427,0.9263513293069763,0.0,0.0,2,0.0,0.0,23.0,35.0,0.9711492992994427,0.0,0.0,0.0,0.0,0.0,0.0,0.0,23.0
narrowband,structured,naive,phi,radioml,18,300,0.9735384409598252,0.9241961932080321,0.0,0.0,1,0.0,0.0,23.0,35.0,0.9735384409598252,0.0,0.0,0.0,0.0,0.0,0.0,0.0,23.0
narrowband,structured,naive,phi,radioml,19,300,0.975079655949541,0.9259484848220944,0.0,0.0,1,0.0,0.0,23.0,35.0,0.975079655949541,0.0,0.0,0.0,0.0,0.0,0.0,0.0,23.0
narrowband,structured,naive,phi,radioml,20,300,0.9682154028755678,0.92198687134252,0.0,0.0,1,0.0,0.0,23.0,35.0,0.9682154028755678,0.0,0.0,0.0,0.0,0.0,0.0,0.0,23.0
narrowband,structured,naive,phi,radioml,21,300,0.9710609343219277,0.9211700019263798,0.0,0.0,1,0.0,0.0,23.0,35.0,0.9710609343219277,0.0,0.0,0.0,0.0,0.0,0.0,0.0,23.0
narrowband,structured,naive,phi,radioml,22,300,0.9740781283514066,0.9440443633699297,0.0,0.0,1,0.0,0.0,23.0,35.0,0.9740781283514066,0.0,0.0,0.0,0.0,0.0,0.0,0.0,23.0
narrowband,structured,naive,phi,radioml,23,300,0.9718421778194725,0.9327820933290248,0.0,0.0,1,0.0,0.0,23.0,35.0,0.9718421778194725,0.0,0.0,0.0,0.0,0.0,0.0,0.0,23.0
narrowband,structured,naive,phi,radioml,24,300,0.9733551806200619,0.9248061523361454,0.0,0.0,1,0.0,0.0,23.0,35.0,0.9733551806200619,0.0,0.0,0.0,0.0,0.0,0.0,0.0,23.0
narrowband,structured,naive,phi,radioml,25,300,0.9799507165582221,0.9397176355690953,0.0,0.0,1,0.0,0.0,23.0,35.0,0.9799507165582221,0.0,0.0,0.0,0.0,0.0,0.0,0.0,23.0
narrowband,structured,naive,phi,radioml,26,300,0.9737132907216399,0.9276970515482464,0.0,0.0,1,0.0,0.0,23.0,35.0,0.9737132907216399,0.0,0.0,0.0,0.0,0.0,0.0,0.0,23.0
narrowband,structured,naive,phi,radioml,27,300,0.9758927539658612,0.9291956899975614,0.0,0.0,1,0.0,0.0,23.0,35.0,0.9758927539658612,0.0,0.0,0.0,0.0,0.0,0.0,0.0,23.0
narrowband,structured,naive,phi,radioml,28,300,0.9717583651372731,0.923962937793936,0.0,0.0,1,0.0,0.0,23.0,35.0,0.9717583651372731,0.0,0.0,0.0,0.0,0.0,0.0,0.0,23.0
narrowband,structured,naive,phi,radioml,29,300,0.9695846296720239,0.9257754518722545,0.0,0.0,1,0.0,0.0,23.0,35.0,0.9695846296720239,0.0,0.0,0.0,0.0,0.0,0.0,0.0,23.0
wideband,structured,naive,phi,radioml,0,300,0.5789833362387736,0.015404997984840746,0.0,0.0,221,0.0,0.0,22.99,35.0,0.5789833362387736,0.0,0.0,0.0,0.0,0.0,0.0,0.0,23.0
wideband,structured,naive,phi,radioml,1,300,0.5919589418029452,0.004023349093623047,0.0,0.0,221,0.0,0.0,23.0,35.0,0.5919589418029452,0.0,0.0,0.0,0.0,0.0,0.0,0.0,23.0
wideband,structured,naive,phi,radioml,2,300,0.573576289527451,0.0053791342978919635,0.0,0.0,6,0.0,0.0,23.0,35.0,0.573576289527451,0.0,0.0,0.0,0.0,0.0,0.0,0.0,23.0
wideband,structured,naive,phi,radioml,3,300,0.5867583490684285,0.008486987525493081,0.0,0.0,135,0.0,0.0,23.0,35.0,0.5867583490684285,0.0,0.0,0.0,0.0,0.0,0.0,0.0,23.0
wideband,structured,naive,phi,radioml,4,300,0.592792542921415,0.02499110216911094,0.0,0.0,67,0.0,0.0,23.0,35.0,0.592792542921415,0.0,0.0,0.0,0.0,0.0,0.0,0.0,23.0
wideband,structured,naive,phi,radioml,5,300,0.5840593321423652,0.0033056158127797363,0.0,0.0,221,0.0,0.0,23.0,35.0,0.5840593321423652,0.0,0.0,0.0,0.0,0.0,0.0,0.0,23.0
wideband,structured,naive,phi,radioml,6,300,0.5980350527624946,0.09897438055240138,0.0,0.0,221,0.0,0.0,23.0,35.0,0.5980350527624946,0.0,0.0,0.0,0.0,0.0,0.0,0.0,23.0
wideband,structured,naive,phi,radioml,7,300,0.5849200827402349,0.0038748265771727324,0.0,0.0,221,0.0,0.0,23.0,35.0,0.5849200827402349,0.0,0.0,0.0,0.0,0.0,0.0,0.0,23.0
wideband,structured,naive,phi,radioml,8,300,0.5877142963075882,0.009545671800385744,0.0,0.0,221,0.0,0.0,23.0,35.0,0.5877142963075882,0.0,0.0,0.0,0.0,0.0,0.0,0.0,23.0
wideband,structured,naive,phi,radioml,9,300,0.5657013000780038,0.004645567182173764,0.0,0.0,221,0.0,0.0,23.0,35.0,0.5657013000780038,0.0,0.0,0.0,0.0,0.0,0.0,0.0,23.0
wideband,structured,naive,phi,radioml,10,300,0.5938499873695097,0.08313145209267576,0.0,0.0,221,0.0,0.0,23.0,35.0,0.5938499873695097,0.0,0.0,0.0,0.0,0.0,0.0,0.0,23.0
wideband,structured,naive,phi,radioml,11,300,0.6200240302039972,0.11675863778544016,0.0,0.0,61,0.0,0.0,22.99,35.0,0.6200240302039972,0.0,0.0,0.0,0.0,0.0,0.0,0.0,23.0
wideband,structured,naive,phi,radioml,12,300,0.5969062667817099,0.02174640546566257,0.0,0.0,221,0.0,0.0,23.0,35.0,0.5969062667817099,0.0,0.0,0.0,0.0,0.0,0.0,0.0,23.0
wideband,structured,naive,phi,radioml,13,300,0.5773915356980367,0.0029283250968442543,0.0,0.0,18,0.0,0.0,23.0,35.0,0.5773915356980367,0.0,0.0,0.0,0.0,0.0,0.0,0.0,23.0
wideband,structured,naive,phi,radioml,14,300,0.5901560476144099,0.16191985310016163,0.0,0.0,91,0.0,0.0,23.0,35.0,0.5901560476144099,0.0,0.0,0.0,0.0,0.0,0.0,0.0,23.0
wideband,structured,naive,phi,radioml,15,300,0.5921647890984862,0.06249875179950779,0.0,0.0,213,0.0,0.0,23.0,35.0,0.5921647890984862,0.0,0.0,0.0,0.0,0.0,0.0,0.0,23.0
wideband,structured,naive,phi,radioml,16,300,0.5661110050858101,0.0047608947067062,0.0,0.0,221,0.0,0.0,23.0,35.0,0.5661110050858101,0.0,0.0,0.0,0.0,0.0,0.0,0.0,23.0
wideband,structured,naive,phi,radioml,17,300,0.5713939626665585,0.005473482341464181,0.0,0.0,119,0.0,0.0,22.99,35.0,0.5713939626665585,0.0,0.0,0.0,0.0,0.0,0.0,0.0,23.0
wideband,structured,naive,phi,radioml,18,300,0.590155387067555,0.004737689362103579,0.0,0.0,3,0.0,0.0,23.0,35.0,0.590155387067555,0.0,0.0,0.0,0.0,0.0,0.0,0.0,23.0
wideband,structured,naive,phi,radioml,19,300,0.5877977232827395,0.009298766505490785,0.0,0.0,221,0.0,0.0,22.99,35.0,0.5877977232827395,0.0,0.0,0.0,0.0,0.0,0.0,0.0,23.0
wideband,structured,naive,phi,radioml,20,300,0.5752864999314631,0.003768160378300106,0.0,0.0,221,0.0,0.0,22.99,35.0,0.5752864999314631,0.0,0.0,0.0,0.0,0.0,0.0,0.0,23.0
wideband,structured,naive,phi,radioml,21,300,0.5681381369168556,0.0036336480374755584,0.0,0.0,33,0.0,0.0,23.0,35.0,0.5681381369168556,0.0,0.0,0.0,0.0,0.0,0.0,0.0,23.0
wideband,structured,naive,phi,radioml,22,300,0.5981615754598352,0.0033174693721280844,0.0,0.0,221,0.0,0.0,23.0,35.0,0.5981615754598352,0.0,0.0,0.0,0.0,0.0,0.0,0.0,23.0
wideband,structured,naive,phi,radioml,23,300,0.5754902585868505,0.0030043464970374244,0.0,0.0,221,0.0,0.0,23.0,35.0,0.5754902585868505,0.0,0.0,0.0,0.0,0.0,0.0,0.0,23.0
wideband,structured,naive,phi,radioml,24,300,0.5741165574431394,0.005237446202016071,0.0,0.0,74,0.0,0.0,23.0,35.0,0.5741165574431394,0.0,0.0,0.0,0.0,0.0,0.0,0.0,23.0
wideband,structured,naive,phi,radioml,25,300,0.6013746093122578,0.011198664757840102,0.0,0.0,221,0.0,0.0,23.0,35.0,0.6013746093122578,0.0,0.0,0.0,0.0,0.0,0.0,0.0,23.0
wideband,structured,naive,phi,radioml,26,300,0.5894859895858828,0.004013864839531523,0.0,0.0,221,0.0,0.0,23.0,35.0,0.5894859895858828,0.0,0.0,0.0,0.0,0.0,0.0,0.0,23.0
wideband,structured,naive,phi,radioml,27,300,0.5837229160641502,0.004650645479099144,0.0,0.0,52,0.0,0.0,23.0,35.0,0.5837229160641502,0.0,0.0,0.0,0.0,0.0,0.0,0.0,23.0
wideband,structured,naive,phi,radioml,28,300,0.5902187946962495,0.10080019584398665,0.0,0.0,159,0.0,0.0,23.0,35.0,0.5902187946962495,0.0,0.0,0.0,0.0,0.0,0.0,0.0,23.0
wideband,structured,naive,phi,radioml,29,300,0.5935268453405682,0.01522507325790948,0.0,0.0,221,0.0,0.0,23.0,35.0,0.5935268453405682,0.0,0.0,0.0,0.0,0.0,0.0,0.0,23.0
bursty,structured,naive,phi,radioml,0,300,0.9710293954643828,0.8696677586886339,0.0,0.0,1,0.0,0.0,23.0,35.0,0.9710293954643828,0.0,0.0,0.0,0.0,0.0,0.0,0.0,23.0
bursty,structured,naive,phi,radioml,1,300,0.9820966005971292,0.9118322811927063,0.0,0.0,1,0.0,0.0,23.0,35.0,0.9820966005971292,0.0,0.0,0.0,0.0,0.0,0.0,0.0,23.0
bursty,structured,naive,phi,radioml,2,300,0.9723062478769892,0.8627804667974397,0.0,0.0,2,0.0,0.0,23.0,35.0,0.9723062478769892,0.0,0.0,0.0,0.0,0.0,0.0,0.0,23.0
bursty,structured,naive,phi,radioml,3,300,0.9762117794015379,0.8962954826923317,0.0,0.0,4,0.0,0.0,23.0,35.0,0.9762117794015379,0.0,0.0,0.0,0.0,0.0,0.0,0.0,23.0
bursty,structured,naive,phi,radioml,4,300,0.9746710463440877,0.8662454173032337,0.0,0.0,2,0.0,0.0,23.0,35.0,0.9746710463440877,0.0,0.0,0.0,0.0,0.0,0.0,0.0,23.0
bursty,structured,naive,phi,radioml,5,300,0.9774512289530352,0.8793597184100737,0.0,0.0,4,0.0,0.0,23.0,35.0,0.9774512289530352,0.0,0.0,0.0,0.0,0.0,0.0,0.0,23.0
bursty,structured,naive,phi,radioml,6,300,0.9680366489127217,0.8377644555706291,0.0,0.0,1,0.0,0.0,23.0,35.0,0.9680366489127217,0.0,0.0,0.0,0.0,0.0,0.0,0.0,23.0
bursty,structured,naive,phi,radioml,7,300,0.9747348834966939,0.8951078628150522,0.0,0.0,1,0.0,0.0,23.0,35.0,0.9747348834966939,0.0,0.0,0.0,0.0,0.0,0.0,0.0,23.0
bursty,structured,naive,phi,radioml,8,300,0.9713961667946992,0.8695734448385747,0.0,0.0,1,0.0,0.0,23.0,35.0,0.9713961667946992,0.0,0.0,0.0,0.0,0.0,0.0,0.0,23.0
bursty,structured,naive,phi,radioml,9,300,0.9752641463410727,0.8610914834947241,0.0,0.0,5,0.0,0.0,23.0,35.0,0.9752641463410727,0.0,0.0,0.0,0.0,0.0,0.0,0.0,23.0
bursty,structured,naive,phi,radioml,10,300,0.9727428765870029,0.8725690051286876,0.0,0.0,5,0.0,0.0,23.0,35.0,0.9727428765870029,0.0,0.0,0.0,0.0,0.0,0.0,0.0,23.0
bursty,structured,naive,phi,radioml,11,300,0.9747816692848189,0.9027414435513,0.0,0.0,2,0.0,0.0,23.0,35.0,0.9747816692848189,0.0,0.0,0.0,0.0,0.0,0.0,0.0,23.0
bursty,structured,naive,phi,radioml,12,300,0.9751466399858711,0.8771435166900878,0.0,0.0,2,0.0,0.0,23.0,35.0,0.9751466399858711,0.0,0.0,0.0,0.0,0.0,0.0,0.0,23.0
bursty,structured,naive,phi,radioml,13,300,0.9764513170277996,0.8857521140113132,0.0,0.0,1,0.0,0.0,23.0,35.0,0.9764513170277996,0.0,0.0,0.0,0.0,0.0,0.0,0.0,23.0
bursty,structured,naive,phi,radioml,14,300,0.9760587685509201,0.9058151602474278,0.0,0.0,1,0.0,0.0,23.0,35.0,0.9760587685509201,0.0,0.0,0.0,0.0,0.0,0.0,0.0,23.0
bursty,structured,naive,phi,radioml,15,300,0.9781057366288216,0.8874030193278266,0.0,0.0,1,0.0,0.0,23.0,35.0,0.9781057366288216,0.0,0.0,0.0,0.0,0.0,0.0,0.0,23.0
bursty,structured,naive,phi,radioml,16,300,0.9673790344584527,0.8323745434935003,0.0,0.0,2,0.0,0.0,23.0,35.0,0.9673790344584527,0.0,0.0,0.0,0.0,0.0,0.0,0.0,23.0
bursty,structured,naive,phi,radioml,17,300,0.9733251873741322,0.8964080354507975,0.0,0.0,3,0.0,0.0,23.0,35.0,0.9733251873741322,0.0,0.0,0.0,0.0,0.0,0.0,0.0,23.0
bursty,structured,naive,phi,radioml,18,300,0.969988352098098,0.8764706911241693,0.0,0.0,7,0.0,0.0,23.0,35.0,0.969988352098098,0.0,0.0,0.0,0.0,0.0,0.0,0.0,23.0
bursty,structured,naive,phi,radioml,19,300,0.9679618473376517,0.8314921497480358,0.0,0.0,1,0.0,0.0,23.0,35.0,0.9679618473376517,0.0,0.0,0.0,0.0,0.0,0.0,0.0,23.0
bursty,structured,naive,phi,radioml,20,300,0.9661512610785639,0.8393919381049588,0.0,0.0,4,0.0,0.0,23.0,35.0,0.9661512610785639,0.0,0.0,0.0,0.0,0.0,0.0,0.0,23.0
bursty,structured,naive,phi,radioml,21,300,0.9772034786938404,0.9304765215070251,0.0,0.0,2,0.0,0.0,23.0,35.0,0.9772034786938404,0.0,0.0,0.0,0.0,0.0,0.0,0.0,23.0
bursty,structured,naive,phi,radioml,22,300,0.9683993192340785,0.8504490551272353,0.0,0.0,2,0.0,0.0,23.0,35.0,0.9683993192340785,0.0,0.0,0.0,0.0,0.0,0.0,0.0,23.0
bursty,structured,naive,phi,radioml,23,300,0.9710659706300201,0.8539809191585145,0.0,0.0,2,0.0,0.0,23.0,35.0,0.9710659706300201,0.0,0.0,0.0,0.0,0.0,0.0,0.0,23.0
bursty,structured,naive,phi,radioml,24,300,0.9749057811856369,0.8714780548763686,0.0,0.0,1,0.0,0.0,23.0,35.0,0.9749057811856369,0.0,0.0,0.0,0.0,0.0,0.0,0.0,23.0
bursty,structured,naive,phi,radioml,25,300,0.9810858601147856,0.9168474268585157,0.0,0.0,1,0.0,0.0,23.0,35.0,0.9810858601147856,0.0,0.0,0.0,0.0,0.0,0.0,0.0,23.0
bursty,structured,naive,phi,radioml,26,300,0.9738373457153758,0.8619185159183076,0.0,0.0,1,0.0,0.0,23.0,35.0,0.9738373457153758,0.0,0.0,0.0,0.0,0.0,0.0,0.0,23.0
bursty,structured,naive,phi,radioml,27,300,0.97492498322538,0.875102416836404,0.0,0.0,4,0.0,0.0,23.0,35.0,0.97492498322538,0.0,0.0,0.0,0.0,0.0,0.0,0.0,23.0
bursty,structured,naive,phi,radioml,28,300,0.9734441636994692,0.8960490491374469,0.0,0.0,1,0.0,0.0,23.0,35.0,0.9734441636994692,0.0,0.0,0.0,0.0,0.0,0.0,0.0,23.0
bursty,structured,naive,phi,radioml,29,300,0.9760841868865342,0.8693566346457967,0.0,0.0,1,0.0,0.0,23.0,35.0,0.9760841868865342,0.0,0.0,0.0,0.0,0.0,0.0,0.0,23.0
backhaul,structured,naive,phi,radioml,0,300,0.9599672446690303,0.9137755459839729,0.0,0.0,1,0.0,0.0,23.0,35.0,0.9599672446690303,0.0,0.0,0.0,0.0,0.0,0.0,0.0,23.0
backhaul,structured,naive,phi,radioml,1,300,0.9570449083713187,0.9137217506619353,0.0,0.0,1,0.0,0.0,23.0,35.0,0.9570449083713187,0.0,0.0,0.0,0.0,0.0,0.0,0.0,23.0
backhaul,structured,naive,phi,radioml,2,300,0.9599424695560695,0.9136981489464069,0.0,0.0,1,0.0,0.0,23.0,35.0,0.9599424695560695,0.0,0.0,0.0,0.0,0.0,0.0,0.0,23.0
backhaul,structured,naive,phi,radioml,3,300,0.9602348632245649,0.9138081625003753,0.0,0.0,1,0.0,0.0,23.0,35.0,0.9602348632245649,0.0,0.0,0.0,0.0,0.0,0.0,0.0,23.0
backhaul,structured,naive,phi,radioml,4,300,0.959952271192974,0.9137298037255495,0.0,0.0,1,0.0,0.0,23.0,35.0,0.959952271192974,0.0,0.0,0.0,0.0,0.0,0.0,0.0,23.0
backhaul,structured,naive,phi,radioml,5,300,0.959435060453048,0.9138025997642591,0.0,0.0,1,0.0,0.0,23.0,35.0,0.959435060453048,0.0,0.0,0.0,0.0,0.0,0.0,0.0,23.0
backhaul,structured,naive,phi,radioml,6,300,0.9596857942312166,0.9137432229489348,0.0,0.0,1,0.0,0.0,23.0,35.0,0.9596857942312166,0.0,0.0,0.0,0.0,0.0,0.0,0.0,23.0
backhaul,structured,naive,phi,radioml,7,300,0.9581020371066876,0.9136561170368142,0.0,0.0,1,0.0,0.0,23.0,35.0,0.9581020371066876,0.0,0.0,0.0,0.0,0.0,0.0,0.0,23.0
backhaul,structured,naive,phi,radioml,8,300,0.963140601788513,0.9137734688293131,0.0,0.0,1,0.0,0.0,23.0,35.0,0.963140601788513,0.0,0.0,0.0,0.0,0.0,0.0,0.0,23.0
backhaul,structured,naive,phi,radioml,9,300,0.96313920461115,0.9137560360241562,0.0,0.0,1,0.0,0.0,23.0,35.0,0.96313920461115,0.0,0.0,0.0,0.0,0.0,0.0,0.0,23.0
backhaul,structured,naive,phi,radioml,10,300,0.958367496333971,0.9137669434212992,0.0,0.0,1,0.0,0.0,23.0,35.0,0.958367496333971,0.0,0.0,0.0,0.0,0.0,0.0,0.0,23.0
backhaul,structured,naive,phi,radioml,11,300,0.9615450062052485,0.9137395965065807,0.0,0.0,1,0.0,0.0,23.0,35.0,0.9615450062052485,0.0,0.0,0.0,0.0,0.0,0.0,0.0,23.0
backhaul,structured,naive,phi,radioml,12,300,0.9591585769658445,0.9137447176409829,0.0,0.0,1,0.0,0.0,23.0,35.0,0.9591585769658445,0.0,0.0,0.0,0.0,0.0,0.0,0.0,23.0
backhaul,structured,naive,phi,radioml,13,300,0.9570315338607008,0.9137170669734769,0.0,0.0,1,0.0,0.0,23.0,35.0,0.9570315338607008,0.0,0.0,0.0,0.0,0.0,0.0,0.0,23.0
backhaul,structured,naive,phi,radioml,14,300,0.9609875618427399,0.9137230474503846,0.0,0.0,1,0.0,0.0,23.0,35.0,0.9609875618427399,0.0,0.0,0.0,0.0,0.0,0.0,0.0,23.0
backhaul,structured,naive,phi,radioml,15,300,0.964986244055134,0.9137761355415622,0.0,0.0,1,0.0,0.0,23.0,35.0,0.964986244055134,0.0,0.0,0.0,0.0,0.0,0.0,0.0,23.0
backhaul,structured,naive,phi,radioml,16,300,0.9599546608493578,0.9137376377055287,0.0,0.0,1,0.0,0.0,23.0,35.0,0.9599546608493578,0.0,0.0,0.0,0.0,0.0,0.0,0.0,23.0
backhaul,structured,naive,phi,radioml,17,300,0.9610083909547525,0.9137399025443121,0.0,0.0,1,0.0,0.0,23.0,35.0,0.9610083909547525,0.0,0.0,0.0,0.0,0.0,0.0,0.0,23.0
backhaul,structured,naive,phi,radioml,18,300,0.9628623880021344,0.9137546281732669,0.0,0.0,1,0.0,0.0,23.0,35.0,0.9628623880021344,0.0,0.0,0.0,0.0,0.0,0.0,0.0,23.0
backhaul,structured,naive,phi,radioml,19,300,0.9620768005957232,0.9137598309866773,0.0,0.0,1,0.0,0.0,23.0,35.0,0.9620768005957232,0.0,0.0,0.0,0.0,0.0,0.0,0.0,23.0
backhaul,structured,naive,phi,radioml,20,300,0.9604658702871547,0.9137164830727467,0.0,0.0,1,0.0,0.0,23.0,35.0,0.9604658702871547,0.0,0.0,0.0,0.0,0.0,0.0,0.0,23.0
backhaul,structured,naive,phi,radioml,21,300,0.9594350544497873,0.913740774799021,0.0,0.0,1,0.0,0.0,23.0,35.0,0.9594350544497873,0.0,0.0,0.0,0.0,0.0,0.0,0.0,23.0
backhaul,structured,naive,phi,radioml,22,300,0.9610202729945269,0.9136670468465634,0.0,0.0,1,0.0,0.0,23.0,35.0,0.9610202729945269,0.0,0.0,0.0,0.0,0.0,0.0,0.0,23.0
backhaul,structured,naive,phi,radioml,23,300,0.9607665831612373,0.9138099432308662,0.0,0.0,1,0.0,0.0,23.0,35.0,0.9607665831612373,0.0,0.0,0.0,0.0,0.0,0.0,0.0,23.0
backhaul,structured,naive,phi,radioml,24,300,0.9615376316228718,0.9137304541508641,0.0,0.0,1,0.0,0.0,23.0,35.0,0.9615376316228718,0.0,0.0,0.0,0.0,0.0,0.0,0.0,23.0
backhaul,structured,naive,phi,radioml,25,300,0.9610278374949284,0.9137550022681221,0.0,0.0,1,0.0,0.0,23.0,35.0,0.9610278374949284,0.0,0.0,0.0,0.0,0.0,0.0,0.0,23.0
backhaul,structured,naive,phi,radioml,26,300,0.9644584513887519,0.9137371977306988,0.0,0.0,1,0.0,0.0,23.0,35.0,0.9644584513887519,0.0,0.0,0.0,0.0,0.0,0.0,0.0,23.0
backhaul,structured,naive,phi,radioml,27,300,0.9610216328246982,0.9137357659143203,0.0,0.0,1,0.0,0.0,23.0,35.0,0.9610216328246982,0.0,0.0,0.0,0.0,0.0,0.0,0.0,23.0
backhaul,structured,naive,phi,radioml,28,300,0.962344986880758,0.9137646876019985,0.0,0.0,1,0.0,0.0,23.0,35.0,0.962344986880758,0.0,0.0,0.0,0.0,0.0,0.0,0.0,23.0
backhaul,structured,naive,phi,radioml,29,300,0.9628643450522663,0.9137237672681537,0.0,0.0,1,0.0,0.0,23.0,35.0,0.9628643450522663,0.0,0.0,0.0,0.0,0.0,0.0,0.0,23.0
compromised_xapp,structured,naive,phi,radioml,0,300,0.9610556638230721,0.8190281216854101,0.0,0.13,1,0.0,0.0,23.0,35.0,0.8310556638230722,0.0,0.0,0.13,0.0,0.0,0.0,0.0,23.0
compromised_xapp,structured,naive,phi,radioml,1,300,0.968670871620795,0.8577070483435753,0.0,0.12666666666666668,1,0.0,0.0,23.0,35.0,0.8420042049541284,0.0,0.0,0.12666666666666668,0.0,0.0,0.0,0.0,23.0
compromised_xapp,structured,naive,phi,radioml,2,300,0.9662701752636461,0.848403290802776,0.0,0.16,1,0.0,0.0,23.0,35.0,0.8062701752636461,0.0,0.0,0.16,0.0,0.0,0.0,0.0,23.0
compromised_xapp,structured,naive,phi,radioml,3,300,0.9693453738287553,0.8445358195972925,0.0,0.12,1,0.0,0.0,23.0,35.0,0.8493453738287554,0.0,0.0,0.12,0.0,0.0,0.0,0.0,23.0
compromised_xapp,structured,naive,phi,radioml,4,300,0.9685034371074646,0.8475618862390423,0.0,0.12333333333333334,3,0.0,0.0,23.0,35.0,0.8451701037741312,0.0,0.0,0.12333333333333334,0.0,0.0,0.0,0.0,23.0
compromised_xapp,structured,naive,phi,radioml,5,300,0.9642214387925393,0.8306511721349742,0.0,0.16333333333333333,1,0.0,0.0,23.0,35.0,0.800888105459206,0.0,0.0,0.16333333333333333,0.0,0.0,0.0,0.0,23.0
compromised_xapp,structured,naive,phi,radioml,6,300,0.9673706013511173,0.8602875750367045,0.0,0.12,1,0.0,0.0,23.0,35.0,0.8473706013511172,0.0,0.0,0.12,0.0,0.0,0.0,0.0,23.0
compromised_xapp,structured,naive,phi,radioml,7,300,0.9641326483984278,0.8226129750860074,0.0,0.14,1,0.0,0.0,23.0,35.0,0.8241326483984278,0.0,0.0,0.14,0.0,0.0,0.0,0.0,23.0
compromised_xapp,structured,naive,phi,radioml,8,300,0.9635441598648712,0.81322300906966,0.0,0.15,1,0.0,0.0,23.0,35.0,0.813544159864871,0.0,0.0,0.15,0.0,0.0,0.0,0.0,23.0
compromised_xapp,structured,naive,phi,radioml,9,300,0.9685190629551517,0.8617011355093072,0.0,0.14,1,0.0,0.0,23.0,35.0,0.8285190629551517,0.0,0.0,0.14,0.0,0.0,0.0,0.0,23.0
compromised_xapp,structured,naive,phi,radioml,10,300,0.9679781205215663,0.8389274240882272,0.0,0.13333333333333333,1,0.0,0.0,23.0,35.0,0.8346447871882329,0.0,0.0,0.13333333333333333,0.0,0.0,0.0,0.0,23.0
compromised_xapp,structured,naive,phi,radioml,11,300,0.9730842194897282,0.8842404843867602,0.0,0.15,1,0.0,0.0,23.0,35.0,0.8230842194897284,0.0,0.0,0.15,0.0,0.0,0.0,0.0,23.0
compromised_xapp,structured,naive,phi,radioml,12,300,0.972769860312254,0.8680786424837423,0.0,0.13,1,0.0,0.0,23.0,35.0,0.8427698603122539,0.0,0.0,0.13,0.0,0.0,0.0,0.0,23.0
compromised_xapp,structured,naive,phi,radioml,13,300,0.9697686390370234,0.8529220259274927,0.0,0.15,1,0.0,0.0,23.0,35.0,0.8197686390370234,0.0,0.0,0.15,0.0,0.0,0.0,0.0,23.0
compromised_xapp,structured,naive,phi,radioml,14,300,0.9686084879118417,0.8445989589560678,0.0,0.15666666666666668,1,0.0,0.0,23.0,35.0,0.8119418212451751,0.0,0.0,0.15666666666666668,0.0,0.0,0.0,0.0,23.0
compromised_xapp,structured,naive,phi,radioml,15,300,0.9693553404613283,0.8383173162977258,0.0,0.14666666666666667,1,0.0,0.0,23.0,35.0,0.8226886737946617,0.0,0.0,0.14666666666666667,0.0,0.0,0.0,0.0,23.0
compromised_xapp,structured,naive,phi,radioml,16,300,0.9641393038459063,0.8314922305346153,0.0,0.16333333333333333,1,0.0,0.0,23.0,35.0,0.800805970512573,0.0,0.0,0.16333333333333333,0.0,0.0,0.0,0.0,23.0
compromised_xapp,structured,naive,phi,radioml,17,300,0.9595140231552868,0.8037161946577107,0.0,0.15,3,0.0,0.0,23.0,35.0,0.8095140231552866,0.0,0.0,0.15,0.0,0.0,0.0,0.0,23.0
compromised_xapp,structured,naive,phi,radioml,18,300,0.9684428924336481,0.877055411036218,0.0,0.14,1,0.0,0.0,23.0,35.0,0.8284428924336481,0.0,0.0,0.14,0.0,0.0,0.0,0.0,23.0
compromised_xapp,structured,naive,phi,radioml,19,300,0.9684979290777763,0.8587387006367507,0.0,0.17666666666666667,2,0.0,0.0,23.0,35.0,0.7918312624111095,0.0,0.0,0.17666666666666667,0.0,0.0,0.0,0.0,23.0
compromised_xapp,structured,naive,phi,radioml,20,300,0.9701846983970184,0.8540767587519187,0.0,0.15,1,0.0,0.0,23.0,35.0,0.8201846983970185,0.0,0.0,0.15,0.0,0.0,0.0,0.0,23.0
compromised_xapp,structured,naive,phi,radioml,21,300,0.9664732593100092,0.840609430241224,0.0,0.15,2,0.0,0.0,23.0,35.0,0.8164732593100094,0.0,0.0,0.15,0.0,0.0,0.0,0.0,23.0
compromised_xapp,structured,naive,phi,radioml,22,300,0.9672824632892776,0.8368527187020619,0.0,0.12333333333333334,1,0.0,0.0,23.0,35.0,0.8439491299559442,0.0,0.0,0.12333333333333334,0.0,0.0,0.0,0.0,23.0
compromised_xapp,structured,naive,phi,radioml,23,300,0.9679085361087758,0.8682199590643478,0.0,0.14666666666666667,2,0.0,0.0,23.0,35.0,0.8212418694421092,0.0,0.0,0.14666666666666667,0.0,0.0,0.0,0.0,23.0
compromised_xapp,structured,naive,phi,radioml,24,300,0.9646446480733365,0.8228893663728615,0.0,0.10333333333333333,1,0.0,0.0,23.0,35.0,0.8613113147400031,0.0,0.0,0.10333333333333333,0.0,0.0,0.0,0.0,23.0
compromised_xapp,structured,naive,phi,radioml,25,300,0.9697031911218935,0.8446353607855245,0.0,0.17,1,0.0,0.0,23.0,35.0,0.7997031911218936,0.0,0.0,0.17,0.0,0.0,0.0,0.0,23.0
compromised_xapp,structured,naive,phi,radioml,26,300,0.9703574055524299,0.8666147108338942,0.0,0.15,2,0.0,0.0,23.0,35.0,0.8203574055524298,0.0,0.0,0.15,0.0,0.0,0.0,0.0,23.0
compromised_xapp,structured,naive,phi,radioml,27,300,0.9727360343473104,0.8753339206052475,0.0,0.13333333333333333,1,0.0,0.0,23.0,35.0,0.8394027010139771,0.0,0.0,0.13333333333333333,0.0,0.0,0.0,0.0,23.0
compromised_xapp,structured,naive,phi,radioml,28,300,0.9632946947004655,0.8050487959851127,0.0,0.17333333333333334,2,0.0,0.0,23.0,35.0,0.7899613613671321,0.0,0.0,0.17333333333333334,0.0,0.0,0.0,0.0,23.0
compromised_xapp,structured,naive,phi,radioml,29,300,0.9670836051087213,0.8470078008900168,0.0,0.14333333333333334,1,0.0,0.0,23.0,35.0,0.8237502717753881,0.0,0.0,0.14333333333333334,0.0,0.0,0.0,0.0,23.0
compound,structured,naive,phi,radioml,0,300,0.8698164377735442,0.5610636599991179,0.0,0.27666666666666667,9,0.0,0.0,23.0,35.0,0.5931497711068776,0.0,0.0,0.27666666666666667,0.0,0.0,0.0,0.0,23.0
compound,structured,naive,phi,radioml,1,300,0.8633251178093923,0.47624390598646893,0.0,0.23,3,0.0,0.0,23.0,35.0,0.6333251178093923,0.0,0.0,0.23,0.0,0.0,0.0,0.0,23.0
compound,structured,naive,phi,radioml,2,300,0.8742841823049354,0.5907444814909859,0.0,0.2866666666666667,9,0.0,0.0,23.0,35.0,0.5876175156382688,0.0,0.0,0.2866666666666667,0.0,0.0,0.0,0.0,23.0
compound,structured,naive,phi,radioml,3,300,0.8658671901939575,0.5042752996453096,0.0,0.24666666666666667,4,0.0,0.0,23.0,35.0,0.6192005235272908,0.0,0.0,0.24666666666666667,0.0,0.0,0.0,0.0,23.0
compound,structured,naive,phi,radioml,4,300,0.8696536890448772,0.5516399308656665,0.0,0.25,1,0.0,0.0,23.0,35.0,0.6196536890448772,0.0,0.0,0.25,0.0,0.0,0.0,0.0,23.0
compound,structured,naive,phi,radioml,5,300,0.872094538695731,0.6081292301990587,0.0,0.23,2,0.0,0.0,23.0,35.0,0.642094538695731,0.0,0.0,0.23,0.0,0.0,0.0,0.0,23.0
compound,structured,naive,phi,radioml,6,300,0.8694480213647198,0.5746019306950704,0.0,0.25333333333333335,1,0.0,0.0,23.0,35.0,0.6161146880313866,0.0,0.0,0.25333333333333335,0.0,0.0,0.0,0.0,23.0
compound,structured,naive,phi,radioml,7,300,0.8662826521132445,0.57502413444443,0.0,0.23333333333333334,9,0.0,0.0,23.0,35.0,0.632949318779911,0.0,0.0,0.23333333333333334,0.0,0.0,0.0,0.0,23.0
compound,structured,naive,phi,radioml,8,300,0.8692519070392173,0.5243688504629029,0.0,0.29,2,0.0,0.0,23.0,35.0,0.5792519070392174,0.0,0.0,0.29,0.0,0.0,0.0,0.0,23.0
compound,structured,naive,phi,radioml,9,300,0.8727761284064551,0.5163437410269103,0.0,0.26666666666666666,1,0.0,0.0,23.0,35.0,0.6061094617397884,0.0,0.0,0.26666666666666666,0.0,0.0,0.0,0.0,23.0
compound,structured,naive,phi,radioml,10,300,0.8701956719917001,0.5772273167011388,0.0,0.2633333333333333,4,0.0,0.0,23.0,35.0,0.6068623386583668,0.0,0.0,0.2633333333333333,0.0,0.0,0.0,0.0,23.0
compound,structured,naive,phi,radioml,11,300,0.8752356035182257,0.6087616279333162,0.0,0.23333333333333334,2,0.0,0.0,23.0,35.0,0.6419022701848924,0.0,0.0,0.23333333333333334,0.0,0.0,0.0,0.0,23.0
compound,structured,naive,phi,radioml,12,300,0.8710672624384425,0.5473333916189173,0.0,0.22666666666666666,5,0.0,0.0,23.0,35.0,0.6444005957717758,0.0,0.0,0.22666666666666666,0.0,0.0,0.0,0.0,23.0
compound,structured,naive,phi,radioml,13,300,0.8698177747546343,0.6002764026031708,0.0,0.22666666666666666,2,0.0,0.0,23.0,35.0,0.6431511080879676,0.0,0.0,0.22666666666666666,0.0,0.0,0.0,0.0,23.0
compound,structured,naive,phi,radioml,14,300,0.8672495884296872,0.6145880635044219,0.0,0.25333333333333335,5,0.0,0.0,23.0,35.0,0.613916255096354,0.0,0.0,0.25333333333333335,0.0,0.0,0.0,0.0,23.0
compound,structured,naive,phi,radioml,15,300,0.8703182304674446,0.5720240738008923,0.0,0.23,3,0.0,0.0,23.0,35.0,0.6403182304674446,0.0,0.0,0.23,0.0,0.0,0.0,0.0,23.0
compound,structured,naive,phi,radioml,16,300,0.8687952212377151,0.5414610157876183,0.0,0.26,1,0.0,0.0,23.0,35.0,0.6087952212377151,0.0,0.0,0.26,0.0,0.0,0.0,0.0,23.0
compound,structured,naive,phi,radioml,17,300,0.8681266337919237,0.5799667769160921,0.0,0.2966666666666667,4,0.0,0.0,23.0,35.0,0.5714599671252573,0.0,0.0,0.2966666666666667,0.0,0.0,0.0,0.0,23.0
compound,structured,naive,phi,radioml,18,300,0.8764015735615245,0.629396646512278,0.0,0.24,5,0.0,0.0,23.0,35.0,0.6364015735615245,0.0,0.0,0.24,0.0,0.0,0.0,0.0,23.0
compound,structured,naive,phi,radioml,19,300,0.8724233078512903,0.5736374612021196,0.0,0.26666666666666666,2,0.0,0.0,23.0,35.0,0.6057566411846238,0.0,0.0,0.26666666666666666,0.0,0.0,0.0,0.0,23.0
compound,structured,naive,phi,radioml,20,300,0.8631432419277429,0.5586925878396278,0.0,0.26666666666666666,4,0.0,0.0,23.0,35.0,0.5964765752610762,0.0,0.0,0.26666666666666666,0.0,0.0,0.0,0.0,23.0
compound,structured,naive,phi,radioml,21,300,0.8783374293775287,0.6186934980251465,0.0,0.26666666666666666,2,0.0,0.0,23.0,35.0,0.6116707627108618,0.0,0.0,0.26666666666666666,0.0,0.0,0.0,0.0,23.0
compound,structured,naive,phi,radioml,22,300,0.8642895747622769,0.5488897646405828,0.0,0.25,3,0.0,0.0,23.0,35.0,0.6142895747622769,0.0,0.0,0.25,0.0,0.0,0.0,0.0,23.0
compound,structured,naive,phi,radioml,23,300,0.885035767705606,0.6062599241842072,0.0,0.22666666666666666,2,0.0,0.0,23.0,35.0,0.6583691010389394,0.0,0.0,0.22666666666666666,0.0,0.0,0.0,0.0,23.0
compound,structured,naive,phi,radioml,24,300,0.8596961061559153,0.4595701361130024,0.0,0.2833333333333333,2,0.0,0.0,23.0,35.0,0.5763627728225821,0.0,0.0,0.2833333333333333,0.0,0.0,0.0,0.0,23.0
compound,structured,naive,phi,radioml,25,300,0.8681915134158843,0.568357363530958,0.0,0.28,3,0.0,0.0,23.0,35.0,0.5881915134158843,0.0,0.0,0.28,0.0,0.0,0.0,0.0,23.0
compound,structured,naive,phi,radioml,26,300,0.8703281392881138,0.5949778026345256,0.0,0.24,2,0.0,0.0,23.0,35.0,0.6303281392881138,0.0,0.0,0.24,0.0,0.0,0.0,0.0,23.0
compound,structured,naive,phi,radioml,27,300,0.8533439256842015,0.5365244083519595,0.0,0.2833333333333333,9,0.0,0.0,23.0,35.0,0.5700105923508679,0.0,0.0,0.2833333333333333,0.0,0.0,0.0,0.0,23.0
compound,structured,naive,phi,radioml,28,300,0.8824674100938055,0.6164209539268547,0.0,0.25666666666666665,3,0.0,0.0,23.0,35.0,0.6258007434271389,0.0,0.0,0.25666666666666665,0.0,0.0,0.0,0.0,23.0
compound,structured,naive,phi,radioml,29,300,0.860536915104357,0.5391493588292908,0.0,0.2733333333333333,9,0.0,0.0,23.0,35.0,0.5872035817710238,0.0,0.0,0.2733333333333333,0.0,0.0,0.0,0.0,23.0
narrowband,shield_repair,adaptive,phi,radioml,0,300,0.9841000382750121,0.9735914741712004,0.0,0.0,1,0.0,0.0,25.74,42.05014286028913,0.9841000382750121,0.0,0.0,0.0,0.0,1.0,0.0,0.0,26.0
narrowband,shield_repair,adaptive,phi,radioml,1,300,0.9853036827327488,0.9732499243529181,0.0,0.0,1,0.0,0.0,25.77,42.18658273908933,0.9853036827327488,0.0,0.0,0.0,0.0,1.0,0.0,0.0,26.0
narrowband,shield_repair,adaptive,phi,radioml,2,300,0.9838865531212879,0.9717558070880433,0.0,0.0,1,0.0,0.0,25.73,41.71126881675017,0.9838865531212879,0.0,0.0,0.0,0.0,1.0,0.0,0.0,26.0
narrowband,shield_repair,adaptive,phi,radioml,3,300,0.9855395923907884,0.9735561152153186,0.0,0.0,1,0.0,0.0,25.7,40.357736699433474,0.9855395923907884,0.0,0.0,0.0,0.0,1.0,0.0,0.0,26.0
narrowband,shield_repair,adaptive,phi,radioml,4,300,0.9850039878062644,0.9732840542874626,0.0,0.0,1,0.0,0.0,25.72,42.35470990190024,0.9850039878062644,0.0,0.0,0.0,0.0,1.0,0.0,0.0,26.0
narrowband,shield_repair,adaptive,phi,radioml,5,300,0.9849956596444167,0.9729226526809419,0.0,0.0,1,0.0,0.0,25.6,39.59137507830489,0.9849956596444167,0.0,0.0,0.0,0.0,1.0,0.0,0.0,26.0
narrowband,shield_repair,adaptive,phi,radioml,6,300,0.986005590045401,0.9736881899417548,0.0,0.0,1,0.0,0.0,25.74,42.70273439488593,0.986005590045401,0.0,0.0,0.0,0.0,1.0,0.0,0.0,26.0
narrowband,shield_repair,adaptive,phi,radioml,7,300,0.9842016201053734,0.9725942468469212,0.0,0.0,1,0.0,0.0,25.79,41.05411602240735,0.9842016201053734,0.0,0.0,0.0,0.0,1.0,0.0,0.0,26.0
narrowband,shield_repair,adaptive,phi,radioml,8,300,0.9783104961914015,0.9726283164414705,0.0,0.0,1,0.0,0.0,25.58,43.43422269083759,0.9783104961914015,0.0,0.0,0.0,0.0,1.0,0.0,0.0,26.0
narrowband,shield_repair,adaptive,phi,radioml,9,300,0.9852814295859992,0.9737930294762365,0.0,0.0,1,0.0,0.0,25.75,39.37828291639321,0.9852814295859992,0.0,0.0,0.0,0.0,1.0,0.0,0.0,26.0
narrowband,shield_repair,adaptive,phi,radioml,10,300,0.9847339921450722,0.9735174278943929,0.0,0.0,1,0.0,0.0,25.64,40.32749182329991,0.9847339921450722,0.0,0.0,0.0,0.0,1.0,0.0,0.0,26.0
narrowband,shield_repair,adaptive,phi,radioml,11,300,0.9853100196749154,0.9736953301438435,0.0,0.0,1,0.0,0.0,25.71,40.9698754129229,0.9853100196749154,0.0,0.0,0.0,0.0,1.0,0.0,0.0,26.0
narrowband,shield_repair,adaptive,phi,radioml,12,300,0.9823736732929575,0.973248201984886,0.0,0.0,1,0.0,0.0,25.73,41.90075173346276,0.9823736732929575,0.0,0.0,0.0,0.0,1.0,0.0,0.0,26.0
narrowband,shield_repair,adaptive,phi,radioml,13,300,0.9822182066239337,0.9736805527702133,0.0,0.0,1,0.0,0.0,25.71,39.32377476426288,0.9822182066239337,0.0,0.0,0.0,0.0,1.0,0.0,0.0,26.0
narrowband,shield_repair,adaptive,phi,radioml,14,300,0.985843556433026,0.9735961292662892,0.0,0.0,1,0.0,0.0,25.63,40.47562138939707,0.985843556433026,0.0,0.0,0.0,0.0,1.0,0.0,0.0,26.0
narrowband,shield_repair,adaptive,phi,radioml,15,300,0.9856285063568428,0.9732746944738822,0.0,0.0,1,0.0,0.0,25.69,42.71041392867377,0.9856285063568428,0.0,0.0,0.0,0.0,1.0,0.0,0.0,26.0
narrowband,shield_repair,adaptive,phi,radioml,16,300,0.9850919765058703,0.9721719798151938,0.0,0.0,1,0.0,0.0,25.73,41.65384115186247,0.9850919765058703,0.0,0.0,0.0,0.0,1.0,0.0,0.0,26.0
narrowband,shield_repair,adaptive,phi,radioml,17,300,0.983630190450477,0.9732845405174557,0.0,0.0,1,0.0,0.0,25.61,40.350426124184516,0.983630190450477,0.0,0.0,0.0,0.0,1.0,0.0,0.0,26.0
narrowband,shield_repair,adaptive,phi,radioml,18,300,0.9854684115393249,0.9734605217134185,0.0,0.0,1,0.0,0.0,25.78,41.38339573018987,0.9854684115393249,0.0,0.0,0.0,0.0,1.0,0.0,0.0,26.0
narrowband,shield_repair,adaptive,phi,radioml,19,300,0.9852417563300747,0.9732576256310116,0.0,0.0,1,0.0,0.0,25.77,42.395508620197006,0.9852417563300747,0.0,0.0,0.0,0.0,1.0,0.0,0.0,26.0
narrowband,shield_repair,adaptive,phi,radioml,20,300,0.9854027043035429,0.9737841459512243,0.0,0.0,1,0.0,0.0,25.72,42.543117782849066,0.9854027043035429,0.0,0.0,0.0,0.0,1.0,0.0,0.0,26.0
narrowband,shield_repair,adaptive,phi,radioml,21,300,0.9855239030059496,0.9733608528333628,0.0,0.0,1,0.0,0.0,25.64,40.98951712280882,0.9855239030059496,0.0,0.0,0.0,0.0,1.0,0.0,0.0,26.0
narrowband,shield_repair,adaptive,phi,radioml,22,300,0.9843555068270249,0.9720678843205327,0.0,0.0,1,0.0,0.0,25.71,42.851292445397505,0.9843555068270249,0.0,0.0,0.0,0.0,1.0,0.0,0.0,26.0
narrowband,shield_repair,adaptive,phi,radioml,23,300,0.9816459891644634,0.9724675915965794,0.0,0.0,1,0.0,0.0,25.62,39.13310646557868,0.9816459891644634,0.0,0.0,0.0,0.0,1.0,0.0,0.0,26.0
narrowband,shield_repair,adaptive,phi,radioml,24,300,0.9849800033492258,0.9735660984932384,0.0,0.0,1,0.0,0.0,25.57,41.411031973315765,0.9849800033492258,0.0,0.0,0.0,0.0,1.0,0.0,0.0,26.0
narrowband,shield_repair,adaptive,phi,radioml,25,300,0.98581833083553,0.9736342668651773,0.0,0.0,1,0.0,0.0,25.69,43.27914350990146,0.98581833083553,0.0,0.0,0.0,0.0,1.0,0.0,0.0,26.0
narrowband,shield_repair,adaptive,phi,radioml,26,300,0.9853110861204478,0.9736711687062679,0.0,0.0,1,0.0,0.0,25.77,43.569491841194136,0.9853110861204478,0.0,0.0,0.0,0.0,1.0,0.0,0.0,26.0
narrowband,shield_repair,adaptive,phi,radioml,27,300,0.9849993791222228,0.9730936918444522,0.0,0.0,1,0.0,0.0,25.69,39.856426445309054,0.9849993791222228,0.0,0.0,0.0,0.0,1.0,0.0,0.0,26.0
narrowband,shield_repair,adaptive,phi,radioml,28,300,0.9852972288845846,0.9738965182787076,0.0,0.0,1,0.0,0.0,25.62,41.2337145096062,0.9852972288845846,0.0,0.0,0.0,0.0,1.0,0.0,0.0,26.0
narrowband,shield_repair,adaptive,phi,radioml,29,300,0.9851420769847916,0.9737945621993545,0.0,0.0,1,0.0,0.0,25.73,40.69656208934511,0.9851420769847916,0.0,0.0,0.0,0.0,1.0,0.0,0.0,26.0
wideband,shield_repair,adaptive,phi,radioml,0,300,0.7676199176017947,0.00034690241954474867,0.0,0.006666666666666667,2,0.0,0.0,25.52,40.29639098820712,0.7609532509351282,0.0,0.0,0.0,0.0,1.0,0.006666666666666667,0.0,26.0
wideband,shield_repair,adaptive,phi,radioml,1,300,0.7514112004298321,0.0004249941606851983,0.0,0.0,1,0.0,0.0,25.59,41.42948830818986,0.7514112004298321,0.0,0.0,0.0,0.0,1.0,0.0,0.0,26.0
wideband,shield_repair,adaptive,phi,radioml,2,300,0.7692282604625365,0.0015972386994213997,0.0,0.0,1,0.0,0.0,25.58,42.8836707347712,0.7692282604625365,0.0,0.0,0.0,0.0,1.0,0.0,0.0,26.0
wideband,shield_repair,adaptive,phi,radioml,3,300,0.7556969105886678,0.0001648364603239186,0.0,0.0,3,0.0,0.0,25.48,42.01941097875031,0.7556969105886678,0.0,0.0,0.0,0.0,1.0,0.0,0.0,26.0
wideband,shield_repair,adaptive,phi,radioml,4,300,0.7751521687669685,0.0011525190770845038,0.0,0.0,4,0.0,0.0,25.61,40.2655738169502,0.7751521687669685,0.0,0.0,0.0,0.0,1.0,0.0,0.0,26.0
wideband,shield_repair,adaptive,phi,radioml,5,300,0.7747746973944284,0.001157988638574962,0.0,0.0,2,0.0,0.0,25.54,40.53506755032749,0.7747746973944284,0.0,0.0,0.0,0.0,1.0,0.0,0.0,26.0
wideband,shield_repair,adaptive,phi,radioml,6,300,0.7355485997724306,0.0027084834043434045,0.0,0.03333333333333333,1,0.0,0.0,25.62,41.993346061825264,0.7022152664390973,0.0,0.0,0.0,0.0,1.0,0.03333333333333333,0.0,26.0
wideband,shield_repair,adaptive,phi,radioml,7,300,0.7754776947364516,0.0016480034149756228,0.0,0.0,2,0.0,0.0,25.57,40.561580985516336,0.7754776947364516,0.0,0.0,0.0,0.0,1.0,0.0,0.0,26.0
wideband,shield_repair,adaptive,phi,radioml,8,300,0.7604439027500121,0.002112765796884596,0.0,0.0,2,0.0,0.0,25.54,42.46311199237727,0.7604439027500121,0.0,0.0,0.0,0.0,1.0,0.0,0.0,26.0
wideband,shield_repair,adaptive,phi,radioml,9,300,0.7375573160565125,0.0011997761082589563,0.0,0.016666666666666666,1,0.0,0.0,25.63,40.13555268451025,0.7208906493898457,0.0,0.0,0.0,0.0,1.0,0.016666666666666666,0.0,26.0
wideband,shield_repair,adaptive,phi,radioml,10,300,0.7526590078027696,0.015199531493680161,0.0,0.0,1,0.0,0.0,25.63,43.10522361018829,0.7526590078027696,0.0,0.0,0.0,0.0,1.0,0.0,0.0,26.0
wideband,shield_repair,adaptive,phi,radioml,11,300,0.750143944144087,0.0026802112958046183,0.0,0.0033333333333333335,1,0.0,0.0,25.62,42.08733623478641,0.7468106108107537,0.0,0.0,0.0,0.0,1.0,0.0033333333333333335,0.0,26.0
wideband,shield_repair,adaptive,phi,radioml,12,300,0.7552984505114718,0.00030745483151079953,0.0,0.0,1,0.0,0.0,25.51,40.91052908838903,0.7552984505114718,0.0,0.0,0.0,0.0,1.0,0.0,0.0,26.0
wideband,shield_repair,adaptive,phi,radioml,13,300,0.7648546809093824,0.00022001853954119196,0.0,0.013333333333333334,2,0.0,0.0,25.52,40.82465493559992,0.7515213475760489,0.0,0.0,0.0,0.0,1.0,0.013333333333333334,0.0,26.0
wideband,shield_repair,adaptive,phi,radioml,14,300,0.7453842650828213,0.0006647998913772633,0.0,0.02,6,0.0,0.0,25.65,40.83799956727123,0.7253842650828213,0.0,0.0,0.0,0.0,1.0,0.02,0.0,26.0
wideband,shield_repair,adaptive,phi,radioml,15,300,0.7677698441769377,0.001549020879761205,0.0,0.0033333333333333335,3,0.0,0.0,25.65,41.33090438108893,0.7644365108436044,0.0,0.0,0.0,0.0,1.0,0.0033333333333333335,0.0,26.0
wideband,shield_repair,adaptive,phi,radioml,16,300,0.7528806863414187,0.000320112623270107,0.0,0.01,2,0.0,0.0,25.63,43.34918313082452,0.7428806863414188,0.0,0.0,0.0,0.0,1.0,0.01,0.0,26.0
wideband,shield_repair,adaptive,phi,radioml,17,300,0.7825268224479793,0.02660812776795225,0.0,0.0,1,0.0,0.0,25.6,41.5380493107914,0.7825268224479793,0.0,0.0,0.0,0.0,1.0,0.0,0.0,26.0
wideband,shield_repair,adaptive,phi,radioml,18,300,0.7386415880879377,0.0017885095188908782,0.0,0.02,5,0.0,0.0,25.65,40.354535194822034,0.7186415880879378,0.0,0.0,0.0,0.0,1.0,0.02,0.0,26.0
wideband,shield_repair,adaptive,phi,radioml,19,300,0.7570450753541625,0.008251070239097618,0.0,0.006666666666666667,3,0.0,0.0,25.73,41.78991101920421,0.7503784086874961,0.0,0.0,0.0,0.0,1.0,0.006666666666666667,0.0,26.0
wideband,shield_repair,adaptive,phi,radioml,20,300,0.7734492817292486,0.0007333044818320045,0.0,0.0033333333333333335,2,0.0,0.0,25.65,43.80734575003119,0.7701159483959152,0.0,0.0,0.0,0.0,1.0,0.0033333333333333335,0.0,26.0
wideband,shield_repair,adaptive,phi,radioml,21,300,0.7590678076690358,0.0005781254788152754,0.0,0.0,3,0.0,0.0,25.56,41.3760725729277,0.7590678076690358,0.0,0.0,0.0,0.0,1.0,0.0,0.0,26.0
wideband,shield_repair,adaptive,phi,radioml,22,300,0.738747651143583,0.0010667325361355823,0.0,0.016666666666666666,3,0.0,0.0,25.55,43.196705730741854,0.7220809844769163,0.0,0.0,0.0,0.0,1.0,0.016666666666666666,0.0,26.0
wideband,shield_repair,adaptive,phi,radioml,23,300,0.7565221249731043,0.0012117713443749727,0.0,0.0,3,0.0,0.0,25.53,40.986569956533494,0.7565221249731043,0.0,0.0,0.0,0.0,1.0,0.0,0.0,26.0
wideband,shield_repair,adaptive,phi,radioml,24,300,0.7564870737730751,0.0011181467424730455,0.0,0.0,3,0.0,0.0,25.45,40.85159955137855,0.7564870737730751,0.0,0.0,0.0,0.0,1.0,0.0,0.0,26.0
wideband,shield_repair,adaptive,phi,radioml,25,300,0.7771711226297754,0.025795064977271992,0.0,0.0,2,0.0,0.0,25.6,41.23894390700069,0.7771711226297754,0.0,0.0,0.0,0.0,1.0,0.0,0.0,26.0
wideband,shield_repair,adaptive,phi,radioml,26,300,0.7363396655575639,0.000723092634949599,0.0,0.016666666666666666,1,0.0,0.0,25.58,40.37888394996047,0.7196729988908973,0.0,0.0,0.0,0.0,1.0,0.016666666666666666,0.0,26.0
wideband,shield_repair,adaptive,phi,radioml,27,300,0.7469002778679158,0.0004434968207734176,0.0,0.0033333333333333335,6,0.0,0.0,25.5,41.71020100362396,0.7435669445345825,0.0,0.0,0.0,0.0,1.0,0.0033333333333333335,0.0,26.0
wideband,shield_repair,adaptive,phi,radioml,28,300,0.7626547341788745,0.0005095577016572646,0.0,0.0,3,0.0,0.0,25.48,42.19119089093005,0.7626547341788745,0.0,0.0,0.0,0.0,1.0,0.0,0.0,26.0
wideband,shield_repair,adaptive,phi,radioml,29,300,0.7590022644833897,0.0007694891579685045,0.0,0.01,2,0.0,0.0,25.56,40.28334814990074,0.7490022644833897,0.0,0.0,0.0,0.0,1.0,0.01,0.0,26.0
bursty,shield_repair,adaptive,phi,radioml,0,300,0.980517815821692,0.9676141669577472,0.0,0.0,1,0.0,0.0,25.22,40.699993239021346,0.980517815821692,0.0,0.0,0.0,0.0,1.0,0.0,0.0,26.0
bursty,shield_repair,adaptive,phi,radioml,1,300,0.9782963234307135,0.9615384519079629,0.0,0.0,1,0.0,0.0,25.23,41.90328761139111,0.9782963234307135,0.0,0.0,0.0,0.0,1.0,0.0,0.0,26.0
bursty,shield_repair,adaptive,phi,radioml,2,300,0.979723393793901,0.9681181571231504,0.0,0.0,1,0.0,0.0,25.01,40.95406108730058,0.979723393793901,0.0,0.0,0.0,0.0,1.0,0.0,0.0,26.0
bursty,shield_repair,adaptive,phi,radioml,3,300,0.9799218719272066,0.967030302864289,0.0,0.0,1,0.0,0.0,25.15,43.190422959606046,0.9799218719272066,0.0,0.0,0.0,0.0,1.0,0.0,0.0,26.0
bursty,shield_repair,adaptive,phi,radioml,4,300,0.9792154745979167,0.965685829593959,0.0,0.0,1,0.0,0.0,25.25,42.26721745197262,0.9792154745979167,0.0,0.0,0.0,0.0,1.0,0.0,0.0,26.0
bursty,shield_repair,adaptive,phi,radioml,5,300,0.9817418590199251,0.9662265425949679,0.0,0.0,1,0.0,0.0,25.17,39.495772283357674,0.9817418590199251,0.0,0.0,0.0,0.0,1.0,0.0,0.0,26.0
bursty,shield_repair,adaptive,phi,radioml,6,300,0.9806170091321781,0.9661498080490649,0.0,0.0,1,0.0,0.0,25.1,41.53264032789323,0.9806170091321781,0.0,0.0,0.0,0.0,1.0,0.0,0.0,26.0
bursty,shield_repair,adaptive,phi,radioml,7,300,0.9815726796760074,0.9664253474236816,0.0,0.0,1,0.0,0.0,25.25,42.968630948231116,0.9815726796760074,0.0,0.0,0.0,0.0,1.0,0.0,0.0,26.0
bursty,shield_repair,adaptive,phi,radioml,8,300,0.977201574569181,0.9677305468271786,0.0,0.0,1,0.0,0.0,25.08,42.18130448007219,0.977201574569181,0.0,0.0,0.0,0.0,1.0,0.0,0.0,26.0
bursty,shield_repair,adaptive,phi,radioml,9,300,0.9748788373101157,0.959821510903555,0.0,0.0,1,0.0,0.0,25.01,39.94961426314853,0.9748788373101157,0.0,0.0,0.0,0.0,1.0,0.0,0.0,26.0
bursty,shield_repair,adaptive,phi,radioml,10,300,0.9788902770473453,0.9614051919522464,0.0,0.0,2,0.0,0.0,25.17,41.627555878513284,0.9788902770473453,0.0,0.0,0.0,0.0,1.0,0.0,0.0,26.0
bursty,shield_repair,adaptive,phi,radioml,11,300,0.9823582492843919,0.9685132785612226,0.0,0.0,1,0.0,0.0,25.28,39.17196169489153,0.9823582492843919,0.0,0.0,0.0,0.0,1.0,0.0,0.0,26.0
bursty,shield_repair,adaptive,phi,radioml,12,300,0.976531564299539,0.9669445054659863,0.0,0.0,1,0.0,0.0,25.25,41.65661885149112,0.976531564299539,0.0,0.0,0.0,0.0,1.0,0.0,0.0,26.0
bursty,shield_repair,adaptive,phi,radioml,13,300,0.977911307733595,0.9671620903393411,0.0,0.0,1,0.0,0.0,25.15,41.78969092210657,0.977911307733595,0.0,0.0,0.0,0.0,1.0,0.0,0.0,26.0
bursty,shield_repair,adaptive,phi,radioml,14,300,0.9748589256999644,0.9609038687834762,0.0,0.0,2,0.0,0.0,25.17,42.078740875052596,0.9748589256999644,0.0,0.0,0.0,0.0,1.0,0.0,0.0,26.0
bursty,shield_repair,adaptive,phi,radioml,15,300,0.979719184210065,0.9669093429391742,0.0,0.0,1,0.0,0.0,24.92,38.364204176314274,0.979719184210065,0.0,0.0,0.0,0.0,1.0,0.0,0.0,26.0
bursty,shield_repair,adaptive,phi,radioml,16,300,0.9758815153054544,0.9519163942463453,0.0,0.0,1,0.0,0.0,24.93,42.297455080465646,0.9758815153054544,0.0,0.0,0.0,0.0,1.0,0.0,0.0,26.0
bursty,shield_repair,adaptive,phi,radioml,17,300,0.982306457944991,0.9670432677349224,0.0,0.0,1,0.0,0.0,25.2,40.80188270282604,0.982306457944991,0.0,0.0,0.0,0.0,1.0,0.0,0.0,26.0
bursty,shield_repair,adaptive,phi,radioml,18,300,0.976515330178621,0.9616771335033774,0.0,0.0,1,0.0,0.0,25.17,40.34545868265929,0.976515330178621,0.0,0.0,0.0,0.0,1.0,0.0,0.0,26.0
bursty,shield_repair,adaptive,phi,radioml,19,300,0.9799339578807716,0.9606485850000118,0.0,0.0,1,0.0,0.0,25.3,42.09666717328018,0.9799339578807716,0.0,0.0,0.0,0.0,1.0,0.0,0.0,26.0
bursty,shield_repair,adaptive,phi,radioml,20,300,0.9788163360854268,0.9686467631160274,0.0,0.0,1,0.0,0.0,25.11,43.20766416177141,0.9788163360854268,0.0,0.0,0.0,0.0,1.0,0.0,0.0,26.0
bursty,shield_repair,adaptive,phi,radioml,21,300,0.9731620132750828,0.9556744652566462,0.0,0.0,1,0.0,0.0,25.1,41.79008512798105,0.9731620132750828,0.0,0.0,0.0,0.0,1.0,0.0,0.0,26.0
bursty,shield_repair,adaptive,phi,radioml,22,300,0.9729686734901115,0.9663029117337525,0.0,0.0,1,0.0,0.0,25.24,42.278663643934486,0.9729686734901115,0.0,0.0,0.0,0.0,1.0,0.0,0.0,26.0
bursty,shield_repair,adaptive,phi,radioml,23,300,0.9819964179440687,0.962651868870291,0.0,0.0,1,0.0,0.0,25.18,43.8023700379923,0.9819964179440687,0.0,0.0,0.0,0.0,1.0,0.0,0.0,26.0
bursty,shield_repair,adaptive,phi,radioml,24,300,0.9690076904517453,0.9555035412980963,0.0,0.0,1,0.0,0.0,25.07,41.423297958209524,0.9690076904517453,0.0,0.0,0.0,0.0,1.0,0.0,0.0,26.0
bursty,shield_repair,adaptive,phi,radioml,25,300,0.9813036685788689,0.965936056806187,0.0,0.0,1,0.0,0.0,25.24,42.57602205612801,0.9813036685788689,0.0,0.0,0.0,0.0,1.0,0.0,0.0,26.0
bursty,shield_repair,adaptive,phi,radioml,26,300,0.9715161639028194,0.9419730442593997,0.0,0.0,1,0.0,0.0,25.13,43.5576125901265,0.9715161639028194,0.0,0.0,0.0,0.0,1.0,0.0,0.0,26.0
bursty,shield_repair,adaptive,phi,radioml,27,300,0.9708006897316847,0.961080293627318,0.0,0.0,2,0.0,0.0,25.17,41.81783976982476,0.9708006897316847,0.0,0.0,0.0,0.0,1.0,0.0,0.0,26.0
bursty,shield_repair,adaptive,phi,radioml,28,300,0.9792119299767476,0.96431375194062,0.0,0.0,1,0.0,0.0,25.04,39.994345459395,0.9792119299767476,0.0,0.0,0.0,0.0,1.0,0.0,0.0,26.0
bursty,shield_repair,adaptive,phi,radioml,29,300,0.9765489714879624,0.9632896218299174,0.0,0.0,2,0.0,0.0,25.1,42.045928707027514,0.9765489714879624,0.0,0.0,0.0,0.0,1.0,0.0,0.0,26.0
backhaul,shield_repair,adaptive,phi,radioml,0,300,0.9530260052123576,0.8960442654081002,0.0,0.0,1,0.0,0.0,25.4,43.43187543049976,0.9530260052123576,0.0,0.0,0.0,0.0,1.0,0.0,0.0,26.0
backhaul,shield_repair,adaptive,phi,radioml,1,300,0.9511899677142962,0.8960521581535683,0.0,0.0,3,0.0,0.0,25.36,42.29736258726175,0.9511899677142962,0.0,0.0,0.0,0.0,1.0,0.0,0.0,26.0
backhaul,shield_repair,adaptive,phi,radioml,2,300,0.9552200421718857,0.8960007299924971,0.0,0.0,1,0.0,0.0,25.35,40.24858241419353,0.9552200421718857,0.0,0.0,0.0,0.0,1.0,0.0,0.0,26.0
backhaul,shield_repair,adaptive,phi,radioml,3,300,0.9559765877287163,0.896047783238129,0.0,0.0,1,0.0,0.0,25.36,43.40366410735317,0.9559765877287163,0.0,0.0,0.0,0.0,1.0,0.0,0.0,26.0
backhaul,shield_repair,adaptive,phi,radioml,4,300,0.951792612460849,0.8960484342903271,0.0,0.0,3,0.0,0.0,25.31,39.47566431594787,0.951792612460849,0.0,0.0,0.0,0.0,1.0,0.0,0.0,26.0
backhaul,shield_repair,adaptive,phi,radioml,5,300,0.9502805034212733,0.8960565846883816,0.0,0.0,1,0.0,0.0,25.24,41.18248050830323,0.9502805034212733,0.0,0.0,0.0,0.0,1.0,0.0,0.0,26.0
backhaul,shield_repair,adaptive,phi,radioml,6,300,0.9535947868522553,0.8960607491675919,0.0,0.0,2,0.0,0.0,25.3,39.58430145895041,0.9535947868522553,0.0,0.0,0.0,0.0,1.0,0.0,0.0,26.0
backhaul,shield_repair,adaptive,phi,radioml,7,300,0.9527056552938131,0.8958874608829626,0.0,0.0,2,0.0,0.0,25.3,42.75405880857937,0.9527056552938131,0.0,0.0,0.0,0.0,1.0,0.0,0.0,26.0
backhaul,shield_repair,adaptive,phi,radioml,8,300,0.9541193564861142,0.8960502155922476,0.0,0.0,1,0.0,0.0,25.24,40.0573537286657,0.9541193564861142,0.0,0.0,0.0,0.0,1.0,0.0,0.0,26.0
backhaul,shield_repair,adaptive,phi,radioml,9,300,0.9532358045435442,0.8960524887820218,0.0,0.0,2,0.0,0.0,25.38,41.42436814782345,0.9532358045435442,0.0,0.0,0.0,0.0,1.0,0.0,0.0,26.0
backhaul,shield_repair,adaptive,phi,radioml,10,300,0.9512208697269635,0.896030219565027,0.0,0.0,1,0.0,0.0,25.49,40.917003599437706,0.9512208697269635,0.0,0.0,0.0,0.0,1.0,0.0,0.0,26.0
backhaul,shield_repair,adaptive,phi,radioml,11,300,0.9548520377168676,0.8960491364901975,0.0,0.0,1,0.0,0.0,25.36,40.08815584201473,0.9548520377168676,0.0,0.0,0.0,0.0,1.0,0.0,0.0,26.0
backhaul,shield_repair,adaptive,phi,radioml,12,300,0.9552605128564186,0.8959892580713782,0.0,0.0,1,0.0,0.0,25.38,42.79674677588287,0.9552605128564186,0.0,0.0,0.0,0.0,1.0,0.0,0.0,26.0
backhaul,shield_repair,adaptive,phi,radioml,13,300,0.9479541387230578,0.8959713702883334,0.0,0.0,1,0.0,0.0,25.44,43.3640790141188,0.9479541387230578,0.0,0.0,0.0,0.0,1.0,0.0,0.0,26.0
backhaul,shield_repair,adaptive,phi,radioml,14,300,0.9541347558530092,0.8960442894760313,0.0,0.0,1,0.0,0.0,25.35,41.77525922725116,0.9541347558530092,0.0,0.0,0.0,0.0,1.0,0.0,0.0,26.0
backhaul,shield_repair,adaptive,phi,radioml,15,300,0.9560765769139162,0.896055870660236,0.0,0.0,1,0.0,0.0,25.3,42.37497315862988,0.9560765769139162,0.0,0.0,0.0,0.0,1.0,0.0,0.0,26.0
backhaul,shield_repair,adaptive,phi,radioml,16,300,0.9523094383117245,0.8956951932515093,0.0,0.0,2,0.0,0.0,25.38,41.186801096745135,0.9523094383117245,0.0,0.0,0.0,0.0,1.0,0.0,0.0,26.0
backhaul,shield_repair,adaptive,phi,radioml,17,300,0.954422527576179,0.89606509128357,0.0,0.0,1,0.0,0.0,25.41,41.08512011526054,0.954422527576179,0.0,0.0,0.0,0.0,1.0,0.0,0.0,26.0
backhaul,shield_repair,adaptive,phi,radioml,18,300,0.9495493116778688,0.8959788187074532,0.0,0.0,1,0.0,0.0,25.43,40.5664879868285,0.9495493116778688,0.0,0.0,0.0,0.0,1.0,0.0,0.0,26.0
backhaul,shield_repair,adaptive,phi,radioml,19,300,0.9520279678341141,0.8960066672767375,0.0,0.0,3,0.0,0.0,25.4,42.09470778881701,0.9520279678341141,0.0,0.0,0.0,0.0,1.0,0.0,0.0,26.0
backhaul,shield_repair,adaptive,phi,radioml,20,300,0.9567636047065802,0.8960411593754241,0.0,0.0,1,0.0,0.0,25.32,41.638250865144066,0.9567636047065802,0.0,0.0,0.0,0.0,1.0,0.0,0.0,26.0
backhaul,shield_repair,adaptive,phi,radioml,21,300,0.9526005913701603,0.8960529163731903,0.0,0.0,1,0.0,0.0,25.28,39.26249184245525,0.9526005913701603,0.0,0.0,0.0,0.0,1.0,0.0,0.0,26.0
backhaul,shield_repair,adaptive,phi,radioml,22,300,0.9530805317275709,0.8959315785471007,0.0,0.0,1,0.0,0.0,25.39,42.533285905020875,0.9530805317275709,0.0,0.0,0.0,0.0,1.0,0.0,0.0,26.0
backhaul,shield_repair,adaptive,phi,radioml,23,300,0.9523431155345247,0.8960586499103522,0.0,0.0,2,0.0,0.0,25.08,39.36112448893935,0.9523431155345247,0.0,0.0,0.0,0.0,1.0,0.0,0.0,26.0
backhaul,shield_repair,adaptive,phi,radioml,24,300,0.9543721125899284,0.8960531423639693,0.0,0.0,1,0.0,0.0,25.17,40.736912033344005,0.9543721125899284,0.0,0.0,0.0,0.0,1.0,0.0,0.0,26.0
backhaul,shield_repair,adaptive,phi,radioml,25,300,0.9518314338165939,0.8958485152998654,0.0,0.0,1,0.0,0.0,25.33,40.94836029008128,0.9518314338165939,0.0,0.0,0.0,0.0,1.0,0.0,0.0,26.0
backhaul,shield_repair,adaptive,phi,radioml,26,300,0.955404866221099,0.8960564488946845,0.0,0.0,1,0.0,0.0,25.39,40.88740193896571,0.955404866221099,0.0,0.0,0.0,0.0,1.0,0.0,0.0,26.0
backhaul,shield_repair,adaptive,phi,radioml,27,300,0.9525710486522178,0.8960632864961039,0.0,0.0,2,0.0,0.0,25.39,42.06628194056899,0.9525710486522178,0.0,0.0,0.0,0.0,1.0,0.0,0.0,26.0
backhaul,shield_repair,adaptive,phi,radioml,28,300,0.9515193570798209,0.895950620755543,0.0,0.0,1,0.0,0.0,25.22,41.609701596361084,0.9515193570798209,0.0,0.0,0.0,0.0,1.0,0.0,0.0,26.0
backhaul,shield_repair,adaptive,phi,radioml,29,300,0.9524933121501052,0.8960414105670217,0.0,0.0,1,0.0,0.0,25.33,41.03694663177444,0.9524933121501052,0.0,0.0,0.0,0.0,1.0,0.0,0.0,26.0
compromised_xapp,shield_repair,adaptive,phi,radioml,0,300,0.9813314319092575,0.9733670019893452,0.0,0.41333333333333333,1,0.0,0.0,25.81,39.22966448306978,0.5679980985759242,0.0,0.0,0.41333333333333333,0.0,1.0,0.0,0.0,26.0
compromised_xapp,shield_repair,adaptive,phi,radioml,1,300,0.9810903369669378,0.9721827050146886,0.0,0.43,1,0.0,0.0,25.87,42.830936167420795,0.5510903369669379,0.0,0.0,0.43,0.0,1.0,0.0,0.0,26.0
compromised_xapp,shield_repair,adaptive,phi,radioml,2,300,0.98200952955364,0.9738127406935663,0.0,0.37666666666666665,1,0.0,0.0,25.78,41.320410115345254,0.6053428628869731,0.0,0.0,0.37666666666666665,0.0,1.0,0.0,0.0,26.0
compromised_xapp,shield_repair,adaptive,phi,radioml,3,300,0.9823728469836539,0.9736259986247303,0.0,0.35333333333333333,1,0.0,0.0,25.8,40.434477713844636,0.6290395136503205,0.0,0.0,0.35333333333333333,0.0,1.0,0.0,0.0,26.0
compromised_xapp,shield_repair,adaptive,phi,radioml,4,300,0.9815628193272894,0.9731516977615577,0.0,0.37333333333333335,1,0.0,0.0,25.79,41.283550959236685,0.608229485993956,0.0,0.0,0.37333333333333335,0.0,1.0,0.0,0.0,26.0
compromised_xapp,shield_repair,adaptive,phi,radioml,5,300,0.9789051283273792,0.9724780529861836,0.0,0.3333333333333333,1,0.0,0.0,25.75,41.66810018099133,0.6455717949940457,0.0,0.0,0.3333333333333333,0.0,1.0,0.0,0.0,26.0
compromised_xapp,shield_repair,adaptive,phi,radioml,6,300,0.9821903962641056,0.9733211137488534,0.0,0.41333333333333333,1,0.0,0.0,25.84,43.16965482076409,0.5688570629307723,0.0,0.0,0.41333333333333333,0.0,1.0,0.0,0.0,26.0
compromised_xapp,shield_repair,adaptive,phi,radioml,7,300,0.9791966983820801,0.9730285924695201,0.0,0.38,1,0.0,0.0,25.9,42.97511057767243,0.5991966983820801,0.0,0.0,0.38,0.0,1.0,0.0,0.0,26.0
compromised_xapp,shield_repair,adaptive,phi,radioml,8,300,0.9823957963308104,0.9737418227889452,0.0,0.4,1,0.0,0.0,25.82,42.41161369763447,0.5823957963308104,0.0,0.0,0.4,0.0,1.0,0.0,0.0,26.0
compromised_xapp,shield_repair,adaptive,phi,radioml,9,300,0.9790939628773607,0.973060338956204,0.0,0.39,1,0.0,0.0,25.79,42.927870709868515,0.5890939628773606,0.0,0.0,0.39,0.0,1.0,0.0,0.0,26.0
compromised_xapp,shield_repair,adaptive,phi,radioml,10,300,0.9802248882261412,0.9710515664618794,0.0,0.44666666666666666,1,0.0,0.0,25.77,41.11104761174081,0.5335582215594745,0.0,0.0,0.44666666666666666,0.0,1.0,0.0,0.0,26.0
compromised_xapp,shield_repair,adaptive,phi,radioml,11,300,0.9800880816949806,0.9737359753436093,0.0,0.37333333333333335,1,0.0,0.0,25.84,39.28543665267742,0.6067547483616473,0.0,0.0,0.37333333333333335,0.0,1.0,0.0,0.0,26.0
compromised_xapp,shield_repair,adaptive,phi,radioml,12,300,0.983268816633146,0.973084167088867,0.0,0.32666666666666666,1,0.0,0.0,25.86,43.382762286586484,0.6566021499664793,0.0,0.0,0.32666666666666666,0.0,1.0,0.0,0.0,26.0
compromised_xapp,shield_repair,adaptive,phi,radioml,13,300,0.9802080382069581,0.9737671265421702,0.0,0.37666666666666665,1,0.0,0.0,25.73,37.8222997283851,0.6035413715402914,0.0,0.0,0.37666666666666665,0.0,1.0,0.0,0.0,26.0
compromised_xapp,shield_repair,adaptive,phi,radioml,14,300,0.9811570798676723,0.9727866209751407,0.0,0.4066666666666667,1,0.0,0.0,25.87,42.14744946666666,0.5744904132010059,0.0,0.0,0.4066666666666667,0.0,1.0,0.0,0.0,26.0
compromised_xapp,shield_repair,adaptive,phi,radioml,15,300,0.9824094511383215,0.9736858821576284,0.0,0.37666666666666665,1,0.0,0.0,25.73,41.13133931356654,0.6057427844716547,0.0,0.0,0.37666666666666665,0.0,1.0,0.0,0.0,26.0
compromised_xapp,shield_repair,adaptive,phi,radioml,16,300,0.982126483284101,0.9728232193384484,0.0,0.4,1,0.0,0.0,25.79,40.06019726448272,0.5821264832841009,0.0,0.0,0.4,0.0,1.0,0.0,0.0,26.0
compromised_xapp,shield_repair,adaptive,phi,radioml,17,300,0.9782558248572533,0.9713085164797732,0.0,0.41333333333333333,1,0.0,0.0,25.78,43.39732621927906,0.5649224915239199,0.0,0.0,0.41333333333333333,0.0,1.0,0.0,0.0,26.0
compromised_xapp,shield_repair,adaptive,phi,radioml,18,300,0.9825883018043639,0.9728997637442744,0.0,0.39666666666666667,1,0.0,0.0,25.84,40.785628202914175,0.5859216351376971,0.0,0.0,0.39666666666666667,0.0,1.0,0.0,0.0,26.0
compromised_xapp,shield_repair,adaptive,phi,radioml,19,300,0.9831016901057933,0.9726460415406307,0.0,0.3466666666666667,1,0.0,0.0,25.84,43.87013996245641,0.6364350234391266,0.0,0.0,0.3466666666666667,0.0,1.0,0.0,0.0,26.0
compromised_xapp,shield_repair,adaptive,phi,radioml,20,300,0.9783269879967434,0.9717884050810609,0.0,0.37333333333333335,1,0.0,0.0,25.83,43.19558318592067,0.6049936546634102,0.0,0.0,0.37333333333333335,0.0,1.0,0.0,0.0,26.0
compromised_xapp,shield_repair,adaptive,phi,radioml,21,300,0.982431091723218,0.9726307782355333,0.0,0.32666666666666666,1,0.0,0.0,25.8,38.12187630449065,0.6557644250565513,0.0,0.0,0.32666666666666666,0.0,1.0,0.0,0.0,26.0
compromised_xapp,shield_repair,adaptive,phi,radioml,22,300,0.9821424443235236,0.9727167545014912,0.0,0.3566666666666667,1,0.0,0.0,25.86,42.72273045119627,0.6254757776568569,0.0,0.0,0.3566666666666667,0.0,1.0,0.0,0.0,26.0
compromised_xapp,shield_repair,adaptive,phi,radioml,23,300,0.9809110617830387,0.9733423479889286,0.0,0.4166666666666667,1,0.0,0.0,25.81,40.65322627002072,0.564244395116372,0.0,0.0,0.4166666666666667,0.0,1.0,0.0,0.0,26.0
compromised_xapp,shield_repair,adaptive,phi,radioml,24,300,0.9820760177906113,0.973733219185356,0.0,0.38333333333333336,1,0.0,0.0,25.59,39.702365975336,0.5987426844572777,0.0,0.0,0.38333333333333336,0.0,1.0,0.0,0.0,26.0
compromised_xapp,shield_repair,adaptive,phi,radioml,25,300,0.9816881681058758,0.9738526747536559,0.0,0.33,1,0.0,0.0,25.76,42.509898528017395,0.6516881681058758,0.0,0.0,0.33,0.0,1.0,0.0,0.0,26.0
compromised_xapp,shield_repair,adaptive,phi,radioml,26,300,0.9821502868684168,0.973510865879519,0.0,0.39,1,0.0,0.0,25.84,40.019971064404345,0.5921502868684169,0.0,0.0,0.39,0.0,1.0,0.0,0.0,26.0
compromised_xapp,shield_repair,adaptive,phi,radioml,27,300,0.9821750990602747,0.9737818548114315,0.0,0.38666666666666666,1,0.0,0.0,25.79,39.5357715710089,0.5955084323936081,0.0,0.0,0.38666666666666666,0.0,1.0,0.0,0.0,26.0
compromised_xapp,shield_repair,adaptive,phi,radioml,28,300,0.9810956871937488,0.9726538919369775,0.0,0.37333333333333335,1,0.0,0.0,25.74,39.7120683299904,0.6077623538604153,0.0,0.0,0.37333333333333335,0.0,1.0,0.0,0.0,26.0
compromised_xapp,shield_repair,adaptive,phi,radioml,29,300,0.9807932233962102,0.9690609572182342,0.0,0.39,1,0.0,0.0,25.85,42.32075973386201,0.5907932233962102,0.0,0.0,0.39,0.0,1.0,0.0,0.0,26.0
compound,shield_repair,adaptive,phi,radioml,0,300,0.9041509243163406,0.725811988555695,0.0,0.51,1,0.0,0.0,25.83,42.45305930318742,0.3941509243163406,0.0,0.0,0.51,0.0,1.0,0.0,0.0,26.0
compound,shield_repair,adaptive,phi,radioml,1,300,0.9183195824956237,0.745421881859047,0.0,0.4533333333333333,2,0.0,0.0,25.83,39.51149288645688,0.4649862491622903,0.0,0.0,0.4533333333333333,0.0,1.0,0.0,0.0,26.0
compound,shield_repair,adaptive,phi,radioml,2,300,0.9123293172364462,0.8033350039398672,0.0,0.5033333333333333,1,0.0,0.0,25.82,43.086593068356144,0.40899598390311287,0.0,0.0,0.5033333333333333,0.0,1.0,0.0,0.0,26.0
compound,shield_repair,adaptive,phi,radioml,3,300,0.920762809603442,0.8329372456516074,0.0,0.51,1,0.0,0.0,25.84,42.711130054719504,0.4107628096034418,0.0,0.0,0.51,0.0,1.0,0.0,0.0,26.0
compound,shield_repair,adaptive,phi,radioml,4,300,0.9159020349263511,0.8293988937697195,0.0,0.48333333333333334,3,0.0,0.0,25.79,40.03561595806602,0.4325687015930178,0.0,0.0,0.48333333333333334,0.0,1.0,0.0,0.0,26.0
compound,shield_repair,adaptive,phi,radioml,5,300,0.9202122792764694,0.8142151518450783,0.0,0.49666666666666665,4,0.0,0.0,25.79,42.72730380756967,0.42354561260980267,0.0,0.0,0.49666666666666665,0.0,1.0,0.0,0.0,26.0
compound,shield_repair,adaptive,phi,radioml,6,300,0.9060024373135648,0.6138845007182027,0.0,0.45666666666666667,2,0.0,0.0,25.78,40.20789229269023,0.4493357706468981,0.0,0.0,0.45666666666666667,0.0,1.0,0.0,0.0,26.0
compound,shield_repair,adaptive,phi,radioml,7,300,0.9035850805433917,0.5483050640247465,0.0,0.51,2,0.0,0.0,25.87,41.87641871139742,0.39358508054339175,0.0,0.0,0.51,0.0,1.0,0.0,0.0,26.0
compound,shield_repair,adaptive,phi,radioml,8,300,0.9051605924300152,0.5873781679776229,0.0,0.49333333333333335,6,0.0,0.0,25.73,40.85038582689272,0.411827259096682,0.0,0.0,0.49333333333333335,0.0,1.0,0.0,0.0,26.0
compound,shield_repair,adaptive,phi,radioml,9,300,0.9086988120108956,0.6799408295120625,0.0,0.4866666666666667,1,0.0,0.0,25.86,40.20755054909541,0.422032145344229,0.0,0.0,0.4866666666666667,0.0,1.0,0.0,0.0,26.0
compound,shield_repair,adaptive,phi,radioml,10,300,0.8884204841712008,0.23387512144471811,0.0,0.49666666666666665,6,0.0,0.0,25.78,41.80032933107693,0.3917538175045341,0.0,0.0,0.49666666666666665,0.0,1.0,0.0,0.0,26.0
compound,shield_repair,adaptive,phi,radioml,11,300,0.912004117838931,0.7943859707541734,0.0,0.5133333333333333,1,0.0,0.0,25.86,42.98241851941545,0.39867078450559773,0.0,0.0,0.5133333333333333,0.0,1.0,0.0,0.0,26.0
compound,shield_repair,adaptive,phi,radioml,12,300,0.9132859738204054,0.7693020695568732,0.0,0.4766666666666667,1,0.0,0.0,25.85,41.921794300290884,0.4366193071537388,0.0,0.0,0.4766666666666667,0.0,1.0,0.0,0.0,26.0
compound,shield_repair,adaptive,phi,radioml,13,300,0.9223762766629494,0.811265045477921,0.0,0.47333333333333333,2,0.0,0.0,25.82,39.50789506681179,0.449042943329616,0.0,0.0,0.47333333333333333,0.0,1.0,0.0,0.0,26.0
compound,shield_repair,adaptive,phi,radioml,14,300,0.9101470202520755,0.8101650340034015,0.0,0.5,2,0.0,0.0,25.81,39.79051340765671,0.41014702025207567,0.0,0.0,0.5,0.0,1.0,0.0,0.0,26.0
compound,shield_repair,adaptive,phi,radioml,15,300,0.8979002586397856,0.3254655043917555,0.0,0.49333333333333335,1,0.0,0.0,25.79,42.295531016595305,0.40456692530645233,0.0,0.0,0.49333333333333335,0.0,1.0,0.0,0.0,26.0
compound,shield_repair,adaptive,phi,radioml,16,300,0.9002021678631291,0.5300504372669548,0.0,0.5266666666666666,1,0.0,0.0,25.81,42.70003988865707,0.3735355011964625,0.0,0.0,0.5266666666666666,0.0,1.0,0.0,0.0,26.0
compound,shield_repair,adaptive,phi,radioml,17,300,0.9145142999696095,0.8082585727507937,0.0,0.5133333333333333,3,0.0,0.0,25.79,39.86509018904562,0.40118096663627634,0.0,0.0,0.5133333333333333,0.0,1.0,0.0,0.0,26.0
compound,shield_repair,adaptive,phi,radioml,18,300,0.9131169382346312,0.7808967489219083,0.0,0.48,1,0.0,0.0,25.88,42.214746136324074,0.43311693823463104,0.0,0.0,0.48,0.0,1.0,0.0,0.0,26.0
compound,shield_repair,adaptive,phi,radioml,19,300,0.9148159758065944,0.7852075409148278,0.0,0.51,1,0.0,0.0,25.82,40.301403589024744,0.40481597580659423,0.0,0.0,0.51,0.0,1.0,0.0,0.0,26.0
compound,shield_repair,adaptive,phi,radioml,20,300,0.9060264589674438,0.6522996116772377,0.0,0.48333333333333334,1,0.0,0.0,25.77,39.656551870223765,0.42269312563411054,0.0,0.0,0.48333333333333334,0.0,1.0,0.0,0.0,26.0
compound,shield_repair,adaptive,phi,radioml,21,300,0.922706672675655,0.8257893832537897,0.0,0.49666666666666665,2,0.0,0.0,25.75,42.12919658474626,0.4260400060089885,0.0,0.0,0.49666666666666665,0.0,1.0,0.0,0.0,26.0
compound,shield_repair,adaptive,phi,radioml,22,300,0.9159858759814231,0.8450736693921265,0.0,0.5133333333333333,2,0.0,0.0,25.88,43.194293855594346,0.4026525426480898,0.0,0.0,0.5133333333333333,0.0,1.0,0.0,0.0,26.0
compound,shield_repair,adaptive,phi,radioml,23,300,0.9073854615782633,0.7849223042963099,0.0,0.5133333333333333,1,0.0,0.0,25.84,42.65459504570621,0.3940521282449299,0.0,0.0,0.5133333333333333,0.0,1.0,0.0,0.0,26.0
compound,shield_repair,adaptive,phi,radioml,24,300,0.9197224782918325,0.806765917654418,0.0,0.5066666666666667,2,0.0,0.0,25.63,41.51858187248162,0.41305581162516564,0.0,0.0,0.5066666666666667,0.0,1.0,0.0,0.0,26.0
compound,shield_repair,adaptive,phi,radioml,25,300,0.9187342030440353,0.8008269290065482,0.0,0.4666666666666667,1,0.0,0.0,25.73,41.251591052762286,0.4520675363773684,0.0,0.0,0.4666666666666667,0.0,1.0,0.0,0.0,26.0
compound,shield_repair,adaptive,phi,radioml,26,300,0.9036506261588052,0.6143013567835035,0.0,0.47333333333333333,1,0.0,0.0,25.86,41.53833965869786,0.4303172928254719,0.0,0.0,0.47333333333333333,0.0,1.0,0.0,0.0,26.0
compound,shield_repair,adaptive,phi,radioml,27,300,0.9043758547125857,0.5217754795001115,0.0,0.5266666666666666,3,0.0,0.0,25.8,41.68916433211381,0.3777091880459192,0.0,0.0,0.5266666666666666,0.0,1.0,0.0,0.0,26.0
compound,shield_repair,adaptive,phi,radioml,28,300,0.9005411617527463,0.48824917313850774,0.0,0.5133333333333333,1,0.0,0.0,25.74,39.07811623200426,0.3872078284194131,0.0,0.0,0.5133333333333333,0.0,1.0,0.0,0.0,26.0
compound,shield_repair,adaptive,phi,radioml,29,300,0.9154140646684586,0.7822434377425627,0.0,0.4766666666666667,5,0.0,0.0,25.78,40.544805535381556,0.43874739800179197,0.0,0.0,0.4766666666666667,0.0,1.0,0.0,0.0,26.0
narrowband,structured,naive,phi,radioml,0,300,0.9611356734476737,0.8173888869264604,0.0,0.0,1,0.0,0.0,26.0,44.16666666666665,0.9611356734476737,0.0,0.0,0.0,0.0,0.0,0.0,0.0,26.0
narrowband,structured,naive,phi,radioml,1,300,0.9600947458100887,0.7970897440490815,0.0,0.0,2,0.0,0.0,26.0,44.16666666666665,0.9600947458100887,0.0,0.0,0.0,0.0,0.0,0.0,0.0,26.0
narrowband,structured,naive,phi,radioml,2,300,0.9703697475275808,0.8623924052370334,0.0,0.0,1,0.0,0.0,26.0,44.16666666666665,0.9703697475275808,0.0,0.0,0.0,0.0,0.0,0.0,0.0,26.0
narrowband,structured,naive,phi,radioml,3,300,0.9669490485914681,0.8266978130958276,0.0,0.0,2,0.0,0.0,26.0,44.16666666666665,0.9669490485914681,0.0,0.0,0.0,0.0,0.0,0.0,0.0,26.0
narrowband,structured,naive,phi,radioml,4,300,0.962572187431272,0.8266544093711733,0.0,0.0,1,0.0,0.0,26.0,44.16666666666665,0.962572187431272,0.0,0.0,0.0,0.0,0.0,0.0,0.0,26.0
narrowband,structured,naive,phi,radioml,5,300,0.9652752227874686,0.8658975557216999,0.0,0.0,1,0.0,0.0,26.0,44.16666666666665,0.9652752227874686,0.0,0.0,0.0,0.0,0.0,0.0,0.0,26.0
narrowband,structured,naive,phi,radioml,6,300,0.9673793812464528,0.8219538073380106,0.0,0.0,1,0.0,0.0,26.0,44.16666666666665,0.9673793812464528,0.0,0.0,0.0,0.0,0.0,0.0,0.0,26.0
narrowband,structured,naive,phi,radioml,7,300,0.9708859161195736,0.8631106826142242,0.0,0.0,1,0.0,0.0,26.0,44.16666666666665,0.9708859161195736,0.0,0.0,0.0,0.0,0.0,0.0,0.0,26.0
narrowband,structured,naive,phi,radioml,8,300,0.9679138688688395,0.8709773122931113,0.0,0.0,1,0.0,0.0,26.0,44.16666666666665,0.9679138688688395,0.0,0.0,0.0,0.0,0.0,0.0,0.0,26.0
narrowband,structured,naive,phi,radioml,9,300,0.9789960982284648,0.8833880887954099,0.0,0.0,1,0.0,0.0,26.0,44.16666666666665,0.9789960982284648,0.0,0.0,0.0,0.0,0.0,0.0,0.0,26.0
narrowband,structured,naive,phi,radioml,10,300,0.9806550557440642,0.8957067650878171,0.0,0.0,1,0.0,0.0,26.0,44.16666666666665,0.9806550557440642,0.0,0.0,0.0,0.0,0.0,0.0,0.0,26.0
narrowband,structured,naive,phi,radioml,11,300,0.9615786416637423,0.8355125266029342,0.0,0.0,1,0.0,0.0,26.0,44.16666666666665,0.9615786416637423,0.0,0.0,0.0,0.0,0.0,0.0,0.0,26.0
narrowband,structured,naive,phi,radioml,12,300,0.9629355270959521,0.8126004966020496,0.0,0.0,1,0.0,0.0,26.0,44.16666666666665,0.9629355270959521,0.0,0.0,0.0,0.0,0.0,0.0,0.0,26.0
narrowband,structured,naive,phi,radioml,13,300,0.9686299209569224,0.8395032760982357,0.0,0.0,1,0.0,0.0,26.0,44.16666666666665,0.9686299209569224,0.0,0.0,0.0,0.0,0.0,0.0,0.0,26.0
narrowband,structured,naive,phi,radioml,14,300,0.9690898433327758,0.8684705959602835,0.0,0.0,1,0.0,0.0,26.0,44.16666666666665,0.9690898433327758,0.0,0.0,0.0,0.0,0.0,0.0,0.0,26.0
narrowband,structured,naive,phi,radioml,15,300,0.9632356240057929,0.8248264912034644,0.0,0.0,1,0.0,0.0,26.0,44.16666666666665,0.9632356240057929,0.0,0.0,0.0,0.0,0.0,0.0,0.0,26.0
narrowband,structured,naive,phi,radioml,16,300,0.9593532671247332,0.8118393583296858,0.0,0.0,1,0.0,0.0,26.0,44.16666666666665,0.9593532671247332,0.0,0.0,0.0,0.0,0.0,0.0,0.0,26.0
narrowband,structured,naive,phi,radioml,17,300,0.9693761811489028,0.8365862280703845,0.0,0.0,1,0.0,0.0,26.0,44.16666666666665,0.9693761811489028,0.0,0.0,0.0,0.0,0.0,0.0,0.0,26.0
narrowband,structured,naive,phi,radioml,18,300,0.9700340711027209,0.8635036535004452,0.0,0.0,2,0.0,0.0,26.0,44.16666666666665,0.9700340711027209,0.0,0.0,0.0,0.0,0.0,0.0,0.0,26.0
narrowband,structured,naive,phi,radioml,19,300,0.9646681695816327,0.8355503304115013,0.0,0.0,1,0.0,0.0,26.0,44.16666666666665,0.9646681695816327,0.0,0.0,0.0,0.0,0.0,0.0,0.0,26.0
narrowband,structured,naive,phi,radioml,20,300,0.9708670919954724,0.8605006008278886,0.0,0.0,1,0.0,0.0,26.0,44.16666666666665,0.9708670919954724,0.0,0.0,0.0,0.0,0.0,0.0,0.0,26.0
narrowband,structured,naive,phi,radioml,21,300,0.9639733095397236,0.7975719412376057,0.0,0.0,1,0.0,0.0,26.0,44.16666666666665,0.9639733095397236,0.0,0.0,0.0,0.0,0.0,0.0,0.0,26.0
narrowband,structured,naive,phi,radioml,22,300,0.9659509585890478,0.8240446735067102,0.0,0.0,1,0.0,0.0,26.0,44.16666666666665,0.9659509585890478,0.0,0.0,0.0,0.0,0.0,0.0,0.0,26.0
narrowband,structured,naive,phi,radioml,23,300,0.9691222805205577,0.8303367846746382,0.0,0.0,1,0.0,0.0,26.0,44.16666666666665,0.9691222805205577,0.0,0.0,0.0,0.0,0.0,0.0,0.0,26.0
narrowband,structured,naive,phi,radioml,24,300,0.964307337041262,0.8249510454290568,0.0,0.0,1,0.0,0.0,26.0,44.16666666666665,0.964307337041262,0.0,0.0,0.0,0.0,0.0,0.0,0.0,26.0
narrowband,structured,naive,phi,radioml,25,300,0.975669098485689,0.8657565415004812,0.0,0.0,1,0.0,0.0,26.0,44.16666666666665,0.975669098485689,0.0,0.0,0.0,0.0,0.0,0.0,0.0,26.0
narrowband,structured,naive,phi,radioml,26,300,0.9599913239094721,0.8182767669558755,0.0,0.0,1,0.0,0.0,26.0,44.16666666666665,0.9599913239094721,0.0,0.0,0.0,0.0,0.0,0.0,0.0,26.0
narrowband,structured,naive,phi,radioml,27,300,0.9668781569042051,0.8364379678073744,0.0,0.0,2,0.0,0.0,26.0,44.16666666666665,0.9668781569042051,0.0,0.0,0.0,0.0,0.0,0.0,0.0,26.0
narrowband,structured,naive,phi,radioml,28,300,0.9695705406518101,0.8487618107476925,0.0,0.0,1,0.0,0.0,26.0,44.16666666666665,0.9695705406518101,0.0,0.0,0.0,0.0,0.0,0.0,0.0,26.0
narrowband,structured,naive,phi,radioml,29,300,0.9681096979100994,0.8411591892936496,0.0,0.0,1,0.0,0.0,26.0,44.16666666666665,0.9681096979100994,0.0,0.0,0.0,0.0,0.0,0.0,0.0,26.0
wideband,structured,naive,phi,radioml,0,300,0.9223384046862443,0.7504144830188323,0.0,0.0,1,0.0,0.0,26.0,44.16666666666665,0.9223384046862443,0.0,0.0,0.0,0.0,0.0,0.0,0.0,26.0
wideband,structured,naive,phi,radioml,1,300,0.9165608729700743,0.740586051940431,0.0,0.0,3,0.0,0.0,26.0,44.16666666666665,0.9165608729700743,0.0,0.0,0.0,0.0,0.0,0.0,0.0,26.0
wideband,structured,naive,phi,radioml,2,300,0.9200381302318412,0.7409293713851702,0.0,0.0,1,0.0,0.0,26.0,44.16666666666665,0.9200381302318412,0.0,0.0,0.0,0.0,0.0,0.0,0.0,26.0
wideband,structured,naive,phi,radioml,3,300,0.9201667749465879,0.7104535055206156,0.0,0.0,1,0.0,0.0,26.0,44.16666666666665,0.9201667749465879,0.0,0.0,0.0,0.0,0.0,0.0,0.0,26.0
wideband,structured,naive,phi,radioml,4,300,0.9179416297269486,0.7364331779866577,0.0,0.0,3,0.0,0.0,26.0,44.16666666666665,0.9179416297269486,0.0,0.0,0.0,0.0,0.0,0.0,0.0,26.0
wideband,structured,naive,phi,radioml,5,300,0.9080784385466514,0.6797751819000581,0.0,0.0,1,0.0,0.0,26.0,44.16666666666665,0.9080784385466514,0.0,0.0,0.0,0.0,0.0,0.0,0.0,26.0
wideband,structured,naive,phi,radioml,6,300,0.9331118781398965,0.7739500635876105,0.0,0.0,1,0.0,0.0,26.0,44.16666666666665,0.9331118781398965,0.0,0.0,0.0,0.0,0.0,0.0,0.0,26.0
wideband,structured,naive,phi,radioml,7,300,0.9306150264527935,0.7524722212772055,0.0,0.0,4,0.0,0.0,26.0,44.16666666666665,0.9306150264527935,0.0,0.0,0.0,0.0,0.0,0.0,0.0,26.0
wideband,structured,naive,phi,radioml,8,300,0.9308812253589387,0.765414310131718,0.0,0.0,1,0.0,0.0,26.0,44.16666666666665,0.9308812253589387,0.0,0.0,0.0,0.0,0.0,0.0,0.0,26.0
wideband,structured,naive,phi,radioml,9,300,0.9275405321026269,0.764988707158753,0.0,0.0,1,0.0,0.0,26.0,44.16666666666665,0.9275405321026269,0.0,0.0,0.0,0.0,0.0,0.0,0.0,26.0
wideband,structured,naive,phi,radioml,10,300,0.9202263342404516,0.732425820539275,0.0,0.0,2,0.0,0.0,26.0,44.16666666666665,0.9202263342404516,0.0,0.0,0.0,0.0,0.0,0.0,0.0,26.0
wideband,structured,naive,phi,radioml,11,300,0.9223017681379118,0.7013566138839235,0.0,0.0,1,0.0,0.0,26.0,44.16666666666665,0.9223017681379118,0.0,0.0,0.0,0.0,0.0,0.0,0.0,26.0
wideband,structured,naive,phi,radioml,12,300,0.925999773000413,0.7349415535935683,0.0,0.0,2,0.0,0.0,26.0,44.16666666666665,0.925999773000413,0.0,0.0,0.0,0.0,0.0,0.0,0.0,26.0
wideband,structured,naive,phi,radioml,13,300,0.9164152170367602,0.7608408804074163,0.0,0.0,4,0.0,0.0,26.0,44.16666666666665,0.9164152170367602,0.0,0.0,0.0,0.0,0.0,0.0,0.0,26.0
wideband,structured,naive,phi,radioml,14,300,0.9333136318620556,0.7966538600846014,0.0,0.0,2,0.0,0.0,26.0,44.16666666666665,0.9333136318620556,0.0,0.0,0.0,0.0,0.0,0.0,0.0,26.0
wideband,structured,naive,phi,radioml,15,300,0.9192988849954932,0.7367139375918176,0.0,0.0,1,0.0,0.0,26.0,44.16666666666665,0.9192988849954932,0.0,0.0,0.0,0.0,0.0,0.0,0.0,26.0
wideband,structured,naive,phi,radioml,16,300,0.9170528025622809,0.7140185632945546,0.0,0.0,1,0.0,0.0,26.0,44.16666666666665,0.9170528025622809,0.0,0.0,0.0,0.0,0.0,0.0,0.0,26.0
wideband,structured,naive,phi,radioml,17,300,0.9188064120078555,0.7589996854228587,0.0,0.0,2,0.0,0.0,26.0,44.16666666666665,0.9188064120078555,0.0,0.0,0.0,0.0,0.0,0.0,0.0,26.0
wideband,structured,naive,phi,radioml,18,300,0.9249977380796985,0.717934878043048,0.0,0.0,1,0.0,0.0,26.0,44.16666666666665,0.9249977380796985,0.0,0.0,0.0,0.0,0.0,0.0,0.0,26.0
wideband,structured,naive,phi,radioml,19,300,0.9355336006139896,0.8138338064507472,0.0,0.0,1,0.0,0.0,26.0,44.16666666666665,0.9355336006139896,0.0,0.0,0.0,0.0,0.0,0.0,0.0,26.0
wideband,structured,naive,phi,radioml,20,300,0.9247815600340609,0.712893276378326,0.0,0.0,2,0.0,0.0,26.0,44.16666666666665,0.9247815600340609,0.0,0.0,0.0,0.0,0.0,0.0,0.0,26.0
wideband,structured,naive,phi,radioml,21,300,0.9099383518402798,0.6637415389791655,0.0,0.0,5,0.0,0.0,26.0,44.16666666666665,0.9099383518402798,0.0,0.0,0.0,0.0,0.0,0.0,0.0,26.0
wideband,structured,naive,phi,radioml,22,300,0.9240910095865457,0.7767008147339212,0.0,0.0,1,0.0,0.0,26.0,44.16666666666665,0.9240910095865457,0.0,0.0,0.0,0.0,0.0,0.0,0.0,26.0
wideband,structured,naive,phi,radioml,23,300,0.9144367249094267,0.7053280831166054,0.0,0.0,2,0.0,0.0,26.0,44.16666666666665,0.9144367249094267,0.0,0.0,0.0,0.0,0.0,0.0,0.0,26.0
wideband,structured,naive,phi,radioml,24,300,0.9231113383959958,0.7580388281389351,0.0,0.0,4,0.0,0.0,26.0,44.16666666666665,0.9231113383959958,0.0,0.0,0.0,0.0,0.0,0.0,0.0,26.0
wideband,structured,naive,phi,radioml,25,300,0.9339298644278222,0.7872538312490276,0.0,0.0,3,0.0,0.0,26.0,44.16666666666665,0.9339298644278222,0.0,0.0,0.0,0.0,0.0,0.0,0.0,26.0
wideband,structured,naive,phi,radioml,26,300,0.9228452283891041,0.7478864916311658,0.0,0.0,3,0.0,0.0,26.0,44.16666666666665,0.9228452283891041,0.0,0.0,0.0,0.0,0.0,0.0,0.0,26.0
wideband,structured,naive,phi,radioml,27,300,0.9135898490004208,0.664644905663422,0.0,0.0,3,0.0,0.0,26.0,44.16666666666665,0.9135898490004208,0.0,0.0,0.0,0.0,0.0,0.0,0.0,26.0
wideband,structured,naive,phi,radioml,28,300,0.9281831983639366,0.7736904405382902,0.0,0.0,1,0.0,0.0,26.0,44.16666666666665,0.9281831983639366,0.0,0.0,0.0,0.0,0.0,0.0,0.0,26.0
wideband,structured,naive,phi,radioml,29,300,0.9224760424283434,0.7237900887122418,0.0,0.0,2,0.0,0.0,26.0,44.16666666666665,0.9224760424283434,0.0,0.0,0.0,0.0,0.0,0.0,0.0,26.0
bursty,structured,naive,phi,radioml,0,300,0.990226862007485,0.9708067956059304,0.0,0.0,1,0.0,0.0,26.0,44.16666666666665,0.990226862007485,0.0,0.0,0.0,0.0,0.0,0.0,0.0,26.0
bursty,structured,naive,phi,radioml,1,300,0.9913063364456208,0.9823175660284488,0.0,0.0,1,0.0,0.0,26.0,44.16666666666665,0.9913063364456208,0.0,0.0,0.0,0.0,0.0,0.0,0.0,26.0
bursty,structured,naive,phi,radioml,2,300,0.9898675194590218,0.9743506513223305,0.0,0.0,1,0.0,0.0,26.0,44.16666666666665,0.9898675194590218,0.0,0.0,0.0,0.0,0.0,0.0,0.0,26.0
bursty,structured,naive,phi,radioml,3,300,0.9902024678168575,0.9745002832424334,0.0,0.0,1,0.0,0.0,26.0,44.16666666666665,0.9902024678168575,0.0,0.0,0.0,0.0,0.0,0.0,0.0,26.0
bursty,structured,naive,phi,radioml,4,300,0.9900024556880237,0.9751459667569204,0.0,0.0,1,0.0,0.0,26.0,44.16666666666665,0.9900024556880237,0.0,0.0,0.0,0.0,0.0,0.0,0.0,26.0
bursty,structured,naive,phi,radioml,5,300,0.9904787957287986,0.9760117756473644,0.0,0.0,1,0.0,0.0,26.0,44.16666666666665,0.9904787957287986,0.0,0.0,0.0,0.0,0.0,0.0,0.0,26.0
bursty,structured,naive,phi,radioml,6,300,0.9904370458320405,0.9727909536089318,0.0,0.0,1,0.0,0.0,26.0,44.16666666666665,0.9904370458320405,0.0,0.0,0.0,0.0,0.0,0.0,0.0,26.0
bursty,structured,naive,phi,radioml,7,300,0.989677155112983,0.972509071631041,0.0,0.0,1,0.0,0.0,26.0,44.16666666666665,0.989677155112983,0.0,0.0,0.0,0.0,0.0,0.0,0.0,26.0
bursty,structured,naive,phi,radioml,8,300,0.9904348169731979,0.9752055917365646,0.0,0.0,1,0.0,0.0,26.0,44.16666666666665,0.9904348169731979,0.0,0.0,0.0,0.0,0.0,0.0,0.0,26.0
bursty,structured,naive,phi,radioml,9,300,0.9902176941712738,0.9785193604891927,0.0,0.0,1,0.0,0.0,26.0,44.16666666666665,0.9902176941712738,0.0,0.0,0.0,0.0,0.0,0.0,0.0,26.0
bursty,structured,naive,phi,radioml,10,300,0.9911614057501955,0.9791927302169472,0.0,0.0,1,0.0,0.0,26.0,44.16666666666665,0.9911614057501955,0.0,0.0,0.0,0.0,0.0,0.0,0.0,26.0
bursty,structured,naive,phi,radioml,11,300,0.9899094260485182,0.9700324147891459,0.0,0.0,1,0.0,0.0,26.0,44.16666666666665,0.9899094260485182,0.0,0.0,0.0,0.0,0.0,0.0,0.0,26.0
bursty,structured,naive,phi,radioml,12,300,0.9910603525841335,0.9769371184678618,0.0,0.0,1,0.0,0.0,26.0,44.16666666666665,0.9910603525841335,0.0,0.0,0.0,0.0,0.0,0.0,0.0,26.0
bursty,structured,naive,phi,radioml,13,300,0.989979016403674,0.9727006817850681,0.0,0.0,1,0.0,0.0,26.0,44.16666666666665,0.989979016403674,0.0,0.0,0.0,0.0,0.0,0.0,0.0,26.0
bursty,structured,naive,phi,radioml,14,300,0.990638804011461,0.9763450123505107,0.0,0.0,1,0.0,0.0,26.0,44.16666666666665,0.990638804011461,0.0,0.0,0.0,0.0,0.0,0.0,0.0,26.0
bursty,structured,naive,phi,radioml,15,300,0.9912194330973088,0.9823382205220749,0.0,0.0,1,0.0,0.0,26.0,44.16666666666665,0.9912194330973088,0.0,0.0,0.0,0.0,0.0,0.0,0.0,26.0
bursty,structured,naive,phi,radioml,16,300,0.9904652760795281,0.9744434816358448,0.0,0.0,1,0.0,0.0,26.0,44.16666666666665,0.9904652760795281,0.0,0.0,0.0,0.0,0.0,0.0,0.0,26.0
bursty,structured,naive,phi,radioml,17,300,0.9900909292940658,0.9741133811801613,0.0,0.0,2,0.0,0.0,26.0,44.16666666666665,0.9900909292940658,0.0,0.0,0.0,0.0,0.0,0.0,0.0,26.0
bursty,structured,naive,phi,radioml,18,300,0.9898188483638556,0.9686300115807669,0.0,0.0,1,0.0,0.0,26.0,44.16666666666665,0.9898188483638556,0.0,0.0,0.0,0.0,0.0,0.0,0.0,26.0
bursty,structured,naive,phi,radioml,19,300,0.9896204145962963,0.9726511429913212,0.0,0.0,1,0.0,0.0,26.0,44.16666666666665,0.9896204145962963,0.0,0.0,0.0,0.0,0.0,0.0,0.0,26.0
bursty,structured,naive,phi,radioml,20,300,0.9903800280531139,0.9777222651280951,0.0,0.0,1,0.0,0.0,26.0,44.16666666666665,0.9903800280531139,0.0,0.0,0.0,0.0,0.0,0.0,0.0,26.0
bursty,structured,naive,phi,radioml,21,300,0.9902972368883831,0.9765089849045003,0.0,0.0,1,0.0,0.0,26.0,44.16666666666665,0.9902972368883831,0.0,0.0,0.0,0.0,0.0,0.0,0.0,26.0
bursty,structured,naive,phi,radioml,22,300,0.9902641827061954,0.9754092691830971,0.0,0.0,1,0.0,0.0,26.0,44.16666666666665,0.9902641827061954,0.0,0.0,0.0,0.0,0.0,0.0,0.0,26.0
bursty,structured,naive,phi,radioml,23,300,0.9904829012146267,0.9769187942205211,0.0,0.0,1,0.0,0.0,26.0,44.16666666666665,0.9904829012146267,0.0,0.0,0.0,0.0,0.0,0.0,0.0,26.0
bursty,structured,naive,phi,radioml,24,300,0.9906175945305102,0.9747476495569127,0.0,0.0,1,0.0,0.0,26.0,44.16666666666665,0.9906175945305102,0.0,0.0,0.0,0.0,0.0,0.0,0.0,26.0
bursty,structured,naive,phi,radioml,25,300,0.9908980627299051,0.9775091658604884,0.0,0.0,1,0.0,0.0,26.0,44.16666666666665,0.9908980627299051,0.0,0.0,0.0,0.0,0.0,0.0,0.0,26.0
bursty,structured,naive,phi,radioml,26,300,0.9899966020737948,0.9788712044858914,0.0,0.0,1,0.0,0.0,26.0,44.16666666666665,0.9899966020737948,0.0,0.0,0.0,0.0,0.0,0.0,0.0,26.0
bursty,structured,naive,phi,radioml,27,300,0.9902081600488233,0.9757923427953881,0.0,0.0,1,0.0,0.0,26.0,44.16666666666665,0.9902081600488233,0.0,0.0,0.0,0.0,0.0,0.0,0.0,26.0
bursty,structured,naive,phi,radioml,28,300,0.9906221002747202,0.9760967224243582,0.0,0.0,1,0.0,0.0,26.0,44.16666666666665,0.9906221002747202,0.0,0.0,0.0,0.0,0.0,0.0,0.0,26.0
bursty,structured,naive,phi,radioml,29,300,0.9896802932299268,0.9767376733591738,0.0,0.0,1,0.0,0.0,26.0,44.16666666666665,0.9896802932299268,0.0,0.0,0.0,0.0,0.0,0.0,0.0,26.0
backhaul,structured,naive,phi,radioml,0,300,0.9600944919021193,0.9139937460802291,0.0,0.0,1,0.0,0.0,26.0,44.16666666666665,0.9600944919021193,0.0,0.0,0.0,0.0,0.0,0.0,0.0,26.0
backhaul,structured,naive,phi,radioml,1,300,0.9571800014119566,0.9139918764866701,0.0,0.0,1,0.0,0.0,26.0,44.16666666666665,0.9571800014119566,0.0,0.0,0.0,0.0,0.0,0.0,0.0,26.0
backhaul,structured,naive,phi,radioml,2,300,0.96009363059992,0.9139910561700011,0.0,0.0,1,0.0,0.0,26.0,44.16666666666665,0.96009363059992,0.0,0.0,0.0,0.0,0.0,0.0,0.0,26.0
backhaul,structured,naive,phi,radioml,3,300,0.9603595132684624,0.913994879525431,0.0,0.0,1,0.0,0.0,26.0,44.16666666666665,0.9603595132684624,0.0,0.0,0.0,0.0,0.0,0.0,0.0,26.0
backhaul,structured,naive,phi,radioml,4,300,0.9600939714073427,0.9139921563752254,0.0,0.0,1,0.0,0.0,26.0,44.16666666666665,0.9600939714073427,0.0,0.0,0.0,0.0,0.0,0.0,0.0,26.0
backhaul,structured,naive,phi,radioml,5,300,0.9595645548516575,0.9139946862222694,0.0,0.0,1,0.0,0.0,26.0,44.16666666666665,0.9595645548516575,0.0,0.0,0.0,0.0,0.0,0.0,0.0,26.0
backhaul,structured,naive,phi,radioml,6,300,0.9598289894593798,0.9139926227566156,0.0,0.0,1,0.0,0.0,26.0,44.16666666666665,0.9598289894593798,0.0,0.0,0.0,0.0,0.0,0.0,0.0,26.0
backhaul,structured,naive,phi,radioml,7,300,0.9582396234937812,0.9139895951785556,0.0,0.0,1,0.0,0.0,26.0,44.16666666666665,0.9582396234937812,0.0,0.0,0.0,0.0,0.0,0.0,0.0,26.0
backhaul,structured,naive,phi,radioml,8,300,0.9632734267500124,0.9139936738948147,0.0,0.0,1,0.0,0.0,26.0,44.16666666666665,0.9632734267500124,0.0,0.0,0.0,0.0,0.0,0.0,0.0,26.0
backhaul,structured,naive,phi,radioml,9,300,0.9632733783819176,0.9139930680590144,0.0,0.0,1,0.0,0.0,26.0,44.16666666666665,0.9632733783819176,0.0,0.0,0.0,0.0,0.0,0.0,0.0,26.0
backhaul,structured,naive,phi,radioml,10,300,0.9585045700124639,0.9139934471225408,0.0,0.0,1,0.0,0.0,26.0,44.16666666666665,0.9585045700124639,0.0,0.0,0.0,0.0,0.0,0.0,0.0,26.0
backhaul,structured,naive,phi,radioml,11,300,0.9616836494770806,0.9139924967219438,0.0,0.0,1,0.0,0.0,26.0,44.16666666666665,0.9616836494770806,0.0,0.0,0.0,0.0,0.0,0.0,0.0,26.0
backhaul,structured,naive,phi,radioml,12,300,0.9592992252582545,0.9139926747033976,0.0,0.0,1,0.0,0.0,26.0,44.16666666666665,0.9592992252582545,0.0,0.0,0.0,0.0,0.0,0.0,0.0,26.0
backhaul,structured,naive,phi,radioml,13,300,0.9571795364566208,0.9139917137008409,0.0,0.0,1,0.0,0.0,26.0,44.16666666666665,0.9571795364566208,0.0,0.0,0.0,0.0,0.0,0.0,0.0,26.0
backhaul,structured,naive,phi,radioml,14,300,0.961152834584596,0.9139919215578458,0.0,0.0,1,0.0,0.0,26.0,44.16666666666665,0.961152834584596,0.0,0.0,0.0,0.0,0.0,0.0,0.0,26.0
backhaul,structured,naive,phi,radioml,15,300,0.965127615144155,0.913993766568391,0.0,0.0,1,0.0,0.0,26.0,44.16666666666665,0.965127615144155,0.0,0.0,0.0,0.0,0.0,0.0,0.0,26.0
backhaul,structured,naive,phi,radioml,16,300,0.9600940543782777,0.9139924286445249,0.0,0.0,1,0.0,0.0,26.0,44.16666666666665,0.9600940543782777,0.0,0.0,0.0,0.0,0.0,0.0,0.0,26.0
backhaul,structured,naive,phi,radioml,17,300,0.9611535585122097,0.9139925073579616,0.0,0.0,1,0.0,0.0,26.0,44.16666666666665,0.9611535585122097,0.0,0.0,0.0,0.0,0.0,0.0,0.0,26.0
backhaul,structured,naive,phi,radioml,18,300,0.9630080370962993,0.9139930191305587,0.0,0.0,1,0.0,0.0,26.0,44.16666666666665,0.9630080370962993,0.0,0.0,0.0,0.0,0.0,0.0,0.0,26.0
backhaul,structured,naive,phi,radioml,19,300,0.9622135728163538,0.9139931999459171,0.0,0.0,1,0.0,0.0,26.0,44.16666666666665,0.9622135728163538,0.0,0.0,0.0,0.0,0.0,0.0,0.0,26.0
backhaul,structured,naive,phi,radioml,20,300,0.9606232621411049,0.9139916934065061,0.0,0.0,1,0.0,0.0,26.0,44.16666666666665,0.9606232621411049,0.0,0.0,0.0,0.0,0.0,0.0,0.0,26.0
backhaul,structured,naive,phi,radioml,21,300,0.9595645547641543,0.913992537672725,0.0,0.0,1,0.0,0.0,26.0,44.16666666666665,0.9595645547641543,0.0,0.0,0.0,0.0,0.0,0.0,0.0,26.0
backhaul,structured,naive,phi,radioml,22,300,0.9611539715630266,0.9139899751023093,0.0,0.0,1,0.0,0.0,26.0,44.16666666666665,0.9611539715630266,0.0,0.0,0.0,0.0,0.0,0.0,0.0,26.0
backhaul,structured,naive,phi,radioml,23,300,0.9608894340298806,0.9139949414046947,0.0,0.0,1,0.0,0.0,26.0,44.16666666666665,0.9608894340298806,0.0,0.0,0.0,0.0,0.0,0.0,0.0,26.0
backhaul,structured,naive,phi,radioml,24,300,0.9616833930130914,0.9139921789805597,0.0,0.0,1,0.0,0.0,26.0,44.16666666666665,0.9616833930130914,0.0,0.0,0.0,0.0,0.0,0.0,0.0,26.0
backhaul,structured,naive,phi,radioml,25,300,0.961154234481588,0.91399303213254,0.0,0.0,1,0.0,0.0,26.0,44.16666666666665,0.961154234481588,0.0,0.0,0.0,0.0,0.0,0.0,0.0,26.0
backhaul,structured,naive,phi,radioml,26,300,0.9645978310720943,0.9139924133533284,0.0,0.0,1,0.0,0.0,26.0,44.16666666666665,0.9645978310720943,0.0,0.0,0.0,0.0,0.0,0.0,0.0,26.0
backhaul,structured,naive,phi,radioml,27,300,0.9611540188927467,0.9139923635911287,0.0,0.0,1,0.0,0.0,26.0,44.16666666666665,0.9611540188927467,0.0,0.0,0.0,0.0,0.0,0.0,0.0,26.0
backhaul,structured,naive,phi,radioml,28,300,0.9624786135273519,0.9139933687270081,0.0,0.0,1,0.0,0.0,26.0,44.16666666666665,0.9624786135273519,0.0,0.0,0.0,0.0,0.0,0.0,0.0,26.0
backhaul,structured,naive,phi,radioml,29,300,0.9630081052780755,0.9139919465756132,0.0,0.0,1,0.0,0.0,26.0,44.16666666666665,0.9630081052780755,0.0,0.0,0.0,0.0,0.0,0.0,0.0,26.0
compromised_xapp,structured,naive,phi,radioml,0,300,0.9895723240844277,0.9806564571205305,0.0,0.13666666666666666,1,0.0,0.0,26.0,44.16666666666665,0.852905657417761,0.0,0.0,0.13666666666666666,0.0,0.0,0.0,0.0,26.0
compromised_xapp,structured,naive,phi,radioml,1,300,0.9897476536962656,0.9809075849246505,0.0,0.09666666666666666,1,0.0,0.0,26.0,44.16666666666665,0.8930809870295989,0.0,0.0,0.09666666666666666,0.0,0.0,0.0,0.0,26.0
compromised_xapp,structured,naive,phi,radioml,2,300,0.9901009215251784,0.9826362298084305,0.0,0.11666666666666667,1,0.0,0.0,26.0,44.16666666666665,0.8734342548585117,0.0,0.0,0.11666666666666667,0.0,0.0,0.0,0.0,26.0
compromised_xapp,structured,naive,phi,radioml,3,300,0.9902243289580323,0.9827236354215525,0.0,0.10666666666666667,1,0.0,0.0,26.0,44.16666666666665,0.8835576622913653,0.0,0.0,0.10666666666666667,0.0,0.0,0.0,0.0,26.0
compromised_xapp,structured,naive,phi,radioml,4,300,0.989515090364927,0.9797668530445975,0.0,0.11,1,0.0,0.0,26.0,44.16666666666665,0.8795150903649268,0.0,0.0,0.11,0.0,0.0,0.0,0.0,26.0
compromised_xapp,structured,naive,phi,radioml,5,300,0.9899534680449551,0.9812624042098022,0.0,0.18,1,0.0,0.0,26.0,44.16666666666665,0.8099534680449552,0.0,0.0,0.18,0.0,0.0,0.0,0.0,26.0
compromised_xapp,structured,naive,phi,radioml,6,300,0.9898427853195718,0.9810585791455856,0.0,0.14,1,0.0,0.0,26.0,44.16666666666665,0.8498427853195719,0.0,0.0,0.14,0.0,0.0,0.0,0.0,26.0
compromised_xapp,structured,naive,phi,radioml,7,300,0.989630746909664,0.9806269562106614,0.0,0.11,1,0.0,0.0,26.0,44.16666666666665,0.879630746909664,0.0,0.0,0.11,0.0,0.0,0.0,0.0,26.0
compromised_xapp,structured,naive,phi,radioml,8,300,0.9896129615295209,0.9793115066411638,0.0,0.11333333333333333,1,0.0,0.0,26.0,44.16666666666665,0.8762796281961877,0.0,0.0,0.11333333333333333,0.0,0.0,0.0,0.0,26.0
compromised_xapp,structured,naive,phi,radioml,9,300,0.990030346426455,0.9814194111777381,0.0,0.10666666666666667,1,0.0,0.0,26.0,44.16666666666665,0.8833636797597884,0.0,0.0,0.10666666666666667,0.0,0.0,0.0,0.0,26.0
compromised_xapp,structured,naive,phi,radioml,10,300,0.9898531329699214,0.978814062167608,0.0,0.12666666666666668,1,0.0,0.0,26.0,44.16666666666665,0.8631864663032548,0.0,0.0,0.12666666666666668,0.0,0.0,0.0,0.0,26.0
compromised_xapp,structured,naive,phi,radioml,11,300,0.9896091268262387,0.9811792067090757,0.0,0.16333333333333333,1,0.0,0.0,26.0,44.16666666666665,0.8262757934929054,0.0,0.0,0.16333333333333333,0.0,0.0,0.0,0.0,26.0
compromised_xapp,structured,naive,phi,radioml,12,300,0.9898104179912374,0.9805974044897964,0.0,0.13666666666666666,1,0.0,0.0,26.0,44.16666666666665,0.8531437513245707,0.0,0.0,0.13666666666666666,0.0,0.0,0.0,0.0,26.0
compromised_xapp,structured,naive,phi,radioml,13,300,0.9901020914969475,0.9820644168919108,0.0,0.12666666666666668,1,0.0,0.0,26.0,44.16666666666665,0.8634354248302808,0.0,0.0,0.12666666666666668,0.0,0.0,0.0,0.0,26.0
compromised_xapp,structured,naive,phi,radioml,14,300,0.9898990135177248,0.9806012793091203,0.0,0.10666666666666667,1,0.0,0.0,26.0,44.16666666666665,0.8832323468510581,0.0,0.0,0.10666666666666667,0.0,0.0,0.0,0.0,26.0
compromised_xapp,structured,naive,phi,radioml,15,300,0.9901553751566405,0.9833756865788948,0.0,0.13,1,0.0,0.0,26.0,44.16666666666665,0.8601553751566405,0.0,0.0,0.13,0.0,0.0,0.0,0.0,26.0
compromised_xapp,structured,naive,phi,radioml,16,300,0.9896470372989968,0.9815166091725508,0.0,0.11,1,0.0,0.0,26.0,44.16666666666665,0.8796470372989968,0.0,0.0,0.11,0.0,0.0,0.0,0.0,26.0
compromised_xapp,structured,naive,phi,radioml,17,300,0.989631760156085,0.9799351061050049,0.0,0.12333333333333334,1,0.0,0.0,26.0,44.16666666666665,0.8662984268227516,0.0,0.0,0.12333333333333334,0.0,0.0,0.0,0.0,26.0
compromised_xapp,structured,naive,phi,radioml,18,300,0.9899915639821082,0.9819970490016035,0.0,0.12,1,0.0,0.0,26.0,44.16666666666665,0.8699915639821082,0.0,0.0,0.12,0.0,0.0,0.0,0.0,26.0
compromised_xapp,structured,naive,phi,radioml,19,300,0.9897653783997578,0.9797814535429936,0.0,0.11666666666666667,1,0.0,0.0,26.0,44.16666666666665,0.8730987117330911,0.0,0.0,0.11666666666666667,0.0,0.0,0.0,0.0,26.0
compromised_xapp,structured,naive,phi,radioml,20,300,0.9902586152762918,0.9831975619174693,0.0,0.16333333333333333,1,0.0,0.0,26.0,44.16666666666665,0.8269252819429584,0.0,0.0,0.16333333333333333,0.0,0.0,0.0,0.0,26.0
compromised_xapp,structured,naive,phi,radioml,21,300,0.9900449658457029,0.9824378318364674,0.0,0.11,1,0.0,0.0,26.0,44.16666666666665,0.8800449658457031,0.0,0.0,0.11,0.0,0.0,0.0,0.0,26.0
compromised_xapp,structured,naive,phi,radioml,22,300,0.9896885228793508,0.9824826148019185,0.0,0.10666666666666667,1,0.0,0.0,26.0,44.16666666666665,0.8830218562126841,0.0,0.0,0.10666666666666667,0.0,0.0,0.0,0.0,26.0
compromised_xapp,structured,naive,phi,radioml,23,300,0.9898275051061921,0.9821788089736867,0.0,0.12666666666666668,1,0.0,0.0,26.0,44.16666666666665,0.8631608384395254,0.0,0.0,0.12666666666666668,0.0,0.0,0.0,0.0,26.0
compromised_xapp,structured,naive,phi,radioml,24,300,0.9895279411087032,0.979226966595206,0.0,0.1,1,0.0,0.0,26.0,44.16666666666665,0.8895279411087033,0.0,0.0,0.1,0.0,0.0,0.0,0.0,26.0
compromised_xapp,structured,naive,phi,radioml,25,300,0.9896431810527135,0.9784564764045403,0.0,0.13,1,0.0,0.0,26.0,44.16666666666665,0.8596431810527135,0.0,0.0,0.13,0.0,0.0,0.0,0.0,26.0
compromised_xapp,structured,naive,phi,radioml,26,300,0.9899480312960848,0.9814122063991,0.0,0.13333333333333333,1,0.0,0.0,26.0,44.16666666666665,0.8566146979627515,0.0,0.0,0.13333333333333333,0.0,0.0,0.0,0.0,26.0
compromised_xapp,structured,naive,phi,radioml,27,300,0.9903838092759137,0.9832089534627628,0.0,0.12666666666666668,1,0.0,0.0,26.0,44.16666666666665,0.8637171426092473,0.0,0.0,0.12666666666666668,0.0,0.0,0.0,0.0,26.0
compromised_xapp,structured,naive,phi,radioml,28,300,0.9897930737469102,0.9805050025507372,0.0,0.13,1,0.0,0.0,26.0,44.16666666666665,0.8597930737469104,0.0,0.0,0.13,0.0,0.0,0.0,0.0,26.0
compromised_xapp,structured,naive,phi,radioml,29,300,0.9903727300268451,0.982648997405477,0.0,0.13,1,0.0,0.0,26.0,44.16666666666665,0.8603727300268451,0.0,0.0,0.13,0.0,0.0,0.0,0.0,26.0
compound,structured,naive,phi,radioml,0,300,0.9418441537679083,0.8394372081571656,0.0,0.32666666666666666,2,0.0,0.0,26.0,44.16666666666665,0.6151774871012418,0.0,0.0,0.32666666666666666,0.0,0.0,0.0,0.0,26.0
compound,structured,naive,phi,radioml,1,300,0.9414283377533457,0.8091313619142042,0.0,0.2833333333333333,1,0.0,0.0,26.0,44.16666666666665,0.6580950044200123,0.0,0.0,0.2833333333333333,0.0,0.0,0.0,0.0,26.0
compound,structured,naive,phi,radioml,2,300,0.9386843747157949,0.8327507942884881,0.0,0.31,1,0.0,0.0,26.0,44.16666666666665,0.6286843747157947,0.0,0.0,0.31,0.0,0.0,0.0,0.0,26.0
compound,structured,naive,phi,radioml,3,300,0.9380565220643696,0.7809803559350016,0.0,0.2833333333333333,3,0.0,0.0,26.0,44.16666666666665,0.6547231887310363,0.0,0.0,0.2833333333333333,0.0,0.0,0.0,0.0,26.0
compound,structured,naive,phi,radioml,4,300,0.939769186198781,0.7881855477315988,0.0,0.3233333333333333,1,0.0,0.0,26.0,44.16666666666665,0.6164358528654478,0.0,0.0,0.3233333333333333,0.0,0.0,0.0,0.0,26.0
compound,structured,naive,phi,radioml,5,300,0.9446846918044192,0.8665134379951605,0.0,0.33,6,0.0,0.0,26.0,44.16666666666665,0.6146846918044193,0.0,0.0,0.33,0.0,0.0,0.0,0.0,26.0
compound,structured,naive,phi,radioml,6,300,0.9480207550838927,0.8816711902790774,0.0,0.32666666666666666,1,0.0,0.0,26.0,44.16666666666665,0.6213540884172258,0.0,0.0,0.32666666666666666,0.0,0.0,0.0,0.0,26.0
compound,structured,naive,phi,radioml,7,300,0.9379014361143413,0.8503051142732839,0.0,0.30333333333333334,4,0.0,0.0,26.0,44.16666666666665,0.6345681027810082,0.0,0.0,0.30333333333333334,0.0,0.0,0.0,0.0,26.0
compound,structured,naive,phi,radioml,8,300,0.9422493095051078,0.8480989653697215,0.0,0.31333333333333335,1,0.0,0.0,26.0,44.16666666666665,0.6289159761717745,0.0,0.0,0.31333333333333335,0.0,0.0,0.0,0.0,26.0
compound,structured,naive,phi,radioml,9,300,0.9461059938625745,0.8650506574379982,0.0,0.2633333333333333,1,0.0,0.0,26.0,44.16666666666665,0.6827726605292412,0.0,0.0,0.2633333333333333,0.0,0.0,0.0,0.0,26.0
compound,structured,naive,phi,radioml,10,300,0.9408043979464035,0.8342098454532194,0.0,0.2966666666666667,3,0.0,0.0,26.0,44.16666666666665,0.6441377312797368,0.0,0.0,0.2966666666666667,0.0,0.0,0.0,0.0,26.0
compound,structured,naive,phi,radioml,11,300,0.942408162749115,0.8628231933081283,0.0,0.2966666666666667,2,0.0,0.0,26.0,44.16666666666665,0.6457414960824484,0.0,0.0,0.2966666666666667,0.0,0.0,0.0,0.0,26.0
compound,structured,naive,phi,radioml,12,300,0.9462449131133117,0.8676248669634539,0.0,0.2966666666666667,2,0.0,0.0,26.0,44.16666666666665,0.6495782464466451,0.0,0.0,0.2966666666666667,0.0,0.0,0.0,0.0,26.0
compound,structured,naive,phi,radioml,13,300,0.9474789444789089,0.8698388635675675,0.0,0.26666666666666666,3,0.0,0.0,26.0,44.16666666666665,0.6808122778122422,0.0,0.0,0.26666666666666666,0.0,0.0,0.0,0.0,26.0
compound,structured,naive,phi,radioml,14,300,0.9417215837441465,0.8526854429119541,0.0,0.30666666666666664,1,0.0,0.0,26.0,44.16666666666665,0.6350549170774797,0.0,0.0,0.30666666666666664,0.0,0.0,0.0,0.0,26.0
compound,structured,naive,phi,radioml,15,300,0.9465499696902826,0.8805841901107077,0.0,0.30666666666666664,2,0.0,0.0,26.0,44.16666666666665,0.639883303023616,0.0,0.0,0.30666666666666664,0.0,0.0,0.0,0.0,26.0
compound,structured,naive,phi,radioml,16,300,0.9505375043096219,0.8801354457337844,0.0,0.32666666666666666,1,0.0,0.0,26.0,44.16666666666665,0.6238708376429551,0.0,0.0,0.32666666666666666,0.0,0.0,0.0,0.0,26.0
compound,structured,naive,phi,radioml,17,300,0.943706650456906,0.8526605008048528,0.0,0.32666666666666666,1,0.0,0.0,26.0,44.16666666666665,0.6170399837902394,0.0,0.0,0.32666666666666666,0.0,0.0,0.0,0.0,26.0
compound,structured,naive,phi,radioml,18,300,0.9525876647353907,0.8909820017247169,0.0,0.32666666666666666,1,0.0,0.0,26.0,44.16666666666665,0.6259209980687239,0.0,0.0,0.32666666666666666,0.0,0.0,0.0,0.0,26.0
compound,structured,naive,phi,radioml,19,300,0.9357613637541516,0.8227411948252517,0.0,0.35,1,0.0,0.0,26.0,44.16666666666665,0.5857613637541516,0.0,0.0,0.35,0.0,0.0,0.0,0.0,26.0
compound,structured,naive,phi,radioml,20,300,0.9348410481581777,0.6459097809913134,0.0,0.25333333333333335,2,0.0,0.0,26.0,44.16666666666665,0.6815077148248444,0.0,0.0,0.25333333333333335,0.0,0.0,0.0,0.0,26.0
compound,structured,naive,phi,radioml,21,300,0.9404564797215833,0.8221779548743765,0.0,0.31,2,0.0,0.0,26.0,44.16666666666665,0.6304564797215833,0.0,0.0,0.31,0.0,0.0,0.0,0.0,26.0
compound,structured,naive,phi,radioml,22,300,0.9379306229065728,0.7096422139705321,0.0,0.30666666666666664,2,0.0,0.0,26.0,44.16666666666665,0.6312639562399063,0.0,0.0,0.30666666666666664,0.0,0.0,0.0,0.0,26.0
compound,structured,naive,phi,radioml,23,300,0.9424885838057565,0.8081386417883356,0.0,0.29,2,0.0,0.0,26.0,44.16666666666665,0.6524885838057564,0.0,0.0,0.29,0.0,0.0,0.0,0.0,26.0
compound,structured,naive,phi,radioml,24,300,0.9373518749055825,0.8434422058593611,0.0,0.33666666666666667,5,0.0,0.0,26.0,44.16666666666665,0.6006852082389156,0.0,0.0,0.33666666666666667,0.0,0.0,0.0,0.0,26.0
compound,structured,naive,phi,radioml,25,300,0.9514367742840968,0.8684400886189044,0.0,0.29,1,0.0,0.0,26.0,44.16666666666665,0.6614367742840969,0.0,0.0,0.29,0.0,0.0,0.0,0.0,26.0
compound,structured,naive,phi,radioml,26,300,0.9431600479692044,0.8221993160534127,0.0,0.32666666666666666,2,0.0,0.0,26.0,44.16666666666665,0.6164933813025377,0.0,0.0,0.32666666666666666,0.0,0.0,0.0,0.0,26.0
compound,structured,naive,phi,radioml,27,300,0.9364842326483427,0.8320871926442343,0.0,0.33666666666666667,3,0.0,0.0,26.0,44.16666666666665,0.5998175659816759,0.0,0.0,0.33666666666666667,0.0,0.0,0.0,0.0,26.0
compound,structured,naive,phi,radioml,28,300,0.9415287539727134,0.862562976619808,0.0,0.33,1,0.0,0.0,26.0,44.16666666666665,0.6115287539727132,0.0,0.0,0.33,0.0,0.0,0.0,0.0,26.0
compound,structured,naive,phi,radioml,29,300,0.9344442500539534,0.7600133198979488,0.0,0.27666666666666667,1,0.0,0.0,26.0,44.16666666666665,0.6577775833872866,0.0,0.0,0.27666666666666667,0.0,0.0,0.0,0.0,26.0
narrowband,shield_repair,adaptive,phi,radioml,0,300,0.9862635422851443,0.9739803395284996,0.0,0.19333333333333333,1,0.0,0.0,27.68,48.106359448180605,0.7929302089518111,0.0,0.19333333333333333,0.0,0.0,1.0,0.0,0.0,29.0
narrowband,shield_repair,adaptive,phi,radioml,1,300,0.9864126080523629,0.9739940050657709,0.0,0.21333333333333335,1,0.0,0.0,27.45,47.469094837630784,0.7730792747190294,0.0,0.21333333333333335,0.0,0.0,1.0,0.0,0.0,29.0
narrowband,shield_repair,adaptive,phi,radioml,2,300,0.9854590353175077,0.9739192332852717,0.0,0.11333333333333333,1,0.0,0.0,27.66,44.63871526061929,0.8721257019841744,0.0,0.11333333333333333,0.0,0.0,1.0,0.0,0.0,29.0
narrowband,shield_repair,adaptive,phi,radioml,3,300,0.9860367433676148,0.9739832027357043,0.0,0.13666666666666666,1,0.0,0.0,27.7,51.896050541924126,0.8493700767009481,0.0,0.13666666666666666,0.0,0.0,1.0,0.0,0.0,29.0
narrowband,shield_repair,adaptive,phi,radioml,4,300,0.9852869274526668,0.9739613321905418,0.0,0.14666666666666667,1,0.0,0.0,27.65,48.60111987153887,0.8386202607859998,0.0,0.14666666666666667,0.0,0.0,1.0,0.0,0.0,29.0
narrowband,shield_repair,adaptive,phi,radioml,5,300,0.9848128284378231,0.9739092200025913,0.0,0.14333333333333334,1,0.0,0.0,27.62,44.16149247649599,0.8414794951044897,0.0,0.14333333333333334,0.0,0.0,1.0,0.0,0.0,29.0
narrowband,shield_repair,adaptive,phi,radioml,6,300,0.9860528844929248,0.9737722735271743,0.0,0.14,1,0.0,0.0,27.61,47.042300188706264,0.8460528844929248,0.0,0.14,0.0,0.0,1.0,0.0,0.0,29.0
narrowband,shield_repair,adaptive,phi,radioml,7,300,0.9844725750129739,0.9738989667462696,0.0,0.11666666666666667,1,0.0,0.0,27.72,49.30202307381935,0.8678059083463072,0.0,0.11666666666666667,0.0,0.0,1.0,0.0,0.0,29.0
narrowband,shield_repair,adaptive,phi,radioml,8,300,0.9849066842095099,0.9738937403467627,0.0,0.06666666666666667,1,0.0,0.0,27.59,47.334127251673586,0.9182400175428432,0.0,0.06666666666666667,0.0,0.0,1.0,0.0,0.0,29.0
narrowband,shield_repair,adaptive,phi,radioml,9,300,0.9845363778267888,0.9739412703126968,0.0,0.09333333333333334,1,0.0,0.0,27.73,42.20609151904718,0.8912030444934556,0.0,0.09333333333333334,0.0,0.0,1.0,0.0,0.0,29.0
narrowband,shield_repair,adaptive,phi,radioml,10,300,0.9839990394850107,0.9739281612644461,0.0,0.08,1,0.0,0.0,27.57,45.03040314916432,0.9039990394850107,0.0,0.08,0.0,0.0,1.0,0.0,0.0,29.0
narrowband,shield_repair,adaptive,phi,radioml,11,300,0.9852793026389601,0.9739508394128183,0.0,0.1,1,0.0,0.0,27.7,48.86306542665123,0.8852793026389604,0.0,0.1,0.0,0.0,1.0,0.0,0.0,29.0
narrowband,shield_repair,adaptive,phi,radioml,12,300,0.980084342390123,0.9739175838749587,0.0,0.07333333333333333,1,0.0,0.0,27.51,51.70029896239662,0.9067510090567896,0.0,0.07333333333333333,0.0,0.0,1.0,0.0,0.0,29.0
narrowband,shield_repair,adaptive,phi,radioml,13,300,0.9818353721495654,0.9739482272343426,0.0,0.25333333333333335,1,0.0,0.0,27.56,42.47021993972603,0.7285020388162319,0.0,0.25333333333333335,0.0,0.0,1.0,0.0,0.0,29.0
narrowband,shield_repair,adaptive,phi,radioml,14,300,0.9865701083046067,0.973952075357272,0.0,0.08333333333333333,1,0.0,0.0,27.39,40.74990683736809,0.9032367749712735,0.0,0.08333333333333333,0.0,0.0,1.0,0.0,0.0,29.0
narrowband,shield_repair,adaptive,phi,radioml,15,300,0.9861645856915279,0.9739684864223845,0.0,0.08666666666666667,1,0.0,0.0,27.74,49.76065637906258,0.8994979190248612,0.0,0.08666666666666667,0.0,0.0,1.0,0.0,0.0,29.0
narrowband,shield_repair,adaptive,phi,radioml,16,300,0.9830197985052163,0.97396199000673,0.0,0.10666666666666667,1,0.0,0.0,27.91,48.471193246298036,0.8763531318385496,0.0,0.10666666666666667,0.0,0.0,1.0,0.0,0.0,29.0
narrowband,shield_repair,adaptive,phi,radioml,17,300,0.9839921258833919,0.9739525987166855,0.0,0.1,1,0.0,0.0,27.85,46.53185072877515,0.8839921258833919,0.0,0.1,0.0,0.0,1.0,0.0,0.0,29.0
narrowband,shield_repair,adaptive,phi,radioml,18,300,0.9850670466038355,0.9739525092431986,0.0,0.08,1,0.0,0.0,27.99,47.41463265014139,0.9050670466038355,0.0,0.08,0.0,0.0,1.0,0.0,0.0,29.0
narrowband,shield_repair,adaptive,phi,radioml,19,300,0.9850056640502404,0.9739596166981375,0.0,0.08666666666666667,1,0.0,0.0,27.75,45.04373233384855,0.8983389973835737,0.0,0.08666666666666667,0.0,0.0,1.0,0.0,0.0,29.0
narrowband,shield_repair,adaptive,phi,radioml,20,300,0.984895457690752,0.973987707759103,0.0,0.18333333333333332,1,0.0,0.0,27.95,48.674756281735206,0.8015621243574187,0.0,0.18333333333333332,0.0,0.0,1.0,0.0,0.0,29.0
narrowband,shield_repair,adaptive,phi,radioml,21,300,0.9851011626132318,0.9739556700774754,0.0,0.13333333333333333,1,0.0,0.0,27.62,45.55879693103193,0.8517678292798985,0.0,0.13333333333333333,0.0,0.0,1.0,0.0,0.0,29.0
narrowband,shield_repair,adaptive,phi,radioml,22,300,0.9847005486784997,0.97396258417773,0.0,0.12,1,0.0,0.0,27.65,48.927120145452356,0.8647005486784997,0.0,0.12,0.0,0.0,1.0,0.0,0.0,29.0
narrowband,shield_repair,adaptive,phi,radioml,23,300,0.9808819792840586,0.9739528287384466,0.0,0.15666666666666668,1,0.0,0.0,27.59,45.11074066323965,0.824215312617392,0.0,0.15666666666666668,0.0,0.0,1.0,0.0,0.0,29.0
narrowband,shield_repair,adaptive,phi,radioml,24,300,0.9860904826365462,0.9739884130476865,0.0,0.09666666666666666,1,0.0,0.0,27.48,42.84406460201468,0.8894238159698795,0.0,0.09666666666666666,0.0,0.0,1.0,0.0,0.0,29.0
narrowband,shield_repair,adaptive,phi,radioml,25,300,0.9842224984977238,0.9738194579273014,0.0,0.16333333333333333,1,0.0,0.0,27.72,45.50030452699463,0.8208891651643904,0.0,0.16333333333333333,0.0,0.0,1.0,0.0,0.0,29.0
narrowband,shield_repair,adaptive,phi,radioml,26,300,0.9836722621443416,0.9738049728054271,0.0,0.11666666666666667,1,0.0,0.0,27.74,49.01616233499607,0.867005595477675,0.0,0.11666666666666667,0.0,0.0,1.0,0.0,0.0,29.0
narrowband,shield_repair,adaptive,phi,radioml,27,300,0.9856818335442805,0.9739572282301242,0.0,0.13666666666666666,1,0.0,0.0,27.6,42.40782520207949,0.8490151668776137,0.0,0.13666666666666666,0.0,0.0,1.0,0.0,0.0,29.0
narrowband,shield_repair,adaptive,phi,radioml,28,300,0.9851112053064788,0.9739520131755456,0.0,0.13,1,0.0,0.0,27.59,47.76546807771447,0.8551112053064788,0.0,0.13,0.0,0.0,1.0,0.0,0.0,29.0
narrowband,shield_repair,adaptive,phi,radioml,29,300,0.9811643243889785,0.973940563867594,0.0,0.15333333333333332,1,0.0,0.0,27.73,46.997835427550406,0.827830991055645,0.0,0.15333333333333332,0.0,0.0,1.0,0.0,0.0,29.0
wideband,shield_repair,adaptive,phi,radioml,0,300,0.880350225730492,0.2251226037178825,0.0,0.21333333333333335,1,0.0,0.0,28.34,48.107747932052746,0.6670168923971588,0.0,0.21333333333333335,0.0,0.0,1.0,0.0,0.0,29.0
wideband,shield_repair,adaptive,phi,radioml,1,300,0.8529769611569353,0.012592642881575366,0.0,0.14333333333333334,1,0.0,0.0,28.02,45.66696427751404,0.709643627823602,0.0,0.14333333333333334,0.0,0.0,1.0,0.0,0.0,29.0
wideband,shield_repair,adaptive,phi,radioml,2,300,0.8592316703305998,0.13346324076195198,0.0,0.16666666666666666,1,0.0,0.0,28.11,48.24437887105596,0.6925650036639331,0.0,0.16666666666666666,0.0,0.0,1.0,0.0,0.0,29.0
wideband,shield_repair,adaptive,phi,radioml,3,300,0.8801763815902713,0.3229272951708738,0.0,0.18666666666666668,1,0.0,0.0,28.2,49.217573464924016,0.6935097149236047,0.0,0.18666666666666668,0.0,0.0,1.0,0.0,0.0,29.0
wideband,shield_repair,adaptive,phi,radioml,4,300,0.9029430464496955,0.5124239328786908,0.0,0.21666666666666667,2,0.0,0.0,28.05,46.86061569110046,0.6862763797830288,0.0,0.21666666666666667,0.0,0.0,1.0,0.0,0.0,29.0
wideband,shield_repair,adaptive,phi,radioml,5,300,0.8903984992558188,0.3117012439408107,0.0,0.17,1,0.0,0.0,28.28,50.60213909472585,0.720398499255819,0.0,0.17,0.0,0.0,1.0,0.0,0.0,29.0
wideband,shield_repair,adaptive,phi,radioml,6,300,0.8688398502502864,0.16472165762880242,0.0,0.11,1,0.0,0.0,28.17,46.85460442391509,0.7588398502502864,0.0,0.11,0.0,0.0,1.0,0.0,0.0,29.0
wideband,shield_repair,adaptive,phi,radioml,7,300,0.8844058780262494,0.27032886979103127,0.0,0.16666666666666666,2,0.0,0.0,28.15,50.89952031849342,0.7177392113595827,0.0,0.16666666666666666,0.0,0.0,1.0,0.0,0.0,29.0
wideband,shield_repair,adaptive,phi,radioml,8,300,0.9052397593285552,0.46500042299722455,0.0,0.13,1,0.0,0.0,28.28,44.29124238229781,0.7752397593285552,0.0,0.13,0.0,0.0,1.0,0.0,0.0,29.0
wideband,shield_repair,adaptive,phi,radioml,9,300,0.8554309474176974,0.16182752300395928,0.0,0.20666666666666667,1,0.0,0.0,28.14,45.83597305544371,0.6487642807510308,0.0,0.20666666666666667,0.0,0.0,1.0,0.0,0.0,29.0
wideband,shield_repair,adaptive,phi,radioml,10,300,0.8813176557425699,0.34517682272797195,0.0,0.11,1,0.0,0.0,28.23,46.99538828794498,0.7713176557425699,0.0,0.11,0.0,0.0,1.0,0.0,0.0,29.0
wideband,shield_repair,adaptive,phi,radioml,11,300,0.8860559023007829,0.272441389955458,0.0,0.28,1,0.0,0.0,28.18,46.71992975748191,0.6060559023007828,0.0,0.28,0.0,0.0,1.0,0.0,0.0,29.0
wideband,shield_repair,adaptive,phi,radioml,12,300,0.8461938704595776,0.00177423989147226,0.0,0.13,1,0.0,0.0,27.99,50.043141549569846,0.7161938704595776,0.0,0.13,0.0,0.0,1.0,0.0,0.0,29.0
wideband,shield_repair,adaptive,phi,radioml,13,300,0.8757355072648484,0.2517288497427506,0.0,0.18333333333333332,1,0.0,0.0,28.19,45.81603712523587,0.6924021739315152,0.0,0.18333333333333332,0.0,0.0,1.0,0.0,0.0,29.0
wideband,shield_repair,adaptive,phi,radioml,14,300,0.8609304812324514,0.17594124815270226,0.0,0.19666666666666666,3,0.0,0.0,28.09,41.94265567604465,0.6642638145657848,0.0,0.19666666666666666,0.0,0.0,1.0,0.0,0.0,29.0
wideband,shield_repair,adaptive,phi,radioml,15,300,0.8664416856609924,0.17347186986226049,0.0,0.13333333333333333,1,0.0,0.0,28.36,47.279091995648024,0.7331083523276591,0.0,0.13333333333333333,0.0,0.0,1.0,0.0,0.0,29.0
wideband,shield_repair,adaptive,phi,radioml,16,300,0.8839287959933165,0.266875750341545,0.0,0.10333333333333333,1,0.0,0.0,28.18,46.95358096493473,0.7805954626599831,0.0,0.10333333333333333,0.0,0.0,1.0,0.0,0.0,29.0
wideband,shield_repair,adaptive,phi,radioml,17,300,0.8721693625779483,0.22166153822796442,0.0,0.10333333333333333,1,0.0,0.0,28.22,46.36602484412614,0.7688360292446149,0.0,0.10333333333333333,0.0,0.0,1.0,0.0,0.0,29.0
wideband,shield_repair,adaptive,phi,radioml,18,300,0.8617116907453057,0.052533086863390255,0.0,0.21,1,0.0,0.0,28.3,48.75542500720356,0.6517116907453057,0.0,0.21,0.0,0.0,1.0,0.0,0.0,29.0
wideband,shield_repair,adaptive,phi,radioml,19,300,0.8687573530127864,0.18393367659615698,0.0,0.18,2,0.0,0.0,28.22,50.51155498116717,0.6887573530127865,0.0,0.18,0.0,0.0,1.0,0.0,0.0,29.0
wideband,shield_repair,adaptive,phi,radioml,20,300,0.8655446007932067,0.22203711399368298,0.0,0.19333333333333333,1,0.0,0.0,28.35,51.159696561226404,0.6722112674598735,0.0,0.19333333333333333,0.0,0.0,1.0,0.0,0.0,29.0
wideband,shield_repair,adaptive,phi,radioml,21,300,0.882250357136042,0.24583636184491145,0.0,0.22,2,0.0,0.0,28.06,47.01218009379486,0.6622503571360419,0.0,0.22,0.0,0.0,1.0,0.0,0.0,29.0
wideband,shield_repair,adaptive,phi,radioml,22,300,0.8800736759041964,0.27638001443139154,0.0,0.18666666666666668,2,0.0,0.0,28.22,45.16122029696668,0.69340700923753,0.0,0.18666666666666668,0.0,0.0,1.0,0.0,0.0,29.0
wideband,shield_repair,adaptive,phi,radioml,23,300,0.8776968577392544,0.1656373076259833,0.0,0.14,2,0.0,0.0,28.14,39.98679705941662,0.7376968577392544,0.0,0.14,0.0,0.0,1.0,0.0,0.0,29.0
wideband,shield_repair,adaptive,phi,radioml,24,300,0.8865585481815788,0.26379347315279944,0.0,0.15,2,0.0,0.0,28.11,49.318273520701155,0.7365585481815787,0.0,0.15,0.0,0.0,1.0,0.0,0.0,29.0
wideband,shield_repair,adaptive,phi,radioml,25,300,0.8755706722888397,0.1649431335477388,0.0,0.14333333333333334,1,0.0,0.0,28.12,43.6644206168603,0.7322373389555064,0.0,0.14333333333333334,0.0,0.0,1.0,0.0,0.0,29.0
wideband,shield_repair,adaptive,phi,radioml,26,300,0.8887603005722987,0.2291120353986568,0.0,0.06666666666666667,1,0.0,0.0,28.12,45.18674531326616,0.8220936339056321,0.0,0.06666666666666667,0.0,0.0,1.0,0.0,0.0,29.0
wideband,shield_repair,adaptive,phi,radioml,27,300,0.8884347224861343,0.2865060364605758,0.0,0.16,1,0.0,0.0,28.18,47.02124021468943,0.7284347224861343,0.0,0.16,0.0,0.0,1.0,0.0,0.0,29.0
wideband,shield_repair,adaptive,phi,radioml,28,300,0.8574787726116571,0.028585519492396384,0.0,0.15,1,0.0,0.0,28.0,46.88391686441526,0.707478772611657,0.0,0.15,0.0,0.0,1.0,0.0,0.0,29.0
wideband,shield_repair,adaptive,phi,radioml,29,300,0.8821582090309367,0.19890546551196986,0.0,0.16,1,0.0,0.0,28.11,45.77129435174732,0.7221582090309366,0.0,0.16,0.0,0.0,1.0,0.0,0.0,29.0
bursty,shield_repair,adaptive,phi,radioml,0,300,0.9838818716313502,0.9736780941293531,0.0,0.11666666666666667,1,0.0,0.0,27.0,44.89680436800822,0.8672152049646835,0.0,0.11666666666666667,0.0,0.0,1.0,0.0,0.0,29.0
bursty,shield_repair,adaptive,phi,radioml,1,300,0.984224303731902,0.9735763381612872,0.0,0.17333333333333334,1,0.0,0.0,26.93,45.51156339466412,0.8108909703985686,0.0,0.17333333333333334,0.0,0.0,1.0,0.0,0.0,29.0
bursty,shield_repair,adaptive,phi,radioml,2,300,0.9810723560227124,0.9735081374353819,0.0,0.11333333333333333,1,0.0,0.0,26.79,45.18254869304404,0.8677390226893791,0.0,0.11333333333333333,0.0,0.0,1.0,0.0,0.0,29.0
bursty,shield_repair,adaptive,phi,radioml,3,300,0.9806427853744177,0.9734911688835138,0.0,0.20333333333333334,1,0.0,0.0,26.89,46.27895205130351,0.7773094520410844,0.0,0.20333333333333334,0.0,0.0,1.0,0.0,0.0,29.0
bursty,shield_repair,adaptive,phi,radioml,4,300,0.9836556123788239,0.9736404707003279,0.0,0.1,1,0.0,0.0,27.1,46.717503263611306,0.8836556123788238,0.0,0.1,0.0,0.0,1.0,0.0,0.0,29.0
bursty,shield_repair,adaptive,phi,radioml,5,300,0.9770505238782766,0.9733319437187388,0.0,0.10333333333333333,1,0.0,0.0,26.69,47.645699167107225,0.8737171905449433,0.0,0.10333333333333333,0.0,0.0,1.0,0.0,0.0,29.0
bursty,shield_repair,adaptive,phi,radioml,6,300,0.9839496309285539,0.9731762082724074,0.0,0.1,1,0.0,0.0,26.78,46.15017106263418,0.8839496309285539,0.0,0.1,0.0,0.0,1.0,0.0,0.0,29.0
bursty,shield_repair,adaptive,phi,radioml,7,300,0.9842541998797721,0.9734909860029932,0.0,0.14666666666666667,1,0.0,0.0,26.94,48.918982200805715,0.8375875332131054,0.0,0.14666666666666667,0.0,0.0,1.0,0.0,0.0,29.0
bursty,shield_repair,adaptive,phi,radioml,8,300,0.9811421986954536,0.9736319958776162,0.0,0.07,2,0.0,0.0,27.16,48.374374149067144,0.9111421986954537,0.0,0.07,0.0,0.0,1.0,0.0,0.0,29.0
bursty,shield_repair,adaptive,phi,radioml,9,300,0.9771207056879473,0.9725144720299216,0.0,0.08,1,0.0,0.0,27.15,46.96078364686214,0.8971207056879473,0.0,0.08,0.0,0.0,1.0,0.0,0.0,29.0
bursty,shield_repair,adaptive,phi,radioml,10,300,0.9812354755105385,0.9721240851661725,0.0,0.12666666666666668,1,0.0,0.0,26.95,47.68375440779755,0.8545688088438719,0.0,0.12666666666666668,0.0,0.0,1.0,0.0,0.0,29.0
bursty,shield_repair,adaptive,phi,radioml,11,300,0.9843226515040173,0.9732016338672712,0.0,0.22,1,0.0,0.0,26.93,43.340106553739815,0.7643226515040172,0.0,0.22,0.0,0.0,1.0,0.0,0.0,29.0
bursty,shield_repair,adaptive,phi,radioml,12,300,0.978607009600651,0.9726419392936995,0.0,0.14,2,0.0,0.0,27.04,52.3655959274569,0.8386070096006509,0.0,0.14,0.0,0.0,1.0,0.0,0.0,29.0
bursty,shield_repair,adaptive,phi,radioml,13,300,0.9782339494465987,0.972802848021971,0.0,0.2,1,0.0,0.0,26.78,43.87413133088976,0.778233949446599,0.0,0.2,0.0,0.0,1.0,0.0,0.0,29.0
bursty,shield_repair,adaptive,phi,radioml,14,300,0.9783833766040179,0.9729867569584384,0.0,0.09,1,0.0,0.0,27.13,44.88641716815416,0.8883833766040179,0.0,0.09,0.0,0.0,1.0,0.0,0.0,29.0
bursty,shield_repair,adaptive,phi,radioml,15,300,0.9838352542633686,0.9733981548975181,0.0,0.08666666666666667,1,0.0,0.0,26.97,44.0193728669509,0.8971685875967019,0.0,0.08666666666666667,0.0,0.0,1.0,0.0,0.0,29.0
bursty,shield_repair,adaptive,phi,radioml,16,300,0.9828637239720515,0.9735239238678052,0.0,0.11,1,0.0,0.0,27.05,46.428414497811005,0.8728637239720515,0.0,0.11,0.0,0.0,1.0,0.0,0.0,29.0
bursty,shield_repair,adaptive,phi,radioml,17,300,0.9831190097443964,0.9735667886964686,0.0,0.08666666666666667,1,0.0,0.0,27.04,48.70772605442895,0.8964523430777297,0.0,0.08666666666666667,0.0,0.0,1.0,0.0,0.0,29.0
bursty,shield_repair,adaptive,phi,radioml,18,300,0.9796532098606664,0.9731586324187999,0.0,0.16,1,0.0,0.0,27.11,44.1664896048086,0.8196532098606661,0.0,0.16,0.0,0.0,1.0,0.0,0.0,29.0
bursty,shield_repair,adaptive,phi,radioml,19,300,0.9838064525215263,0.9735520086943046,0.0,0.10666666666666667,1,0.0,0.0,27.13,48.3137121939174,0.8771397858548594,0.0,0.10666666666666667,0.0,0.0,1.0,0.0,0.0,29.0
bursty,shield_repair,adaptive,phi,radioml,20,300,0.9764674753187735,0.9735885238083531,0.0,0.14333333333333334,1,0.0,0.0,27.23,46.737287958810846,0.8331341419854402,0.0,0.14333333333333334,0.0,0.0,1.0,0.0,0.0,29.0
bursty,shield_repair,adaptive,phi,radioml,21,300,0.9796148121906636,0.9713957465108365,0.0,0.10666666666666667,1,0.0,0.0,26.71,45.78695408457283,0.8729481455239971,0.0,0.10666666666666667,0.0,0.0,1.0,0.0,0.0,29.0
bursty,shield_repair,adaptive,phi,radioml,22,300,0.9800468722163392,0.9736423968296023,0.0,0.23666666666666666,1,0.0,0.0,27.1,48.006865595479326,0.7433802055496725,0.0,0.23666666666666666,0.0,0.0,1.0,0.0,0.0,29.0
bursty,shield_repair,adaptive,phi,radioml,23,300,0.984081199370006,0.9737090044488047,0.0,0.08333333333333333,1,0.0,0.0,26.98,43.15911616371021,0.9007478660366727,0.0,0.08333333333333333,0.0,0.0,1.0,0.0,0.0,29.0
bursty,shield_repair,adaptive,phi,radioml,24,300,0.9790208318147472,0.9736587678473781,0.0,0.13666666666666666,1,0.0,0.0,26.77,42.4749583111869,0.8423541651480805,0.0,0.13666666666666666,0.0,0.0,1.0,0.0,0.0,29.0
bursty,shield_repair,adaptive,phi,radioml,25,300,0.9804713516323276,0.9721960558494007,0.0,0.14,1,0.0,0.0,27.05,46.01320609082612,0.8404713516323274,0.0,0.14,0.0,0.0,1.0,0.0,0.0,29.0
bursty,shield_repair,adaptive,phi,radioml,26,300,0.9748518070930424,0.9731516349849499,0.0,0.056666666666666664,1,0.0,0.0,26.85,49.116356838238815,0.9181851404263758,0.0,0.056666666666666664,0.0,0.0,1.0,0.0,0.0,29.0
bursty,shield_repair,adaptive,phi,radioml,27,300,0.9739439664147237,0.9731115009953338,0.0,0.11666666666666667,2,0.0,0.0,27.07,51.01945105532942,0.857277299748057,0.0,0.11666666666666667,0.0,0.0,1.0,0.0,0.0,29.0
bursty,shield_repair,adaptive,phi,radioml,28,300,0.9812707862973585,0.9733521202608293,0.0,0.09333333333333334,1,0.0,0.0,26.77,50.94256963895586,0.8879374529640253,0.0,0.09333333333333334,0.0,0.0,1.0,0.0,0.0,29.0
bursty,shield_repair,adaptive,phi,radioml,29,300,0.9771638809921075,0.9734439672778555,0.0,0.10333333333333333,1,0.0,0.0,27.13,50.084947441166754,0.8738305476587741,0.0,0.10333333333333333,0.0,0.0,1.0,0.0,0.0,29.0
backhaul,shield_repair,adaptive,phi,radioml,0,300,0.9517677144705367,0.8960768486587365,0.0,0.20666666666666667,1,0.0,0.0,27.1,46.382232736224566,0.7451010478038701,0.0,0.20666666666666667,0.0,0.0,1.0,0.0,0.0,29.0
backhaul,shield_repair,adaptive,phi,radioml,1,300,0.9541031859162087,0.8960778633887291,0.0,0.08333333333333333,3,0.0,0.0,27.49,49.12479412349546,0.8707698525828753,0.0,0.08333333333333333,0.0,0.0,1.0,0.0,0.0,29.0
backhaul,shield_repair,adaptive,phi,radioml,2,300,0.950574393736095,0.8960787344575369,0.0,0.12666666666666668,1,0.0,0.0,27.45,51.540656347072385,0.8239077270694283,0.0,0.12666666666666668,0.0,0.0,1.0,0.0,0.0,29.0
backhaul,shield_repair,adaptive,phi,radioml,3,300,0.9558926897591383,0.8960791356995588,0.0,0.25666666666666665,3,0.0,0.0,27.19,41.60485379447235,0.6992260230924716,0.0,0.25666666666666665,0.0,0.0,1.0,0.0,0.0,29.0
backhaul,shield_repair,adaptive,phi,radioml,4,300,0.9544289413085225,0.896078694306652,0.0,0.13,1,0.0,0.0,27.26,45.12057036638306,0.8244289413085224,0.0,0.13,0.0,0.0,1.0,0.0,0.0,29.0
backhaul,shield_repair,adaptive,phi,radioml,5,300,0.9513538789366265,0.8960765529622724,0.0,0.13666666666666666,1,0.0,0.0,27.44,47.98072674413256,0.8146872122699599,0.0,0.13666666666666666,0.0,0.0,1.0,0.0,0.0,29.0
backhaul,shield_repair,adaptive,phi,radioml,6,300,0.9544503532246138,0.8960793862919855,0.0,0.14333333333333334,2,0.0,0.0,27.01,46.22030944503086,0.8111170198912806,0.0,0.14333333333333334,0.0,0.0,1.0,0.0,0.0,29.0
backhaul,shield_repair,adaptive,phi,radioml,7,300,0.9522998982243536,0.8960789498398155,0.0,0.13666666666666666,1,0.0,0.0,27.52,49.3292560173782,0.8156332315576869,0.0,0.13666666666666666,0.0,0.0,1.0,0.0,0.0,29.0
backhaul,shield_repair,adaptive,phi,radioml,8,300,0.952825821543824,0.8960779483006479,0.0,0.08333333333333333,1,0.0,0.0,27.42,46.343054938279835,0.8694924882104906,0.0,0.08333333333333333,0.0,0.0,1.0,0.0,0.0,29.0
backhaul,shield_repair,adaptive,phi,radioml,9,300,0.9526366046007221,0.896073360608238,0.0,0.06,1,0.0,0.0,27.08,51.45842148913542,0.8926366046007221,0.0,0.06,0.0,0.0,1.0,0.0,0.0,29.0
backhaul,shield_repair,adaptive,phi,radioml,10,300,0.9529584890600798,0.8960781225160096,0.0,0.08666666666666667,1,0.0,0.0,27.53,47.9801652768729,0.8662918223934132,0.0,0.08666666666666667,0.0,0.0,1.0,0.0,0.0,29.0
backhaul,shield_repair,adaptive,phi,radioml,11,300,0.9538554407046553,0.8960790613519872,0.0,0.08666666666666667,1,0.0,0.0,27.32,44.27358085673434,0.8671887740379884,0.0,0.08666666666666667,0.0,0.0,1.0,0.0,0.0,29.0
backhaul,shield_repair,adaptive,phi,radioml,12,300,0.9568807184328523,0.8960793355087971,0.0,0.19666666666666666,1,0.0,0.0,27.45,48.33679505290967,0.7602140517661857,0.0,0.19666666666666666,0.0,0.0,1.0,0.0,0.0,29.0
backhaul,shield_repair,adaptive,phi,radioml,13,300,0.9515544375123978,0.8960791468727872,0.0,0.2,1,0.0,0.0,27.29,48.21840651402478,0.7515544375123976,0.0,0.2,0.0,0.0,1.0,0.0,0.0,29.0
backhaul,shield_repair,adaptive,phi,radioml,14,300,0.9540127439582071,0.896079273683406,0.0,0.10666666666666667,1,0.0,0.0,27.2,43.32407482232494,0.8473460772915404,0.0,0.10666666666666667,0.0,0.0,1.0,0.0,0.0,29.0
backhaul,shield_repair,adaptive,phi,radioml,15,300,0.9559298556357493,0.8960787914978882,0.0,0.06666666666666667,1,0.0,0.0,27.15,44.80764062297609,0.8892631889690826,0.0,0.06666666666666667,0.0,0.0,1.0,0.0,0.0,29.0
backhaul,shield_repair,adaptive,phi,radioml,16,300,0.9498000625732107,0.896058898997973,0.0,0.11666666666666667,2,0.0,0.0,27.43,46.825416052281696,0.833133395906544,0.0,0.11666666666666667,0.0,0.0,1.0,0.0,0.0,29.0
backhaul,shield_repair,adaptive,phi,radioml,17,300,0.9543764675837021,0.8960795546874674,0.0,0.07,1,0.0,0.0,27.42,43.23257959680861,0.8843764675837021,0.0,0.07,0.0,0.0,1.0,0.0,0.0,29.0
backhaul,shield_repair,adaptive,phi,radioml,18,300,0.9547768759185935,0.8960784259877521,0.0,0.14,1,0.0,0.0,27.27,48.39479474672772,0.8147768759185935,0.0,0.14,0.0,0.0,1.0,0.0,0.0,29.0
backhaul,shield_repair,adaptive,phi,radioml,19,300,0.9547260092715355,0.8960791790347101,0.0,0.06333333333333334,2,0.0,0.0,27.33,47.822113074892165,0.8913926759382022,0.0,0.06333333333333334,0.0,0.0,1.0,0.0,0.0,29.0
backhaul,shield_repair,adaptive,phi,radioml,20,300,0.9546855515436206,0.8960788109681832,0.0,0.11333333333333333,1,0.0,0.0,27.45,49.065813541983914,0.8413522182102873,0.0,0.11333333333333333,0.0,0.0,1.0,0.0,0.0,29.0
backhaul,shield_repair,adaptive,phi,radioml,21,300,0.9519340329108879,0.8960776899071423,0.0,0.13,1,0.0,0.0,27.24,48.23332199070694,0.8219340329108878,0.0,0.13,0.0,0.0,1.0,0.0,0.0,29.0
backhaul,shield_repair,adaptive,phi,radioml,22,300,0.955982642284052,0.896078209154137,0.0,0.09,1,0.0,0.0,27.12,43.17693078203948,0.8659826422840522,0.0,0.09,0.0,0.0,1.0,0.0,0.0,29.0
backhaul,shield_repair,adaptive,phi,radioml,23,300,0.9530116746492521,0.8960723244023623,0.0,0.14666666666666667,1,0.0,0.0,27.21,45.10766735460939,0.8063450079825853,0.0,0.14666666666666667,0.0,0.0,1.0,0.0,0.0,29.0
backhaul,shield_repair,adaptive,phi,radioml,24,300,0.9550378018625205,0.8960793744975881,0.0,0.16666666666666666,1,0.0,0.0,27.28,42.89509559522172,0.7883711351958539,0.0,0.16666666666666666,0.0,0.0,1.0,0.0,0.0,29.0
backhaul,shield_repair,adaptive,phi,radioml,25,300,0.9504430330752563,0.896078909249229,0.0,0.05,1,0.0,0.0,27.39,46.062196047767166,0.9004430330752564,0.0,0.05,0.0,0.0,1.0,0.0,0.0,29.0
backhaul,shield_repair,adaptive,phi,radioml,26,300,0.9558703533575219,0.8960789742233483,0.0,0.07666666666666666,1,0.0,0.0,27.24,42.904537734375594,0.8792036866908554,0.0,0.07666666666666666,0.0,0.0,1.0,0.0,0.0,29.0
backhaul,shield_repair,adaptive,phi,radioml,27,300,0.954763686561833,0.8960793398486574,0.0,0.10666666666666667,1,0.0,0.0,27.16,42.73275715793152,0.8480970198951664,0.0,0.10666666666666667,0.0,0.0,1.0,0.0,0.0,29.0
backhaul,shield_repair,adaptive,phi,radioml,28,300,0.9516638613977075,0.8960786894343258,0.0,0.18666666666666668,1,0.0,0.0,27.28,47.008599590544236,0.764997194731041,0.0,0.18666666666666668,0.0,0.0,1.0,0.0,0.0,29.0
backhaul,shield_repair,adaptive,phi,radioml,29,300,0.952915092628978,0.8960787978510971,0.0,0.16666666666666666,1,0.0,0.0,27.34,47.08154274333468,0.7862484259623115,0.0,0.16666666666666666,0.0,0.0,1.0,0.0,0.0,29.0
compromised_xapp,shield_repair,adaptive,phi,radioml,0,300,0.9800200540074188,0.9739225275920731,0.0,0.43333333333333335,1,0.0,0.0,28.39,45.249303335409905,0.5466867206740854,0.0,0.16333333333333333,0.36666666666666664,0.0,1.0,0.0,0.0,29.0
compromised_xapp,shield_repair,adaptive,phi,radioml,1,300,0.9823931233059507,0.9739845522626699,0.0,0.47,1,0.0,0.0,28.34,48.026055532479695,0.5123931233059508,0.0,0.13333333333333333,0.41,0.0,1.0,0.0,0.0,29.0
compromised_xapp,shield_repair,adaptive,phi,radioml,2,300,0.9827217950954472,0.9739407743445816,0.0,0.51,1,0.0,0.0,28.43,49.025096635100205,0.4727217950954473,0.0,0.21,0.42,0.0,1.0,0.0,0.0,29.0
compromised_xapp,shield_repair,adaptive,phi,radioml,3,300,0.9828821683535715,0.9739233792557299,0.0,0.51,1,0.0,0.0,28.44,46.30788437135624,0.47288216835357144,0.0,0.17,0.4166666666666667,0.0,1.0,0.0,0.0,29.0
compromised_xapp,shield_repair,adaptive,phi,radioml,4,300,0.9808446519776364,0.9739513277343177,0.0,0.5066666666666667,1,0.0,0.0,28.33,46.70364729766209,0.4741779853109697,0.0,0.21333333333333335,0.37333333333333335,0.0,1.0,0.0,0.0,29.0
compromised_xapp,shield_repair,adaptive,phi,radioml,5,300,0.9826037151668587,0.9738693385417878,0.0,0.51,1,0.0,0.0,28.38,47.197174099396264,0.47260371516685873,0.0,0.24333333333333335,0.38666666666666666,0.0,1.0,0.0,0.0,29.0
compromised_xapp,shield_repair,adaptive,phi,radioml,6,300,0.9814408096819638,0.973817061190866,0.0,0.44666666666666666,1,0.0,0.0,28.28,47.779959950632026,0.5347741430152971,0.0,0.14333333333333334,0.4,0.0,1.0,0.0,0.0,29.0
compromised_xapp,shield_repair,adaptive,phi,radioml,7,300,0.98334536045919,0.9739875782602376,0.0,0.45666666666666667,1,0.0,0.0,28.33,47.16152115498439,0.5266786937925233,0.0,0.18,0.37333333333333335,0.0,1.0,0.0,0.0,29.0
compromised_xapp,shield_repair,adaptive,phi,radioml,8,300,0.9825051368309154,0.9739168260636916,0.0,0.5066666666666667,1,0.0,0.0,28.47,47.71156980561109,0.4758384701642488,0.0,0.22666666666666666,0.38333333333333336,0.0,1.0,0.0,0.0,29.0
compromised_xapp,shield_repair,adaptive,phi,radioml,9,300,0.9816018980279136,0.9739527715104122,0.0,0.47333333333333333,1,0.0,0.0,28.35,47.361768073381036,0.5082685646945804,0.0,0.12333333333333334,0.43,0.0,1.0,0.0,0.0,29.0
compromised_xapp,shield_repair,adaptive,phi,radioml,10,300,0.9806066764459278,0.9739794404468978,0.0,0.4766666666666667,1,0.0,0.0,28.41,42.21554581584882,0.5039400097792611,0.0,0.16,0.41333333333333333,0.0,1.0,0.0,0.0,29.0
compromised_xapp,shield_repair,adaptive,phi,radioml,11,300,0.9807503771290413,0.9738899059816548,0.0,0.49333333333333335,1,0.0,0.0,28.47,48.40287741595732,0.4874170437957078,0.0,0.23,0.39,0.0,1.0,0.0,0.0,29.0
compromised_xapp,shield_repair,adaptive,phi,radioml,12,300,0.9822792434952354,0.9738165105587633,0.0,0.53,1,0.0,0.0,28.46,50.731585106216784,0.4522792434952355,0.0,0.30666666666666664,0.36666666666666664,0.0,1.0,0.0,0.0,29.0
compromised_xapp,shield_repair,adaptive,phi,radioml,13,300,0.9827093764277701,0.9739463496196726,0.0,0.52,1,0.0,0.0,28.27,43.90973147480189,0.46270937642777016,0.0,0.27,0.4033333333333333,0.0,1.0,0.0,0.0,29.0
compromised_xapp,shield_repair,adaptive,phi,radioml,14,300,0.9819667770974867,0.9738832446541753,0.0,0.5133333333333333,1,0.0,0.0,28.49,46.01108901589948,0.4686334437641534,0.0,0.15333333333333332,0.4166666666666667,0.0,1.0,0.0,0.0,29.0
compromised_xapp,shield_repair,adaptive,phi,radioml,15,300,0.9823797084195176,0.9739630578782241,0.0,0.53,1,0.0,0.0,28.59,46.77679741845842,0.4523797084195175,0.0,0.32,0.3566666666666667,0.0,1.0,0.0,0.0,29.0
compromised_xapp,shield_repair,adaptive,phi,radioml,16,300,0.9829913617243374,0.973985564306595,0.0,0.49666666666666665,1,0.0,0.0,28.44,45.66402468226346,0.4863246950576708,0.0,0.20666666666666667,0.4033333333333333,0.0,1.0,0.0,0.0,29.0
compromised_xapp,shield_repair,adaptive,phi,radioml,17,300,0.9820009253580565,0.973889423746931,0.0,0.4666666666666667,1,0.0,0.0,28.51,46.89210476517774,0.51533425869139,0.0,0.14,0.4033333333333333,0.0,1.0,0.0,0.0,29.0
compromised_xapp,shield_repair,adaptive,phi,radioml,18,300,0.9830408731023775,0.9739792494854512,0.0,0.5033333333333333,1,0.0,0.0,28.39,45.30984852785458,0.47970753976904434,0.0,0.24,0.39666666666666667,0.0,1.0,0.0,0.0,29.0
compromised_xapp,shield_repair,adaptive,phi,radioml,19,300,0.9830154125645477,0.9739686043124435,0.0,0.4866666666666667,1,0.0,0.0,28.44,49.08559157651944,0.49634874589788097,0.0,0.19666666666666666,0.37333333333333335,0.0,1.0,0.0,0.0,29.0
compromised_xapp,shield_repair,adaptive,phi,radioml,20,300,0.9813264493006234,0.9738116076548484,0.0,0.5166666666666667,1,0.0,0.0,28.42,47.93338827342846,0.4646597826339569,0.0,0.21333333333333335,0.38666666666666666,0.0,1.0,0.0,0.0,29.0
compromised_xapp,shield_repair,adaptive,phi,radioml,21,300,0.9823026407705447,0.9739717576159383,0.0,0.46,1,0.0,0.0,28.23,39.804885864929595,0.5223026407705447,0.0,0.2,0.36,0.0,1.0,0.0,0.0,29.0
compromised_xapp,shield_repair,adaptive,phi,radioml,22,300,0.9831228227359952,0.9739938246699527,0.0,0.4533333333333333,1,0.0,0.0,28.17,41.76530191030995,0.5297894894026619,0.0,0.2,0.3433333333333333,0.0,1.0,0.0,0.0,29.0
compromised_xapp,shield_repair,adaptive,phi,radioml,23,300,0.9809487850468368,0.9738377361467749,0.0,0.44666666666666666,1,0.0,0.0,28.36,44.77738608216614,0.5342821183801701,0.0,0.16333333333333333,0.37333333333333335,0.0,1.0,0.0,0.0,29.0
compromised_xapp,shield_repair,adaptive,phi,radioml,24,300,0.9820256650768859,0.9738508093944854,0.0,0.5033333333333333,1,0.0,0.0,28.33,46.27804186355194,0.4786923317435527,0.0,0.18666666666666668,0.4166666666666667,0.0,1.0,0.0,0.0,29.0
compromised_xapp,shield_repair,adaptive,phi,radioml,25,300,0.9824674902780824,0.9739790324508467,0.0,0.56,1,0.0,0.0,28.44,44.83201605185886,0.42246749027808234,0.0,0.31666666666666665,0.4,0.0,1.0,0.0,0.0,29.0
compromised_xapp,shield_repair,adaptive,phi,radioml,26,300,0.9831029560013304,0.973973588200063,0.0,0.44333333333333336,1,0.0,0.0,28.34,44.888971341437596,0.539769622667997,0.0,0.12333333333333334,0.39,0.0,1.0,0.0,0.0,29.0
compromised_xapp,shield_repair,adaptive,phi,radioml,27,300,0.9818865042185697,0.9739581659016012,0.0,0.48,1,0.0,0.0,28.45,46.49381107469387,0.5018865042185697,0.0,0.16666666666666666,0.36333333333333334,0.0,1.0,0.0,0.0,29.0
compromised_xapp,shield_repair,adaptive,phi,radioml,28,300,0.982698338561341,0.9738945163150817,0.0,0.4266666666666667,1,0.0,0.0,28.21,43.2087965036053,0.5560316718946745,0.0,0.12333333333333334,0.3933333333333333,0.0,1.0,0.0,0.0,29.0
compromised_xapp,shield_repair,adaptive,phi,radioml,29,300,0.9814973286995666,0.9739799797876205,0.0,0.45666666666666667,2,0.0,0.0,28.34,47.31439733112749,0.5248306620329,0.0,0.18,0.4066666666666667,0.0,1.0,0.0,0.0,29.0
compound,shield_repair,adaptive,phi,radioml,0,300,0.9474725022804837,0.8835389050320515,0.0,0.5966666666666667,1,0.0,0.0,28.52,47.49693742132677,0.350805835613817,0.0,0.2866666666666667,0.47333333333333333,0.0,1.0,0.0,0.0,29.0
compound,shield_repair,adaptive,phi,radioml,1,300,0.9370583088995886,0.8896595484120096,0.0,0.5966666666666667,2,0.0,0.0,28.45,49.37628279519624,0.34039164223292195,0.0,0.2733333333333333,0.47,0.0,1.0,0.0,0.0,29.0
compound,shield_repair,adaptive,phi,radioml,2,300,0.9428357607142019,0.8736839831014125,0.0,0.6366666666666667,1,0.0,0.0,28.47,45.7990239696222,0.3061690940475354,0.0,0.23666666666666666,0.49666666666666665,0.0,1.0,0.0,0.0,29.0
compound,shield_repair,adaptive,phi,radioml,3,300,0.9432924199327662,0.8785120929818335,0.0,0.6,1,0.0,0.0,28.5,47.93488601866704,0.3432924199327664,0.0,0.2966666666666667,0.5033333333333333,0.0,1.0,0.0,0.0,29.0
compound,shield_repair,adaptive,phi,radioml,4,300,0.9444931514163066,0.8934964609622725,0.0,0.5666666666666667,1,0.0,0.0,28.35,40.63734584737512,0.37782648474964,0.0,0.18333333333333332,0.5,0.0,1.0,0.0,0.0,29.0
compound,shield_repair,adaptive,phi,radioml,5,300,0.9321425491672092,0.8589010184795756,0.0,0.53,1,0.0,0.0,28.42,43.41243604951183,0.40214254916720943,0.0,0.20333333333333334,0.48,0.0,1.0,0.0,0.0,29.0
compound,shield_repair,adaptive,phi,radioml,6,300,0.9453456181005518,0.8887391923359957,0.0,0.5866666666666667,2,0.0,0.0,28.47,49.799801586570005,0.3586789514338851,0.0,0.18333333333333332,0.48333333333333334,0.0,1.0,0.0,0.0,29.0
compound,shield_repair,adaptive,phi,radioml,7,300,0.9476642504244925,0.8940836359061092,0.0,0.62,2,0.0,0.0,28.62,47.228106356052365,0.32766425042449254,0.0,0.21,0.5133333333333333,0.0,1.0,0.0,0.0,29.0
compound,shield_repair,adaptive,phi,radioml,8,300,0.9474932980550621,0.8918568289266459,0.0,0.5833333333333334,3,0.0,0.0,28.47,45.7839065488424,0.36415996472172857,0.0,0.21,0.5233333333333333,0.0,1.0,0.0,0.0,29.0
compound,shield_repair,adaptive,phi,radioml,9,300,0.9440633250681355,0.8824461985919435,0.0,0.5566666666666666,1,0.0,0.0,28.43,41.259995686711044,0.38739665840146875,0.0,0.21333333333333335,0.48333333333333334,0.0,1.0,0.0,0.0,29.0
compound,shield_repair,adaptive,phi,radioml,10,300,0.949422051989935,0.8944676389075304,0.0,0.5766666666666667,2,0.0,0.0,28.51,47.24747854159285,0.3727553853232684,0.0,0.22,0.44333333333333336,0.0,1.0,0.0,0.0,29.0
compound,shield_repair,adaptive,phi,radioml,11,300,0.9451028164656173,0.8746951299886097,0.0,0.58,1,0.0,0.0,28.54,46.35744023082477,0.36510281646561726,0.0,0.23,0.5033333333333333,0.0,1.0,0.0,0.0,29.0
compound,shield_repair,adaptive,phi,radioml,12,300,0.9385959214431159,0.8709741512016405,0.0,0.5766666666666667,1,0.0,0.0,28.52,47.03291678671874,0.36192925477644916,0.0,0.21,0.5033333333333333,0.0,1.0,0.0,0.0,29.0
compound,shield_repair,adaptive,phi,radioml,13,300,0.9407929886136737,0.8674711234843697,0.0,0.58,2,0.0,0.0,28.47,48.257938264772875,0.36079298861367354,0.0,0.16666666666666666,0.52,0.0,1.0,0.0,0.0,29.0
compound,shield_repair,adaptive,phi,radioml,14,300,0.9424923086060751,0.8846982517718744,0.0,0.58,2,0.0,0.0,28.63,48.644084343070034,0.3624923086060751,0.0,0.22333333333333333,0.47333333333333333,0.0,1.0,0.0,0.0,29.0
compound,shield_repair,adaptive,phi,radioml,15,300,0.9520524566977077,0.8932584235827881,0.0,0.6133333333333333,1,0.0,0.0,28.6,45.21602418432114,0.3387191233643745,0.0,0.21,0.4866666666666667,0.0,1.0,0.0,0.0,29.0
compound,shield_repair,adaptive,phi,radioml,16,300,0.9502341692621227,0.890072332079114,0.0,0.55,1,0.0,0.0,28.6,50.99887949810568,0.4002341692621228,0.0,0.20333333333333334,0.48,0.0,1.0,0.0,0.0,29.0
compound,shield_repair,adaptive,phi,radioml,17,300,0.94166349738701,0.8424653760758226,0.0,0.5933333333333334,2,0.0,0.0,28.66,49.31927066387365,0.34833016405367667,0.0,0.2,0.49666666666666665,0.0,1.0,0.0,0.0,29.0
compound,shield_repair,adaptive,phi,radioml,18,300,0.9421194536801984,0.8583761465403537,0.0,0.5633333333333334,3,0.0,0.0,28.55,46.060224718935906,0.3787861203468651,0.0,0.20666666666666667,0.49333333333333335,0.0,1.0,0.0,0.0,29.0
compound,shield_repair,adaptive,phi,radioml,19,300,0.9463128630724312,0.8870884360936608,0.0,0.62,1,0.0,0.0,28.56,47.99415974294422,0.32631286307243135,0.0,0.23,0.5333333333333333,0.0,1.0,0.0,0.0,29.0
compound,shield_repair,adaptive,phi,radioml,20,300,0.9409785173655781,0.8936901134432172,0.0,0.6233333333333333,1,0.0,0.0,28.53,49.2878903097274,0.3176451840322448,0.0,0.25333333333333335,0.48333333333333334,0.0,1.0,0.0,0.0,29.0
compound,shield_repair,adaptive,phi,radioml,21,300,0.9530577282173374,0.8928209412880574,0.0,0.6066666666666667,1,0.0,0.0,28.46,47.12497775453963,0.3463910615506706,0.0,0.19666666666666666,0.48333333333333334,0.0,1.0,0.0,0.0,29.0
compound,shield_repair,adaptive,phi,radioml,22,300,0.9444112203431534,0.8829186277115685,0.0,0.62,3,0.0,0.0,28.42,49.1459594378684,0.32441122034315345,0.0,0.17333333333333334,0.5433333333333333,0.0,1.0,0.0,0.0,29.0
compound,shield_repair,adaptive,phi,radioml,23,300,0.9485687183156495,0.8893363344964156,0.0,0.59,2,0.0,0.0,28.52,49.19680103841255,0.35856871831564957,0.0,0.22666666666666666,0.49333333333333335,0.0,1.0,0.0,0.0,29.0
compound,shield_repair,adaptive,phi,radioml,24,300,0.9418872630935013,0.881353705676513,0.0,0.56,1,0.0,0.0,28.36,48.69841823031691,0.38188726309350146,0.0,0.2,0.47,0.0,1.0,0.0,0.0,29.0
compound,shield_repair,adaptive,phi,radioml,25,300,0.9449858611224795,0.8940178530635032,0.0,0.55,1,0.0,0.0,28.46,48.29362359508124,0.39498586112247946,0.0,0.17333333333333334,0.46,0.0,1.0,0.0,0.0,29.0
compound,shield_repair,adaptive,phi,radioml,26,300,0.9473326145276758,0.8890835929690847,0.0,0.63,1,0.0,0.0,28.49,44.94132077464432,0.3173326145276757,0.0,0.26666666666666666,0.5,0.0,1.0,0.0,0.0,29.0
compound,shield_repair,adaptive,phi,radioml,27,300,0.9306518291923116,0.8595787000572098,0.0,0.5966666666666667,3,0.0,0.0,28.54,45.5020108446723,0.333985162525645,0.0,0.24333333333333335,0.49666666666666665,0.0,1.0,0.0,0.0,29.0
compound,shield_repair,adaptive,phi,radioml,28,300,0.944569966469302,0.8736983255827261,0.0,0.54,1,0.0,0.0,28.37,48.35455731621959,0.40456996646930204,0.0,0.18333333333333332,0.4633333333333333,0.0,1.0,0.0,0.0,29.0
compound,shield_repair,adaptive,phi,radioml,29,300,0.9403629468358565,0.8776005235094767,0.0,0.5866666666666667,2,0.0,0.0,28.5,48.68639572479411,0.35369628016918975,0.0,0.22,0.47333333333333333,0.0,1.0,0.0,0.0,29.0
narrowband,structured,naive,phi,radioml,0,300,0.967640670331934,0.8863102032158985,0.0,0.18,1,0.0,0.0,29.0,53.33333333333332,0.787640670331934,0.0,0.18,0.0,0.0,0.0,0.0,0.0,29.0
narrowband,structured,naive,phi,radioml,1,300,0.9711418090898511,0.8801645189300361,0.0,0.31333333333333335,2,0.0,0.0,29.0,53.33333333333332,0.6578084757565178,0.0,0.31333333333333335,0.0,0.0,0.0,0.0,0.0,29.0
narrowband,structured,naive,phi,radioml,2,300,0.9688681627041201,0.8760413441225537,0.0,0.11333333333333333,1,0.0,0.0,29.0,53.33333333333332,0.8555348293707868,0.0,0.11333333333333333,0.0,0.0,0.0,0.0,0.0,29.0
narrowband,structured,naive,phi,radioml,3,300,0.9730178701819997,0.8827552383728912,0.0,0.14333333333333334,1,0.0,0.0,29.0,53.33333333333332,0.8296845368486663,0.0,0.14333333333333334,0.0,0.0,0.0,0.0,0.0,29.0
narrowband,structured,naive,phi,radioml,4,300,0.9669894841576858,0.8721796212247057,0.0,0.11,1,0.0,0.0,29.0,53.33333333333332,0.8569894841576858,0.0,0.11,0.0,0.0,0.0,0.0,0.0,29.0
narrowband,structured,naive,phi,radioml,5,300,0.9762174668415804,0.9008675966396646,0.0,0.07666666666666666,1,0.0,0.0,29.0,53.33333333333332,0.8995508001749137,0.0,0.07666666666666666,0.0,0.0,0.0,0.0,0.0,29.0
narrowband,structured,naive,phi,radioml,6,300,0.9705812390116276,0.8795944825053015,0.0,0.18666666666666668,2,0.0,0.0,29.0,53.33333333333332,0.7839145723449611,0.0,0.18666666666666668,0.0,0.0,0.0,0.0,0.0,29.0
narrowband,structured,naive,phi,radioml,7,300,0.9718032885705337,0.8689107374370006,0.0,0.12,1,0.0,0.0,29.0,53.33333333333332,0.8518032885705337,0.0,0.12,0.0,0.0,0.0,0.0,0.0,29.0
narrowband,structured,naive,phi,radioml,8,300,0.9708155615634382,0.8805043586472202,0.0,0.2733333333333333,1,0.0,0.0,29.0,53.33333333333332,0.6974822282301049,0.0,0.2733333333333333,0.0,0.0,0.0,0.0,0.0,29.0
narrowband,structured,naive,phi,radioml,9,300,0.9702749134182178,0.8764410646896387,0.0,0.12666666666666668,1,0.0,0.0,29.0,53.33333333333332,0.8436082467515511,0.0,0.12666666666666668,0.0,0.0,0.0,0.0,0.0,29.0
narrowband,structured,naive,phi,radioml,10,300,0.9707434933281581,0.8656465061408358,0.0,0.12,1,0.0,0.0,29.0,53.33333333333332,0.8507434933281582,0.0,0.12,0.0,0.0,0.0,0.0,0.0,29.0
narrowband,structured,naive,phi,radioml,11,300,0.970841553423215,0.8751003069525676,0.0,0.17,1,0.0,0.0,29.0,53.33333333333332,0.800841553423215,0.0,0.17,0.0,0.0,0.0,0.0,0.0,29.0
narrowband,structured,naive,phi,radioml,12,300,0.9730232219125758,0.8833148292283372,0.0,0.13666666666666666,1,0.0,0.0,29.0,53.33333333333332,0.8363565552459092,0.0,0.13666666666666666,0.0,0.0,0.0,0.0,0.0,29.0
narrowband,structured,naive,phi,radioml,13,300,0.9728537565957406,0.8813209711889329,0.0,0.17666666666666667,1,0.0,0.0,29.0,53.33333333333332,0.7961870899290738,0.0,0.17666666666666667,0.0,0.0,0.0,0.0,0.0,29.0
narrowband,structured,naive,phi,radioml,14,300,0.970923823641269,0.8841056481890615,0.0,0.17666666666666667,1,0.0,0.0,29.0,53.33333333333332,0.7942571569746023,0.0,0.17666666666666667,0.0,0.0,0.0,0.0,0.0,29.0
narrowband,structured,naive,phi,radioml,15,300,0.9713555253112748,0.8767485504674275,0.0,0.19666666666666666,1,0.0,0.0,29.0,53.33333333333332,0.774688858644608,0.0,0.19666666666666666,0.0,0.0,0.0,0.0,0.0,29.0
narrowband,structured,naive,phi,radioml,16,300,0.9694215347705077,0.8673768265640874,0.0,0.09333333333333334,1,0.0,0.0,29.0,53.33333333333332,0.8760882014371745,0.0,0.09333333333333334,0.0,0.0,0.0,0.0,0.0,29.0
narrowband,structured,naive,phi,radioml,17,300,0.9682447167451624,0.8681411487038487,0.0,0.24,2,0.0,0.0,29.0,53.33333333333332,0.7282447167451624,0.0,0.24,0.0,0.0,0.0,0.0,0.0,29.0
narrowband,structured,naive,phi,radioml,18,300,0.9697541436681314,0.8716160380049477,0.0,0.15666666666666668,1,0.0,0.0,29.0,53.33333333333332,0.8130874770014648,0.0,0.15666666666666668,0.0,0.0,0.0,0.0,0.0,29.0
narrowband,structured,naive,phi,radioml,19,300,0.9714445753203188,0.8789181122737078,0.0,0.15333333333333332,1,0.0,0.0,29.0,53.33333333333332,0.8181112419869854,0.0,0.15333333333333332,0.0,0.0,0.0,0.0,0.0,29.0
narrowband,structured,naive,phi,radioml,20,300,0.9732498338923945,0.8917395795906207,0.0,0.15,1,0.0,0.0,29.0,53.33333333333332,0.8232498338923946,0.0,0.15,0.0,0.0,0.0,0.0,0.0,29.0
narrowband,structured,naive,phi,radioml,21,300,0.9631919252484342,0.8358111649755453,0.0,0.10666666666666667,1,0.0,0.0,29.0,53.33333333333332,0.8565252585817675,0.0,0.10666666666666667,0.0,0.0,0.0,0.0,0.0,29.0
narrowband,structured,naive,phi,radioml,22,300,0.976468908032815,0.9031815386241141,0.0,0.22,1,0.0,0.0,29.0,53.33333333333332,0.7564689080328151,0.0,0.22,0.0,0.0,0.0,0.0,0.0,29.0
narrowband,structured,naive,phi,radioml,23,300,0.9710397296583241,0.8863463755305495,0.0,0.15666666666666668,1,0.0,0.0,29.0,53.33333333333332,0.8143730629916573,0.0,0.15666666666666668,0.0,0.0,0.0,0.0,0.0,29.0
narrowband,structured,naive,phi,radioml,24,300,0.9711787084224568,0.8774344756903171,0.0,0.21333333333333335,1,0.0,0.0,29.0,53.33333333333332,0.7578453750891235,0.0,0.21333333333333335,0.0,0.0,0.0,0.0,0.0,29.0
narrowband,structured,naive,phi,radioml,25,300,0.9742902733228533,0.8956330034135601,0.0,0.22666666666666666,1,0.0,0.0,29.0,53.33333333333332,0.7476236066561865,0.0,0.22666666666666666,0.0,0.0,0.0,0.0,0.0,29.0
narrowband,structured,naive,phi,radioml,26,300,0.9708531989709221,0.8849768404768626,0.0,0.11666666666666667,1,0.0,0.0,29.0,53.33333333333332,0.8541865323042555,0.0,0.11666666666666667,0.0,0.0,0.0,0.0,0.0,29.0
narrowband,structured,naive,phi,radioml,27,300,0.9748873278865183,0.8847859995778241,0.0,0.22,2,0.0,0.0,29.0,53.33333333333332,0.7548873278865184,0.0,0.22,0.0,0.0,0.0,0.0,0.0,29.0
narrowband,structured,naive,phi,radioml,28,300,0.9697116925388685,0.8802121453079909,0.0,0.11,1,0.0,0.0,29.0,53.33333333333332,0.8597116925388684,0.0,0.11,0.0,0.0,0.0,0.0,0.0,29.0
narrowband,structured,naive,phi,radioml,29,300,0.9676464447375762,0.8763937601690835,0.0,0.14333333333333334,1,0.0,0.0,29.0,53.33333333333332,0.8243131114042427,0.0,0.14333333333333334,0.0,0.0,0.0,0.0,0.0,29.0
wideband,structured,naive,phi,radioml,0,300,0.9341309985269058,0.5479393056650251,0.0,0.18,1,0.0,0.0,29.0,53.33333333333332,0.7541309985269059,0.0,0.18,0.0,0.0,0.0,0.0,0.0,29.0
wideband,structured,naive,phi,radioml,1,300,0.944920623167827,0.7043535144268416,0.0,0.31333333333333335,3,0.0,0.0,29.0,53.33333333333332,0.6315872898344937,0.0,0.31333333333333335,0.0,0.0,0.0,0.0,0.0,29.0
wideband,structured,naive,phi,radioml,2,300,0.9462546240631134,0.6954360368244349,0.0,0.11333333333333333,3,0.0,0.0,29.0,53.33333333333332,0.83292129072978,0.0,0.11333333333333333,0.0,0.0,0.0,0.0,0.0,29.0
wideband,structured,naive,phi,radioml,3,300,0.9533582106987537,0.7154428883559203,0.0,0.14333333333333334,2,0.0,0.0,29.0,53.33333333333332,0.8100248773654205,0.0,0.14333333333333334,0.0,0.0,0.0,0.0,0.0,29.0
wideband,structured,naive,phi,radioml,4,300,0.9316319580635278,0.6490607462565899,0.0,0.11,5,0.0,0.0,29.0,53.33333333333332,0.8216319580635276,0.0,0.11,0.0,0.0,0.0,0.0,0.0,29.0
wideband,structured,naive,phi,radioml,5,300,0.9367390370204146,0.6797840899382075,0.0,0.07666666666666666,3,0.0,0.0,29.0,53.33333333333332,0.860072370353748,0.0,0.07666666666666666,0.0,0.0,0.0,0.0,0.0,29.0
wideband,structured,naive,phi,radioml,6,300,0.9551001564462522,0.7561357693305137,0.0,0.18666666666666668,1,0.0,0.0,29.0,53.33333333333332,0.7684334897795856,0.0,0.18666666666666668,0.0,0.0,0.0,0.0,0.0,29.0
wideband,structured,naive,phi,radioml,7,300,0.9471902156373982,0.6651216973004499,0.0,0.12,4,0.0,0.0,29.0,53.33333333333332,0.8271902156373983,0.0,0.12,0.0,0.0,0.0,0.0,0.0,29.0
wideband,structured,naive,phi,radioml,8,300,0.9398990283640888,0.6579456234427238,0.0,0.2733333333333333,1,0.0,0.0,29.0,53.33333333333332,0.6665656950307554,0.0,0.2733333333333333,0.0,0.0,0.0,0.0,0.0,29.0
wideband,structured,naive,phi,radioml,9,300,0.9538806732389777,0.7022440457705241,0.0,0.12666666666666668,1,0.0,0.0,29.0,53.33333333333332,0.8272140065723113,0.0,0.12666666666666668,0.0,0.0,0.0,0.0,0.0,29.0
wideband,structured,naive,phi,radioml,10,300,0.9531214353513462,0.7075686721111673,0.0,0.12,2,0.0,0.0,29.0,53.33333333333332,0.8331214353513462,0.0,0.12,0.0,0.0,0.0,0.0,0.0,29.0
wideband,structured,naive,phi,radioml,11,300,0.9380560844709521,0.6717991628314978,0.0,0.17,1,0.0,0.0,29.0,53.33333333333332,0.7680560844709521,0.0,0.17,0.0,0.0,0.0,0.0,0.0,29.0
wideband,structured,naive,phi,radioml,12,300,0.9414035683680375,0.6660252531689351,0.0,0.13666666666666666,2,0.0,0.0,29.0,53.33333333333332,0.804736901701371,0.0,0.13666666666666666,0.0,0.0,0.0,0.0,0.0,29.0
wideband,structured,naive,phi,radioml,13,300,0.9358841751787255,0.6202124951045085,0.0,0.17666666666666667,2,0.0,0.0,29.0,53.33333333333332,0.7592175085120586,0.0,0.17666666666666667,0.0,0.0,0.0,0.0,0.0,29.0
wideband,structured,naive,phi,radioml,14,300,0.9477172240108375,0.7309167358309945,0.0,0.17666666666666667,1,0.0,0.0,29.0,53.33333333333332,0.7710505573441708,0.0,0.17666666666666667,0.0,0.0,0.0,0.0,0.0,29.0
wideband,structured,naive,phi,radioml,15,300,0.9350080232390381,0.5539157064158988,0.0,0.19666666666666666,1,0.0,0.0,29.0,53.33333333333332,0.7383413565723712,0.0,0.19666666666666666,0.0,0.0,0.0,0.0,0.0,29.0
wideband,structured,naive,phi,radioml,16,300,0.9302333697209967,0.5697978896043125,0.0,0.09333333333333334,2,0.0,0.0,29.0,53.33333333333332,0.8369000363876633,0.0,0.09333333333333334,0.0,0.0,0.0,0.0,0.0,29.0
wideband,structured,naive,phi,radioml,17,300,0.9449332330596019,0.6312344324187562,0.0,0.24,2,0.0,0.0,29.0,53.33333333333332,0.7049332330596018,0.0,0.24,0.0,0.0,0.0,0.0,0.0,29.0
wideband,structured,naive,phi,radioml,18,300,0.9499817172156277,0.7294936408519066,0.0,0.15666666666666668,1,0.0,0.0,29.0,53.33333333333332,0.793315050548961,0.0,0.15666666666666668,0.0,0.0,0.0,0.0,0.0,29.0
wideband,structured,naive,phi,radioml,19,300,0.951363631140996,0.686809109317911,0.0,0.15333333333333332,1,0.0,0.0,29.0,53.33333333333332,0.7980302978076625,0.0,0.15333333333333332,0.0,0.0,0.0,0.0,0.0,29.0
wideband,structured,naive,phi,radioml,20,300,0.9511054000558473,0.7334977789226423,0.0,0.15,2,0.0,0.0,29.0,53.33333333333332,0.8011054000558473,0.0,0.15,0.0,0.0,0.0,0.0,0.0,29.0
wideband,structured,naive,phi,radioml,21,300,0.936813434272896,0.668846303466791,0.0,0.10666666666666667,1,0.0,0.0,29.0,53.33333333333332,0.8301467676062293,0.0,0.10666666666666667,0.0,0.0,0.0,0.0,0.0,29.0
wideband,structured,naive,phi,radioml,22,300,0.9389172250253205,0.6147344776941637,0.0,0.22,2,0.0,0.0,29.0,53.33333333333332,0.7189172250253205,0.0,0.22,0.0,0.0,0.0,0.0,0.0,29.0
wideband,structured,naive,phi,radioml,23,300,0.939303155259771,0.6751220253664119,0.0,0.15666666666666668,2,0.0,0.0,29.0,53.33333333333332,0.7826364885931044,0.0,0.15666666666666668,0.0,0.0,0.0,0.0,0.0,29.0
wideband,structured,naive,phi,radioml,24,300,0.9447964482676131,0.7385563115413761,0.0,0.21333333333333335,1,0.0,0.0,29.0,53.33333333333332,0.73146311493428,0.0,0.21333333333333335,0.0,0.0,0.0,0.0,0.0,29.0
wideband,structured,naive,phi,radioml,25,300,0.9543980120955967,0.6806331490244829,0.0,0.22666666666666666,4,0.0,0.0,29.0,53.33333333333332,0.7277313454289301,0.0,0.22666666666666666,0.0,0.0,0.0,0.0,0.0,29.0
wideband,structured,naive,phi,radioml,26,300,0.9336094894646825,0.6151587583034239,0.0,0.11666666666666667,3,0.0,0.0,29.0,53.33333333333332,0.8169428227980157,0.0,0.11666666666666667,0.0,0.0,0.0,0.0,0.0,29.0
wideband,structured,naive,phi,radioml,27,300,0.9530986156223908,0.712815561783543,0.0,0.22,2,0.0,0.0,29.0,53.33333333333332,0.7330986156223909,0.0,0.22,0.0,0.0,0.0,0.0,0.0,29.0
wideband,structured,naive,phi,radioml,28,300,0.9433470094982965,0.6977239683256037,0.0,0.11,2,0.0,0.0,29.0,53.33333333333332,0.8333470094982963,0.0,0.11,0.0,0.0,0.0,0.0,0.0,29.0
wideband,structured,naive,phi,radioml,29,300,0.9452563993526523,0.726691625645188,0.0,0.14333333333333334,2,0.0,0.0,29.0,53.33333333333332,0.8019230660193188,0.0,0.14333333333333334,0.0,0.0,0.0,0.0,0.0,29.0
bursty,structured,naive,phi,radioml,0,300,0.9933557167217805,0.9926547771536239,0.0,0.24,1,0.0,0.0,29.0,53.33333333333332,0.7533557167217806,0.0,0.24,0.0,0.0,0.0,0.0,0.0,29.0
bursty,structured,naive,phi,radioml,1,300,0.9933995360329667,0.9930876689418897,0.0,0.21333333333333335,1,0.0,0.0,29.0,53.33333333333332,0.7800662026996334,0.0,0.21333333333333335,0.0,0.0,0.0,0.0,0.0,29.0
bursty,structured,naive,phi,radioml,2,300,0.9933362213123867,0.9926386761899928,0.0,0.22,1,0.0,0.0,29.0,53.33333333333332,0.7733362213123867,0.0,0.22,0.0,0.0,0.0,0.0,0.0,29.0
bursty,structured,naive,phi,radioml,3,300,0.9933587576357872,0.9928708539934765,0.0,0.24,1,0.0,0.0,29.0,53.33333333333332,0.7533587576357872,0.0,0.24,0.0,0.0,0.0,0.0,0.0,29.0
bursty,structured,naive,phi,radioml,4,300,0.9933399239575791,0.9928316073315753,0.0,0.16333333333333333,1,0.0,0.0,29.0,53.33333333333332,0.8300065906242458,0.0,0.16333333333333333,0.0,0.0,0.0,0.0,0.0,29.0
bursty,structured,naive,phi,radioml,5,300,0.993370552936998,0.9928627606589028,0.0,0.18,1,0.0,0.0,29.0,53.33333333333332,0.8133705529369981,0.0,0.18,0.0,0.0,0.0,0.0,0.0,29.0
bursty,structured,naive,phi,radioml,6,300,0.9933825034811313,0.992854181045566,0.0,0.12333333333333334,1,0.0,0.0,29.0,53.33333333333332,0.8700491701477979,0.0,0.12333333333333334,0.0,0.0,0.0,0.0,0.0,29.0
bursty,structured,naive,phi,radioml,7,300,0.9933304773500504,0.9925329783563696,0.0,0.11333333333333333,1,0.0,0.0,29.0,53.33333333333332,0.879997144016717,0.0,0.11333333333333333,0.0,0.0,0.0,0.0,0.0,29.0
bursty,structured,naive,phi,radioml,8,300,0.9933684153255198,0.9928258818144879,0.0,0.07333333333333333,1,0.0,0.0,29.0,53.33333333333332,0.9200350819921865,0.0,0.07333333333333333,0.0,0.0,0.0,0.0,0.0,29.0
bursty,structured,naive,phi,radioml,9,300,0.9933531384307775,0.9929236697615133,0.0,0.12666666666666668,1,0.0,0.0,29.0,53.33333333333332,0.8666864717641108,0.0,0.12666666666666668,0.0,0.0,0.0,0.0,0.0,29.0
bursty,structured,naive,phi,radioml,10,300,0.993390480549792,0.9929337724928063,0.0,0.21333333333333335,1,0.0,0.0,29.0,53.33333333333332,0.7800571472164588,0.0,0.21333333333333335,0.0,0.0,0.0,0.0,0.0,29.0
bursty,structured,naive,phi,radioml,11,300,0.9933707181034221,0.9926898084840363,0.0,0.18,1,0.0,0.0,29.0,53.33333333333332,0.8133707181034221,0.0,0.18,0.0,0.0,0.0,0.0,0.0,29.0
bursty,structured,naive,phi,radioml,12,300,0.9933880588430052,0.9928734996176503,0.0,0.27666666666666667,1,0.0,0.0,29.0,53.33333333333332,0.7167213921763386,0.0,0.27666666666666667,0.0,0.0,0.0,0.0,0.0,29.0
bursty,structured,naive,phi,radioml,13,300,0.9933555464016094,0.9928307729498382,0.0,0.16333333333333333,1,0.0,0.0,29.0,53.33333333333332,0.8300222130682761,0.0,0.16333333333333333,0.0,0.0,0.0,0.0,0.0,29.0
bursty,structured,naive,phi,radioml,14,300,0.9933416837193162,0.9926691829498359,0.0,0.24333333333333335,1,0.0,0.0,29.0,53.33333333333332,0.7500083503859829,0.0,0.24333333333333335,0.0,0.0,0.0,0.0,0.0,29.0
bursty,structured,naive,phi,radioml,15,300,0.9933903658717123,0.9929579729737326,0.0,0.1,1,0.0,0.0,29.0,53.33333333333332,0.8933903658717122,0.0,0.1,0.0,0.0,0.0,0.0,0.0,29.0
bursty,structured,naive,phi,radioml,16,300,0.9933617427284958,0.992766307420065,0.0,0.14333333333333334,1,0.0,0.0,29.0,53.33333333333332,0.8500284093951624,0.0,0.14333333333333334,0.0,0.0,0.0,0.0,0.0,29.0
bursty,structured,naive,phi,radioml,17,300,0.9933380317002981,0.9926838311917471,0.0,0.13666666666666666,1,0.0,0.0,29.0,53.33333333333332,0.8566713650336313,0.0,0.13666666666666666,0.0,0.0,0.0,0.0,0.0,29.0
bursty,structured,naive,phi,radioml,18,300,0.9933527383843007,0.9925954729263927,0.0,0.2,1,0.0,0.0,29.0,53.33333333333332,0.7933527383843008,0.0,0.2,0.0,0.0,0.0,0.0,0.0,29.0
bursty,structured,naive,phi,radioml,19,300,0.9933552022292971,0.9927797415483056,0.0,0.12666666666666668,1,0.0,0.0,29.0,53.33333333333332,0.8666885355626306,0.0,0.12666666666666668,0.0,0.0,0.0,0.0,0.0,29.0
bursty,structured,naive,phi,radioml,20,300,0.9933556828839574,0.9927694192481129,0.0,0.23333333333333334,1,0.0,0.0,29.0,53.33333333333332,0.7600223495506239,0.0,0.23333333333333334,0.0,0.0,0.0,0.0,0.0,29.0
bursty,structured,naive,phi,radioml,21,300,0.9933701624063277,0.9928975277988948,0.0,0.15,1,0.0,0.0,29.0,53.33333333333332,0.8433701624063277,0.0,0.15,0.0,0.0,0.0,0.0,0.0,29.0
bursty,structured,naive,phi,radioml,22,300,0.9933653892726371,0.9928475946641749,0.0,0.14666666666666667,1,0.0,0.0,29.0,53.33333333333332,0.8466987226059705,0.0,0.14666666666666667,0.0,0.0,0.0,0.0,0.0,29.0
bursty,structured,naive,phi,radioml,23,300,0.9933578176254891,0.9927716625375052,0.0,0.23666666666666666,1,0.0,0.0,29.0,53.33333333333332,0.7566911509588224,0.0,0.23666666666666666,0.0,0.0,0.0,0.0,0.0,29.0
bursty,structured,naive,phi,radioml,24,300,0.9933542126007395,0.9927172699351011,0.0,0.24333333333333335,1,0.0,0.0,29.0,53.33333333333332,0.750020879267406,0.0,0.24333333333333335,0.0,0.0,0.0,0.0,0.0,29.0
bursty,structured,naive,phi,radioml,25,300,0.9933748127310295,0.9928871581727663,0.0,0.1,1,0.0,0.0,29.0,53.33333333333332,0.8933748127310295,0.0,0.1,0.0,0.0,0.0,0.0,0.0,29.0
bursty,structured,naive,phi,radioml,26,300,0.9933356240249475,0.9927408881164929,0.0,0.13666666666666666,1,0.0,0.0,29.0,53.33333333333332,0.8566689573582809,0.0,0.13666666666666666,0.0,0.0,0.0,0.0,0.0,29.0
bursty,structured,naive,phi,radioml,27,300,0.9933611260553873,0.992890854623211,0.0,0.31333333333333335,1,0.0,0.0,29.0,53.33333333333332,0.6800277927220542,0.0,0.31333333333333335,0.0,0.0,0.0,0.0,0.0,29.0
bursty,structured,naive,phi,radioml,28,300,0.9933722665142822,0.9928583250985953,0.0,0.20333333333333334,1,0.0,0.0,29.0,53.33333333333332,0.7900389331809486,0.0,0.20333333333333334,0.0,0.0,0.0,0.0,0.0,29.0
bursty,structured,naive,phi,radioml,29,300,0.9933474624109899,0.9928918764527069,0.0,0.24333333333333335,1,0.0,0.0,29.0,53.33333333333332,0.7500141290776565,0.0,0.24333333333333335,0.0,0.0,0.0,0.0,0.0,29.0
backhaul,structured,naive,phi,radioml,0,300,0.9600989129078573,0.9140013271898002,0.0,0.13,1,0.0,0.0,29.0,53.33333333333332,0.8300989129078573,0.0,0.13,0.0,0.0,0.0,0.0,0.0,29.0
backhaul,structured,naive,phi,radioml,1,300,0.9571846950953052,0.9140012622477778,0.0,0.13666666666666666,1,0.0,0.0,29.0,53.33333333333332,0.8205180284286384,0.0,0.13666666666666666,0.0,0.0,0.0,0.0,0.0,29.0
backhaul,structured,naive,phi,radioml,2,300,0.9600988829894178,0.9140012337532565,0.0,0.19,1,0.0,0.0,29.0,53.33333333333332,0.770098882989418,0.0,0.19,0.0,0.0,0.0,0.0,0.0,29.0
backhaul,structured,naive,phi,radioml,3,300,0.9603638441508515,0.9140013665609188,0.0,0.18,1,0.0,0.0,29.0,53.33333333333332,0.7803638441508516,0.0,0.18,0.0,0.0,0.0,0.0,0.0,29.0
backhaul,structured,naive,phi,radioml,4,300,0.9600988948278689,0.9140012719699763,0.0,0.23,1,0.0,0.0,29.0,53.33333333333332,0.7300988948278688,0.0,0.23,0.0,0.0,0.0,0.0,0.0,29.0
backhaul,structured,naive,phi,radioml,5,300,0.959569054092332,0.9140013598463869,0.0,0.15666666666666668,1,0.0,0.0,29.0,53.33333333333332,0.8029023874256651,0.0,0.15666666666666668,0.0,0.0,0.0,0.0,0.0,29.0
backhaul,structured,naive,phi,radioml,6,300,0.9598339649537979,0.9140012881701702,0.0,0.12,1,0.0,0.0,29.0,53.33333333333332,0.8398339649537979,0.0,0.12,0.0,0.0,0.0,0.0,0.0,29.0
backhaul,structured,naive,phi,radioml,7,300,0.9582444039717473,0.9140011830041305,0.0,0.11333333333333333,1,0.0,0.0,29.0,53.33333333333332,0.844911070638414,0.0,0.11333333333333333,0.0,0.0,0.0,0.0,0.0,29.0
backhaul,structured,naive,phi,radioml,8,300,0.9632780419202779,0.914001324682379,0.0,0.17,1,0.0,0.0,29.0,53.33333333333332,0.7932780419202778,0.0,0.17,0.0,0.0,0.0,0.0,0.0,29.0
backhaul,structured,naive,phi,radioml,9,300,0.9632780402403966,0.9140013036381502,0.0,0.16666666666666666,1,0.0,0.0,29.0,53.33333333333332,0.79661137357373,0.0,0.16666666666666666,0.0,0.0,0.0,0.0,0.0,29.0
backhaul,structured,naive,phi,radioml,10,300,0.9585093326150786,0.914001316805252,0.0,0.14333333333333334,1,0.0,0.0,29.0,53.33333333333332,0.8151759992817453,0.0,0.14333333333333334,0.0,0.0,0.0,0.0,0.0,29.0
backhaul,structured,naive,phi,radioml,11,300,0.9616884666512455,0.9140012837922394,0.0,0.26666666666666666,1,0.0,0.0,29.0,53.33333333333332,0.6950217999845787,0.0,0.26666666666666666,0.0,0.0,0.0,0.0,0.0,29.0
backhaul,structured,naive,phi,radioml,12,300,0.9593041121426268,0.9140012899745891,0.0,0.29,1,0.0,0.0,29.0,53.33333333333332,0.6693041121426268,0.0,0.29,0.0,0.0,0.0,0.0,0.0,29.0
backhaul,structured,naive,phi,radioml,13,300,0.9571846789444923,0.9140012565932533,0.0,0.14666666666666667,1,0.0,0.0,29.0,53.33333333333332,0.8105180122778256,0.0,0.14666666666666667,0.0,0.0,0.0,0.0,0.0,29.0
backhaul,structured,naive,phi,radioml,14,300,0.9611585773431377,0.9140012638133693,0.0,0.10666666666666667,1,0.0,0.0,29.0,53.33333333333332,0.854491910676471,0.0,0.10666666666666667,0.0,0.0,0.0,0.0,0.0,29.0
backhaul,structured,naive,phi,radioml,15,300,0.9651325272354253,0.9140013279014737,0.0,0.24,1,0.0,0.0,29.0,53.33333333333332,0.7251325272354253,0.0,0.24,0.0,0.0,0.0,0.0,0.0,29.0
backhaul,structured,naive,phi,radioml,16,300,0.9600988977098442,0.9140012814275069,0.0,0.14,1,0.0,0.0,29.0,53.33333333333332,0.820098897709844,0.0,0.14,0.0,0.0,0.0,0.0,0.0,29.0
backhaul,structured,naive,phi,radioml,17,300,0.9611586024894617,0.9140012841616914,0.0,0.12,1,0.0,0.0,29.0,53.33333333333332,0.8411586024894618,0.0,0.12,0.0,0.0,0.0,0.0,0.0,29.0
backhaul,structured,naive,phi,radioml,18,300,0.9630130978844134,0.9140013019385755,0.0,0.16,1,0.0,0.0,29.0,53.33333333333332,0.8030130978844134,0.0,0.16,0.0,0.0,0.0,0.0,0.0,29.0
backhaul,structured,naive,phi,radioml,19,300,0.9622183249903031,0.9140013082193579,0.0,0.17333333333333334,1,0.0,0.0,29.0,53.33333333333332,0.7888849916569697,0.0,0.17333333333333334,0.0,0.0,0.0,0.0,0.0,29.0
backhaul,structured,naive,phi,radioml,20,300,0.9606287311925011,0.9140012558883094,0.0,0.16333333333333333,1,0.0,0.0,29.0,53.33333333333332,0.7972953978591677,0.0,0.16333333333333333,0.0,0.0,0.0,0.0,0.0,29.0
backhaul,structured,naive,phi,radioml,21,300,0.9595690540894386,0.9140012852147026,0.0,0.2633333333333333,1,0.0,0.0,29.0,53.33333333333332,0.6962357207561053,0.0,0.2633333333333333,0.0,0.0,0.0,0.0,0.0,29.0
backhaul,structured,naive,phi,radioml,22,300,0.9611586168372815,0.914001196201211,0.0,0.18333333333333332,1,0.0,0.0,29.0,53.33333333333332,0.7778252835039481,0.0,0.18333333333333332,0.0,0.0,0.0,0.0,0.0,29.0
backhaul,structured,naive,phi,radioml,23,300,0.9608937024003769,0.9140013687103413,0.0,0.20333333333333334,1,0.0,0.0,29.0,53.33333333333332,0.7575603690670435,0.0,0.20333333333333334,0.0,0.0,0.0,0.0,0.0,29.0
backhaul,structured,naive,phi,radioml,24,300,0.9616884577425328,0.9140012727551937,0.0,0.21,1,0.0,0.0,29.0,53.33333333333332,0.7516884577425327,0.0,0.21,0.0,0.0,0.0,0.0,0.0,29.0
backhaul,structured,naive,phi,radioml,25,300,0.9611586259700232,0.9140013023902122,0.0,0.2,1,0.0,0.0,29.0,53.33333333333332,0.7611586259700233,0.0,0.2,0.0,0.0,0.0,0.0,0.0,29.0
backhaul,structured,naive,phi,radioml,26,300,0.964602673734172,0.9140012808963529,0.0,0.25,1,0.0,0.0,29.0,53.33333333333332,0.7146026737341721,0.0,0.25,0.0,0.0,0.0,0.0,0.0,29.0
backhaul,structured,naive,phi,radioml,27,300,0.9611586184814072,0.9140012791678167,0.0,0.19,1,0.0,0.0,29.0,53.33333333333332,0.771158618481407,0.0,0.19,0.0,0.0,0.0,0.0,0.0,29.0
backhaul,structured,naive,phi,radioml,28,300,0.9624832569047843,0.9140013140821158,0.0,0.15,1,0.0,0.0,29.0,53.33333333333332,0.8124832569047843,0.0,0.15,0.0,0.0,0.0,0.0,0.0,29.0
backhaul,structured,naive,phi,radioml,29,300,0.9630131002529705,0.9140012646823857,0.0,0.2733333333333333,1,0.0,0.0,29.0,53.33333333333332,0.689679766919637,0.0,0.2733333333333333,0.0,0.0,0.0,0.0,0.0,29.0
compromised_xapp,structured,naive,phi,radioml,0,300,0.9933373579440998,0.9929974318153743,0.0,0.28,1,0.0,0.0,29.0,53.33333333333332,0.7133373579440998,0.0,0.15666666666666668,0.14333333333333334,0.0,0.0,0.0,0.0,29.0
compromised_xapp,structured,naive,phi,radioml,1,300,0.9933448025599664,0.9930690968104259,0.0,0.3233333333333333,1,0.0,0.0,29.0,53.33333333333332,0.670011469226633,0.0,0.23333333333333334,0.12666666666666668,0.0,0.0,0.0,0.0,29.0
compromised_xapp,structured,naive,phi,radioml,2,300,0.9933477572658754,0.993059169267629,0.0,0.39666666666666667,1,0.0,0.0,29.0,53.33333333333332,0.5966810905992089,0.0,0.3233333333333333,0.10666666666666667,0.0,0.0,0.0,0.0,29.0
compromised_xapp,structured,naive,phi,radioml,3,300,0.9933452007595089,0.9930402721077545,0.0,0.37,1,0.0,0.0,29.0,53.33333333333332,0.623345200759509,0.0,0.2833333333333333,0.13,0.0,0.0,0.0,0.0,29.0
compromised_xapp,structured,naive,phi,radioml,4,300,0.9933342584236716,0.9930351854690096,0.0,0.30333333333333334,1,0.0,0.0,29.0,53.33333333333332,0.6900009250903385,0.0,0.21666666666666667,0.10333333333333333,0.0,0.0,0.0,0.0,29.0
compromised_xapp,structured,naive,phi,radioml,5,300,0.9933407054888107,0.9930102076768884,0.0,0.33666666666666667,1,0.0,0.0,29.0,53.33333333333332,0.6566740388221439,0.0,0.26,0.11333333333333333,0.0,0.0,0.0,0.0,29.0
compromised_xapp,structured,naive,phi,radioml,6,300,0.9933353559642732,0.9929531480278595,0.0,0.2966666666666667,1,0.0,0.0,29.0,53.33333333333332,0.6966686892976064,0.0,0.19666666666666666,0.13,0.0,0.0,0.0,0.0,29.0
compromised_xapp,structured,naive,phi,radioml,7,300,0.9933460878749363,0.9930468053214481,0.0,0.34,1,0.0,0.0,29.0,53.33333333333332,0.6533460878749363,0.0,0.23,0.12666666666666668,0.0,0.0,0.0,0.0,29.0
compromised_xapp,structured,naive,phi,radioml,8,300,0.9933338573501078,0.9929756803712362,0.0,0.23666666666666666,1,0.0,0.0,29.0,53.33333333333332,0.7566671906834411,0.0,0.13,0.12333333333333334,0.0,0.0,0.0,0.0,29.0
compromised_xapp,structured,naive,phi,radioml,9,300,0.9933462632547688,0.9930441477807646,0.0,0.25666666666666665,1,0.0,0.0,29.0,53.33333333333332,0.7366795965881022,0.0,0.18666666666666668,0.09,0.0,0.0,0.0,0.0,29.0
compromised_xapp,structured,naive,phi,radioml,10,300,0.9933365992643314,0.9929295072244986,0.0,0.36333333333333334,1,0.0,0.0,29.0,53.33333333333332,0.630003265930998,0.0,0.2733333333333333,0.10666666666666667,0.0,0.0,0.0,0.0,29.0
compromised_xapp,structured,naive,phi,radioml,11,300,0.9933440073166128,0.9930573092018291,0.0,0.27666666666666667,1,0.0,0.0,29.0,53.33333333333332,0.716677340649946,0.0,0.2,0.1,0.0,0.0,0.0,0.0,29.0
compromised_xapp,structured,naive,phi,radioml,12,300,0.9933398092576393,0.9930144179541209,0.0,0.34,1,0.0,0.0,29.0,53.33333333333332,0.6533398092576393,0.0,0.2966666666666667,0.09,0.0,0.0,0.0,0.0,29.0
compromised_xapp,structured,naive,phi,radioml,13,300,0.9933615284390347,0.9930641241239225,0.0,0.28,1,0.0,0.0,29.0,53.33333333333332,0.7133615284390347,0.0,0.2,0.11,0.0,0.0,0.0,0.0,29.0
compromised_xapp,structured,naive,phi,radioml,14,300,0.9933478463284001,0.9930269857154966,0.0,0.32666666666666666,1,0.0,0.0,29.0,53.33333333333332,0.6666811796617337,0.0,0.22666666666666666,0.13,0.0,0.0,0.0,0.0,29.0
compromised_xapp,structured,naive,phi,radioml,15,300,0.9933466921900302,0.9930704272357295,0.0,0.2866666666666667,1,0.0,0.0,29.0,53.33333333333332,0.7066800255233637,0.0,0.19333333333333333,0.11666666666666667,0.0,0.0,0.0,0.0,29.0
compromised_xapp,structured,naive,phi,radioml,16,300,0.9933233884864705,0.9929552798859956,0.0,0.30333333333333334,1,0.0,0.0,29.0,53.33333333333332,0.6899900551531372,0.0,0.25,0.1,0.0,0.0,0.0,0.0,29.0
compromised_xapp,structured,naive,phi,radioml,17,300,0.9933240466239821,0.9929667100944097,0.0,0.37666666666666665,1,0.0,0.0,29.0,53.33333333333332,0.6166573799573155,0.0,0.25666666666666665,0.13,0.0,0.0,0.0,0.0,29.0
compromised_xapp,structured,naive,phi,radioml,18,300,0.9933298429435848,0.9930147044743143,0.0,0.2833333333333333,1,0.0,0.0,29.0,53.33333333333332,0.7099965096102515,0.0,0.2,0.12,0.0,0.0,0.0,0.0,29.0
compromised_xapp,structured,naive,phi,radioml,19,300,0.993333242856819,0.9929728841109962,0.0,0.34,1,0.0,0.0,29.0,53.33333333333332,0.6533332428568189,0.0,0.25333333333333335,0.10666666666666667,0.0,0.0,0.0,0.0,29.0
compromised_xapp,structured,naive,phi,radioml,20,300,0.9933502646758414,0.9930669166088275,0.0,0.4,1,0.0,0.0,29.0,53.33333333333332,0.5933502646758414,0.0,0.31333333333333335,0.14666666666666667,0.0,0.0,0.0,0.0,29.0
compromised_xapp,structured,naive,phi,radioml,21,300,0.9933551051968306,0.9930922872718646,0.0,0.31333333333333335,1,0.0,0.0,29.0,53.33333333333332,0.6800217718634972,0.0,0.24666666666666667,0.09666666666666666,0.0,0.0,0.0,0.0,29.0
compromised_xapp,structured,naive,phi,radioml,22,300,0.993349098407892,0.9930961408826968,0.0,0.35333333333333333,1,0.0,0.0,29.0,53.33333333333332,0.6400157650745587,0.0,0.22666666666666666,0.15333333333333332,0.0,0.0,0.0,0.0,29.0
compromised_xapp,structured,naive,phi,radioml,23,300,0.9933452820182375,0.9930713775615861,0.0,0.32,1,0.0,0.0,29.0,53.33333333333332,0.6733452820182376,0.0,0.23333333333333334,0.11333333333333333,0.0,0.0,0.0,0.0,29.0
compromised_xapp,structured,naive,phi,radioml,24,300,0.993325121510086,0.9929347670608308,0.0,0.31666666666666665,1,0.0,0.0,29.0,53.33333333333332,0.6766584548434194,0.0,0.22333333333333333,0.12666666666666668,0.0,0.0,0.0,0.0,29.0
compromised_xapp,structured,naive,phi,radioml,25,300,0.9933248254153351,0.9928939703103623,0.0,0.31666666666666665,1,0.0,0.0,29.0,53.33333333333332,0.6766581587486684,0.0,0.23666666666666666,0.09666666666666666,0.0,0.0,0.0,0.0,29.0
compromised_xapp,structured,naive,phi,radioml,26,300,0.993347083277363,0.9930535844118541,0.0,0.22,1,0.0,0.0,29.0,53.33333333333332,0.773347083277363,0.0,0.13,0.12,0.0,0.0,0.0,0.0,29.0
compromised_xapp,structured,naive,phi,radioml,27,300,0.9933689800178102,0.9931166173387059,0.0,0.44,1,0.0,0.0,29.0,53.33333333333332,0.5533689800178103,0.0,0.37666666666666665,0.1,0.0,0.0,0.0,0.0,29.0
compromised_xapp,structured,naive,phi,radioml,28,300,0.9933491926502456,0.9930372612215347,0.0,0.19666666666666666,1,0.0,0.0,29.0,53.33333333333332,0.7966825259835789,0.0,0.10666666666666667,0.10333333333333333,0.0,0.0,0.0,0.0,29.0
compromised_xapp,structured,naive,phi,radioml,29,300,0.9933481675806828,0.9930507981037844,0.0,0.35,1,0.0,0.0,29.0,53.33333333333332,0.6433481675806828,0.0,0.26666666666666666,0.13,0.0,0.0,0.0,0.0,29.0
compound,structured,naive,phi,radioml,0,300,0.9561840616858357,0.8726033514344242,0.0,0.45,1,0.0,0.0,29.0,53.33333333333332,0.5061840616858356,0.0,0.19333333333333333,0.3233333333333333,0.0,0.0,0.0,0.0,29.0
compound,structured,naive,phi,radioml,1,300,0.9569308066138702,0.8763059048678542,0.0,0.39666666666666667,1,0.0,0.0,29.0,53.33333333333332,0.5602641399472035,0.0,0.14,0.31333333333333335,0.0,0.0,0.0,0.0,29.0
compound,structured,naive,phi,radioml,2,300,0.9576624684028107,0.8745873720262085,0.0,0.39666666666666667,1,0.0,0.0,29.0,53.33333333333332,0.560995801736144,0.0,0.16,0.2866666666666667,0.0,0.0,0.0,0.0,29.0
compound,structured,naive,phi,radioml,3,300,0.9572864281518135,0.869808853123919,0.0,0.44,1,0.0,0.0,29.0,53.33333333333332,0.5172864281518137,0.0,0.21333333333333335,0.2866666666666667,0.0,0.0,0.0,0.0,29.0
compound,structured,naive,phi,radioml,4,300,0.9559418183894453,0.8766658364993992,0.0,0.43666666666666665,1,0.0,0.0,29.0,53.33333333333332,0.5192751517227786,0.0,0.18333333333333332,0.31,0.0,0.0,0.0,0.0,29.0
compound,structured,naive,phi,radioml,5,300,0.9566717098414951,0.8798447459537155,0.0,0.4066666666666667,1,0.0,0.0,29.0,53.33333333333332,0.5500050431748286,0.0,0.15333333333333332,0.31333333333333335,0.0,0.0,0.0,0.0,29.0
compound,structured,naive,phi,radioml,6,300,0.9576975155327349,0.8757236584819716,0.0,0.42333333333333334,1,0.0,0.0,29.0,53.33333333333332,0.5343641821994014,0.0,0.21,0.32,0.0,0.0,0.0,0.0,29.0
compound,structured,naive,phi,radioml,7,300,0.9583354249087009,0.876423902210094,0.0,0.4266666666666667,1,0.0,0.0,29.0,53.33333333333332,0.5316687582420343,0.0,0.19,0.30333333333333334,0.0,0.0,0.0,0.0,29.0
compound,structured,naive,phi,radioml,8,300,0.9589178890175708,0.8808292014902842,0.0,0.4633333333333333,1,0.0,0.0,29.0,53.33333333333332,0.49558455568423765,0.0,0.20666666666666667,0.31,0.0,0.0,0.0,0.0,29.0
compound,structured,naive,phi,radioml,9,300,0.9597479821267393,0.8786288421325213,0.0,0.33,1,0.0,0.0,29.0,53.33333333333332,0.6297479821267395,0.0,0.07666666666666666,0.27,0.0,0.0,0.0,0.0,29.0
compound,structured,naive,phi,radioml,10,300,0.9542667941089487,0.8872013209025579,0.0,0.45,1,0.0,0.0,29.0,53.33333333333332,0.5042667941089487,0.0,0.21666666666666667,0.32666666666666666,0.0,0.0,0.0,0.0,29.0
compound,structured,naive,phi,radioml,11,300,0.9554552546730446,0.8635403124793941,0.0,0.4766666666666667,2,0.0,0.0,29.0,53.33333333333332,0.47878858800637775,0.0,0.29,0.25333333333333335,0.0,0.0,0.0,0.0,29.0
compound,structured,naive,phi,radioml,12,300,0.9580965372085234,0.868919843470632,0.0,0.5066666666666667,1,0.0,0.0,29.0,53.33333333333332,0.45142987054185674,0.0,0.32,0.2633333333333333,0.0,0.0,0.0,0.0,29.0
compound,structured,naive,phi,radioml,13,300,0.9586817185680203,0.8654315087353411,0.0,0.36666666666666664,1,0.0,0.0,29.0,53.33333333333332,0.5920150519013535,0.0,0.16666666666666666,0.2633333333333333,0.0,0.0,0.0,0.0,29.0
compound,structured,naive,phi,radioml,14,300,0.9555935569354381,0.8752463704930332,0.0,0.47333333333333333,1,0.0,0.0,29.0,53.33333333333332,0.4822602236021046,0.0,0.31666666666666665,0.31333333333333335,0.0,0.0,0.0,0.0,29.0
compound,structured,naive,phi,radioml,15,300,0.9552325818673493,0.8843842099107792,0.0,0.48333333333333334,1,0.0,0.0,29.0,53.33333333333332,0.471899248534016,0.0,0.29,0.2866666666666667,0.0,0.0,0.0,0.0,29.0
compound,structured,naive,phi,radioml,16,300,0.9555335812618102,0.8813795212750882,0.0,0.4,1,0.0,0.0,29.0,53.33333333333332,0.5555335812618104,0.0,0.16,0.3,0.0,0.0,0.0,0.0,29.0
compound,structured,naive,phi,radioml,17,300,0.9555219082132567,0.882011499021122,0.0,0.42,1,0.0,0.0,29.0,53.33333333333332,0.5355219082132566,0.0,0.10666666666666667,0.35,0.0,0.0,0.0,0.0,29.0
compound,structured,naive,phi,radioml,18,300,0.9602320624849977,0.908717916459224,0.0,0.38333333333333336,1,0.0,0.0,29.0,53.33333333333332,0.5768987291516644,0.0,0.12,0.31,0.0,0.0,0.0,0.0,29.0
compound,structured,naive,phi,radioml,19,300,0.9565360636168646,0.8886824009324178,0.0,0.4666666666666667,1,0.0,0.0,29.0,53.33333333333332,0.4898693969501981,0.0,0.21,0.3333333333333333,0.0,0.0,0.0,0.0,29.0
compound,structured,naive,phi,radioml,20,300,0.9610622417069525,0.8888998711749364,0.0,0.35,1,0.0,0.0,29.0,53.33333333333332,0.6110622417069526,0.0,0.10666666666666667,0.28,0.0,0.0,0.0,0.0,29.0
compound,structured,naive,phi,radioml,21,300,0.9564090243330906,0.8894351703631207,0.0,0.43,1,0.0,0.0,29.0,53.33333333333332,0.5264090243330908,0.0,0.16666666666666666,0.33,0.0,0.0,0.0,0.0,29.0
compound,structured,naive,phi,radioml,22,300,0.9591899577747317,0.8830040309533921,0.0,0.51,1,0.0,0.0,29.0,53.33333333333332,0.44918995777473164,0.0,0.26666666666666666,0.30333333333333334,0.0,0.0,0.0,0.0,29.0
compound,structured,naive,phi,radioml,23,300,0.961794140261386,0.9018596424657926,0.0,0.4033333333333333,1,0.0,0.0,29.0,53.33333333333332,0.5584608069280528,0.0,0.23666666666666666,0.25333333333333335,0.0,0.0,0.0,0.0,29.0
compound,structured,naive,phi,radioml,24,300,0.9583238927576656,0.9088946285177779,0.0,0.37666666666666665,1,0.0,0.0,29.0,53.33333333333332,0.5816572260909988,0.0,0.06666666666666667,0.33,0.0,0.0,0.0,0.0,29.0
compound,structured,naive,phi,radioml,25,300,0.9602554093574974,0.9061466336659769,0.0,0.35333333333333333,2,0.0,0.0,29.0,53.33333333333332,0.6069220760241643,0.0,0.10333333333333333,0.2866666666666667,0.0,0.0,0.0,0.0,29.0
compound,structured,naive,phi,radioml,26,300,0.9606753486913905,0.8827592118918284,0.0,0.4033333333333333,1,0.0,0.0,29.0,53.33333333333332,0.5573420153580569,0.0,0.14666666666666667,0.31,0.0,0.0,0.0,0.0,29.0
compound,structured,naive,phi,radioml,27,300,0.9511267791103312,0.8646106907312093,0.0,0.49333333333333335,1,0.0,0.0,29.0,53.33333333333332,0.4577934457769977,0.0,0.22666666666666666,0.36,0.0,0.0,0.0,0.0,29.0
compound,structured,naive,phi,radioml,28,300,0.9554063303072162,0.866960774094554,0.0,0.4533333333333333,1,0.0,0.0,29.0,53.33333333333332,0.502072996973883,0.0,0.20666666666666667,0.29,0.0,0.0,0.0,0.0,29.0
compound,structured,naive,phi,radioml,29,300,0.9532462346702888,0.8639314732672916,0.0,0.44333333333333336,1,0.0,0.0,29.0,53.33333333333332,0.5099129013369555,0.0,0.25333333333333335,0.2966666666666667,0.0,0.0,0.0,0.0,29.0
narrowband,shield_repair,adaptive,phi,radioml,0,300,0.9844917893576095,0.9739376578413663,0.0,0.26666666666666666,1,0.0,0.0,28.266666666666666,49.4085987282327,0.7178251226909428,0.0,0.21333333333333335,0.0,0.0,1.0,0.0,0.06,30.0
narrowband,shield_repair,adaptive,phi,radioml,1,300,0.9861366937418501,0.9739898210151937,0.0,0.24666666666666667,1,0.0,0.0,28.226666666666667,50.60981909704784,0.7394700270751833,0.0,0.22,0.0,0.0,1.0,0.0,0.043333333333333335,30.0
narrowband,shield_repair,adaptive,phi,radioml,2,300,0.9852495717275443,0.9739828249869668,0.0,0.18,1,0.0,0.0,28.25,47.050974242851,0.8052495717275444,0.0,0.10333333333333333,0.0,0.0,1.0,0.0,0.08,30.0
narrowband,shield_repair,adaptive,phi,radioml,3,300,0.9855622666581407,0.9739822223384855,0.0,0.24666666666666667,1,0.0,0.0,28.613333333333333,51.427168130199135,0.738895599991474,0.0,0.14666666666666667,0.0,0.0,1.0,0.0,0.1,30.0
narrowband,shield_repair,adaptive,phi,radioml,4,300,0.9859282656946458,0.9739821060752091,0.0,0.16666666666666666,1,0.0,0.0,28.266666666666666,48.09306027915126,0.8192615990279789,0.0,0.14,0.0,0.0,1.0,0.0,0.02666666666666667,30.0
narrowband,shield_repair,adaptive,phi,radioml,5,300,0.9844990234537598,0.9739435866653058,0.0,0.20666666666666667,1,0.0,0.0,28.24,41.76154942370726,0.7778323567870933,0.0,0.15333333333333332,0.0,0.0,1.0,0.0,0.07,30.0
narrowband,shield_repair,adaptive,phi,radioml,6,300,0.9859683525781933,0.9739779373573243,0.0,0.17,1,0.0,0.0,28.13,45.497499818773974,0.8159683525781934,0.0,0.13666666666666666,0.0,0.0,1.0,0.0,0.03666666666666667,30.0
narrowband,shield_repair,adaptive,phi,radioml,7,300,0.9859122917431038,0.9739969167586201,0.0,0.12333333333333334,1,0.0,0.0,28.16,54.12998329526437,0.8625789584097705,0.0,0.11,0.0,0.0,1.0,0.0,0.013333333333333334,30.0
narrowband,shield_repair,adaptive,phi,radioml,8,300,0.9817436160815903,0.973964743091359,0.0,0.1,1,0.0,0.0,28.45,52.68078455887018,0.8817436160815904,0.0,0.07333333333333333,0.0,0.0,1.0,0.0,0.03666666666666667,30.0
narrowband,shield_repair,adaptive,phi,radioml,9,300,0.9855779340432197,0.9739862919898357,0.0,0.13,1,0.0,0.0,28.253333333333334,45.84800795967427,0.8555779340432198,0.0,0.09,0.0,0.0,1.0,0.0,0.04,30.0
narrowband,shield_repair,adaptive,phi,radioml,10,300,0.985405777703985,0.9736634854149365,0.0,0.13666666666666666,1,0.0,0.0,28.143333333333334,49.16427073304225,0.8487391110373184,0.0,0.07333333333333333,0.0,0.0,1.0,0.0,0.07666666666666666,30.0
narrowband,shield_repair,adaptive,phi,radioml,11,300,0.9865543409989592,0.9739908731372924,0.0,0.13,1,0.0,0.0,28.26,47.87088215736342,0.8565543409989592,0.0,0.09333333333333334,0.0,0.0,1.0,0.0,0.043333333333333335,30.0
narrowband,shield_repair,adaptive,phi,radioml,12,300,0.9849338939286149,0.973964453395645,0.0,0.12,1,0.0,0.0,27.933333333333334,48.36457080997842,0.8649338939286149,0.0,0.08333333333333333,0.0,0.0,1.0,0.0,0.04,30.0
narrowband,shield_repair,adaptive,phi,radioml,13,300,0.9818235550879912,0.9739806114379885,0.0,0.24333333333333335,1,0.0,0.0,28.03,42.41749122265496,0.738490221754658,0.0,0.24,0.0,0.0,1.0,0.0,0.016666666666666666,30.0
narrowband,shield_repair,adaptive,phi,radioml,14,300,0.9853956871953596,0.9739919389917048,0.0,0.12666666666666668,1,0.0,0.0,28.126666666666665,46.75367543551078,0.8587290205286929,0.0,0.09,0.0,0.0,1.0,0.0,0.04,30.0
narrowband,shield_repair,adaptive,phi,radioml,15,300,0.9856215393858581,0.9739779762077408,0.0,0.12,1,0.0,0.0,28.286666666666665,49.878317373368134,0.8656215393858581,0.0,0.08333333333333333,0.0,0.0,1.0,0.0,0.03666666666666667,30.0
narrowband,shield_repair,adaptive,phi,radioml,16,300,0.9837666802681188,0.9739877910022041,0.0,0.21666666666666667,1,0.0,0.0,28.52,48.741315606917816,0.7671000136014521,0.0,0.1,0.0,0.0,1.0,0.0,0.15,30.0
narrowband,shield_repair,adaptive,phi,radioml,17,300,0.9849641764408432,0.9739853483706934,0.0,0.11666666666666667,1,0.0,0.0,28.3,47.137665377761635,0.8682975097741765,0.0,0.11333333333333333,0.0,0.0,1.0,0.0,0.013333333333333334,30.0
narrowband,shield_repair,adaptive,phi,radioml,18,300,0.9854911146467096,0.9739825745644034,0.0,0.1,1,0.0,0.0,28.36,45.850096307019214,0.8854911146467096,0.0,0.07666666666666666,0.0,0.0,1.0,0.0,0.023333333333333334,30.0
narrowband,shield_repair,adaptive,phi,radioml,19,300,0.985528050412233,0.9739863027328315,0.0,0.12666666666666668,1,0.0,0.0,28.343333333333334,51.26726311249606,0.8588613837455663,0.0,0.09,0.0,0.0,1.0,0.0,0.043333333333333335,30.0
narrowband,shield_repair,adaptive,phi,radioml,20,300,0.9865806593868877,0.9739969225115689,0.0,0.17333333333333334,1,0.0,0.0,28.273333333333333,45.62060643839904,0.8132473260535542,0.0,0.16666666666666666,0.0,0.0,1.0,0.0,0.006666666666666667,30.0
narrowband,shield_repair,adaptive,phi,radioml,21,300,0.9861925592066676,0.9739907179265379,0.0,0.17,1,0.0,0.0,28.283333333333335,49.632352337186,0.8161925592066673,0.0,0.14333333333333334,0.0,0.0,1.0,0.0,0.03666666666666667,30.0
narrowband,shield_repair,adaptive,phi,radioml,22,300,0.9832253723147378,0.9739851916215154,0.0,0.19,1,0.0,0.0,28.21,48.150145491639186,0.7932253723147379,0.0,0.12666666666666668,0.0,0.0,1.0,0.0,0.07333333333333333,30.0
narrowband,shield_repair,adaptive,phi,radioml,23,300,0.9812033430332716,0.973946347905173,0.0,0.17666666666666667,1,0.0,0.0,28.123333333333335,44.79700609465451,0.804536676366605,0.0,0.16,0.0,0.0,1.0,0.0,0.05333333333333334,30.0
narrowband,shield_repair,adaptive,phi,radioml,24,300,0.984961886106741,0.9739895912621074,0.0,0.12666666666666668,1,0.0,0.0,28.293333333333333,44.46202030962182,0.8582952194400741,0.0,0.09666666666666666,0.0,0.0,1.0,0.0,0.03,30.0
narrowband,shield_repair,adaptive,phi,radioml,25,300,0.9845291042271168,0.9739819658026193,0.0,0.17666666666666667,1,0.0,0.0,28.343333333333334,48.507644058608236,0.8078624375604502,0.0,0.16,0.0,0.0,1.0,0.0,0.03333333333333333,30.0
narrowband,shield_repair,adaptive,phi,radioml,26,300,0.9848380083576914,0.9739750739829026,0.0,0.15333333333333332,1,0.0,0.0,28.26,52.57496872856443,0.8315046750243581,0.0,0.11666666666666667,0.0,0.0,1.0,0.0,0.04,30.0
narrowband,shield_repair,adaptive,phi,radioml,27,300,0.9854146819891988,0.9739732733394743,0.0,0.18333333333333332,1,0.0,0.0,28.136666666666667,40.370754176008475,0.8020813486558654,0.0,0.14333333333333334,0.0,0.0,1.0,0.0,0.05,30.0
narrowband,shield_repair,adaptive,phi,radioml,28,300,0.9856754354110369,0.973997555295678,0.0,0.16,1,0.0,0.0,27.9,49.4241070218918,0.8256754354110367,0.0,0.15333333333333332,0.0,0.0,1.0,0.0,0.006666666666666667,30.0
narrowband,shield_repair,adaptive,phi,radioml,29,300,0.9853316879162393,0.9739841356901675,0.0,0.18,1,0.0,0.0,28.223333333333333,45.39947662701738,0.8053316879162392,0.0,0.15,0.0,0.0,1.0,0.0,0.05333333333333334,30.0
wideband,shield_repair,adaptive,phi,radioml,0,300,0.9084406293288598,0.4471037589383401,0.0,0.56,1,0.0,0.0,28.743333333333332,53.056242393515525,0.34844062932885994,0.0,0.14666666666666667,0.0,0.0,1.0,0.0,0.4866666666666667,30.0
wideband,shield_repair,adaptive,phi,radioml,1,300,0.8817066987130507,0.20791365295748815,0.0,0.5466666666666666,1,0.0,0.0,28.76,47.680898236371355,0.33504003204638394,0.0,0.15666666666666668,0.0,0.0,1.0,0.0,0.4866666666666667,30.0
wideband,shield_repair,adaptive,phi,radioml,2,300,0.9110492903371407,0.5189223320120157,0.0,0.56,1,0.0,0.0,28.96,50.43301313911102,0.3510492903371406,0.0,0.18666666666666668,0.0,0.0,1.0,0.0,0.4866666666666667,30.0
wideband,shield_repair,adaptive,phi,radioml,3,300,0.9000389083132336,0.4429074584798164,0.0,0.5466666666666666,1,0.0,0.0,28.86,48.42119868410474,0.35337224164656683,0.0,0.24333333333333335,0.0,0.0,1.0,0.0,0.4666666666666667,30.0
wideband,shield_repair,adaptive,phi,radioml,4,300,0.9131349588869622,0.5275819771194723,0.0,0.61,1,0.0,0.0,28.95,51.31067143263976,0.30313495888696196,0.0,0.25333333333333335,0.0,0.0,1.0,0.0,0.57,30.0
wideband,shield_repair,adaptive,phi,radioml,5,300,0.8867692431795369,0.255580243203685,0.0,0.5266666666666666,1,0.0,0.0,28.893333333333334,53.422515863912864,0.3601025765128702,0.0,0.17666666666666667,0.0,0.0,1.0,0.0,0.5066666666666667,30.0
wideband,shield_repair,adaptive,phi,radioml,6,300,0.9061431144850889,0.440216151772854,0.0,0.5533333333333333,1,0.0,0.0,28.863333333333333,48.5008036510319,0.35280978115175543,0.0,0.17666666666666667,0.0,0.0,1.0,0.0,0.4666666666666667,30.0
wideband,shield_repair,adaptive,phi,radioml,7,300,0.9015226392697155,0.47001082625995644,0.0,0.4866666666666667,2,0.0,0.0,28.893333333333334,50.26003653839825,0.41485597260304896,0.0,0.16333333333333333,0.0,0.0,1.0,0.0,0.4166666666666667,30.0
wideband,shield_repair,adaptive,phi,radioml,8,300,0.9214940119144177,0.6226280971171372,0.0,0.5133333333333333,1,0.0,0.0,29.006666666666668,50.923366518624825,0.40816067858108435,0.0,0.09333333333333334,0.0,0.0,1.0,0.0,0.47333333333333333,30.0
wideband,shield_repair,adaptive,phi,radioml,9,300,0.9018658325323736,0.44751839423364304,0.0,0.5366666666666666,1,0.0,0.0,28.856666666666666,44.02473228587317,0.36519916586570694,0.0,0.17,0.0,0.0,1.0,0.0,0.48,30.0
wideband,shield_repair,adaptive,phi,radioml,10,300,0.8937479625033103,0.45000365860557046,0.0,0.46,1,0.0,0.0,28.71,45.240520769573216,0.4337479625033103,0.0,0.16666666666666666,0.0,0.0,1.0,0.0,0.38,30.0
wideband,shield_repair,adaptive,phi,radioml,11,300,0.913054804043141,0.5052824098499966,0.0,0.55,1,0.0,0.0,28.783333333333335,47.123429384872104,0.363054804043141,0.0,0.19333333333333333,0.0,0.0,1.0,0.0,0.5166666666666667,30.0
wideband,shield_repair,adaptive,phi,radioml,12,300,0.9104833715524677,0.5142641561213497,0.0,0.4666666666666667,1,0.0,0.0,28.69,48.37423674396595,0.44381670488580105,0.0,0.11333333333333333,0.0,0.0,1.0,0.0,0.41333333333333333,30.0
wideband,shield_repair,adaptive,phi,radioml,13,300,0.9157940004801789,0.5175465756826624,0.0,0.5566666666666666,1,0.0,0.0,28.813333333333333,42.92716848501266,0.3591273338135122,0.0,0.20666666666666667,0.0,0.0,1.0,0.0,0.5233333333333333,30.0
wideband,shield_repair,adaptive,phi,radioml,14,300,0.9002373461299537,0.4681069537347136,0.0,0.6,3,0.0,0.0,28.95,50.380139116469344,0.3002373461299538,0.0,0.13,0.0,0.0,1.0,0.0,0.5566666666666666,30.0
wideband,shield_repair,adaptive,phi,radioml,15,300,0.8925385086983908,0.37612708731990513,0.0,0.5333333333333333,1,0.0,0.0,28.933333333333334,48.48584348681018,0.35920517536505747,0.0,0.14333333333333334,0.0,0.0,1.0,0.0,0.49,30.0
wideband,shield_repair,adaptive,phi,radioml,16,300,0.9142902771866795,0.4950386340430731,0.0,0.6133333333333333,1,0.0,0.0,29.023333333333333,50.4521113908453,0.3009569438533463,0.0,0.23666666666666666,0.0,0.0,1.0,0.0,0.5533333333333333,30.0
wideband,shield_repair,adaptive,phi,radioml,17,300,0.908801251348347,0.4659143895532555,0.0,0.5333333333333333,1,0.0,0.0,28.786666666666665,46.17731881909542,0.3754679180150137,0.0,0.11666666666666667,0.0,0.0,1.0,0.0,0.4866666666666667,30.0
wideband,shield_repair,adaptive,phi,radioml,18,300,0.904789853311745,0.4055983334869138,0.0,0.56,1,0.0,0.0,29.163333333333334,48.32578094209591,0.34478985331174516,0.0,0.18666666666666668,0.0,0.0,1.0,0.0,0.49333333333333335,30.0
wideband,shield_repair,adaptive,phi,radioml,19,300,0.8956134876631217,0.42141859315887586,0.0,0.6133333333333333,2,0.0,0.0,29.083333333333332,48.45829646597004,0.2822801543297885,0.0,0.15666666666666668,0.0,0.0,1.0,0.0,0.5666666666666667,30.0
wideband,shield_repair,adaptive,phi,radioml,20,300,0.9159476019447065,0.5968411554867401,0.0,0.6,1,0.0,0.0,29.093333333333334,53.91792457656035,0.31594760194470645,0.0,0.21,0.0,0.0,1.0,0.0,0.5233333333333333,30.0
wideband,shield_repair,adaptive,phi,radioml,21,300,0.9189121478729327,0.5393992326325819,0.0,0.6133333333333333,2,0.0,0.0,29.053333333333335,47.497213578641414,0.30557881453959956,0.0,0.19666666666666666,0.0,0.0,1.0,0.0,0.5633333333333334,30.0
wideband,shield_repair,adaptive,phi,radioml,22,300,0.9069154409545214,0.412944445774537,0.0,0.6366666666666667,2,0.0,0.0,28.88,43.020921345317035,0.2702487742878547,0.0,0.22666666666666666,0.0,0.0,1.0,0.0,0.6033333333333334,30.0
wideband,shield_repair,adaptive,phi,radioml,23,300,0.9261080460132303,0.5844283277711548,0.0,0.5733333333333334,2,0.0,0.0,29.006666666666668,47.2443099656366,0.3527747126798969,0.0,0.15333333333333332,0.0,0.0,1.0,0.0,0.54,30.0
wideband,shield_repair,adaptive,phi,radioml,24,300,0.9079584494465219,0.47186175201616354,0.0,0.6333333333333333,1,0.0,0.0,28.86,39.94664072361571,0.27462511611318857,0.0,0.2,0.0,0.0,1.0,0.0,0.58,30.0
wideband,shield_repair,adaptive,phi,radioml,25,300,0.9004026887598585,0.323417178939036,0.0,0.5566666666666666,1,0.0,0.0,28.946666666666665,44.95089547480769,0.34373602209319176,0.0,0.15,0.0,0.0,1.0,0.0,0.55,30.0
wideband,shield_repair,adaptive,phi,radioml,26,300,0.9130726004151364,0.5251053043955032,0.0,0.5466666666666666,1,0.0,0.0,28.793333333333333,45.71093439490839,0.3664059337484698,0.0,0.1,0.0,0.0,1.0,0.0,0.49666666666666665,30.0
wideband,shield_repair,adaptive,phi,radioml,27,300,0.8970134225267159,0.3542557152188076,0.0,0.44666666666666666,1,0.0,0.0,28.82,46.18845339701493,0.4503467558600493,0.0,0.14,0.0,0.0,1.0,0.0,0.39,30.0
wideband,shield_repair,adaptive,phi,radioml,28,300,0.8951079054952324,0.39085314506739016,0.0,0.5433333333333333,1,0.0,0.0,28.803333333333335,46.29807626508263,0.3517745721618991,0.0,0.17666666666666667,0.0,0.0,1.0,0.0,0.47333333333333333,30.0
wideband,shield_repair,adaptive,phi,radioml,29,300,0.9010181517059727,0.5240984143970696,0.0,0.6,1,0.0,0.0,28.916666666666668,45.01432937161082,0.3010181517059726,0.0,0.18,0.0,0.0,1.0,0.0,0.5533333333333333,30.0
bursty,shield_repair,adaptive,phi,radioml,0,300,0.9838750532384283,0.9738322160157018,0.0,0.18666666666666668,1,0.0,0.0,27.44,50.47923023291681,0.7972083865717616,0.0,0.18666666666666668,0.0,0.0,1.0,0.0,0.0,30.0
bursty,shield_repair,adaptive,phi,radioml,1,300,0.9838299849240413,0.9736501858877907,0.0,0.23333333333333334,1,0.0,0.0,27.593333333333334,47.2033750397456,0.7504966515907079,0.0,0.22666666666666666,0.0,0.0,1.0,0.0,0.02,30.0
bursty,shield_repair,adaptive,phi,radioml,2,300,0.982331386992412,0.9735781974548784,0.0,0.13666666666666666,1,0.0,0.0,27.253333333333334,45.032223075881966,0.8456647203257455,0.0,0.13666666666666666,0.0,0.0,1.0,0.0,0.0,30.0
bursty,shield_repair,adaptive,phi,radioml,3,300,0.9780137283871223,0.9737827773078058,0.0,0.18,1,0.0,0.0,27.56,47.87161873435882,0.7980137283871225,0.0,0.15666666666666668,0.0,0.0,1.0,0.0,0.02666666666666667,30.0
bursty,shield_repair,adaptive,phi,radioml,4,300,0.9833576997034899,0.9739239293634986,0.0,0.11333333333333333,1,0.0,0.0,27.523333333333333,46.40451532289322,0.8700243663701565,0.0,0.10666666666666667,0.0,0.0,1.0,0.0,0.006666666666666667,30.0
bursty,shield_repair,adaptive,phi,radioml,5,300,0.9766810847382051,0.9725803385147644,0.0,0.13,1,0.0,0.0,27.596666666666668,45.707248484840164,0.8466810847382051,0.0,0.13,0.0,0.0,1.0,0.0,0.0,30.0
bursty,shield_repair,adaptive,phi,radioml,6,300,0.9848602988414208,0.9738976207316502,0.0,0.13333333333333333,1,0.0,0.0,27.033333333333335,47.96494409733728,0.8515269655080874,0.0,0.12666666666666668,0.0,0.0,1.0,0.0,0.013333333333333334,30.0
bursty,shield_repair,adaptive,phi,radioml,7,300,0.9837770262337616,0.9738665361325162,0.0,0.14,1,0.0,0.0,27.446666666666665,48.970997314509894,0.8437770262337616,0.0,0.13666666666666666,0.0,0.0,1.0,0.0,0.02,30.0
bursty,shield_repair,adaptive,phi,radioml,8,300,0.9820795326212468,0.973878188361564,0.0,0.09666666666666666,1,0.0,0.0,27.183333333333334,51.692451395166046,0.8854128659545801,0.0,0.09666666666666666,0.0,0.0,1.0,0.0,0.0,30.0
bursty,shield_repair,adaptive,phi,radioml,9,300,0.9776273628877622,0.9733862922227703,0.0,0.08333333333333333,3,0.0,0.0,27.29,50.21122109130383,0.8942940295544288,0.0,0.07333333333333333,0.0,0.0,1.0,0.0,0.01,30.0
bursty,shield_repair,adaptive,phi,radioml,10,300,0.9842079784302346,0.9736455023385677,0.0,0.10333333333333333,1,0.0,0.0,27.003333333333334,47.54261698841015,0.8808746450969013,0.0,0.10333333333333333,0.0,0.0,1.0,0.0,0.0,30.0
bursty,shield_repair,adaptive,phi,radioml,11,300,0.9848991920379417,0.9736766687144842,0.0,0.22,1,0.0,0.0,27.283333333333335,43.26572798855408,0.7648991920379417,0.0,0.22,0.0,0.0,1.0,0.0,0.0,30.0
bursty,shield_repair,adaptive,phi,radioml,12,300,0.9793294910436304,0.9737513402324794,0.0,0.20333333333333334,2,0.0,0.0,27.563333333333333,51.700125514287045,0.7759961577102973,0.0,0.17666666666666667,0.0,0.0,1.0,0.0,0.04,30.0
bursty,shield_repair,adaptive,phi,radioml,13,300,0.9799256515321821,0.9736760288219478,0.0,0.15666666666666668,1,0.0,0.0,27.3,47.81664489736167,0.8232589848655154,0.0,0.15,0.0,0.0,1.0,0.0,0.02,30.0
bursty,shield_repair,adaptive,phi,radioml,14,300,0.9806387111447934,0.9738090292735166,0.0,0.12666666666666668,1,0.0,0.0,27.523333333333333,52.42747945398467,0.8539720444781267,0.0,0.09,0.0,0.0,1.0,0.0,0.04,30.0
bursty,shield_repair,adaptive,phi,radioml,15,300,0.9844899736979852,0.9739237403986059,0.0,0.06333333333333334,1,0.0,0.0,27.536666666666665,50.109442628675104,0.9211566403646517,0.0,0.06333333333333334,0.0,0.0,1.0,0.0,0.0,30.0
bursty,shield_repair,adaptive,phi,radioml,16,300,0.9832038740957921,0.973861132670171,0.0,0.12666666666666668,1,0.0,0.0,27.496666666666666,49.538164612772064,0.8565372074291254,0.0,0.11666666666666667,0.0,0.0,1.0,0.0,0.01,30.0
bursty,shield_repair,adaptive,phi,radioml,17,300,0.9840613576235683,0.9737442082170948,0.0,0.14666666666666667,1,0.0,0.0,27.596666666666668,51.97635659914872,0.8373946909569017,0.0,0.12,0.0,0.0,1.0,0.0,0.03333333333333333,30.0
bursty,shield_repair,adaptive,phi,radioml,18,300,0.9774052318626925,0.9737086296329208,0.0,0.16,1,0.0,0.0,27.476666666666667,44.02354921419475,0.8174052318626924,0.0,0.16,0.0,0.0,1.0,0.0,0.0,30.0
bursty,shield_repair,adaptive,phi,radioml,19,300,0.9828709982662978,0.9737491887230916,0.0,0.11666666666666667,1,0.0,0.0,27.643333333333334,45.08211599713683,0.8662043315996312,0.0,0.1,0.0,0.0,1.0,0.0,0.016666666666666666,30.0
bursty,shield_repair,adaptive,phi,radioml,20,300,0.9820339566235979,0.9738316806279231,0.0,0.15,2,0.0,0.0,27.48,50.421356332860675,0.8320339566235978,0.0,0.15,0.0,0.0,1.0,0.0,0.0,30.0
bursty,shield_repair,adaptive,phi,radioml,21,300,0.97963281491417,0.973446046332365,0.0,0.14333333333333334,1,0.0,0.0,27.633333333333333,49.4267891423402,0.8362994815808368,0.0,0.12666666666666668,0.0,0.0,1.0,0.0,0.016666666666666666,30.0
bursty,shield_repair,adaptive,phi,radioml,22,300,0.9778007169953185,0.9737803312714378,0.0,0.19666666666666666,1,0.0,0.0,27.56,47.552674605970516,0.7811340503286518,0.0,0.19333333333333333,0.0,0.0,1.0,0.0,0.006666666666666667,30.0
bursty,shield_repair,adaptive,phi,radioml,23,300,0.9827631656689274,0.9737082564641769,0.0,0.13333333333333333,1,0.0,0.0,27.67,47.43627028270265,0.8494298323355939,0.0,0.10666666666666667,0.0,0.0,1.0,0.0,0.03,30.0
bursty,shield_repair,adaptive,phi,radioml,24,300,0.9797661836346451,0.9738723145941494,0.0,0.11666666666666667,1,0.0,0.0,27.623333333333335,50.39507175498852,0.8630995169679784,0.0,0.11666666666666667,0.0,0.0,1.0,0.0,0.0,30.0
bursty,shield_repair,adaptive,phi,radioml,25,300,0.9801834562259583,0.9732971587054929,0.0,0.12,1,0.0,0.0,27.453333333333333,51.13848357173933,0.8601834562259583,0.0,0.11666666666666667,0.0,0.0,1.0,0.0,0.01,30.0
bursty,shield_repair,adaptive,phi,radioml,26,300,0.9774968539734834,0.9738901715206322,0.0,0.06,1,0.0,0.0,27.326666666666668,52.39863298753554,0.9174968539734835,0.0,0.06,0.0,0.0,1.0,0.0,0.0,30.0
bursty,shield_repair,adaptive,phi,radioml,27,300,0.9840683350057806,0.9739337895950329,0.0,0.11666666666666667,1,0.0,0.0,27.356666666666666,52.32177997448929,0.8674016683391141,0.0,0.08666666666666667,0.0,0.0,1.0,0.0,0.03,30.0
bursty,shield_repair,adaptive,phi,radioml,28,300,0.9813468067330264,0.9737688917124205,0.0,0.11666666666666667,1,0.0,0.0,27.15,45.385245533935496,0.8646801400663597,0.0,0.10666666666666667,0.0,0.0,1.0,0.0,0.016666666666666666,30.0
bursty,shield_repair,adaptive,phi,radioml,29,300,0.9830958777843906,0.9735373946114,0.0,0.14666666666666667,1,0.0,0.0,27.863333333333333,51.39982962625271,0.836429211117724,0.0,0.1,0.0,0.0,1.0,0.0,0.056666666666666664,30.0
backhaul,shield_repair,adaptive,phi,radioml,0,300,0.9535768631173679,0.8960788913574598,0.0,0.15,1,0.0,0.0,27.85333333333333,49.58283220702216,0.8035768631173681,0.0,0.13333333333333333,0.0,0.0,1.0,0.0,0.02,30.0
backhaul,shield_repair,adaptive,phi,radioml,1,300,0.9519538333534084,0.8960796675278804,0.0,0.22333333333333333,3,0.0,0.0,28.166666666666668,48.11604959796717,0.7286205000200752,0.0,0.12666666666666668,0.0,0.0,1.0,0.0,0.10333333333333333,30.0
backhaul,shield_repair,adaptive,phi,radioml,2,300,0.9501411388360956,0.8960798020019677,0.0,0.13666666666666666,1,0.0,0.0,27.923333333333332,49.3089592905888,0.8134744721694289,0.0,0.08333333333333333,0.0,0.0,1.0,0.0,0.05333333333333334,30.0
backhaul,shield_repair,adaptive,phi,radioml,3,300,0.9504110408790896,0.8960775864383702,0.0,0.25333333333333335,3,0.0,0.0,28.28,51.60324832221257,0.6970777075457562,0.0,0.21,0.0,0.0,1.0,0.0,0.06333333333333334,30.0
backhaul,shield_repair,adaptive,phi,radioml,4,300,0.9540593383165774,0.8960796915372857,0.0,0.13666666666666666,3,0.0,0.0,27.686666666666667,49.1445205732736,0.8173926716499108,0.0,0.13666666666666666,0.0,0.0,1.0,0.0,0.0,30.0
backhaul,shield_repair,adaptive,phi,radioml,5,300,0.955559344929883,0.8960795780303242,0.0,0.22333333333333333,1,0.0,0.0,27.893333333333334,46.69833511418514,0.7322260115965498,0.0,0.17,0.0,0.0,1.0,0.0,0.056666666666666664,30.0
backhaul,shield_repair,adaptive,phi,radioml,6,300,0.9560326950928087,0.896079653724224,0.0,0.15666666666666668,2,0.0,0.0,27.47,43.91646983207431,0.7993660284261419,0.0,0.13,0.0,0.0,1.0,0.0,0.03,30.0
backhaul,shield_repair,adaptive,phi,radioml,7,300,0.9535652888635517,0.8960797996069106,0.0,0.14,1,0.0,0.0,27.64,45.242124437986945,0.8135652888635517,0.0,0.11333333333333333,0.0,0.0,1.0,0.0,0.04,30.0
backhaul,shield_repair,adaptive,phi,radioml,8,300,0.9519525878117323,0.8960796926667952,0.0,0.18,1,0.0,0.0,28.386666666666667,50.409672394359546,0.7719525878117325,0.0,0.1,0.0,0.0,1.0,0.0,0.09333333333333334,30.0
backhaul,shield_repair,adaptive,phi,radioml,9,300,0.9537398817940539,0.8960792961440701,0.0,0.11666666666666667,2,0.0,0.0,27.983333333333334,49.86144182555195,0.8370732151273871,0.0,0.1,0.0,0.0,1.0,0.0,0.016666666666666666,30.0
backhaul,shield_repair,adaptive,phi,radioml,10,300,0.9542449857784381,0.8960796740496471,0.0,0.13333333333333333,1,0.0,0.0,27.923333333333332,47.48083548971648,0.8209116524451048,0.0,0.11,0.0,0.0,1.0,0.0,0.02666666666666667,30.0
backhaul,shield_repair,adaptive,phi,radioml,11,300,0.9537225897022974,0.8960792360661295,0.0,0.18,1,0.0,0.0,28.03,43.175042135300416,0.7737225897022975,0.0,0.13,0.0,0.0,1.0,0.0,0.07,30.0
backhaul,shield_repair,adaptive,phi,radioml,12,300,0.955308631068058,0.8960797357858935,0.0,0.21333333333333335,1,0.0,0.0,27.89,50.90361618312277,0.7419752977347247,0.0,0.19666666666666666,0.0,0.0,1.0,0.0,0.03333333333333333,30.0
backhaul,shield_repair,adaptive,phi,radioml,13,300,0.9517377909862546,0.8960794728690872,0.0,0.14333333333333334,1,0.0,0.0,27.966666666666665,47.469898174741694,0.8084044576529211,0.0,0.10666666666666667,0.0,0.0,1.0,0.0,0.03666666666666667,30.0
backhaul,shield_repair,adaptive,phi,radioml,14,300,0.9545318762965903,0.8960798576275698,0.0,0.15333333333333332,1,0.0,0.0,27.683333333333334,48.380894477007,0.801198542963257,0.0,0.11666666666666667,0.0,0.0,1.0,0.0,0.043333333333333335,30.0
backhaul,shield_repair,adaptive,phi,radioml,15,300,0.9536251304819545,0.8960795831024086,0.0,0.09666666666666666,1,0.0,0.0,27.87,51.36925574074594,0.856958463815288,0.0,0.09666666666666666,0.0,0.0,1.0,0.0,0.0,30.0
backhaul,shield_repair,adaptive,phi,radioml,16,300,0.9544774200991714,0.896079379751897,0.0,0.08,2,0.0,0.0,27.903333333333332,49.16880771923036,0.8744774200991714,0.0,0.03666666666666667,0.0,0.0,1.0,0.0,0.05,30.0
backhaul,shield_repair,adaptive,phi,radioml,17,300,0.9575287351154297,0.8960797975247451,0.0,0.14333333333333334,1,0.0,0.0,27.906666666666666,48.15320040323105,0.8141954017820964,0.0,0.10666666666666667,0.0,0.0,1.0,0.0,0.03666666666666667,30.0
backhaul,shield_repair,adaptive,phi,radioml,18,300,0.9541072573714428,0.8960797107305228,0.0,0.24,1,0.0,0.0,27.826666666666668,45.49250552283451,0.7141072573714429,0.0,0.18666666666666668,0.0,0.0,1.0,0.0,0.06333333333333334,30.0
backhaul,shield_repair,adaptive,phi,radioml,19,300,0.9484180488482961,0.8960788758569892,0.0,0.18,3,0.0,0.0,28.223333333333333,51.114837767989755,0.768418048848296,0.0,0.1,0.0,0.0,1.0,0.0,0.08666666666666667,30.0
backhaul,shield_repair,adaptive,phi,radioml,20,300,0.9533482401951077,0.8960775902422691,0.0,0.18333333333333332,1,0.0,0.0,28.24,47.79744194761096,0.7700149068617744,0.0,0.14333333333333334,0.0,0.0,1.0,0.0,0.06333333333333334,30.0
backhaul,shield_repair,adaptive,phi,radioml,21,300,0.9521051489160736,0.8960796532263874,0.0,0.12666666666666668,1,0.0,0.0,27.89,52.5035705488114,0.8254384822494067,0.0,0.10666666666666667,0.0,0.0,1.0,0.0,0.02,30.0
backhaul,shield_repair,adaptive,phi,radioml,22,300,0.9576217153418592,0.8960797713896248,0.0,0.10666666666666667,1,0.0,0.0,27.933333333333334,52.97311560969577,0.8509550486751926,0.0,0.08666666666666667,0.0,0.0,1.0,0.0,0.02,30.0
backhaul,shield_repair,adaptive,phi,radioml,23,300,0.9503300001398092,0.8960791536030451,0.0,0.27666666666666667,2,0.0,0.0,27.94333333333333,47.13858806728923,0.6736633334731426,0.0,0.20666666666666667,0.0,0.0,1.0,0.0,0.08,30.0
backhaul,shield_repair,adaptive,phi,radioml,24,300,0.9552215311845309,0.8960797472997577,0.0,0.14666666666666667,1,0.0,0.0,27.636666666666667,50.33560937590475,0.808554864517864,0.0,0.14,0.0,0.0,1.0,0.0,0.006666666666666667,30.0
backhaul,shield_repair,adaptive,phi,radioml,25,300,0.9534441557757541,0.8960797366047862,0.0,0.08333333333333333,1,0.0,0.0,27.873333333333335,47.78578399925233,0.8701108224424208,0.0,0.08333333333333333,0.0,0.0,1.0,0.0,0.0,30.0
backhaul,shield_repair,adaptive,phi,radioml,26,300,0.9530758499566903,0.8960797896122994,0.0,0.12666666666666668,1,0.0,0.0,28.003333333333334,46.89686422254254,0.8264091832900236,0.0,0.09333333333333334,0.0,0.0,1.0,0.0,0.03333333333333333,30.0
backhaul,shield_repair,adaptive,phi,radioml,27,300,0.9533895375738981,0.8960748109042803,0.0,0.19666666666666666,2,0.0,0.0,28.08,44.059527019614265,0.7567228709072314,0.0,0.13,0.0,0.0,1.0,0.0,0.07333333333333333,30.0
backhaul,shield_repair,adaptive,phi,radioml,28,300,0.9533984200756508,0.8960792023720204,0.0,0.17666666666666667,1,0.0,0.0,27.74,50.40870436952741,0.776731753408984,0.0,0.15333333333333332,0.0,0.0,1.0,0.0,0.023333333333333334,30.0
backhaul,shield_repair,adaptive,phi,radioml,29,300,0.9537625475633214,0.8960797321070475,0.0,0.14,1,0.0,0.0,27.823333333333334,47.60427476308869,0.8137625475633213,0.0,0.10666666666666667,0.0,0.0,1.0,0.0,0.043333333333333335,30.0
compromised_xapp,shield_repair,adaptive,phi,radioml,0,300,0.9793657945732874,0.9739073565557868,0.0,0.7133333333333334,1,0.0,0.0,29.17,45.59374653862721,0.26603246123995417,0.0,0.17,0.41,0.0,1.0,0.0,0.5966666666666667,30.0
compromised_xapp,shield_repair,adaptive,phi,radioml,1,300,0.9822876484907598,0.9739270652381126,0.0,0.7366666666666667,1,0.0,0.0,29.176666666666666,49.90888098397072,0.24562098182409314,0.0,0.13333333333333333,0.37333333333333335,0.0,1.0,0.0,0.6033333333333334,30.0
compromised_xapp,shield_repair,adaptive,phi,radioml,2,300,0.982716723838744,0.9739778251238743,0.0,0.8166666666666667,1,0.0,0.0,29.186666666666667,50.04338307375523,0.16605005717207727,0.0,0.21,0.44666666666666666,0.0,1.0,0.0,0.6666666666666666,30.0
compromised_xapp,shield_repair,adaptive,phi,radioml,3,300,0.9827654426008381,0.9739669301578373,0.0,0.69,1,0.0,0.0,29.166666666666668,44.03481140215218,0.29276544260083803,0.0,0.16666666666666666,0.37333333333333335,0.0,1.0,0.0,0.5433333333333333,30.0
compromised_xapp,shield_repair,adaptive,phi,radioml,4,300,0.9830635175912278,0.9739800708424439,0.0,0.7366666666666667,1,0.0,0.0,29.096666666666668,44.023893746587596,0.24639685092456104,0.0,0.21333333333333335,0.36666666666666664,0.0,1.0,0.0,0.5766666666666667,30.0
compromised_xapp,shield_repair,adaptive,phi,radioml,5,300,0.9826164912731038,0.9739933632465858,0.0,0.7666666666666667,1,0.0,0.0,29.216666666666665,50.4572329754491,0.21594982460643725,0.0,0.23666666666666666,0.4066666666666667,0.0,1.0,0.0,0.6466666666666666,30.0
compromised_xapp,shield_repair,adaptive,phi,radioml,6,300,0.9821519277909924,0.9739626925355619,0.0,0.6966666666666667,1,0.0,0.0,29.176666666666666,47.263403206597374,0.2854852611243256,0.0,0.15,0.39666666666666667,0.0,1.0,0.0,0.5733333333333334,30.0
compromised_xapp,shield_repair,adaptive,phi,radioml,7,300,0.9832218785437652,0.9739773332265773,0.0,0.7033333333333334,1,0.0,0.0,29.166666666666668,50.22856684025196,0.27988854521043194,0.0,0.17333333333333334,0.39666666666666667,0.0,1.0,0.0,0.5366666666666666,30.0
compromised_xapp,shield_repair,adaptive,phi,radioml,8,300,0.982344551058312,0.9739851122587713,0.0,0.8,1,0.0,0.0,29.37,48.424570287983165,0.18234455105831193,0.0,0.23,0.41333333333333333,0.0,1.0,0.0,0.7,30.0
compromised_xapp,shield_repair,adaptive,phi,radioml,9,300,0.9825004166900692,0.9739693516611045,0.0,0.6866666666666666,1,0.0,0.0,29.12,46.806878446607115,0.29583375002340245,0.0,0.12333333333333334,0.4066666666666667,0.0,1.0,0.0,0.57,30.0
compromised_xapp,shield_repair,adaptive,phi,radioml,10,300,0.9818817007313981,0.9739713587421759,0.0,0.8133333333333334,1,0.0,0.0,29.356666666666666,47.95357144472738,0.1685483673980649,0.0,0.14333333333333334,0.4,0.0,1.0,0.0,0.7233333333333334,30.0
compromised_xapp,shield_repair,adaptive,phi,radioml,11,300,0.9819204839175558,0.973941181837185,0.0,0.77,1,0.0,0.0,29.186666666666667,46.786437339830215,0.21192048391755572,0.0,0.22666666666666666,0.4,0.0,1.0,0.0,0.64,30.0
compromised_xapp,shield_repair,adaptive,phi,radioml,12,300,0.9832151049835365,0.9739897154346157,0.0,0.73,1,0.0,0.0,29.1,53.23347770564377,0.25321510498353644,0.0,0.30666666666666664,0.38666666666666666,0.0,1.0,0.0,0.5766666666666667,30.0
compromised_xapp,shield_repair,adaptive,phi,radioml,13,300,0.9828632754967631,0.9739598755416865,0.0,0.67,1,0.0,0.0,29.003333333333334,43.84525118046608,0.3128632754967629,0.0,0.25333333333333335,0.38,0.0,1.0,0.0,0.5033333333333333,30.0
compromised_xapp,shield_repair,adaptive,phi,radioml,14,300,0.9823220112482048,0.973955666704729,0.0,0.76,1,0.0,0.0,29.2,44.97172959530597,0.22232201124820497,0.0,0.15666666666666668,0.38666666666666666,0.0,1.0,0.0,0.6633333333333333,30.0
compromised_xapp,shield_repair,adaptive,phi,radioml,15,300,0.9822089369084342,0.9739602833827795,0.0,0.7866666666666666,1,0.0,0.0,29.423333333333332,49.996319629785525,0.19554227024176773,0.0,0.31333333333333335,0.39,0.0,1.0,0.0,0.6933333333333334,30.0
compromised_xapp,shield_repair,adaptive,phi,radioml,16,300,0.9825549480637877,0.973969227493189,0.0,0.7733333333333333,1,0.0,0.0,29.14666666666667,42.79156186488643,0.2092216147304545,0.0,0.20666666666666667,0.41,0.0,1.0,0.0,0.6333333333333333,30.0
compromised_xapp,shield_repair,adaptive,phi,radioml,17,300,0.9821498152899241,0.9739666120672835,0.0,0.74,1,0.0,0.0,29.253333333333334,49.47336370639574,0.2421498152899239,0.0,0.14,0.42333333333333334,0.0,1.0,0.0,0.6133333333333333,30.0
compromised_xapp,shield_repair,adaptive,phi,radioml,18,300,0.9832533892266578,0.973983592742047,0.0,0.7266666666666667,1,0.0,0.0,29.28,46.10150500612445,0.25658672255999126,0.0,0.23666666666666666,0.36,0.0,1.0,0.0,0.5933333333333334,30.0
compromised_xapp,shield_repair,adaptive,phi,radioml,19,300,0.9831248713599537,0.9739709222297215,0.0,0.75,1,0.0,0.0,29.323333333333334,51.89879516458827,0.23312487135995374,0.0,0.2,0.36,0.0,1.0,0.0,0.61,30.0
compromised_xapp,shield_repair,adaptive,phi,radioml,20,300,0.9817090659375185,0.9739906909602895,0.0,0.74,1,0.0,0.0,29.263333333333332,53.247128320438385,0.24170906593751848,0.0,0.21,0.4166666666666667,0.0,1.0,0.0,0.62,30.0
compromised_xapp,shield_repair,adaptive,phi,radioml,21,300,0.9817522374642096,0.9739795648274359,0.0,0.7533333333333333,1,0.0,0.0,29.256666666666668,42.26898135512064,0.22841890413087607,0.0,0.20333333333333334,0.3566666666666667,0.0,1.0,0.0,0.61,30.0
compromised_xapp,shield_repair,adaptive,phi,radioml,22,300,0.9814911065419145,0.9739527695277485,0.0,0.7233333333333334,1,0.0,0.0,29.226666666666667,51.760745959400445,0.2581577732085812,0.0,0.20666666666666667,0.37333333333333335,0.0,1.0,0.0,0.6333333333333333,30.0
compromised_xapp,shield_repair,adaptive,phi,radioml,23,300,0.9817234563720642,0.9739785594451624,0.0,0.7433333333333333,1,0.0,0.0,29.313333333333333,49.51169317045492,0.23839012303873092,0.0,0.16666666666666666,0.44,0.0,1.0,0.0,0.6333333333333333,30.0
compromised_xapp,shield_repair,adaptive,phi,radioml,24,300,0.9817500769077352,0.973985047906062,0.0,0.7766666666666666,1,0.0,0.0,29.323333333333334,47.74035056489653,0.20508341024106846,0.0,0.19,0.4066666666666667,0.0,1.0,0.0,0.7,30.0
compromised_xapp,shield_repair,adaptive,phi,radioml,25,300,0.9815491177929114,0.9739447418718474,0.0,0.7966666666666666,1,0.0,0.0,29.27,50.201180622771474,0.1848824511262448,0.0,0.31333333333333335,0.36,0.0,1.0,0.0,0.6166666666666667,30.0
compromised_xapp,shield_repair,adaptive,phi,radioml,26,300,0.9808397727349133,0.973973425828331,0.0,0.7433333333333333,1,0.0,0.0,29.23,50.06432837813353,0.2375064394015801,0.0,0.14333333333333334,0.39,0.0,1.0,0.0,0.67,30.0
compromised_xapp,shield_repair,adaptive,phi,radioml,27,300,0.9811678214501417,0.9739924141952229,0.0,0.7633333333333333,1,0.0,0.0,29.336666666666666,47.003183466799705,0.21783448811680836,0.0,0.17,0.38666666666666666,0.0,1.0,0.0,0.6233333333333333,30.0
compromised_xapp,shield_repair,adaptive,phi,radioml,28,300,0.9824575120143227,0.9739820530887491,0.0,0.67,1,0.0,0.0,29.066666666666666,47.471677335756915,0.3124575120143228,0.0,0.12666666666666668,0.42333333333333334,0.0,1.0,0.0,0.5366666666666666,30.0
compromised_xapp,shield_repair,adaptive,phi,radioml,29,300,0.9805802288434619,0.973968959032852,0.0,0.74,1,0.0,0.0,29.303333333333335,53.11756431576132,0.24058022884346178,0.0,0.18,0.4033333333333333,0.0,1.0,0.0,0.6,30.0
compound,shield_repair,adaptive,phi,radioml,0,300,0.9527471282758434,0.894683796858352,0.0,0.81,1,0.0,0.0,29.343333333333334,44.55253841994848,0.14274712827584343,0.0,0.12,0.5266666666666666,0.0,1.0,0.0,0.7566666666666667,30.0
compound,shield_repair,adaptive,phi,radioml,1,300,0.9573391448011292,0.8935908360993969,0.0,0.81,2,0.0,0.0,29.33,46.00753385850603,0.1473391448011293,0.0,0.24333333333333335,0.46,0.0,1.0,0.0,0.76,30.0
compound,shield_repair,adaptive,phi,radioml,2,300,0.9366335590037346,0.882758357554876,0.0,0.8333333333333334,1,0.0,0.0,29.30666666666667,51.14250347301584,0.10330022567040124,0.0,0.31,0.5266666666666666,0.0,1.0,0.0,0.7266666666666667,30.0
compound,shield_repair,adaptive,phi,radioml,3,300,0.9545210660304959,0.8951555666341756,0.0,0.8066666666666666,2,0.0,0.0,29.44333333333333,42.64139632659771,0.1478543993638293,0.0,0.11333333333333333,0.49333333333333335,0.0,1.0,0.0,0.78,30.0
compound,shield_repair,adaptive,phi,radioml,4,300,0.9576729969497088,0.8957809492946819,0.0,0.7933333333333333,1,0.0,0.0,29.253333333333334,48.87655553827634,0.16433966361637534,0.0,0.18666666666666668,0.49,0.0,1.0,0.0,0.6766666666666666,30.0
compound,shield_repair,adaptive,phi,radioml,5,300,0.9464274094842725,0.8929540475594205,0.0,0.8,4,0.0,0.0,29.313333333333333,46.74723901491527,0.14642740948427246,0.0,0.28,0.5133333333333333,0.0,1.0,0.0,0.73,30.0
compound,shield_repair,adaptive,phi,radioml,6,300,0.9488111097886728,0.889809077901896,0.0,0.8,2,0.0,0.0,29.3,50.246671565261096,0.1488111097886727,0.0,0.22,0.46,0.0,1.0,0.0,0.7366666666666667,30.0
compound,shield_repair,adaptive,phi,radioml,7,300,0.9384689632817852,0.8916386641001008,0.0,0.8333333333333334,2,0.0,0.0,29.336666666666666,48.768495524832296,0.10513562994845187,0.0,0.23,0.5433333333333333,0.0,1.0,0.0,0.7133333333333334,30.0
compound,shield_repair,adaptive,phi,radioml,8,300,0.951217334932054,0.8932828147350015,0.0,0.83,1,0.0,0.0,29.503333333333334,54.47134656364935,0.12121733493205407,0.0,0.17666666666666667,0.49666666666666665,0.0,1.0,0.0,0.72,30.0
compound,shield_repair,adaptive,phi,radioml,9,300,0.9496701934419388,0.8880596535667008,0.0,0.8333333333333334,1,0.0,0.0,29.416666666666668,47.108251853725584,0.11633686010860572,0.0,0.23333333333333334,0.5266666666666666,0.0,1.0,0.0,0.7766666666666666,30.0
compound,shield_repair,adaptive,phi,radioml,10,300,0.9544584124966016,0.8925881558454823,0.0,0.8333333333333334,2,0.0,0.0,29.406666666666666,49.30946746077361,0.12112507916326805,0.0,0.15333333333333332,0.5,0.0,1.0,0.0,0.7266666666666667,30.0
compound,shield_repair,adaptive,phi,radioml,11,300,0.933357843283224,0.8907718869037402,0.0,0.81,1,0.0,0.0,29.33,51.43552614423985,0.12335784328322406,0.0,0.16333333333333333,0.52,0.0,1.0,0.0,0.74,30.0
compound,shield_repair,adaptive,phi,radioml,12,300,0.9517424402596096,0.8942623025577104,0.0,0.7433333333333333,1,0.0,0.0,29.083333333333332,44.946333843104206,0.2084091069262762,0.0,0.14333333333333334,0.44333333333333336,0.0,1.0,0.0,0.6966666666666667,30.0
compound,shield_repair,adaptive,phi,radioml,13,300,0.9464118189572339,0.8881551989990588,0.0,0.8066666666666666,2,0.0,0.0,29.37,47.81030205831958,0.13974515229056736,0.0,0.17,0.5133333333333333,0.0,1.0,0.0,0.7433333333333333,30.0
compound,shield_repair,adaptive,phi,radioml,14,300,0.9499335438383658,0.8950253519452732,0.0,0.8166666666666667,2,0.0,0.0,29.336666666666666,51.17017823911066,0.13326687717169905,0.0,0.19333333333333333,0.49,0.0,1.0,0.0,0.6933333333333334,30.0
compound,shield_repair,adaptive,phi,radioml,15,300,0.9457215584874659,0.8862405175298382,0.0,0.84,3,0.0,0.0,29.563333333333333,44.74437404123496,0.10572155848746574,0.0,0.17666666666666667,0.5366666666666666,0.0,1.0,0.0,0.7766666666666666,30.0
compound,shield_repair,adaptive,phi,radioml,16,300,0.9488661457920957,0.8936577651374894,0.0,0.7833333333333333,1,0.0,0.0,29.286666666666665,48.78104454784338,0.16553281245876228,0.0,0.22666666666666666,0.5,0.0,1.0,0.0,0.6966666666666667,30.0
compound,shield_repair,adaptive,phi,radioml,17,300,0.9505995259003729,0.8905366280852571,0.0,0.8133333333333334,2,0.0,0.0,29.393333333333334,46.914853611169285,0.13726619256703956,0.0,0.14,0.53,0.0,1.0,0.0,0.7666666666666667,30.0
compound,shield_repair,adaptive,phi,radioml,18,300,0.9521681532776752,0.8950315470033574,0.0,0.8233333333333334,1,0.0,0.0,29.44333333333333,50.764079223420076,0.128834819944342,0.0,0.14333333333333334,0.51,0.0,1.0,0.0,0.73,30.0
compound,shield_repair,adaptive,phi,radioml,19,300,0.9519412539706597,0.8948610275085042,0.0,0.82,2,0.0,0.0,29.336666666666666,44.423094940686994,0.13194125397065984,0.0,0.15333333333333332,0.48333333333333334,0.0,1.0,0.0,0.7566666666666667,30.0
compound,shield_repair,adaptive,phi,radioml,20,300,0.9455164804440452,0.8930484134555896,0.0,0.8233333333333334,1,0.0,0.0,29.493333333333332,52.370155974052,0.12218314711071188,0.0,0.17666666666666667,0.5,0.0,1.0,0.0,0.7633333333333333,30.0
compound,shield_repair,adaptive,phi,radioml,21,300,0.948553733886337,0.8874034150215618,0.0,0.7733333333333333,2,0.0,0.0,29.53,54.56370398898412,0.17522040055300367,0.0,0.06,0.48333333333333334,0.0,1.0,0.0,0.7366666666666667,30.0
compound,shield_repair,adaptive,phi,radioml,22,300,0.9472108360168245,0.8948957962923703,0.0,0.8466666666666667,1,0.0,0.0,29.436666666666667,50.1364484707828,0.10054416935015789,0.0,0.16,0.5366666666666666,0.0,1.0,0.0,0.7733333333333333,30.0
compound,shield_repair,adaptive,phi,radioml,23,300,0.9488712912826986,0.8922486939712826,0.0,0.84,1,0.0,0.0,29.43,52.591595475896405,0.1088712912826986,0.0,0.15333333333333332,0.5133333333333333,0.0,1.0,0.0,0.7566666666666667,30.0
compound,shield_repair,adaptive,phi,radioml,24,300,0.9549434122427389,0.8950204576483091,0.0,0.81,1,0.0,0.0,29.25,45.85614222528508,0.14494341224273885,0.0,0.23,0.49,0.0,1.0,0.0,0.71,30.0
compound,shield_repair,adaptive,phi,radioml,25,300,0.9500402961114617,0.8947850015815529,0.0,0.8333333333333334,1,0.0,0.0,29.376666666666665,44.381307877718456,0.11670696277812845,0.0,0.17666666666666667,0.5,0.0,1.0,0.0,0.77,30.0
compound,shield_repair,adaptive,phi,radioml,26,300,0.9547064478792292,0.8955039549272167,0.0,0.8266666666666667,1,0.0,0.0,29.386666666666667,50.93766994991408,0.1280397812125626,0.0,0.28,0.4866666666666667,0.0,1.0,0.0,0.7233333333333334,30.0
compound,shield_repair,adaptive,phi,radioml,27,300,0.9391732831718779,0.8903024427700399,0.0,0.84,3,0.0,0.0,29.566666666666666,49.89321943380657,0.09917328317187794,0.0,0.16666666666666666,0.5033333333333333,0.0,1.0,0.0,0.74,30.0
compound,shield_repair,adaptive,phi,radioml,28,300,0.9463578518266987,0.8760935738433906,0.0,0.8166666666666667,1,0.0,0.0,29.266666666666666,48.164703060493,0.129691185160032,0.0,0.21666666666666667,0.49333333333333335,0.0,1.0,0.0,0.74,30.0
compound,shield_repair,adaptive,phi,radioml,29,300,0.9421395937593473,0.8832530153756624,0.0,0.8266666666666667,2,0.0,0.0,29.456666666666667,52.82370990541457,0.11547292709268069,0.0,0.19,0.5266666666666666,0.0,1.0,0.0,0.7266666666666667,30.0
narrowband,structured,naive,phi,radioml,0,300,0.9814713614122718,0.9420156355791479,0.0,0.9566666666666667,1,0.0,0.0,30.0,56.38888888888888,0.024804694745605142,0.0,0.18,0.0,0.0,0.0,0.0,0.9566666666666667,30.0
narrowband,structured,naive,phi,radioml,1,300,0.9816059469683341,0.9447029989587701,0.0,0.9566666666666667,1,0.0,0.0,30.0,56.38888888888888,0.0249392803016675,0.0,0.31333333333333335,0.0,0.0,0.0,0.0,0.9566666666666667,30.0
narrowband,structured,naive,phi,radioml,2,300,0.9831848698463723,0.9496566490622306,0.0,0.9566666666666667,1,0.0,0.0,30.0,56.38888888888888,0.026518203179705654,0.0,0.11333333333333333,0.0,0.0,0.0,0.0,0.9566666666666667,30.0
narrowband,structured,naive,phi,radioml,3,300,0.9814096591630956,0.9441120939453993,0.0,0.9566666666666667,1,0.0,0.0,30.0,56.38888888888888,0.02474299249642871,0.0,0.14333333333333334,0.0,0.0,0.0,0.0,0.9566666666666667,30.0
narrowband,structured,naive,phi,radioml,4,300,0.9799808361324178,0.9426565472072548,0.0,0.9566666666666667,1,0.0,0.0,30.0,56.38888888888888,0.02331416946575114,0.0,0.11,0.0,0.0,0.0,0.0,0.9566666666666667,30.0
narrowband,structured,naive,phi,radioml,5,300,0.9814179208532687,0.943339421816592,0.0,0.9566666666666667,1,0.0,0.0,30.0,56.38888888888888,0.024751254186602154,0.0,0.07666666666666666,0.0,0.0,0.0,0.0,0.9566666666666667,30.0
narrowband,structured,naive,phi,radioml,6,300,0.9784802397999424,0.9381510740527891,0.0,0.9566666666666667,1,0.0,0.0,30.0,56.38888888888888,0.02181357313327572,0.0,0.18666666666666668,0.0,0.0,0.0,0.0,0.9566666666666667,30.0
narrowband,structured,naive,phi,radioml,7,300,0.9800883017687024,0.9349529334416503,0.0,0.9566666666666667,1,0.0,0.0,30.0,56.38888888888888,0.023421635102035744,0.0,0.12,0.0,0.0,0.0,0.0,0.9566666666666667,30.0
narrowband,structured,naive,phi,radioml,8,300,0.9812924955276806,0.9485878704768965,0.0,0.9566666666666667,1,0.0,0.0,30.0,56.38888888888888,0.02462582886101401,0.0,0.2733333333333333,0.0,0.0,0.0,0.0,0.9566666666666667,30.0
narrowband,structured,naive,phi,radioml,9,300,0.9812483588889105,0.940986768441911,0.0,0.9566666666666667,1,0.0,0.0,30.0,56.38888888888888,0.02458169222224368,0.0,0.12666666666666668,0.0,0.0,0.0,0.0,0.9566666666666667,30.0
narrowband,structured,naive,phi,radioml,10,300,0.9819220649641691,0.9450504107742224,0.0,0.9566666666666667,1,0.0,0.0,30.0,56.38888888888888,0.025255398297502462,0.0,0.12,0.0,0.0,0.0,0.0,0.9566666666666667,30.0
narrowband,structured,naive,phi,radioml,11,300,0.9794627237515618,0.9342265965794495,0.0,0.9566666666666667,1,0.0,0.0,30.0,56.38888888888888,0.022796057084895197,0.0,0.17,0.0,0.0,0.0,0.0,0.9566666666666667,30.0
narrowband,structured,naive,phi,radioml,12,300,0.9819965101206837,0.945110612857599,0.0,0.9566666666666667,1,0.0,0.0,30.0,56.38888888888888,0.02532984345401713,0.0,0.13666666666666666,0.0,0.0,0.0,0.0,0.9566666666666667,30.0
narrowband,structured,naive,phi,radioml,13,300,0.9822530523706859,0.947537734319764,0.0,0.9566666666666667,1,0.0,0.0,30.0,56.38888888888888,0.02558638570401935,0.0,0.17666666666666667,0.0,0.0,0.0,0.0,0.9566666666666667,30.0
narrowband,structured,naive,phi,radioml,14,300,0.9798767808672086,0.9309939833447555,0.0,0.9566666666666667,1,0.0,0.0,30.0,56.38888888888888,0.023210114200541934,0.0,0.17666666666666667,0.0,0.0,0.0,0.0,0.9566666666666667,30.0
narrowband,structured,naive,phi,radioml,15,300,0.9790945490613235,0.944311017964978,0.0,0.9566666666666667,1,0.0,0.0,30.0,56.38888888888888,0.02242788239465696,0.0,0.19666666666666666,0.0,0.0,0.0,0.0,0.9566666666666667,30.0
narrowband,structured,naive,phi,radioml,16,300,0.9791182300935835,0.9338914963323571,0.0,0.9566666666666667,1,0.0,0.0,30.0,56.38888888888888,0.022451563426916895,0.0,0.09333333333333334,0.0,0.0,0.0,0.0,0.9566666666666667,30.0
narrowband,structured,naive,phi,radioml,17,300,0.9813158008933173,0.9458374742868509,0.0,0.9566666666666667,2,0.0,0.0,30.0,56.38888888888888,0.024649134226650684,0.0,0.24,0.0,0.0,0.0,0.0,0.9566666666666667,30.0
narrowband,structured,naive,phi,radioml,18,300,0.9809098098004165,0.9346571372891288,0.0,0.9566666666666667,1,0.0,0.0,30.0,56.38888888888888,0.024243143133749947,0.0,0.15666666666666668,0.0,0.0,0.0,0.0,0.9566666666666667,30.0
narrowband,structured,naive,phi,radioml,19,300,0.9809133325804001,0.9387730498384261,0.0,0.9566666666666667,1,0.0,0.0,30.0,56.38888888888888,0.02424666591373338,0.0,0.15333333333333332,0.0,0.0,0.0,0.0,0.9566666666666667,30.0
narrowband,structured,naive,phi,radioml,20,300,0.9817980307011969,0.9381062051946746,0.0,0.9566666666666667,1,0.0,0.0,30.0,56.38888888888888,0.02513136403453016,0.0,0.15,0.0,0.0,0.0,0.0,0.9566666666666667,30.0
narrowband,structured,naive,phi,radioml,21,300,0.9809104396140657,0.9379413838048385,0.0,0.9566666666666667,1,0.0,0.0,30.0,56.38888888888888,0.024243772947399045,0.0,0.10666666666666667,0.0,0.0,0.0,0.0,0.9566666666666667,30.0
narrowband,structured,naive,phi,radioml,22,300,0.9824574639610906,0.9518600356836945,0.0,0.9566666666666667,1,0.0,0.0,30.0,56.38888888888888,0.025790797294424028,0.0,0.22,0.0,0.0,0.0,0.0,0.9566666666666667,30.0
narrowband,structured,naive,phi,radioml,23,300,0.9813424763320726,0.9492323605211463,0.0,0.9566666666666667,1,0.0,0.0,30.0,56.38888888888888,0.02467580966540592,0.0,0.15666666666666668,0.0,0.0,0.0,0.0,0.9566666666666667,30.0
narrowband,structured,naive,phi,radioml,24,300,0.9807029483039397,0.9332337671893822,0.0,0.9566666666666667,2,0.0,0.0,30.0,56.38888888888888,0.024036281637272974,0.0,0.21333333333333335,0.0,0.0,0.0,0.0,0.9566666666666667,30.0
narrowband,structured,naive,phi,radioml,25,300,0.9822766141413134,0.9425303622429374,0.0,0.9566666666666667,1,0.0,0.0,30.0,56.38888888888888,0.02560994747464658,0.0,0.22666666666666666,0.0,0.0,0.0,0.0,0.9566666666666667,30.0
narrowband,structured,naive,phi,radioml,26,300,0.9816707857558199,0.9481056474139004,0.0,0.9566666666666667,1,0.0,0.0,30.0,56.38888888888888,0.02500411908915317,0.0,0.11666666666666667,0.0,0.0,0.0,0.0,0.9566666666666667,30.0
narrowband,structured,naive,phi,radioml,27,300,0.9813482173933111,0.944462807889186,0.0,0.9566666666666667,1,0.0,0.0,30.0,56.38888888888888,0.024681550726644592,0.0,0.22,0.0,0.0,0.0,0.0,0.9566666666666667,30.0
narrowband,structured,naive,phi,radioml,28,300,0.9802078097466085,0.9398935165487167,0.0,0.9566666666666667,1,0.0,0.0,30.0,56.38888888888888,0.023541143079941936,0.0,0.11,0.0,0.0,0.0,0.0,0.9566666666666667,30.0
narrowband,structured,naive,phi,radioml,29,300,0.9811963751717682,0.9398011028167219,0.0,0.9566666666666667,1,0.0,0.0,30.0,56.38888888888888,0.0245297085051014,0.0,0.14333333333333334,0.0,0.0,0.0,0.0,0.9566666666666667,30.0
wideband,structured,naive,phi,radioml,0,300,0.9456796730175366,0.7622712633868649,0.0,0.9566666666666667,2,0.0,0.0,30.0,56.38888888888888,-0.01098699364913009,0.0,0.18,0.0,0.0,0.0,0.0,0.9566666666666667,30.0
wideband,structured,naive,phi,radioml,1,300,0.947021248160211,0.7257318978809901,0.0,0.9566666666666667,3,0.0,0.0,30.0,56.38888888888888,-0.009645418506455528,0.0,0.31333333333333335,0.0,0.0,0.0,0.0,0.9566666666666667,30.0
wideband,structured,naive,phi,radioml,2,300,0.9461553532356489,0.765432228801187,0.0,0.9566666666666667,1,0.0,0.0,30.0,56.38888888888888,-0.010511313431017749,0.0,0.11333333333333333,0.0,0.0,0.0,0.0,0.9566666666666667,30.0
wideband,structured,naive,phi,radioml,3,300,0.9523989224284702,0.7806657413939879,0.0,0.9566666666666667,2,0.0,0.0,30.0,56.38888888888888,-0.004267744238196546,0.0,0.14333333333333334,0.0,0.0,0.0,0.0,0.9566666666666667,30.0
wideband,structured,naive,phi,radioml,4,300,0.9460923644963466,0.7243941884159809,0.0,0.9566666666666667,1,0.0,0.0,30.0,56.38888888888888,-0.010574302170320037,0.0,0.11,0.0,0.0,0.0,0.0,0.9566666666666667,30.0
wideband,structured,naive,phi,radioml,5,300,0.9464462869029531,0.7357812988293861,0.0,0.9566666666666667,3,0.0,0.0,30.0,56.38888888888888,-0.010220379763713427,0.0,0.07666666666666666,0.0,0.0,0.0,0.0,0.9566666666666667,30.0
wideband,structured,naive,phi,radioml,6,300,0.9573626080865292,0.7884201846685222,0.0,0.9566666666666667,1,0.0,0.0,30.0,56.38888888888888,0.0006959414198625247,0.0,0.18666666666666668,0.0,0.0,0.0,0.0,0.9566666666666667,30.0
wideband,structured,naive,phi,radioml,7,300,0.9533154578574713,0.8105298404636891,0.0,0.9566666666666667,4,0.0,0.0,30.0,56.38888888888888,-0.0033512088091951614,0.0,0.12,0.0,0.0,0.0,0.0,0.9566666666666667,30.0
wideband,structured,naive,phi,radioml,8,300,0.9517639883542848,0.7957455826306833,0.0,0.9566666666666667,1,0.0,0.0,30.0,56.38888888888888,-0.004902678312381976,0.0,0.2733333333333333,0.0,0.0,0.0,0.0,0.9566666666666667,30.0
wideband,structured,naive,phi,radioml,9,300,0.9469508358646497,0.7457573614961653,0.0,0.9566666666666667,1,0.0,0.0,30.0,56.38888888888888,-0.009715830802016991,0.0,0.12666666666666668,0.0,0.0,0.0,0.0,0.9566666666666667,30.0
wideband,structured,naive,phi,radioml,10,300,0.9527670598782307,0.7990732654352142,0.0,0.9566666666666667,2,0.0,0.0,30.0,56.38888888888888,-0.0038996067884360473,0.0,0.12,0.0,0.0,0.0,0.0,0.9566666666666667,30.0
wideband,structured,naive,phi,radioml,11,300,0.9482047849147796,0.7954654897141152,0.0,0.9566666666666667,1,0.0,0.0,30.0,56.38888888888888,-0.008461881751886894,0.0,0.17,0.0,0.0,0.0,0.0,0.9566666666666667,30.0
wideband,structured,naive,phi,radioml,12,300,0.9541043081736573,0.8148811407450453,0.0,0.9566666666666667,1,0.0,0.0,30.0,56.38888888888888,-0.0025623584930092253,0.0,0.13666666666666666,0.0,0.0,0.0,0.0,0.9566666666666667,30.0
wideband,structured,naive,phi,radioml,13,300,0.9467671499269337,0.7666977905796117,0.0,0.9566666666666667,3,0.0,0.0,30.0,56.38888888888888,-0.009899516739732987,0.0,0.17666666666666667,0.0,0.0,0.0,0.0,0.9566666666666667,30.0
wideband,structured,naive,phi,radioml,14,300,0.9481313859256593,0.7866283027571649,0.0,0.9566666666666667,1,0.0,0.0,30.0,56.38888888888888,-0.008535280741007428,0.0,0.17666666666666667,0.0,0.0,0.0,0.0,0.9566666666666667,30.0
wideband,structured,naive,phi,radioml,15,300,0.9541915190943516,0.7814217176349387,0.0,0.9566666666666667,1,0.0,0.0,30.0,56.38888888888888,-0.0024751475723149598,0.0,0.19666666666666666,0.0,0.0,0.0,0.0,0.9566666666666667,30.0
wideband,structured,naive,phi,radioml,16,300,0.9388926776623634,0.6985151408350162,0.0,0.9566666666666667,1,0.0,0.0,30.0,56.38888888888888,-0.017773989004303183,0.0,0.09333333333333334,0.0,0.0,0.0,0.0,0.9566666666666667,30.0
wideband,structured,naive,phi,radioml,17,300,0.9429684980788094,0.7561118681162871,0.0,0.9566666666666667,2,0.0,0.0,30.0,56.38888888888888,-0.013698168587857133,0.0,0.24,0.0,0.0,0.0,0.0,0.9566666666666667,30.0
wideband,structured,naive,phi,radioml,18,300,0.9489333058750921,0.7919239694464595,0.0,0.9566666666666667,1,0.0,0.0,30.0,56.38888888888888,-0.007733360791574562,0.0,0.15666666666666668,0.0,0.0,0.0,0.0,0.9566666666666667,30.0
wideband,structured,naive,phi,radioml,19,300,0.9530143414802628,0.7575612464555945,0.0,0.9566666666666667,1,0.0,0.0,30.0,56.38888888888888,-0.0036523251864038404,0.0,0.15333333333333332,0.0,0.0,0.0,0.0,0.9566666666666667,30.0
wideband,structured,naive,phi,radioml,20,300,0.9557411906299258,0.7904147686105114,0.0,0.9566666666666667,1,0.0,0.0,30.0,56.38888888888888,-0.0009254760367407873,0.0,0.15,0.0,0.0,0.0,0.0,0.9566666666666667,30.0
wideband,structured,naive,phi,radioml,21,300,0.9413085455638539,0.7413004490779973,0.0,0.9566666666666667,1,0.0,0.0,30.0,56.38888888888888,-0.015358121102812827,0.0,0.10666666666666667,0.0,0.0,0.0,0.0,0.9566666666666667,30.0
wideband,structured,naive,phi,radioml,22,300,0.9478657416567777,0.7414241484745538,0.0,0.9566666666666667,2,0.0,0.0,30.0,56.38888888888888,-0.00880092500988888,0.0,0.22,0.0,0.0,0.0,0.0,0.9566666666666667,30.0
wideband,structured,naive,phi,radioml,23,300,0.946965865127806,0.7591898459856008,0.0,0.9566666666666667,1,0.0,0.0,30.0,56.38888888888888,-0.00970080153886071,0.0,0.15666666666666668,0.0,0.0,0.0,0.0,0.9566666666666667,30.0
wideband,structured,naive,phi,radioml,24,300,0.9515307512056023,0.7921605764720525,0.0,0.9566666666666667,1,0.0,0.0,30.0,56.38888888888888,-0.00513591546106445,0.0,0.21333333333333335,0.0,0.0,0.0,0.0,0.9566666666666667,30.0
wideband,structured,naive,phi,radioml,25,300,0.9566543220200413,0.8064766444100983,0.0,0.9566666666666667,3,0.0,0.0,30.0,56.38888888888888,-1.2344646625332227e-05,0.0,0.22666666666666666,0.0,0.0,0.0,0.0,0.9566666666666667,30.0
wideband,structured,naive,phi,radioml,26,300,0.9443664439143776,0.7543827777765179,0.0,0.9566666666666667,1,0.0,0.0,30.0,56.38888888888888,-0.01230022275228888,0.0,0.11666666666666667,0.0,0.0,0.0,0.0,0.9566666666666667,30.0
wideband,structured,naive,phi,radioml,27,300,0.9527736216729772,0.7890401263246473,0.0,0.9566666666666667,2,0.0,0.0,30.0,56.38888888888888,-0.0038930449936893236,0.0,0.22,0.0,0.0,0.0,0.0,0.9566666666666667,30.0
wideband,structured,naive,phi,radioml,28,300,0.9477782368826797,0.7804115578203865,0.0,0.9566666666666667,4,0.0,0.0,30.0,56.38888888888888,-0.008888429783987023,0.0,0.11,0.0,0.0,0.0,0.0,0.9566666666666667,30.0
wideband,structured,naive,phi,radioml,29,300,0.9487612587087354,0.7720778461465411,0.0,0.9566666666666667,1,0.0,0.0,30.0,56.38888888888888,-0.007905407957931248,0.0,0.14333333333333334,0.0,0.0,0.0,0.0,0.9566666666666667,30.0
bursty,structured,naive,phi,radioml,0,300,0.9934401223920097,0.993210595692907,0.0,0.9566666666666667,1,0.0,0.0,30.0,56.38888888888888,0.03677345572534301,0.0,0.24,0.0,0.0,0.0,0.0,0.9566666666666667,30.0
bursty,structured,naive,phi,radioml,1,300,0.993452065335734,0.993318380955601,0.0,0.9566666666666667,1,0.0,0.0,30.0,56.38888888888888,0.03678539866906742,0.0,0.21333333333333335,0.0,0.0,0.0,0.0,0.9566666666666667,30.0
bursty,structured,naive,phi,radioml,2,300,0.9934421662104379,0.993262811685823,0.0,0.9566666666666667,1,0.0,0.0,30.0,56.38888888888888,0.03677549954377132,0.0,0.22,0.0,0.0,0.0,0.0,0.9566666666666667,30.0
bursty,structured,naive,phi,radioml,3,300,0.9934366686673549,0.9932492799086389,0.0,0.9566666666666667,1,0.0,0.0,30.0,56.38888888888888,0.03677000200068825,0.0,0.24,0.0,0.0,0.0,0.0,0.9566666666666667,30.0
bursty,structured,naive,phi,radioml,4,300,0.9934380418044452,0.9932893481768733,0.0,0.9566666666666667,1,0.0,0.0,30.0,56.38888888888888,0.03677137513777852,0.0,0.16333333333333333,0.0,0.0,0.0,0.0,0.9566666666666667,30.0
bursty,structured,naive,phi,radioml,5,300,0.9934455322863615,0.993283503505373,0.0,0.9566666666666667,1,0.0,0.0,30.0,56.38888888888888,0.036778865619694706,0.0,0.18,0.0,0.0,0.0,0.0,0.9566666666666667,30.0
bursty,structured,naive,phi,radioml,6,300,0.9934416749041198,0.9932353993829922,0.0,0.9566666666666667,1,0.0,0.0,30.0,56.38888888888888,0.03677500823745308,0.0,0.12333333333333334,0.0,0.0,0.0,0.0,0.9566666666666667,30.0
bursty,structured,naive,phi,radioml,7,300,0.9934367245278497,0.993188471403317,0.0,0.9566666666666667,1,0.0,0.0,30.0,56.38888888888888,0.036770057861182946,0.0,0.11333333333333333,0.0,0.0,0.0,0.0,0.9566666666666667,30.0
bursty,structured,naive,phi,radioml,8,300,0.9934442348054638,0.993266615681629,0.0,0.9566666666666667,1,0.0,0.0,30.0,56.38888888888888,0.03677756813879717,0.0,0.07333333333333333,0.0,0.0,0.0,0.0,0.9566666666666667,30.0
bursty,structured,naive,phi,radioml,9,300,0.9934412390985685,0.9933079850923794,0.0,0.9566666666666667,1,0.0,0.0,30.0,56.38888888888888,0.03677457243190205,0.0,0.12666666666666668,0.0,0.0,0.0,0.0,0.9566666666666667,30.0
bursty,structured,naive,phi,radioml,10,300,0.9934490756974855,0.993301710959047,0.0,0.9566666666666667,1,0.0,0.0,30.0,56.38888888888888,0.03678240903081898,0.0,0.21333333333333335,0.0,0.0,0.0,0.0,0.9566666666666667,30.0
bursty,structured,naive,phi,radioml,11,300,0.9934425813960934,0.9932169435240508,0.0,0.9566666666666667,1,0.0,0.0,30.0,56.38888888888888,0.03677591472942672,0.0,0.18,0.0,0.0,0.0,0.0,0.9566666666666667,30.0
bursty,structured,naive,phi,radioml,12,300,0.9934477085145779,0.9932772629635742,0.0,0.9566666666666667,1,0.0,0.0,30.0,56.38888888888888,0.03678104184791133,0.0,0.27666666666666667,0.0,0.0,0.0,0.0,0.9566666666666667,30.0
bursty,structured,naive,phi,radioml,13,300,0.9934346183647006,0.9932199657633131,0.0,0.9566666666666667,1,0.0,0.0,30.0,56.38888888888888,0.036767951698033825,0.0,0.16333333333333333,0.0,0.0,0.0,0.0,0.9566666666666667,30.0
bursty,structured,naive,phi,radioml,14,300,0.9934383547092072,0.9932262467243838,0.0,0.9566666666666667,1,0.0,0.0,30.0,56.38888888888888,0.03677168804254035,0.0,0.24333333333333335,0.0,0.0,0.0,0.0,0.9566666666666667,30.0
bursty,structured,naive,phi,radioml,15,300,0.9934485123435985,0.9933096127842387,0.0,0.9566666666666667,1,0.0,0.0,30.0,56.38888888888888,0.03678184567693201,0.0,0.1,0.0,0.0,0.0,0.0,0.9566666666666667,30.0
bursty,structured,naive,phi,radioml,16,300,0.9934431792390516,0.993252644223966,0.0,0.9566666666666667,1,0.0,0.0,30.0,56.38888888888888,0.03677651257238478,0.0,0.14333333333333334,0.0,0.0,0.0,0.0,0.9566666666666667,30.0
bursty,structured,naive,phi,radioml,17,300,0.9934354395912635,0.9932267532445282,0.0,0.9566666666666667,1,0.0,0.0,30.0,56.38888888888888,0.036768772924596696,0.0,0.13666666666666666,0.0,0.0,0.0,0.0,0.9566666666666667,30.0
bursty,structured,naive,phi,radioml,18,300,0.9934365963571777,0.9931912234694166,0.0,0.9566666666666667,1,0.0,0.0,30.0,56.38888888888888,0.036769929690511086,0.0,0.2,0.0,0.0,0.0,0.0,0.9566666666666667,30.0
bursty,structured,naive,phi,radioml,19,300,0.9934397242744588,0.9932428697814661,0.0,0.9566666666666667,1,0.0,0.0,30.0,56.38888888888888,0.036773057607792196,0.0,0.12666666666666668,0.0,0.0,0.0,0.0,0.9566666666666667,30.0
bursty,structured,naive,phi,radioml,20,300,0.9934382295820278,0.9932048470059489,0.0,0.9566666666666667,1,0.0,0.0,30.0,56.38888888888888,0.03677156291536112,0.0,0.23333333333333334,0.0,0.0,0.0,0.0,0.9566666666666667,30.0
bursty,structured,naive,phi,radioml,21,300,0.9934391299274042,0.9932821250084044,0.0,0.9566666666666667,1,0.0,0.0,30.0,56.38888888888888,0.03677246326073747,0.0,0.15,0.0,0.0,0.0,0.0,0.9566666666666667,30.0
bursty,structured,naive,phi,radioml,22,300,0.9934416447621902,0.9932341433881937,0.0,0.9566666666666667,1,0.0,0.0,30.0,56.38888888888888,0.03677497809552345,0.0,0.14666666666666667,0.0,0.0,0.0,0.0,0.9566666666666667,30.0
bursty,structured,naive,phi,radioml,23,300,0.9934404970016911,0.9932484890045818,0.0,0.9566666666666667,1,0.0,0.0,30.0,56.38888888888888,0.036773830335024654,0.0,0.23666666666666666,0.0,0.0,0.0,0.0,0.9566666666666667,30.0
bursty,structured,naive,phi,radioml,24,300,0.9934438536653711,0.9932609924264931,0.0,0.9566666666666667,1,0.0,0.0,30.0,56.38888888888888,0.03677718699870444,0.0,0.24333333333333335,0.0,0.0,0.0,0.0,0.9566666666666667,30.0
bursty,structured,naive,phi,radioml,25,300,0.9934459079223287,0.9932864898854923,0.0,0.9566666666666667,1,0.0,0.0,30.0,56.38888888888888,0.03677924125566181,0.0,0.1,0.0,0.0,0.0,0.0,0.9566666666666667,30.0
bursty,structured,naive,phi,radioml,26,300,0.9934363580839196,0.9932900629922452,0.0,0.9566666666666667,1,0.0,0.0,30.0,56.38888888888888,0.036769691417253066,0.0,0.13666666666666666,0.0,0.0,0.0,0.0,0.9566666666666667,30.0
bursty,structured,naive,phi,radioml,27,300,0.9934360207870524,0.9932474472041716,0.0,0.9566666666666667,1,0.0,0.0,30.0,56.38888888888888,0.03676935412038572,0.0,0.31333333333333335,0.0,0.0,0.0,0.0,0.9566666666666667,30.0
bursty,structured,naive,phi,radioml,28,300,0.9934443679006756,0.99327707447402,0.0,0.9566666666666667,1,0.0,0.0,30.0,56.38888888888888,0.03677770123400904,0.0,0.20333333333333334,0.0,0.0,0.0,0.0,0.9566666666666667,30.0
bursty,structured,naive,phi,radioml,29,300,0.9934346116169149,0.9932649995479927,0.0,0.9566666666666667,1,0.0,0.0,30.0,56.38888888888888,0.036767944950248176,0.0,0.24333333333333335,0.0,0.0,0.0,0.0,0.9566666666666667,30.0
backhaul,structured,naive,phi,radioml,0,300,0.9600990200914384,0.9140015109875262,0.0,0.9566666666666667,1,0.0,0.0,30.0,56.38888888888888,0.003432353424771719,0.0,0.13,0.0,0.0,0.0,0.0,0.9566666666666667,30.0
backhaul,structured,naive,phi,radioml,1,300,0.9571848088897995,0.914001489798247,0.0,0.9566666666666667,1,0.0,0.0,30.0,56.38888888888888,0.0005181422231328033,0.0,0.13666666666666666,0.0,0.0,0.0,0.0,0.9566666666666667,30.0
backhaul,structured,naive,phi,radioml,2,300,0.9600990103296492,0.9140014805010556,0.0,0.9566666666666667,1,0.0,0.0,30.0,56.38888888888888,0.003432343662982517,0.0,0.19,0.0,0.0,0.0,0.0,0.9566666666666667,30.0
backhaul,structured,naive,phi,radioml,3,300,0.9603639491495609,0.9140015238335314,0.0,0.9566666666666667,1,0.0,0.0,30.0,56.38888888888888,0.0036972824828943817,0.0,0.18,0.0,0.0,0.0,0.0,0.9566666666666667,30.0
backhaul,structured,naive,phi,radioml,4,300,0.9600990141922998,0.9140014929704054,0.0,0.9566666666666667,1,0.0,0.0,30.0,56.38888888888888,0.003432347525633116,0.0,0.23,0.0,0.0,0.0,0.0,0.9566666666666667,30.0
backhaul,structured,naive,phi,radioml,5,300,0.9595691631727877,0.9140015216427145,0.0,0.9566666666666667,1,0.0,0.0,30.0,56.38888888888888,0.0029024965061209594,0.0,0.15666666666666668,0.0,0.0,0.0,0.0,0.9566666666666667,30.0
backhaul,structured,naive,phi,radioml,6,300,0.9598340855808267,0.9140014982562037,0.0,0.9566666666666667,1,0.0,0.0,30.0,56.38888888888888,0.003167418914160288,0.0,0.12,0.0,0.0,0.0,0.0,0.9566666666666667,30.0
backhaul,structured,naive,phi,radioml,7,300,0.958244519870644,0.9140014639426316,0.0,0.9566666666666667,1,0.0,0.0,30.0,56.38888888888888,0.0015778532039771806,0.0,0.11333333333333333,0.0,0.0,0.0,0.0,0.9566666666666667,30.0
backhaul,structured,naive,phi,radioml,8,300,0.9632781538115285,0.9140015101694049,0.0,0.9566666666666667,1,0.0,0.0,30.0,56.38888888888888,0.006611487144861753,0.0,0.17,0.0,0.0,0.0,0.0,0.9566666666666667,30.0
backhaul,structured,naive,phi,radioml,9,300,0.9632781532634188,0.9140015033030954,0.0,0.9566666666666667,1,0.0,0.0,30.0,56.38888888888888,0.006611486596752017,0.0,0.16666666666666666,0.0,0.0,0.0,0.0,0.9566666666666667,30.0
backhaul,structured,naive,phi,radioml,10,300,0.9585094480805505,0.9140015075992566,0.0,0.9566666666666667,1,0.0,0.0,30.0,56.38888888888888,0.0018427814138838212,0.0,0.14333333333333334,0.0,0.0,0.0,0.0,0.9566666666666667,30.0
backhaul,structured,naive,phi,radioml,11,300,0.961688583439791,0.9140014968277728,0.0,0.9566666666666667,1,0.0,0.0,30.0,56.38888888888888,0.005021916773124244,0.0,0.26666666666666666,0.0,0.0,0.0,0.0,0.9566666666666667,30.0
backhaul,structured,naive,phi,radioml,12,300,0.9593042306212787,0.9140014988449496,0.0,0.9566666666666667,1,0.0,0.0,30.0,56.38888888888888,0.0026375639546120737,0.0,0.29,0.0,0.0,0.0,0.0,0.9566666666666667,30.0
backhaul,structured,naive,phi,radioml,13,300,0.9571848036201118,0.9140014879532888,0.0,0.9566666666666667,1,0.0,0.0,30.0,56.38888888888888,0.0005181369534451896,0.0,0.14666666666666667,0.0,0.0,0.0,0.0,0.9566666666666667,30.0
backhaul,structured,naive,phi,radioml,14,300,0.9611587165720227,0.9140014903090681,0.0,0.9566666666666667,1,0.0,0.0,30.0,56.38888888888888,0.00449204990535596,0.0,0.10666666666666667,0.0,0.0,0.0,0.0,0.9566666666666667,30.0
backhaul,structured,naive,phi,radioml,15,300,0.9651326463252762,0.9140015112197309,0.0,0.9566666666666667,1,0.0,0.0,30.0,56.38888888888888,0.008465979658609589,0.0,0.24,0.0,0.0,0.0,0.0,0.9566666666666667,30.0
backhaul,structured,naive,phi,radioml,16,300,0.9600990151326299,0.914001496056208,0.0,0.9566666666666667,1,0.0,0.0,30.0,56.38888888888888,0.003432348465963093,0.0,0.14,0.0,0.0,0.0,0.0,0.9566666666666667,30.0
backhaul,structured,naive,phi,radioml,17,300,0.961158724776764,0.9140014969483174,0.0,0.9566666666666667,1,0.0,0.0,30.0,56.38888888888888,0.004492058110097427,0.0,0.12,0.0,0.0,0.0,0.0,0.9566666666666667,30.0
backhaul,structured,naive,phi,radioml,18,300,0.9630132205793482,0.9140015027485584,0.0,0.9566666666666667,1,0.0,0.0,30.0,56.38888888888888,0.006346553912681534,0.0,0.16,0.0,0.0,0.0,0.0,0.9566666666666667,30.0
backhaul,structured,naive,phi,radioml,19,300,0.9622184402029783,0.9140015047978517,0.0,0.9566666666666667,1,0.0,0.0,30.0,56.38888888888888,0.005551773536311577,0.0,0.17333333333333334,0.0,0.0,0.0,0.0,0.9566666666666667,30.0
backhaul,structured,naive,phi,radioml,20,300,0.9606288637856705,0.9140014877232798,0.0,0.9566666666666667,1,0.0,0.0,30.0,56.38888888888888,0.003962197119003831,0.0,0.16333333333333333,0.0,0.0,0.0,0.0,0.9566666666666667,30.0
backhaul,structured,naive,phi,radioml,21,300,0.9595691631718447,0.9140014972918941,0.0,0.9566666666666667,1,0.0,0.0,30.0,56.38888888888888,0.0029024965051781255,0.0,0.2633333333333333,0.0,0.0,0.0,0.0,0.9566666666666667,30.0
backhaul,structured,naive,phi,radioml,22,300,0.9611587294581708,0.914001468248575,0.0,0.9566666666666667,1,0.0,0.0,30.0,56.38888888888888,0.004492062791504186,0.0,0.18333333333333332,0.0,0.0,0.0,0.0,0.9566666666666667,30.0
backhaul,structured,naive,phi,radioml,23,300,0.9608938058835359,0.9140015245348447,0.0,0.9566666666666667,1,0.0,0.0,30.0,56.38888888888888,0.004227139216869181,0.0,0.20333333333333334,0.0,0.0,0.0,0.0,0.9566666666666667,30.0
backhaul,structured,naive,phi,radioml,24,300,0.9616885805330552,0.9140014932266061,0.0,0.9566666666666667,1,0.0,0.0,30.0,56.38888888888888,0.0050219138663884074,0.0,0.21,0.0,0.0,0.0,0.0,0.9566666666666667,30.0
backhaul,structured,naive,phi,radioml,25,300,0.9611587324380015,0.9140015028959183,0.0,0.9566666666666667,1,0.0,0.0,30.0,56.38888888888888,0.004492065771334908,0.0,0.2,0.0,0.0,0.0,0.0,0.9566666666666667,30.0
backhaul,structured,naive,phi,radioml,26,300,0.9646027911405692,0.9140014958829031,0.0,0.9566666666666667,1,0.0,0.0,30.0,56.38888888888888,0.007936124473902621,0.0,0.25,0.0,0.0,0.0,0.0,0.9566666666666667,30.0
backhaul,structured,naive,phi,radioml,27,300,0.9611587299946168,0.9140014953189164,0.0,0.9566666666666667,1,0.0,0.0,30.0,56.38888888888888,0.00449206332795006,0.0,0.19,0.0,0.0,0.0,0.0,0.9566666666666667,30.0
backhaul,structured,naive,phi,radioml,28,300,0.96248336948019,0.914001506710752,0.0,0.9566666666666667,1,0.0,0.0,30.0,56.38888888888888,0.005816702813523298,0.0,0.15,0.0,0.0,0.0,0.0,0.9566666666666667,30.0
backhaul,structured,naive,phi,radioml,29,300,0.9630132213521624,0.9140014905926106,0.0,0.9566666666666667,1,0.0,0.0,30.0,56.38888888888888,0.0063465546854957824,0.0,0.2733333333333333,0.0,0.0,0.0,0.0,0.9566666666666667,30.0
compromised_xapp,structured,naive,phi,radioml,0,300,0.9934336830112954,0.9933200110716291,0.0,0.9566666666666667,1,0.0,0.0,30.0,56.38888888888888,0.03676701634462881,0.0,0.15666666666666668,0.10333333333333333,0.0,0.0,0.0,0.9566666666666667,30.0
compromised_xapp,structured,naive,phi,radioml,1,300,0.9934335076287513,0.993336039522234,0.0,0.9566666666666667,1,0.0,0.0,30.0,56.38888888888888,0.036766840962084525,0.0,0.23333333333333334,0.10666666666666667,0.0,0.0,0.0,0.9566666666666667,30.0
compromised_xapp,structured,naive,phi,radioml,2,300,0.9934401961969591,0.9933526759851473,0.0,0.9566666666666667,1,0.0,0.0,30.0,56.38888888888888,0.03677352953029249,0.0,0.3233333333333333,0.11666666666666667,0.0,0.0,0.0,0.9566666666666667,30.0
compromised_xapp,structured,naive,phi,radioml,3,300,0.9934372366036898,0.9933433337409777,0.0,0.9566666666666667,1,0.0,0.0,30.0,56.38888888888888,0.03677056993702294,0.0,0.2833333333333333,0.12333333333333334,0.0,0.0,0.0,0.9566666666666667,30.0
compromised_xapp,structured,naive,phi,radioml,4,300,0.99343360042588,0.993337308452027,0.0,0.9566666666666667,1,0.0,0.0,30.0,56.38888888888888,0.03676693375921322,0.0,0.21666666666666667,0.11333333333333333,0.0,0.0,0.0,0.9566666666666667,30.0
compromised_xapp,structured,naive,phi,radioml,5,300,0.9934324762583416,0.9933245389316068,0.0,0.9566666666666667,1,0.0,0.0,30.0,56.38888888888888,0.036765809591675094,0.0,0.26,0.14333333333333334,0.0,0.0,0.0,0.9566666666666667,30.0
compromised_xapp,structured,naive,phi,radioml,6,300,0.9934317417158752,0.9933080373893315,0.0,0.9566666666666667,1,0.0,0.0,30.0,56.38888888888888,0.03676507504920852,0.0,0.19666666666666666,0.08666666666666667,0.0,0.0,0.0,0.9566666666666667,30.0
compromised_xapp,structured,naive,phi,radioml,7,300,0.9934342892186163,0.9933329573278722,0.0,0.9566666666666667,1,0.0,0.0,30.0,56.38888888888888,0.03676762255194963,0.0,0.23,0.10666666666666667,0.0,0.0,0.0,0.9566666666666667,30.0
compromised_xapp,structured,naive,phi,radioml,8,300,0.9934316511483511,0.9933153943997496,0.0,0.9566666666666667,1,0.0,0.0,30.0,56.38888888888888,0.03676498448168432,0.0,0.13,0.10666666666666667,0.0,0.0,0.0,0.9566666666666667,30.0
compromised_xapp,structured,naive,phi,radioml,9,300,0.9934340244536657,0.9933250826890635,0.0,0.9566666666666667,1,0.0,0.0,30.0,56.38888888888888,0.03676735778699903,0.0,0.18666666666666668,0.14,0.0,0.0,0.0,0.9566666666666667,30.0
compromised_xapp,structured,naive,phi,radioml,10,300,0.9934339781671833,0.9933107803270804,0.0,0.9566666666666667,1,0.0,0.0,30.0,56.38888888888888,0.03676731150051657,0.0,0.2733333333333333,0.14,0.0,0.0,0.0,0.9566666666666667,30.0
compromised_xapp,structured,naive,phi,radioml,11,300,0.9934344303013516,0.9933360380305714,0.0,0.9566666666666667,1,0.0,0.0,30.0,56.38888888888888,0.036767763634684814,0.0,0.2,0.09666666666666666,0.0,0.0,0.0,0.9566666666666667,30.0
compromised_xapp,structured,naive,phi,radioml,12,300,0.9934363736237432,0.9933454518625592,0.0,0.9566666666666667,1,0.0,0.0,30.0,56.38888888888888,0.03676970695707651,0.0,0.2966666666666667,0.12333333333333334,0.0,0.0,0.0,0.9566666666666667,30.0
compromised_xapp,structured,naive,phi,radioml,13,300,0.9934404502977096,0.9933491450852494,0.0,0.9566666666666667,1,0.0,0.0,30.0,56.38888888888888,0.0367737836310428,0.0,0.2,0.10333333333333333,0.0,0.0,0.0,0.9566666666666667,30.0
compromised_xapp,structured,naive,phi,radioml,14,300,0.9934358317130322,0.9933304009858317,0.0,0.9566666666666667,1,0.0,0.0,30.0,56.38888888888888,0.03676916504636533,0.0,0.22666666666666666,0.11333333333333333,0.0,0.0,0.0,0.9566666666666667,30.0
compromised_xapp,structured,naive,phi,radioml,15,300,0.9934361301955751,0.9933583424766552,0.0,0.9566666666666667,1,0.0,0.0,30.0,56.38888888888888,0.0367694635289085,0.0,0.19333333333333333,0.11,0.0,0.0,0.0,0.9566666666666667,30.0
compromised_xapp,structured,naive,phi,radioml,16,300,0.9934277774343987,0.9933079743946439,0.0,0.9566666666666667,1,0.0,0.0,30.0,56.38888888888888,0.03676111076773219,0.0,0.25,0.16333333333333333,0.0,0.0,0.0,0.9566666666666667,30.0
compromised_xapp,structured,naive,phi,radioml,17,300,0.9934332953182067,0.9933170591385176,0.0,0.9566666666666667,1,0.0,0.0,30.0,56.38888888888888,0.036766628651539804,0.0,0.25666666666666665,0.12,0.0,0.0,0.0,0.9566666666666667,30.0
compromised_xapp,structured,naive,phi,radioml,18,300,0.9934326267544645,0.9933183421192899,0.0,0.9566666666666667,1,0.0,0.0,30.0,56.38888888888888,0.03676596008779788,0.0,0.2,0.10333333333333333,0.0,0.0,0.0,0.9566666666666667,30.0
compromised_xapp,structured,naive,phi,radioml,19,300,0.9934313419030865,0.9933111273514871,0.0,0.9566666666666667,1,0.0,0.0,30.0,56.38888888888888,0.0367646752364197,0.0,0.25333333333333335,0.14,0.0,0.0,0.0,0.9566666666666667,30.0
compromised_xapp,structured,naive,phi,radioml,20,300,0.9934368053322987,0.9933451814693766,0.0,0.9566666666666667,1,0.0,0.0,30.0,56.38888888888888,0.03677013866563202,0.0,0.31333333333333335,0.11333333333333333,0.0,0.0,0.0,0.9566666666666667,30.0
compromised_xapp,structured,naive,phi,radioml,21,300,0.9934391493047598,0.9933468659184694,0.0,0.9566666666666667,1,0.0,0.0,30.0,56.38888888888888,0.036772482638093136,0.0,0.24666666666666667,0.11333333333333333,0.0,0.0,0.0,0.9566666666666667,30.0
compromised_xapp,structured,naive,phi,radioml,22,300,0.9934341336792013,0.9933406118573962,0.0,0.9566666666666667,1,0.0,0.0,30.0,56.38888888888888,0.03676746701253468,0.0,0.22666666666666666,0.11,0.0,0.0,0.0,0.9566666666666667,30.0
compromised_xapp,structured,naive,phi,radioml,23,300,0.9934344046031881,0.9933394946203503,0.0,0.9566666666666667,1,0.0,0.0,30.0,56.38888888888888,0.03676773793652133,0.0,0.23333333333333334,0.10666666666666667,0.0,0.0,0.0,0.9566666666666667,30.0
compromised_xapp,structured,naive,phi,radioml,24,300,0.9934331853114734,0.9933224818218169,0.0,0.9566666666666667,1,0.0,0.0,30.0,56.38888888888888,0.03676651864480674,0.0,0.22333333333333333,0.10333333333333333,0.0,0.0,0.0,0.9566666666666667,30.0
compromised_xapp,structured,naive,phi,radioml,25,300,0.9934311357622191,0.993302466882245,0.0,0.9566666666666667,1,0.0,0.0,30.0,56.38888888888888,0.03676446909555224,0.0,0.23666666666666666,0.10333333333333333,0.0,0.0,0.0,0.9566666666666667,30.0
compromised_xapp,structured,naive,phi,radioml,26,300,0.9934355301975983,0.9933386924563636,0.0,0.9566666666666667,1,0.0,0.0,30.0,56.38888888888888,0.03676886353093168,0.0,0.13,0.09333333333333334,0.0,0.0,0.0,0.9566666666666667,30.0
compromised_xapp,structured,naive,phi,radioml,27,300,0.9934420749786369,0.9933614385497771,0.0,0.9566666666666667,1,0.0,0.0,30.0,56.38888888888888,0.03677540831197027,0.0,0.37666666666666665,0.11666666666666667,0.0,0.0,0.0,0.9566666666666667,30.0
compromised_xapp,structured,naive,phi,radioml,28,300,0.9934350085746604,0.993326543720087,0.0,0.9566666666666667,1,0.0,0.0,30.0,56.38888888888888,0.03676834190799376,0.0,0.10666666666666667,0.11666666666666667,0.0,0.0,0.0,0.9566666666666667,30.0
compromised_xapp,structured,naive,phi,radioml,29,300,0.9934383582722319,0.993345382173259,0.0,0.9566666666666667,1,0.0,0.0,30.0,56.38888888888888,0.036771691605565204,0.0,0.26666666666666666,0.14,0.0,0.0,0.0,0.9566666666666667,30.0
compound,structured,naive,phi,radioml,0,300,0.9637840362984023,0.9067369012006271,0.0,0.9566666666666667,1,0.0,0.0,30.0,56.38888888888888,0.0071173696317357125,0.0,0.19333333333333333,0.30666666666666664,0.0,0.0,0.0,0.9566666666666667,30.0
compound,structured,naive,phi,radioml,1,300,0.963105775525256,0.9002412086097209,0.0,0.9566666666666667,1,0.0,0.0,30.0,56.38888888888888,0.006439108858589258,0.0,0.14,0.30333333333333334,0.0,0.0,0.0,0.9566666666666667,30.0
compound,structured,naive,phi,radioml,2,300,0.9647006157506527,0.9004710803269403,0.0,0.9566666666666667,1,0.0,0.0,30.0,56.38888888888888,0.008033949083985815,0.0,0.16,0.29,0.0,0.0,0.0,0.9566666666666667,30.0
compound,structured,naive,phi,radioml,3,300,0.9633907191327491,0.8963263875391858,0.0,0.9566666666666667,3,0.0,0.0,30.0,56.38888888888888,0.006724052466082412,0.0,0.21333333333333335,0.3,0.0,0.0,0.0,0.9566666666666667,30.0
compound,structured,naive,phi,radioml,4,300,0.9633749130010466,0.9009397787945506,0.0,0.9566666666666667,1,0.0,0.0,30.0,56.38888888888888,0.006708246334379994,0.0,0.18333333333333332,0.27666666666666667,0.0,0.0,0.0,0.9566666666666667,30.0
compound,structured,naive,phi,radioml,5,300,0.9628682943864756,0.8959274385151381,0.0,0.9566666666666667,1,0.0,0.0,30.0,56.38888888888888,0.006201627719809035,0.0,0.15333333333333332,0.32,0.0,0.0,0.0,0.9566666666666667,30.0
compound,structured,naive,phi,radioml,6,300,0.9637336266076545,0.9031014267450187,0.0,0.9566666666666667,1,0.0,0.0,30.0,56.38888888888888,0.0070669599409878,0.0,0.21,0.2966666666666667,0.0,0.0,0.0,0.9566666666666667,30.0
compound,structured,naive,phi,radioml,7,300,0.9632265141077805,0.9004074864725685,0.0,0.9566666666666667,1,0.0,0.0,30.0,56.38888888888888,0.006559847441113883,0.0,0.19,0.32,0.0,0.0,0.0,0.9566666666666667,30.0
compound,structured,naive,phi,radioml,8,300,0.9643873653316826,0.8919650350573521,0.0,0.9566666666666667,1,0.0,0.0,30.0,56.38888888888888,0.007720698665016096,0.0,0.20666666666666667,0.3,0.0,0.0,0.0,0.9566666666666667,30.0
compound,structured,naive,phi,radioml,9,300,0.9653374928769154,0.8961572816611976,0.0,0.9566666666666667,1,0.0,0.0,30.0,56.38888888888888,0.008670826210248733,0.0,0.07666666666666666,0.2866666666666667,0.0,0.0,0.0,0.9566666666666667,30.0
compound,structured,naive,phi,radioml,10,300,0.9631361593906765,0.9019817964096561,0.0,0.9566666666666667,1,0.0,0.0,30.0,56.38888888888888,0.006469492724009876,0.0,0.21666666666666667,0.30333333333333334,0.0,0.0,0.0,0.9566666666666667,30.0
compound,structured,naive,phi,radioml,11,300,0.9646150813060679,0.9037986073632331,0.0,0.9566666666666667,1,0.0,0.0,30.0,56.38888888888888,0.007948414639401165,0.0,0.29,0.26,0.0,0.0,0.0,0.9566666666666667,30.0
compound,structured,naive,phi,radioml,12,300,0.967394158557411,0.9091908656777734,0.0,0.9566666666666667,1,0.0,0.0,30.0,56.38888888888888,0.010727491890744272,0.0,0.32,0.27,0.0,0.0,0.0,0.9566666666666667,30.0
compound,structured,naive,phi,radioml,13,300,0.9661124387189042,0.9048913898843419,0.0,0.9566666666666667,1,0.0,0.0,30.0,56.38888888888888,0.009445772052237462,0.0,0.16666666666666666,0.25666666666666665,0.0,0.0,0.0,0.9566666666666667,30.0
compound,structured,naive,phi,radioml,14,300,0.9628110036457842,0.9029211148194598,0.0,0.9566666666666667,1,0.0,0.0,30.0,56.38888888888888,0.006144336979117343,0.0,0.31666666666666665,0.31333333333333335,0.0,0.0,0.0,0.9566666666666667,30.0
compound,structured,naive,phi,radioml,15,300,0.9621078068888549,0.9041834825532074,0.0,0.9566666666666667,1,0.0,0.0,30.0,56.38888888888888,0.00544114022218811,0.0,0.29,0.30333333333333334,0.0,0.0,0.0,0.9566666666666667,30.0
compound,structured,naive,phi,radioml,16,300,0.9633603901663912,0.8997455650314615,0.0,0.9566666666666667,1,0.0,0.0,30.0,56.38888888888888,0.006693723499724369,0.0,0.16,0.33666666666666667,0.0,0.0,0.0,0.9566666666666667,30.0
compound,structured,naive,phi,radioml,17,300,0.9620146585079115,0.9024703399915109,0.0,0.9566666666666667,1,0.0,0.0,30.0,56.38888888888888,0.0053479918412446936,0.0,0.10666666666666667,0.34,0.0,0.0,0.0,0.9566666666666667,30.0
compound,structured,naive,phi,radioml,18,300,0.9638794347922612,0.9037106929135372,0.0,0.9566666666666667,1,0.0,0.0,30.0,56.38888888888888,0.007212768125594516,0.0,0.12,0.2966666666666667,0.0,0.0,0.0,0.9566666666666667,30.0
compound,structured,naive,phi,radioml,19,300,0.9631830525510355,0.9038679050070194,0.0,0.9566666666666667,1,0.0,0.0,30.0,56.38888888888888,0.006516385884368869,0.0,0.21,0.32666666666666666,0.0,0.0,0.0,0.9566666666666667,30.0
compound,structured,naive,phi,radioml,20,300,0.9664471744993371,0.896659226021199,0.0,0.9566666666666667,1,0.0,0.0,30.0,56.38888888888888,0.009780507832670482,0.0,0.10666666666666667,0.2833333333333333,0.0,0.0,0.0,0.9566666666666667,30.0
compound,structured,naive,phi,radioml,21,300,0.9634969707595663,0.9024067062702985,0.0,0.9566666666666667,1,0.0,0.0,30.0,56.38888888888888,0.006830304092899558,0.0,0.16666666666666666,0.32666666666666666,0.0,0.0,0.0,0.9566666666666667,30.0
compound,structured,naive,phi,radioml,22,300,0.964832304728429,0.8981170644416782,0.0,0.9566666666666667,1,0.0,0.0,30.0,56.38888888888888,0.008165638061762117,0.0,0.26666666666666666,0.2966666666666667,0.0,0.0,0.0,0.9566666666666667,30.0
compound,structured,naive,phi,radioml,23,300,0.9679641791592691,0.9049217772231547,0.0,0.9566666666666667,1,0.0,0.0,30.0,56.38888888888888,0.011297512492602392,0.0,0.23666666666666666,0.24333333333333335,0.0,0.0,0.0,0.9566666666666667,30.0
compound,structured,naive,phi,radioml,24,300,0.9640214732933827,0.8988951389832948,0.0,0.9566666666666667,1,0.0,0.0,30.0,56.38888888888888,0.007354806626716043,0.0,0.06666666666666667,0.3433333333333333,0.0,0.0,0.0,0.9566666666666667,30.0
compound,structured,naive,phi,radioml,25,300,0.9650889715722171,0.9007832511079239,0.0,0.9566666666666667,2,0.0,0.0,30.0,56.38888888888888,0.008422304905550512,0.0,0.10333333333333333,0.27,0.0,0.0,0.0,0.9566666666666667,30.0
compound,structured,naive,phi,radioml,26,300,0.965175142651198,0.900689964263486,0.0,0.9566666666666667,1,0.0,0.0,30.0,56.38888888888888,0.008508475984531293,0.0,0.14666666666666667,0.3,0.0,0.0,0.0,0.9566666666666667,30.0
compound,structured,naive,phi,radioml,27,300,0.9592210076906762,0.8970809141800837,0.0,0.9566666666666667,1,0.0,0.0,30.0,56.38888888888888,0.002554341024009436,0.0,0.22666666666666666,0.3433333333333333,0.0,0.0,0.0,0.9566666666666667,30.0
compound,structured,naive,phi,radioml,28,300,0.9636160348332095,0.8944474861337246,0.0,0.9566666666666667,1,0.0,0.0,30.0,56.38888888888888,0.006949368166542822,0.0,0.20666666666666667,0.31333333333333335,0.0,0.0,0.0,0.9566666666666667,30.0
compound,structured,naive,phi,radioml,29,300,0.9626362102957557,0.8888757683346741,0.0,0.9566666666666667,1,0.0,0.0,30.0,56.38888888888888,0.005969543629089097,0.0,0.25333333333333335,0.3233333333333333,0.0,0.0,0.0,0.9566666666666667,30.0
narrowband,shield_repair,adaptive,phi_plus,radioml,0,300,0.9862771852000496,0.9735914741712004,0.0,0.0,1,0.0,0.0,25.65,42.04907390270415,0.9862771852000496,0.0,0.0,0.0,0.0,1.0,0.0,0.0,30.0
narrowband,shield_repair,adaptive,phi_plus,radioml,1,300,0.9852352467126825,0.9732499243529181,0.0,0.0,1,0.0,0.0,25.72,42.18618665004718,0.9852352467126825,0.0,0.0,0.0,0.0,1.0,0.0,0.0,30.0
narrowband,shield_repair,adaptive,phi_plus,radioml,2,300,0.9841545427772947,0.9709790335335304,0.0,0.0,1,0.0,0.0,25.63,41.66484433891287,0.9841545427772947,0.0,0.0,0.0,0.0,1.0,0.0,0.0,30.0
narrowband,shield_repair,adaptive,phi_plus,radioml,3,300,0.9853416586160904,0.9735219083667881,0.0,0.0,1,0.0,0.0,25.63,40.35758939589363,0.9853416586160904,0.0,0.0,0.0,0.0,1.0,0.0,0.0,30.0
narrowband,shield_repair,adaptive,phi_plus,radioml,4,300,0.9852125857750009,0.9733866778581561,0.0,0.0,1,0.0,0.0,25.65,42.35467288162996,0.9852125857750009,0.0,0.0,0.0,0.0,1.0,0.0,0.0,30.0
narrowband,shield_repair,adaptive,phi_plus,radioml,5,300,0.9848613616387274,0.9729226526809419,0.0,0.0,1,0.0,0.0,25.53,39.59136141571515,0.9848613616387274,0.0,0.0,0.0,0.0,1.0,0.0,0.0,30.0
narrowband,shield_repair,adaptive,phi_plus,radioml,6,300,0.9861273983466258,0.973654642520191,0.0,0.0,1,0.0,0.0,25.66,42.70251456999683,0.9861273983466258,0.0,0.0,0.0,0.0,1.0,0.0,0.0,30.0
narrowband,shield_repair,adaptive,phi_plus,radioml,7,300,0.9842674369000785,0.972971858074406,0.0,0.0,1,0.0,0.0,25.72,41.05411583367779,0.9842674369000785,0.0,0.0,0.0,0.0,1.0,0.0,0.0,30.0
narrowband,shield_repair,adaptive,phi_plus,radioml,8,300,0.9783676364221333,0.9726283164414705,0.0,0.0,1,0.0,0.0,25.52,43.43420213140268,0.9783676364221333,0.0,0.0,0.0,0.0,1.0,0.0,0.0,30.0
narrowband,shield_repair,adaptive,phi_plus,radioml,9,300,0.9850783831951196,0.9737827882010159,0.0,0.0,1,0.0,0.0,25.69,39.37806429791718,0.9850783831951196,0.0,0.0,0.0,0.0,1.0,0.0,0.0,30.0
narrowband,shield_repair,adaptive,phi_plus,radioml,10,300,0.9847934357412123,0.973574693158717,0.0,0.0,1,0.0,0.0,25.55,40.32746180561009,0.9847934357412123,0.0,0.0,0.0,0.0,1.0,0.0,0.0,30.0
narrowband,shield_repair,adaptive,phi_plus,radioml,11,300,0.9851367200819264,0.9733094429129853,0.0,0.0,1,0.0,0.0,25.6,40.96985952811772,0.9851367200819264,0.0,0.0,0.0,0.0,1.0,0.0,0.0,30.0
narrowband,shield_repair,adaptive,phi_plus,radioml,12,300,0.9825736521157842,0.973248201984886,0.0,0.0,1,0.0,0.0,25.67,41.90072125995302,0.9825736521157842,0.0,0.0,0.0,0.0,1.0,0.0,0.0,30.0
narrowband,shield_repair,adaptive,phi_plus,radioml,13,300,0.9822522538637065,0.9737707363056077,0.0,0.0,1,0.0,0.0,25.65,39.32370735599758,0.9822522538637065,0.0,0.0,0.0,0.0,1.0,0.0,0.0,30.0
narrowband,shield_repair,adaptive,phi_plus,radioml,14,300,0.9860935855261459,0.9735507387529929,0.0,0.0,1,0.0,0.0,25.54,40.47513848925334,0.9860935855261459,0.0,0.0,0.0,0.0,1.0,0.0,0.0,30.0
narrowband,shield_repair,adaptive,phi_plus,radioml,15,300,0.9854264896234715,0.9729307371996824,0.0,0.0,1,0.0,0.0,25.61,42.70969529886543,0.9854264896234715,0.0,0.0,0.0,0.0,1.0,0.0,0.0,30.0
narrowband,shield_repair,adaptive,phi_plus,radioml,16,300,0.9852308920359075,0.9722093457219011,0.0,0.0,1,0.0,0.0,25.64,41.653653094393476,0.9852308920359075,0.0,0.0,0.0,0.0,1.0,0.0,0.0,30.0
narrowband,shield_repair,adaptive,phi_plus,radioml,17,300,0.9837248713872054,0.9733110033366522,0.0,0.0,1,0.0,0.0,25.55,40.35041825964015,0.9837248713872054,0.0,0.0,0.0,0.0,1.0,0.0,0.0,30.0
narrowband,shield_repair,adaptive,phi_plus,radioml,18,300,0.985426354741149,0.9734432285907624,0.0,0.0,1,0.0,0.0,25.7,41.382475279438324,0.985426354741149,0.0,0.0,0.0,0.0,1.0,0.0,0.0,30.0
narrowband,shield_repair,adaptive,phi_plus,radioml,19,300,0.9852438416033257,0.9731419308246977,0.0,0.0,1,0.0,0.0,25.71,42.39550861178572,0.9852438416033257,0.0,0.0,0.0,0.0,1.0,0.0,0.0,30.0
narrowband,shield_repair,adaptive,phi_plus,radioml,20,300,0.9854067309017607,0.9737637242557057,0.0,0.0,1,0.0,0.0,25.68,42.54309164662407,0.9854067309017607,0.0,0.0,0.0,0.0,1.0,0.0,0.0,30.0
narrowband,shield_repair,adaptive,phi_plus,radioml,21,300,0.9853796634041169,0.9733401807585148,0.0,0.0,1,0.0,0.0,25.56,40.989447362929305,0.9853796634041169,0.0,0.0,0.0,0.0,1.0,0.0,0.0,30.0
narrowband,shield_repair,adaptive,phi_plus,radioml,22,300,0.9843491441162368,0.9720678843205327,0.0,0.0,1,0.0,0.0,25.61,42.85127362524805,0.9843491441162368,0.0,0.0,0.0,0.0,1.0,0.0,0.0,30.0
narrowband,shield_repair,adaptive,phi_plus,radioml,23,300,0.9813898629354609,0.9723390892473694,0.0,0.0,1,0.0,0.0,25.53,39.13292405383323,0.9813898629354609,0.0,0.0,0.0,0.0,1.0,0.0,0.0,30.0
narrowband,shield_repair,adaptive,phi_plus,radioml,24,300,0.9850368517809098,0.9735493201914466,0.0,0.0,1,0.0,0.0,25.51,41.410884957890566,0.9850368517809098,0.0,0.0,0.0,0.0,1.0,0.0,0.0,30.0
narrowband,shield_repair,adaptive,phi_plus,radioml,25,300,0.9858458924462357,0.9736342668651773,0.0,0.0,1,0.0,0.0,25.59,43.27881912959632,0.9858458924462357,0.0,0.0,0.0,0.0,1.0,0.0,0.0,30.0
narrowband,shield_repair,adaptive,phi_plus,radioml,26,300,0.9852710806942468,0.9736711687062679,0.0,0.0,1,0.0,0.0,25.67,43.56897462602093,0.9852710806942468,0.0,0.0,0.0,0.0,1.0,0.0,0.0,30.0
narrowband,shield_repair,adaptive,phi_plus,radioml,27,300,0.985112896631766,0.9730936918444522,0.0,0.0,1,0.0,0.0,25.56,39.85610163042899,0.985112896631766,0.0,0.0,0.0,0.0,1.0,0.0,0.0,30.0
narrowband,shield_repair,adaptive,phi_plus,radioml,28,300,0.9853514025606933,0.9738945992290583,0.0,0.0,1,0.0,0.0,25.55,41.23371447845125,0.9853514025606933,0.0,0.0,0.0,0.0,1.0,0.0,0.0,30.0
narrowband,shield_repair,adaptive,phi_plus,radioml,29,300,0.9851714444072999,0.9737631736806327,0.0,0.0,1,0.0,0.0,25.66,40.69653748173169,0.9851714444072999,0.0,0.0,0.0,0.0,1.0,0.0,0.0,30.0
wideband,shield_repair,adaptive,phi_plus,radioml,0,300,0.7526699893630376,0.0004779646521802178,0.0,0.0,2,0.0,0.0,25.44,40.29587111688973,0.7526699893630376,0.0,0.0,0.0,0.0,1.0,0.0,0.0,30.0
wideband,shield_repair,adaptive,phi_plus,radioml,1,300,0.7500862794537253,0.0004249941606851983,0.0,0.0,1,0.0,0.0,25.58,41.4294517123284,0.7500862794537253,0.0,0.0,0.0,0.0,1.0,0.0,0.0,30.0
wideband,shield_repair,adaptive,phi_plus,radioml,2,300,0.743597648375358,0.0005130267461681369,0.0,0.0,1,0.0,0.0,25.41,41.457109861020754,0.743597648375358,0.0,0.0,0.0,0.0,1.0,0.0,0.0,30.0
wideband,shield_repair,adaptive,phi_plus,radioml,3,300,0.7589964570718176,0.00024649576907430696,0.0,0.0,3,0.0,0.0,25.57,42.63622587155657,0.7589964570718176,0.0,0.0,0.0,0.0,1.0,0.0,0.0,30.0
wideband,shield_repair,adaptive,phi_plus,radioml,4,300,0.7622297113687482,0.006087097779462278,0.0,0.0,4,0.0,0.0,25.53,40.26446250179828,0.7622297113687482,0.0,0.0,0.0,0.0,1.0,0.0,0.0,30.0
wideband,shield_repair,adaptive,phi_plus,radioml,5,300,0.7522055767005045,0.0003365343252131896,0.0,0.0,2,0.0,0.0,25.43,41.871671341044426,0.7522055767005045,0.0,0.0,0.0,0.0,1.0,0.0,0.0,30.0
wideband,shield_repair,adaptive,phi_plus,radioml,6,300,0.7287510735940862,0.00020929568854601761,0.0,0.0,1,0.0,0.0,25.55,41.61416831885096,0.7287510735940862,0.0,0.0,0.0,0.0,1.0,0.0,0.0,30.0
wideband,shield_repair,adaptive,phi_plus,radioml,7,300,0.7652638268681806,0.0028051314575824643,0.0,0.0033333333333333335,2,0.0,0.0,25.56,41.897619125583944,0.7619304935348473,0.0,0.0,0.0,0.0,1.0,0.0033333333333333335,0.0,30.0
wideband,shield_repair,adaptive,phi_plus,radioml,8,300,0.7537926406813046,0.0007151409378431732,0.0,0.0,2,0.0,0.0,25.5,42.46311495696739,0.7537926406813046,0.0,0.0,0.0,0.0,1.0,0.0,0.0,30.0
wideband,shield_repair,adaptive,phi_plus,radioml,9,300,0.7528337601479432,0.0004705579087472774,0.0,0.0,1,0.0,0.0,25.58,41.820361833016314,0.7528337601479432,0.0,0.0,0.0,0.0,1.0,0.0,0.0,30.0
wideband,shield_repair,adaptive,phi_plus,radioml,10,300,0.7523321888506799,0.006122968501601609,0.0,0.0,1,0.0,0.0,25.57,43.10286024921819,0.7523321888506799,0.0,0.0,0.0,0.0,1.0,0.0,0.0,30.0
wideband,shield_repair,adaptive,phi_plus,radioml,11,300,0.7454142349251446,0.008853487448200883,0.0,0.0,1,0.0,0.0,25.57,42.08733622203329,0.7454142349251446,0.0,0.0,0.0,0.0,1.0,0.0,0.0,30.0
wideband,shield_repair,adaptive,phi_plus,radioml,12,300,0.7579181052341051,0.0003097063759265899,0.0,0.0,1,0.0,0.0,25.44,41.73676025029571,0.7579181052341051,0.0,0.0,0.0,0.0,1.0,0.0,0.0,30.0
wideband,shield_repair,adaptive,phi_plus,radioml,13,300,0.728961737931496,0.0006273567979205631,0.0,0.0,2,0.0,0.0,25.46,40.63270369302568,0.728961737931496,0.0,0.0,0.0,0.0,1.0,0.0,0.0,30.0
wideband,shield_repair,adaptive,phi_plus,radioml,14,300,0.7417306913342759,0.0004400862604859168,0.0,0.0033333333333333335,6,0.0,0.0,25.59,43.78867808010816,0.7383973580009425,0.0,0.0,0.0,0.0,1.0,0.0033333333333333335,0.0,30.0
wideband,shield_repair,adaptive,phi_plus,radioml,15,300,0.7620399926586935,0.0017610513471723625,0.0,0.0,3,0.0,0.0,25.61,41.33089525820974,0.7620399926586935,0.0,0.0,0.0,0.0,1.0,0.0,0.0,30.0
wideband,shield_repair,adaptive,phi_plus,radioml,16,300,0.7667407258805055,0.0014012899380832363,0.0,0.0,2,0.0,0.0,25.58,43.35084518266637,0.7667407258805055,0.0,0.0,0.0,0.0,1.0,0.0,0.0,30.0
wideband,shield_repair,adaptive,phi_plus,radioml,17,300,0.7647203238112865,0.006669979019118082,0.0,0.0,1,0.0,0.0,25.52,40.32063253993027,0.7647203238112865,0.0,0.0,0.0,0.0,1.0,0.0,0.0,30.0
wideband,shield_repair,adaptive,phi_plus,radioml,18,300,0.7417668461527352,0.003436371238645229,0.0,0.0033333333333333335,5,0.0,0.0,25.61,40.3538426887174,0.738433512819402,0.0,0.0,0.0,0.0,1.0,0.0033333333333333335,0.0,30.0
wideband,shield_repair,adaptive,phi_plus,radioml,19,300,0.7424469989991025,0.004580584809221482,0.0,0.0033333333333333335,3,0.0,0.0,25.71,41.80420427401424,0.7391136656657692,0.0,0.0,0.0,0.0,1.0,0.0033333333333333335,0.0,30.0
wideband,shield_repair,adaptive,phi_plus,radioml,20,300,0.7620031409826921,0.00018780522023266406,0.0,0.0,2,0.0,0.0,25.62,43.80733826664706,0.7620031409826921,0.0,0.0,0.0,0.0,1.0,0.0,0.0,30.0
wideband,shield_repair,adaptive,phi_plus,radioml,21,300,0.761092029497212,0.0045150369422387706,0.0,0.0,3,0.0,0.0,25.58,42.97586801637789,0.761092029497212,0.0,0.0,0.0,0.0,1.0,0.0,0.0,30.0
wideband,shield_repair,adaptive,phi_plus,radioml,22,300,0.7393664715533773,0.0011283094481867205,0.0,0.0,3,0.0,0.0,25.57,43.196704951506945,0.7393664715533773,0.0,0.0,0.0,0.0,1.0,0.0,0.0,30.0
wideband,shield_repair,adaptive,phi_plus,radioml,23,300,0.7465711593333737,0.0109190343708249,0.0,0.0,3,0.0,0.0,25.44,38.48409696046387,0.7465711593333737,0.0,0.0,0.0,0.0,1.0,0.0,0.0,30.0
wideband,shield_repair,adaptive,phi_plus,radioml,24,300,0.7420231225173219,0.0009758032120153145,0.0,0.0,3,0.0,0.0,25.4,40.851517580714244,0.7420231225173219,0.0,0.0,0.0,0.0,1.0,0.0,0.0,30.0
wideband,shield_repair,adaptive,phi_plus,radioml,25,300,0.7608059626837163,0.004041975627002238,0.0,0.0,2,0.0,0.0,25.44,41.43974411695736,0.7608059626837163,0.0,0.0,0.0,0.0,1.0,0.0,0.0,30.0
wideband,shield_repair,adaptive,phi_plus,radioml,26,300,0.7504423840490478,0.000723092634949599,0.0,0.0,1,0.0,0.0,25.61,44.027171469688504,0.7504423840490478,0.0,0.0,0.0,0.0,1.0,0.0,0.0,30.0
wideband,shield_repair,adaptive,phi_plus,radioml,27,300,0.7531351671645422,0.0004893972606643868,0.0,0.0,6,0.0,0.0,25.44,42.14724699927344,0.7531351671645422,0.0,0.0,0.0,0.0,1.0,0.0,0.0,30.0
wideband,shield_repair,adaptive,phi_plus,radioml,28,300,0.7245439639635254,0.00016478168243185044,0.0,0.0,3,0.0,0.0,25.42,42.20204887620162,0.7245439639635254,0.0,0.0,0.0,0.0,1.0,0.0,0.0,30.0
wideband,shield_repair,adaptive,phi_plus,radioml,29,300,0.7645577756382831,0.0007694891579685045,0.0,0.0,2,0.0,0.0,25.53,40.283129817630666,0.7645577756382831,0.0,0.0,0.0,0.0,1.0,0.0,0.0,30.0
bursty,shield_repair,adaptive,phi_plus,radioml,0,300,0.9806963620351151,0.9681270734002133,0.0,0.0,1,0.0,0.0,25.22,40.69989446477075,0.9806963620351151,0.0,0.0,0.0,0.0,1.0,0.0,0.0,30.0
bursty,shield_repair,adaptive,phi_plus,radioml,1,300,0.9780488898650229,0.9610426601595384,0.0,0.0,1,0.0,0.0,25.22,41.90328756842729,0.9780488898650229,0.0,0.0,0.0,0.0,1.0,0.0,0.0,30.0
bursty,shield_repair,adaptive,phi_plus,radioml,2,300,0.9796984635268031,0.9681181571231504,0.0,0.0,1,0.0,0.0,24.98,40.954061087285254,0.9796984635268031,0.0,0.0,0.0,0.0,1.0,0.0,0.0,30.0
bursty,shield_repair,adaptive,phi_plus,radioml,3,300,0.9794302599627239,0.9655790059315795,0.0,0.0,1,0.0,0.0,25.16,43.1903025811148,0.9794302599627239,0.0,0.0,0.0,0.0,1.0,0.0,0.0,30.0
bursty,shield_repair,adaptive,phi_plus,radioml,4,300,0.9790870783307999,0.9629067673730983,0.0,0.0,1,0.0,0.0,25.25,42.267097073491676,0.9790870783307999,0.0,0.0,0.0,0.0,1.0,0.0,0.0,30.0
bursty,shield_repair,adaptive,phi_plus,radioml,5,300,0.981077624350711,0.9662265425949679,0.0,0.0,1,0.0,0.0,25.17,39.49577228335767,0.981077624350711,0.0,0.0,0.0,0.0,1.0,0.0,0.0,30.0
bursty,shield_repair,adaptive,phi_plus,radioml,6,300,0.9806171059454972,0.9661498080490649,0.0,0.0,1,0.0,0.0,25.1,41.53264032789323,0.9806171059454972,0.0,0.0,0.0,0.0,1.0,0.0,0.0,30.0
bursty,shield_repair,adaptive,phi_plus,radioml,7,300,0.9814559374473978,0.9660148699795739,0.0,0.0,1,0.0,0.0,25.24,42.968630948227286,0.9814559374473978,0.0,0.0,0.0,0.0,1.0,0.0,0.0,30.0
bursty,shield_repair,adaptive,phi_plus,radioml,8,300,0.9771369383292762,0.9677305468271786,0.0,0.0,1,0.0,0.0,25.08,42.18130426989182,0.9771369383292762,0.0,0.0,0.0,0.0,1.0,0.0,0.0,30.0
bursty,shield_repair,adaptive,phi_plus,radioml,9,300,0.9747111618384732,0.9569615331043954,0.0,0.0,1,0.0,0.0,24.98,39.94961426313594,0.9747111618384732,0.0,0.0,0.0,0.0,1.0,0.0,0.0,30.0
bursty,shield_repair,adaptive,phi_plus,radioml,10,300,0.9788875917973413,0.9614051919522464,0.0,0.0,2,0.0,0.0,25.16,41.62755583554946,0.9788875917973413,0.0,0.0,0.0,0.0,1.0,0.0,0.0,30.0
bursty,shield_repair,adaptive,phi_plus,radioml,11,300,0.9822940794206856,0.9685132785612226,0.0,0.0,1,0.0,0.0,25.26,39.17196169489153,0.9822940794206856,0.0,0.0,0.0,0.0,1.0,0.0,0.0,30.0
bursty,shield_repair,adaptive,phi_plus,radioml,12,300,0.9765422004167901,0.9669445054659863,0.0,0.0,1,0.0,0.0,25.26,41.65661885149112,0.9765422004167901,0.0,0.0,0.0,0.0,1.0,0.0,0.0,30.0
bursty,shield_repair,adaptive,phi_plus,radioml,13,300,0.9777485026817383,0.9662456671013816,0.0,0.0,1,0.0,0.0,25.14,41.78969088687624,0.9777485026817383,0.0,0.0,0.0,0.0,1.0,0.0,0.0,30.0
bursty,shield_repair,adaptive,phi_plus,radioml,14,300,0.9748595830108783,0.9609038687834762,0.0,0.0,2,0.0,0.0,25.18,42.078740875052596,0.9748595830108783,0.0,0.0,0.0,0.0,1.0,0.0,0.0,30.0
bursty,shield_repair,adaptive,phi_plus,radioml,15,300,0.9795844200626349,0.9600324914769921,0.0,0.0,1,0.0,0.0,24.9,38.36408379783335,0.9795844200626349,0.0,0.0,0.0,0.0,1.0,0.0,0.0,30.0
bursty,shield_repair,adaptive,phi_plus,radioml,16,300,0.9753412859995484,0.9417591004952018,0.0,0.0,1,0.0,0.0,24.91,42.297455028070736,0.9753412859995484,0.0,0.0,0.0,0.0,1.0,0.0,0.0,30.0
bursty,shield_repair,adaptive,phi_plus,radioml,17,300,0.982245376405034,0.9670432677349224,0.0,0.0,1,0.0,0.0,25.2,40.80058018813611,0.982245376405034,0.0,0.0,0.0,0.0,1.0,0.0,0.0,30.0
bursty,shield_repair,adaptive,phi_plus,radioml,18,300,0.9764820316619756,0.9616771335033774,0.0,0.0,1,0.0,0.0,25.16,40.34533830417835,0.9764820316619756,0.0,0.0,0.0,0.0,1.0,0.0,0.0,30.0
bursty,shield_repair,adaptive,phi_plus,radioml,19,300,0.9795361367388167,0.9574791875439441,0.0,0.0,1,0.0,0.0,25.27,42.096568462917354,0.9795361367388167,0.0,0.0,0.0,0.0,1.0,0.0,0.0,30.0
bursty,shield_repair,adaptive,phi_plus,radioml,20,300,0.9788926445250238,0.9686467631160274,0.0,0.0,1,0.0,0.0,25.14,43.20766416177141,0.9788926445250238,0.0,0.0,0.0,0.0,1.0,0.0,0.0,30.0
bursty,shield_repair,adaptive,phi_plus,radioml,21,300,0.9730462769576002,0.9556744652566462,0.0,0.0,1,0.0,0.0,25.1,41.79008512798105,0.9730462769576002,0.0,0.0,0.0,0.0,1.0,0.0,0.0,30.0
bursty,shield_repair,adaptive,phi_plus,radioml,22,300,0.9725565215585829,0.9621106441556122,0.0,0.0,1,0.0,0.0,25.21,42.27866364391914,0.9725565215585829,0.0,0.0,0.0,0.0,1.0,0.0,0.0,30.0
bursty,shield_repair,adaptive,phi_plus,radioml,23,300,0.9818787513534657,0.962651868870291,0.0,0.0,1,0.0,0.0,25.18,43.80237003799229,0.9818787513534657,0.0,0.0,0.0,0.0,1.0,0.0,0.0,30.0
bursty,shield_repair,adaptive,phi_plus,radioml,24,300,0.9690008136676721,0.9555035412980963,0.0,0.0,1,0.0,0.0,25.09,41.42329795818172,0.9690008136676721,0.0,0.0,0.0,0.0,1.0,0.0,0.0,30.0
bursty,shield_repair,adaptive,phi_plus,radioml,25,300,0.981156244997627,0.9650894183884415,0.0,0.0,1,0.0,0.0,25.24,42.57602205612801,0.981156244997627,0.0,0.0,0.0,0.0,1.0,0.0,0.0,30.0
bursty,shield_repair,adaptive,phi_plus,radioml,26,300,0.9714512474244185,0.9419730442593997,0.0,0.0,1,0.0,0.0,25.14,43.5576125901265,0.9714512474244185,0.0,0.0,0.0,0.0,1.0,0.0,0.0,30.0
bursty,shield_repair,adaptive,phi_plus,radioml,27,300,0.9707755345273357,0.961080293627318,0.0,0.0,2,0.0,0.0,25.12,41.816963958928106,0.9707755345273357,0.0,0.0,0.0,0.0,1.0,0.0,0.0,30.0
bursty,shield_repair,adaptive,phi_plus,radioml,28,300,0.979211943183116,0.96431375194062,0.0,0.0,1,0.0,0.0,25.05,39.994345459395,0.979211943183116,0.0,0.0,0.0,0.0,1.0,0.0,0.0,30.0
bursty,shield_repair,adaptive,phi_plus,radioml,29,300,0.9763742259754823,0.9632896218299174,0.0,0.0,2,0.0,0.0,25.09,42.045928706215854,0.9763742259754823,0.0,0.0,0.0,0.0,1.0,0.0,0.0,30.0
backhaul,shield_repair,adaptive,phi_plus,radioml,0,300,0.9529456324560567,0.8960055377257118,0.0,0.0,1,0.0,0.0,25.35,43.43085393196279,0.9529456324560567,0.0,0.0,0.0,0.0,1.0,0.0,0.0,30.0
backhaul,shield_repair,adaptive,phi_plus,radioml,1,300,0.9508739754812082,0.8960521581535683,0.0,0.0,3,0.0,0.0,25.36,42.29736258726175,0.9508739754812082,0.0,0.0,0.0,0.0,1.0,0.0,0.0,30.0
backhaul,shield_repair,adaptive,phi_plus,radioml,2,300,0.9552544724159588,0.8960007299924971,0.0,0.0,1,0.0,0.0,25.3,40.248582405407284,0.9552544724159588,0.0,0.0,0.0,0.0,1.0,0.0,0.0,30.0
backhaul,shield_repair,adaptive,phi_plus,radioml,3,300,0.9559131075047272,0.8960246630176201,0.0,0.0,1,0.0,0.0,25.38,43.40366409429188,0.9559131075047272,0.0,0.0,0.0,0.0,1.0,0.0,0.0,30.0
backhaul,shield_repair,adaptive,phi_plus,radioml,4,300,0.9517854240667506,0.8960484342903271,0.0,0.0,3,0.0,0.0,25.31,39.47566431594787,0.9517854240667506,0.0,0.0,0.0,0.0,1.0,0.0,0.0,30.0
backhaul,shield_repair,adaptive,phi_plus,radioml,5,300,0.9502673942499162,0.8960565846883816,0.0,0.0,1,0.0,0.0,25.23,41.18248050830323,0.9502673942499162,0.0,0.0,0.0,0.0,1.0,0.0,0.0,30.0
backhaul,shield_repair,adaptive,phi_plus,radioml,6,300,0.9540851130461564,0.8960627612051189,0.0,0.0,2,0.0,0.0,25.27,40.817382928561656,0.9540851130461564,0.0,0.0,0.0,0.0,1.0,0.0,0.0,30.0
backhaul,shield_repair,adaptive,phi_plus,radioml,7,300,0.952646906015708,0.8958414193704349,0.0,0.0,2,0.0,0.0,25.28,42.754058808579344,0.952646906015708,0.0,0.0,0.0,0.0,1.0,0.0,0.0,30.0
backhaul,shield_repair,adaptive,phi_plus,radioml,8,300,0.9549573245449717,0.8960019853143143,0.0,0.0,1,0.0,0.0,25.27,41.94038772107217,0.9549573245449717,0.0,0.0,0.0,0.0,1.0,0.0,0.0,30.0
backhaul,shield_repair,adaptive,phi_plus,radioml,9,300,0.9531748729367677,0.8960415692669722,0.0,0.0,2,0.0,0.0,25.36,41.424368131895,0.9531748729367677,0.0,0.0,0.0,0.0,1.0,0.0,0.0,30.0
backhaul,shield_repair,adaptive,phi_plus,radioml,10,300,0.95473977636742,0.896053762767555,0.0,0.0,1,0.0,0.0,25.4,42.79646359984839,0.95473977636742,0.0,0.0,0.0,0.0,1.0,0.0,0.0,30.0
backhaul,shield_repair,adaptive,phi_plus,radioml,11,300,0.954918184346808,0.8960491364901975,0.0,0.0,1,0.0,0.0,25.32,40.49908089190399,0.954918184346808,0.0,0.0,0.0,0.0,1.0,0.0,0.0,30.0
backhaul,shield_repair,adaptive,phi_plus,radioml,12,300,0.9552699705783878,0.8959746315907674,0.0,0.0,1,0.0,0.0,25.38,42.79674677588287,0.9552699705783878,0.0,0.0,0.0,0.0,1.0,0.0,0.0,30.0
backhaul,shield_repair,adaptive,phi_plus,radioml,13,300,0.9479543558060275,0.8959713702883334,0.0,0.0,1,0.0,0.0,25.45,43.3640790141188,0.9479543558060275,0.0,0.0,0.0,0.0,1.0,0.0,0.0,30.0
backhaul,shield_repair,adaptive,phi_plus,radioml,14,300,0.9542539557978421,0.896052833599021,0.0,0.0,1,0.0,0.0,25.33,41.775259227251176,0.9542539557978421,0.0,0.0,0.0,0.0,1.0,0.0,0.0,30.0
backhaul,shield_repair,adaptive,phi_plus,radioml,15,300,0.9559918937210293,0.896055870660236,0.0,0.0,1,0.0,0.0,25.29,42.374906785787594,0.9559918937210293,0.0,0.0,0.0,0.0,1.0,0.0,0.0,30.0
backhaul,shield_repair,adaptive,phi_plus,radioml,16,300,0.9522398589241743,0.8956951932515093,0.0,0.0,2,0.0,0.0,25.35,41.1864763987571,0.9522398589241743,0.0,0.0,0.0,0.0,1.0,0.0,0.0,30.0
backhaul,shield_repair,adaptive,phi_plus,radioml,17,300,0.953940347381707,0.8960649571762856,0.0,0.0,1,0.0,0.0,25.34,40.59560161477786,0.953940347381707,0.0,0.0,0.0,0.0,1.0,0.0,0.0,30.0
backhaul,shield_repair,adaptive,phi_plus,radioml,18,300,0.9496725766767675,0.8959788187074532,0.0,0.0,1,0.0,0.0,25.39,40.56642161385932,0.9496725766767675,0.0,0.0,0.0,0.0,1.0,0.0,0.0,30.0
backhaul,shield_repair,adaptive,phi_plus,radioml,19,300,0.9506270450854243,0.896027499737951,0.0,0.0,3,0.0,0.0,25.38,42.094715555149996,0.9506270450854243,0.0,0.0,0.0,0.0,1.0,0.0,0.0,30.0
backhaul,shield_repair,adaptive,phi_plus,radioml,20,300,0.9568384563400347,0.8960411593754241,0.0,0.0,1,0.0,0.0,25.33,41.63825086514398,0.9568384563400347,0.0,0.0,0.0,0.0,1.0,0.0,0.0,30.0
backhaul,shield_repair,adaptive,phi_plus,radioml,21,300,0.9551330269217999,0.8960218401293685,0.0,0.0,1,0.0,0.0,25.21,39.26249184245522,0.9551330269217999,0.0,0.0,0.0,0.0,1.0,0.0,0.0,30.0
backhaul,shield_repair,adaptive,phi_plus,radioml,22,300,0.9525724760534626,0.8958995346212254,0.0,0.0,1,0.0,0.0,25.37,42.53288993186516,0.9525724760534626,0.0,0.0,0.0,0.0,1.0,0.0,0.0,30.0
backhaul,shield_repair,adaptive,phi_plus,radioml,23,300,0.9522819399198672,0.8960586499103522,0.0,0.0,2,0.0,0.0,25.08,39.36112364580814,0.9522819399198672,0.0,0.0,0.0,0.0,1.0,0.0,0.0,30.0
backhaul,shield_repair,adaptive,phi_plus,radioml,24,300,0.9537931760555286,0.8960462849049313,0.0,0.0,1,0.0,0.0,25.17,40.736912033335365,0.9537931760555286,0.0,0.0,0.0,0.0,1.0,0.0,0.0,30.0
backhaul,shield_repair,adaptive,phi_plus,radioml,25,300,0.9518314656051822,0.8958485152998654,0.0,0.0,1,0.0,0.0,25.34,40.94836029008128,0.9518314656051822,0.0,0.0,0.0,0.0,1.0,0.0,0.0,30.0
backhaul,shield_repair,adaptive,phi_plus,radioml,26,300,0.9553347732934363,0.8960564162712649,0.0,0.0,1,0.0,0.0,25.37,40.88736534310436,0.9553347732934363,0.0,0.0,0.0,0.0,1.0,0.0,0.0,30.0
backhaul,shield_repair,adaptive,phi_plus,radioml,27,300,0.9526210340028601,0.8960650232430564,0.0,0.0,2,0.0,0.0,25.35,42.06628176822097,0.9526210340028601,0.0,0.0,0.0,0.0,1.0,0.0,0.0,30.0
backhaul,shield_repair,adaptive,phi_plus,radioml,28,300,0.9515944820975772,0.895950620755543,0.0,0.0,1,0.0,0.0,25.21,41.609483269411555,0.9515944820975772,0.0,0.0,0.0,0.0,1.0,0.0,0.0,30.0
backhaul,shield_repair,adaptive,phi_plus,radioml,29,300,0.9524648610475254,0.8960414105670217,0.0,0.0,1,0.0,0.0,25.33,41.03684792142007,0.9524648610475254,0.0,0.0,0.0,0.0,1.0,0.0,0.0,30.0
compromised_xapp,shield_repair,adaptive,phi_plus,radioml,0,300,0.9803707176707754,0.9718918367297084,0.0,0.043333333333333335,1,0.0,0.0,25.65,38.61738414173357,0.9370373843374421,0.0,0.0,0.043333333333333335,0.0,1.0,0.0,0.0,30.0
compromised_xapp,shield_repair,adaptive,phi_plus,radioml,1,300,0.9817987139263342,0.9728959099714748,0.0,0.06666666666666667,1,0.0,0.0,25.74,42.54811928487139,0.9151320472596676,0.0,0.0,0.06666666666666667,0.0,1.0,0.0,0.0,30.0
compromised_xapp,shield_repair,adaptive,phi_plus,radioml,2,300,0.9815821029069669,0.9735359351397534,0.0,0.05,1,0.0,0.0,25.67,41.166139648134816,0.9315821029069667,0.0,0.0,0.05,0.0,1.0,0.0,0.0,30.0
compromised_xapp,shield_repair,adaptive,phi_plus,radioml,3,300,0.9819303805400446,0.9735678089629948,0.0,0.03,1,0.0,0.0,25.71,40.43436370484122,0.9519303805400445,0.0,0.0,0.03,0.0,1.0,0.0,0.0,30.0
compromised_xapp,shield_repair,adaptive,phi_plus,radioml,4,300,0.9815318061917063,0.9721514981905091,0.0,0.04,1,0.0,0.0,25.74,39.6826163488276,0.9415318061917064,0.0,0.0,0.04,0.0,1.0,0.0,0.0,30.0
compromised_xapp,shield_repair,adaptive,phi_plus,radioml,5,300,0.9821449023740911,0.9732889874757816,0.0,0.06,1,0.0,0.0,25.67,41.619353089628646,0.9221449023740911,0.0,0.0,0.06,0.0,1.0,0.0,0.0,30.0
compromised_xapp,shield_repair,adaptive,phi_plus,radioml,6,300,0.9823196015055214,0.9733501114266826,0.0,0.03666666666666667,1,0.0,0.0,25.7,41.951582758380766,0.9456529348388547,0.0,0.0,0.03666666666666667,0.0,1.0,0.0,0.0,30.0
compromised_xapp,shield_repair,adaptive,phi_plus,radioml,7,300,0.9820144695024885,0.973740322117405,0.0,0.04,1,0.0,0.0,25.8,41.97384326988881,0.9420144695024885,0.0,0.0,0.04,0.0,1.0,0.0,0.0,30.0
compromised_xapp,shield_repair,adaptive,phi_plus,radioml,8,300,0.9814759753827891,0.9730698308902784,0.0,0.04666666666666667,1,0.0,0.0,25.69,41.533763406075494,0.9348093087161224,0.0,0.0,0.04666666666666667,0.0,1.0,0.0,0.0,30.0
compromised_xapp,shield_repair,adaptive,phi_plus,radioml,9,300,0.978222495851576,0.9724149011451033,0.0,0.04,1,0.0,0.0,25.64,42.866400585262575,0.938222495851576,0.0,0.0,0.04,0.0,1.0,0.0,0.0,30.0
compromised_xapp,shield_repair,adaptive,phi_plus,radioml,10,300,0.9808054774546726,0.9733263182996454,0.0,0.04,1,0.0,0.0,25.71,40.07517731411997,0.9408054774546726,0.0,0.0,0.04,0.0,1.0,0.0,0.0,30.0
compromised_xapp,shield_repair,adaptive,phi_plus,radioml,11,300,0.9811497355873822,0.9737329200823593,0.0,0.04,1,0.0,0.0,25.76,40.40848209741985,0.9411497355873822,0.0,0.0,0.04,0.0,1.0,0.0,0.0,30.0
compromised_xapp,shield_repair,adaptive,phi_plus,radioml,12,300,0.9830415590472644,0.9736413702986352,0.0,0.023333333333333334,1,0.0,0.0,25.77,43.446767126148146,0.9597082257139311,0.0,0.0,0.023333333333333334,0.0,1.0,0.0,0.0,30.0
compromised_xapp,shield_repair,adaptive,phi_plus,radioml,13,300,0.9825242385666155,0.9733891568533123,0.0,0.016666666666666666,1,0.0,0.0,25.67,39.49511596353578,0.9658575718999488,0.0,0.0,0.016666666666666666,0.0,1.0,0.0,0.0,30.0
compromised_xapp,shield_repair,adaptive,phi_plus,radioml,14,300,0.982287086848289,0.972695817714022,0.0,0.05,1,0.0,0.0,25.79,43.97482385664809,0.932287086848289,0.0,0.0,0.05,0.0,1.0,0.0,0.0,30.0
compromised_xapp,shield_repair,adaptive,phi_plus,radioml,15,300,0.9825056191575186,0.9732699952967728,0.0,0.043333333333333335,1,0.0,0.0,25.72,42.52180036041876,0.9391722858241852,0.0,0.0,0.043333333333333335,0.0,1.0,0.0,0.0,30.0
compromised_xapp,shield_repair,adaptive,phi_plus,radioml,16,300,0.9818771832548536,0.9729086211842732,0.0,0.023333333333333334,1,0.0,0.0,25.7,38.97597093439095,0.9585438499215203,0.0,0.0,0.023333333333333334,0.0,1.0,0.0,0.0,30.0
compromised_xapp,shield_repair,adaptive,phi_plus,radioml,17,300,0.9792253431830729,0.9735133286009362,0.0,0.056666666666666664,1,0.0,0.0,25.72,43.10592856262296,0.9225586765164062,0.0,0.0,0.056666666666666664,0.0,1.0,0.0,0.0,30.0
compromised_xapp,shield_repair,adaptive,phi_plus,radioml,18,300,0.9817502155446889,0.9736179758122181,0.0,0.03333333333333333,1,0.0,0.0,25.75,40.37414988097799,0.9484168822113556,0.0,0.0,0.03333333333333333,0.0,1.0,0.0,0.0,30.0
compromised_xapp,shield_repair,adaptive,phi_plus,radioml,19,300,0.9827322494884444,0.9730110995216422,0.0,0.03333333333333333,1,0.0,0.0,25.73,42.318653665871935,0.949398916155111,0.0,0.0,0.03333333333333333,0.0,1.0,0.0,0.0,30.0
compromised_xapp,shield_repair,adaptive,phi_plus,radioml,20,300,0.9798625688721347,0.9732126329394623,0.0,0.05,1,0.0,0.0,25.7,42.9150525020058,0.9298625688721345,0.0,0.0,0.05,0.0,1.0,0.0,0.0,30.0
compromised_xapp,shield_repair,adaptive,phi_plus,radioml,21,300,0.9820455581278168,0.9732614009983629,0.0,0.023333333333333334,1,0.0,0.0,25.74,38.86436289212736,0.9587122247944835,0.0,0.0,0.023333333333333334,0.0,1.0,0.0,0.0,30.0
compromised_xapp,shield_repair,adaptive,phi_plus,radioml,22,300,0.9824899554090071,0.9737648926086658,0.0,0.03,1,0.0,0.0,25.72,41.893930616367655,0.9524899554090072,0.0,0.0,0.03,0.0,1.0,0.0,0.0,30.0
compromised_xapp,shield_repair,adaptive,phi_plus,radioml,23,300,0.9803047126665164,0.9694110169290853,0.0,0.05333333333333334,1,0.0,0.0,25.68,40.47789780925562,0.9269713793331831,0.0,0.0,0.05333333333333334,0.0,1.0,0.0,0.0,30.0
compromised_xapp,shield_repair,adaptive,phi_plus,radioml,24,300,0.9821152901818948,0.9737342591636282,0.0,0.06333333333333334,1,0.0,0.0,25.57,40.93164427142656,0.9187819568485615,0.0,0.0,0.06333333333333334,0.0,1.0,0.0,0.0,30.0
compromised_xapp,shield_repair,adaptive,phi_plus,radioml,25,300,0.9818170485423925,0.9734596762871555,0.0,0.02666666666666667,1,0.0,0.0,25.68,43.25541503549501,0.9551503818757258,0.0,0.0,0.02666666666666667,0.0,1.0,0.0,0.0,30.0
compromised_xapp,shield_repair,adaptive,phi_plus,radioml,26,300,0.9815752069141972,0.9735631500055996,0.0,0.05,1,0.0,0.0,25.76,40.54212256436302,0.9315752069141972,0.0,0.0,0.05,0.0,1.0,0.0,0.0,30.0
compromised_xapp,shield_repair,adaptive,phi_plus,radioml,27,300,0.9801784435171347,0.9736166494959207,0.0,0.03,1,0.0,0.0,25.71,40.29418265006014,0.9501784435171347,0.0,0.0,0.03,0.0,1.0,0.0,0.0,30.0
compromised_xapp,shield_repair,adaptive,phi_plus,radioml,28,300,0.9817168466003988,0.9727408013596277,0.0,0.023333333333333334,1,0.0,0.0,25.69,39.88340354791212,0.9583835132670655,0.0,0.0,0.023333333333333334,0.0,1.0,0.0,0.0,30.0
compromised_xapp,shield_repair,adaptive,phi_plus,radioml,29,300,0.9812202638654826,0.9716514542086971,0.0,0.043333333333333335,1,0.0,0.0,25.72,41.01381039500834,0.9378869305321492,0.0,0.0,0.043333333333333335,0.0,1.0,0.0,0.0,30.0
compound,shield_repair,adaptive,phi_plus,radioml,0,300,0.8835345831285103,0.6670771877708309,0.0,0.03,1,0.0,0.0,25.7,40.17199523359618,0.8535345831285103,0.0,0.0,0.03,0.0,1.0,0.0,0.0,30.0
compound,shield_repair,adaptive,phi_plus,radioml,1,300,0.8713896898794004,0.4993374945502504,0.0,0.03333333333333333,2,0.0,0.0,25.73,39.807246247617236,0.8380563565460672,0.0,0.0,0.03333333333333333,0.0,1.0,0.0,0.0,30.0
compound,shield_repair,adaptive,phi_plus,radioml,2,300,0.8569133670775636,0.462296911073347,0.0,0.05333333333333334,1,0.0,0.0,25.69,41.112590344168666,0.8035800337442303,0.0,0.0,0.05333333333333334,0.0,1.0,0.0,0.0,30.0
compound,shield_repair,adaptive,phi_plus,radioml,3,300,0.8686345493972146,0.6421084429034504,0.0,0.04666666666666667,1,0.0,0.0,25.76,41.840362422888575,0.821967882730548,0.0,0.0,0.04666666666666667,0.0,1.0,0.0,0.0,30.0
compound,shield_repair,adaptive,phi_plus,radioml,4,300,0.8777261525565908,0.6762330844493832,0.0,0.06,3,0.0,0.0,25.65,39.176129176101895,0.8177261525565906,0.0,0.0,0.06,0.0,1.0,0.0,0.0,30.0
compound,shield_repair,adaptive,phi_plus,radioml,5,300,0.87821016222687,0.6650586262277312,0.0,0.04,4,0.0,0.0,25.66,41.06765578020012,0.8382101622268701,0.0,0.0,0.04,0.0,1.0,0.0,0.0,30.0
compound,shield_repair,adaptive,phi_plus,radioml,6,300,0.882908879579321,0.6678475583485781,0.0,0.03,2,0.0,0.0,25.65,40.74438486435491,0.8529088795793209,0.0,0.0,0.03,0.0,1.0,0.0,0.0,30.0
compound,shield_repair,adaptive,phi_plus,radioml,7,300,0.8636090404059278,0.5928754518189903,0.0,0.04666666666666667,2,0.0,0.0,25.81,42.15446921053975,0.8169423737392612,0.0,0.0,0.04666666666666667,0.0,1.0,0.0,0.0,30.0
compound,shield_repair,adaptive,phi_plus,radioml,8,300,0.8771753280881512,0.6664677270487152,0.0,0.05333333333333334,6,0.0,0.0,25.63,40.87608222279166,0.8238419947548178,0.0,0.0,0.05333333333333334,0.0,1.0,0.0,0.0,30.0
compound,shield_repair,adaptive,phi_plus,radioml,9,300,0.8728697779137663,0.604328402751173,0.0,0.03666666666666667,1,0.0,0.0,25.75,41.86620594666532,0.8362031112470997,0.0,0.0,0.03666666666666667,0.0,1.0,0.0,0.0,30.0
compound,shield_repair,adaptive,phi_plus,radioml,10,300,0.8644855881391584,0.5075749427155759,0.0,0.03666666666666667,6,0.0,0.0,25.73,41.442945231334164,0.8278189214724915,0.0,0.0,0.03666666666666667,0.0,1.0,0.0,0.0,30.0
compound,shield_repair,adaptive,phi_plus,radioml,11,300,0.8671151510169661,0.5876001036545442,0.0,0.05,1,0.0,0.0,25.74,42.016151366819685,0.8171151510169661,0.0,0.0,0.05,0.0,1.0,0.0,0.0,30.0
compound,shield_repair,adaptive,phi_plus,radioml,12,300,0.8738679538121152,0.6318898907873004,0.0,0.04666666666666667,1,0.0,0.0,25.79,42.71428757184244,0.8272012871454486,0.0,0.0,0.04666666666666667,0.0,1.0,0.0,0.0,30.0
compound,shield_repair,adaptive,phi_plus,radioml,13,300,0.8924289018448,0.6719473845098776,0.0,0.043333333333333335,2,0.0,0.0,25.79,42.609221719016034,0.8490955685114666,0.0,0.0,0.043333333333333335,0.0,1.0,0.0,0.0,30.0
compound,shield_repair,adaptive,phi_plus,radioml,14,300,0.8632745831828189,0.5002193440653001,0.0,0.043333333333333335,2,0.0,0.0,25.72,41.45431186469425,0.8199412498494855,0.0,0.0,0.043333333333333335,0.0,1.0,0.0,0.0,30.0
compound,shield_repair,adaptive,phi_plus,radioml,15,300,0.8577238989425238,0.5480762085486374,0.0,0.06,1,0.0,0.0,25.74,42.32448278440456,0.7977238989425239,0.0,0.0,0.06,0.0,1.0,0.0,0.0,30.0
compound,shield_repair,adaptive,phi_plus,radioml,16,300,0.8893946067985993,0.6269831596402448,0.0,0.07,1,0.0,0.0,25.75,41.82892442958506,0.8193946067985993,0.0,0.0,0.07,0.0,1.0,0.0,0.0,30.0
compound,shield_repair,adaptive,phi_plus,radioml,17,300,0.872150196057836,0.5957385725467664,0.0,0.05,3,0.0,0.0,25.73,42.43350437762015,0.8221501960578361,0.0,0.0,0.05,0.0,1.0,0.0,0.0,30.0
compound,shield_repair,adaptive,phi_plus,radioml,18,300,0.8812193676712116,0.6485365269289208,0.0,0.043333333333333335,1,0.0,0.0,25.78,42.199014791745704,0.8378860343378782,0.0,0.0,0.043333333333333335,0.0,1.0,0.0,0.0,30.0
compound,shield_repair,adaptive,phi_plus,radioml,19,300,0.8718404478631016,0.6104377415857759,0.0,0.06,1,0.0,0.0,25.79,41.398756882234345,0.8118404478631016,0.0,0.0,0.06,0.0,1.0,0.0,0.0,30.0
compound,shield_repair,adaptive,phi_plus,radioml,20,300,0.8710284837181377,0.6365451695509413,0.0,0.043333333333333335,1,0.0,0.0,25.75,41.69721386760732,0.8276951503848043,0.0,0.0,0.043333333333333335,0.0,1.0,0.0,0.0,30.0
compound,shield_repair,adaptive,phi_plus,radioml,21,300,0.8917549075175676,0.668412686218119,0.0,0.05,2,0.0,0.0,25.68,42.249234953420384,0.8417549075175675,0.0,0.0,0.05,0.0,1.0,0.0,0.0,30.0
compound,shield_repair,adaptive,phi_plus,radioml,22,300,0.8670837163028781,0.6097536558914721,0.0,0.03666666666666667,2,0.0,0.0,25.77,42.92894540190913,0.8304170496362115,0.0,0.0,0.03666666666666667,0.0,1.0,0.0,0.0,30.0
compound,shield_repair,adaptive,phi_plus,radioml,23,300,0.8702895376276175,0.6580474816798495,0.0,0.05333333333333334,1,0.0,0.0,25.74,41.8905201835636,0.8169562042942841,0.0,0.0,0.05333333333333334,0.0,1.0,0.0,0.0,30.0
compound,shield_repair,adaptive,phi_plus,radioml,24,300,0.881651399389608,0.6571233039957751,0.0,0.04,2,0.0,0.0,25.56,41.59455143753374,0.841651399389608,0.0,0.0,0.04,0.0,1.0,0.0,0.0,30.0
compound,shield_repair,adaptive,phi_plus,radioml,25,300,0.8699469465104193,0.6558038921795143,0.0,0.04,1,0.0,0.0,25.65,42.13202815297824,0.8299469465104191,0.0,0.0,0.04,0.0,1.0,0.0,0.0,30.0
compound,shield_repair,adaptive,phi_plus,radioml,26,300,0.876140095343401,0.6390459784148572,0.0,0.04666666666666667,1,0.0,0.0,25.79,41.201056412867736,0.8294734286767343,0.0,0.0,0.04666666666666667,0.0,1.0,0.0,0.0,30.0
compound,shield_repair,adaptive,phi_plus,radioml,27,300,0.8486907147505821,0.5026021932069139,0.0,0.056666666666666664,3,0.0,0.0,25.63,40.759178879607596,0.7920240480839154,0.0,0.0,0.056666666666666664,0.0,1.0,0.0,0.0,30.0
compound,shield_repair,adaptive,phi_plus,radioml,28,300,0.8592932995080387,0.6169571936435222,0.0,0.02666666666666667,1,0.0,0.0,25.62,39.44170420341164,0.8326266328413721,0.0,0.0,0.02666666666666667,0.0,1.0,0.0,0.0,30.0
compound,shield_repair,adaptive,phi_plus,radioml,29,300,0.8724259042717972,0.6588401556577084,0.0,0.05333333333333334,5,0.0,0.0,25.78,41.21142886578061,0.8190925709384639,0.0,0.0,0.05333333333333334,0.0,1.0,0.0,0.0,30.0
narrowband,structured,naive,phi_plus,radioml,0,300,0.2612665415478381,0.00017568023714809128,0.0,0.0,221,0.0,0.0,20.0,35.0,0.2612665415478381,0.0,0.0,0.0,0.0,0.0,0.0,0.0,30.0
narrowband,structured,naive,phi_plus,radioml,1,300,0.2610529088752921,0.00021240940021043347,0.0,0.0,221,0.0,0.0,20.0,35.0,0.2610529088752921,0.0,0.0,0.0,0.0,0.0,0.0,0.0,30.0
narrowband,structured,naive,phi_plus,radioml,2,300,0.27097210907311003,0.00022538676886906146,0.0,0.0,93,0.0,0.0,20.133333333333333,35.00050942981317,0.27097210907311003,0.0,0.0,0.0,0.0,0.0,0.0,0.0,30.0
narrowband,structured,naive,phi_plus,radioml,3,300,0.26442110392647805,0.000196677633173984,0.0,0.0,153,0.0,0.0,20.066666666666666,35.00000000281662,0.26442110392647805,0.0,0.0,0.0,0.0,0.0,0.0,0.0,30.0
narrowband,structured,naive,phi_plus,radioml,4,300,0.27097053059019044,0.00018364701273754062,0.0,0.0,27,0.0,0.0,20.1,35.001675719698625,0.27097053059019044,0.0,0.0,0.0,0.0,0.0,0.0,0.0,30.0
narrowband,structured,naive,phi_plus,radioml,5,300,0.2643922966207459,0.00021980817762948688,0.0,0.0,156,0.0,0.0,20.033333333333335,35.000000005108426,0.2643922966207459,0.0,0.0,0.0,0.0,0.0,0.0,0.0,30.0
narrowband,structured,naive,phi_plus,radioml,6,300,0.2677375699919478,0.00019362465862001623,0.0,0.0,8,0.0,0.0,20.066666666666666,35.00008539034304,0.2677375699919478,0.0,0.0,0.0,0.0,0.0,0.0,0.0,30.0
narrowband,structured,naive,phi_plus,radioml,7,300,0.2644260189302627,0.00020634849811762622,0.0,0.0,179,0.0,0.0,20.066666666666666,35.529175411064294,0.2644260189302627,0.0,0.0,0.0,0.0,0.0,0.0,0.0,30.0
narrowband,structured,naive,phi_plus,radioml,8,300,0.2612667199875771,0.00020781824337209146,0.0,0.0,221,0.0,0.0,20.0,35.0,0.2612667199875771,0.0,0.0,0.0,0.0,0.0,0.0,0.0,30.0
narrowband,structured,naive,phi_plus,radioml,9,300,0.2711413872064042,0.00016313887470758548,0.0,0.0,75,0.0,0.0,20.166666666666668,37.60687154319275,0.2711413872064042,0.0,0.0,0.0,0.0,0.0,0.0,0.0,30.0
narrowband,structured,naive,phi_plus,radioml,10,300,0.26459544285425596,0.00021124917771534805,0.0,0.0,85,0.0,0.0,20.033333333333335,35.000000000000014,0.26459544285425596,0.0,0.0,0.0,0.0,0.0,0.0,0.0,30.0
narrowband,structured,naive,phi_plus,radioml,11,300,0.2679647102707263,0.00020602444946302958,0.0,0.0,23,0.0,0.0,20.133333333333333,35.00551260019719,0.2679647102707263,0.0,0.0,0.0,0.0,0.0,0.0,0.0,30.0
narrowband,structured,naive,phi_plus,radioml,12,300,0.2644080344511147,0.0001962562308738509,0.0,0.0,121,0.0,0.0,20.066666666666666,35.00000000000492,0.2644080344511147,0.0,0.0,0.0,0.0,0.0,0.0,0.0,30.0
narrowband,structured,naive,phi_plus,radioml,13,300,0.26421635780151365,0.0002421371772661982,0.0,0.0,165,0.0,0.0,20.033333333333335,35.000000030476336,0.26421635780151365,0.0,0.0,0.0,0.0,0.0,0.0,0.0,30.0
narrowband,structured,naive,phi_plus,radioml,14,300,0.2643388011110774,0.00018294363053707438,0.0,0.0,13,0.0,0.0,20.033333333333335,35.000000000000014,0.2643388011110774,0.0,0.0,0.0,0.0,0.0,0.0,0.0,30.0
narrowband,structured,naive,phi_plus,radioml,15,300,0.2708178626984586,0.00019533125985497055,0.0,0.0,118,0.0,0.0,20.1,35.00002596267157,0.2708178626984586,0.0,0.0,0.0,0.0,0.0,0.0,0.0,30.0
narrowband,structured,naive,phi_plus,radioml,16,300,0.2643448163882994,0.0001476820846047045,0.0,0.0,117,0.0,0.0,20.066666666666666,35.00000000000222,0.2643448163882994,0.0,0.0,0.0,0.0,0.0,0.0,0.0,30.0
narrowband,structured,naive,phi_plus,radioml,17,300,0.26431347818955797,0.00019781375796761787,0.0,0.0,143,0.0,0.0,20.1,35.00204355910132,0.26431347818955797,0.0,0.0,0.0,0.0,0.0,0.0,0.0,30.0
narrowband,structured,naive,phi_plus,radioml,18,300,0.26434222764289433,0.00017335010300393143,0.0,0.0,117,0.0,0.0,20.033333333333335,35.00000000000222,0.26434222764289433,0.0,0.0,0.0,0.0,0.0,0.0,0.0,30.0
narrowband,structured,naive,phi_plus,radioml,19,300,0.26100515077146674,0.00018241560064649314,0.0,0.0,221,0.0,0.0,20.0,35.0,0.26100515077146674,0.0,0.0,0.0,0.0,0.0,0.0,0.0,30.0
narrowband,structured,naive,phi_plus,radioml,20,300,0.2676544251778026,0.0002015696302250139,0.0,0.0033333333333333335,87,0.0,0.0,20.1,35.00010413456468,0.2643210918444692,0.0,0.0033333333333333335,0.0,0.0,0.0,0.0,0.0,30.0
narrowband,structured,naive,phi_plus,radioml,21,300,0.2675737237893016,0.00019666725749502222,0.0,0.0,187,0.0,0.0,20.1,37.122769199153865,0.2675737237893016,0.0,0.0,0.0,0.0,0.0,0.0,0.0,30.0
narrowband,structured,naive,phi_plus,radioml,22,300,0.2614834135894145,0.00021022570034592868,0.0,0.0,221,0.0,0.0,20.0,35.0,0.2614834135894145,0.0,0.0,0.0,0.0,0.0,0.0,0.0,30.0
narrowband,structured,naive,phi_plus,radioml,23,300,0.2708898094832345,0.0001723612247273066,0.0,0.0,54,0.0,0.0,20.1,35.00004730323259,0.2708898094832345,0.0,0.0,0.0,0.0,0.0,0.0,0.0,30.0
narrowband,structured,naive,phi_plus,radioml,24,300,0.26105140436877045,0.00016378026238053443,0.0,0.0,221,0.0,0.0,20.1,35.05964192188134,0.26105140436877045,0.0,0.0,0.0,0.0,0.0,0.0,0.0,30.0
narrowband,structured,naive,phi_plus,radioml,25,300,0.2711111559277818,0.00018867840755587637,0.0,0.0,16,0.0,0.0,20.133333333333333,35.00092393736272,0.2711111559277818,0.0,0.0,0.0,0.0,0.0,0.0,0.0,30.0
narrowband,structured,naive,phi_plus,radioml,26,300,0.2614198396801079,0.00017475574697971475,0.0,0.0,221,0.0,0.0,20.033333333333335,35.000000000000014,0.2614198396801079,0.0,0.0,0.0,0.0,0.0,0.0,0.0,30.0
narrowband,structured,naive,phi_plus,radioml,27,300,0.26473103311724716,0.00019080262384417454,0.0,0.0,197,0.0,0.0,20.066666666666666,35.000017454988914,0.26473103311724716,0.0,0.0,0.0,0.0,0.0,0.0,0.0,30.0
narrowband,structured,naive,phi_plus,radioml,28,300,0.2711752741600668,0.00019632245457387615,0.0,0.0,24,0.0,0.0,20.1,35.00000027040236,0.2711752741600668,0.0,0.0,0.0,0.0,0.0,0.0,0.0,30.0
narrowband,structured,naive,phi_plus,radioml,29,300,0.2676137001673149,0.00018968625526973986,0.0,0.0,105,0.0,0.0,20.1,35.00000000004384,0.2676137001673149,0.0,0.0,0.0,0.0,0.0,0.0,0.0,30.0
wideband,structured,naive,phi_plus,radioml,0,300,0.2606849421035485,1.6841151838743486e-05,0.0,0.0,221,0.0,0.0,20.0,35.0,0.2606849421035485,0.0,0.0,0.0,0.0,0.0,0.0,0.0,30.0
wideband,structured,naive,phi_plus,radioml,1,300,0.2604144029611653,2.0362783307804175e-05,0.0,0.0,221,0.0,0.0,20.0,35.0,0.2604144029611653,0.0,0.0,0.0,0.0,0.0,0.0,0.0,30.0
wideband,structured,naive,phi_plus,radioml,2,300,0.26913882062454886,2.1607123481313077e-05,0.0,0.0,214,0.0,0.0,20.133333333333333,35.00050942981317,0.26913882062454886,0.0,0.0,0.0,0.0,0.0,0.0,0.0,30.0
wideband,structured,naive,phi_plus,radioml,3,300,0.26376467967466405,1.885437677806073e-05,0.0,0.0,153,0.0,0.0,20.066666666666666,35.00000000281662,0.26376467967466405,0.0,0.0,0.0,0.0,0.0,0.0,0.0,30.0
wideband,structured,naive,phi_plus,radioml,4,300,0.27040662614458805,1.7604994822644604e-05,0.0,0.0,27,0.0,0.0,20.1,35.001675719698625,0.27040662614458805,0.0,0.0,0.0,0.0,0.0,0.0,0.0,30.0
wideband,structured,naive,phi_plus,radioml,5,300,0.2638336769671795,2.10722142153008e-05,0.0,0.0,156,0.0,0.0,20.033333333333335,35.000000005108426,0.2638336769671795,0.0,0.0,0.0,0.0,0.0,0.0,0.0,30.0
wideband,structured,naive,phi_plus,radioml,6,300,0.26680665931330366,1.856165367973884e-05,0.0,0.0,8,0.0,0.0,20.066666666666666,35.00008539034304,0.26680665931330366,0.0,0.0,0.0,0.0,0.0,0.0,0.0,30.0
wideband,structured,naive,phi_plus,radioml,7,300,0.2638408129473377,1.9781641106902425e-05,0.0,0.0,179,0.0,0.0,20.066666666666666,35.529175411064294,0.2638408129473377,0.0,0.0,0.0,0.0,0.0,0.0,0.0,30.0
wideband,structured,naive,phi_plus,radioml,8,300,0.26063557793153186,1.99225657891016e-05,0.0,0.0,221,0.0,0.0,20.0,35.0,0.26063557793153186,0.0,0.0,0.0,0.0,0.0,0.0,0.0,30.0
wideband,structured,naive,phi_plus,radioml,9,300,0.2706331699347753,1.5638726909841505e-05,0.0,0.0,75,0.0,0.0,20.166666666666668,37.60687154319275,0.2706331699347753,0.0,0.0,0.0,0.0,0.0,0.0,0.0,30.0
wideband,structured,naive,phi_plus,radioml,10,300,0.26398235779139656,2.0251536114779804e-05,0.0,0.0,85,0.0,0.0,20.033333333333335,35.000000000000014,0.26398235779139656,0.0,0.0,0.0,0.0,0.0,0.0,0.0,30.0
wideband,structured,naive,phi_plus,radioml,11,300,0.26728261372621015,1.9750571478748325e-05,0.0,0.0,23,0.0,0.0,20.133333333333333,35.00551260019719,0.26728261372621015,0.0,0.0,0.0,0.0,0.0,0.0,0.0,30.0
wideband,structured,naive,phi_plus,radioml,12,300,0.2638243576109784,1.88139712863097e-05,0.0,0.0,121,0.0,0.0,20.066666666666666,35.00000000000492,0.2638243576109784,0.0,0.0,0.0,0.0,0.0,0.0,0.0,30.0
wideband,structured,naive,phi_plus,radioml,13,300,0.2637466790741781,2.3213287589169953e-05,0.0,0.0,165,0.0,0.0,20.033333333333335,35.000000030476336,0.2637466790741781,0.0,0.0,0.0,0.0,0.0,0.0,0.0,30.0
wideband,structured,naive,phi_plus,radioml,14,300,0.2632325869173592,1.753755505151922e-05,0.0,0.0,221,0.0,0.0,20.033333333333335,35.000000000000014,0.2632325869173592,0.0,0.0,0.0,0.0,0.0,0.0,0.0,30.0
wideband,structured,naive,phi_plus,radioml,15,300,0.27012750907297933,1.8725283586390208e-05,0.0,0.0,118,0.0,0.0,20.1,35.00002596267157,0.27012750907297933,0.0,0.0,0.0,0.0,0.0,0.0,0.0,30.0
wideband,structured,naive,phi_plus,radioml,16,300,0.2637914880579122,1.415681736610916e-05,0.0,0.0,117,0.0,0.0,20.066666666666666,35.00000000000222,0.2637914880579122,0.0,0.0,0.0,0.0,0.0,0.0,0.0,30.0
wideband,structured,naive,phi_plus,radioml,17,300,0.262613906264633,1.8963309217282785e-05,0.0,0.0,221,0.0,0.0,20.1,35.00204355910132,0.262613906264633,0.0,0.0,0.0,0.0,0.0,0.0,0.0,30.0
wideband,structured,naive,phi_plus,radioml,18,300,0.2636483056877498,1.6617744157930783e-05,0.0,0.0,117,0.0,0.0,20.033333333333335,35.00000000000222,0.2636483056877498,0.0,0.0,0.0,0.0,0.0,0.0,0.0,30.0
wideband,structured,naive,phi_plus,radioml,19,300,0.2603858449753478,1.748692802282706e-05,0.0,0.0,221,0.0,0.0,20.0,35.0,0.2603858449753478,0.0,0.0,0.0,0.0,0.0,0.0,0.0,30.0
wideband,structured,naive,phi_plus,radioml,20,300,0.2671849375750195,1.932342989513663e-05,0.0,0.0033333333333333335,87,0.0,0.0,20.1,35.00010413456468,0.2638516042416862,0.0,0.0033333333333333335,0.0,0.0,0.0,0.0,0.0,30.0
wideband,structured,naive,phi_plus,radioml,21,300,0.2662728663169934,1.8853380840368262e-05,0.0,0.0,221,0.0,0.0,20.1,37.122769199153865,0.2662728663169934,0.0,0.0,0.0,0.0,0.0,0.0,0.0,30.0
wideband,structured,naive,phi_plus,radioml,22,300,0.26083097711228503,2.0153401581676558e-05,0.0,0.0,221,0.0,0.0,20.0,35.0,0.26083097711228503,0.0,0.0,0.0,0.0,0.0,0.0,0.0,30.0
wideband,structured,naive,phi_plus,radioml,23,300,0.2700120708960962,1.652293319449264e-05,0.0,0.0,54,0.0,0.0,20.1,35.00004730323259,0.2700120708960962,0.0,0.0,0.0,0.0,0.0,0.0,0.0,30.0
wideband,structured,naive,phi_plus,radioml,24,300,0.26044229894148496,1.5700220097418507e-05,0.0,0.0,221,0.0,0.0,20.1,35.05964192188134,0.26044229894148496,0.0,0.0,0.0,0.0,0.0,0.0,0.0,30.0
wideband,structured,naive,phi_plus,radioml,25,300,0.2698221505850401,1.8087403347300924e-05,0.0,0.0,16,0.0,0.0,20.133333333333333,35.00092393736272,0.2698221505850401,0.0,0.0,0.0,0.0,0.0,0.0,0.0,30.0
wideband,structured,naive,phi_plus,radioml,26,300,0.2607735832288579,1.6752514149973337e-05,0.0,0.0,221,0.0,0.0,20.033333333333335,35.000000000000014,0.2607735832288579,0.0,0.0,0.0,0.0,0.0,0.0,0.0,30.0
wideband,structured,naive,phi_plus,radioml,27,300,0.2639923838626332,1.8291073849645022e-05,0.0,0.0,197,0.0,0.0,20.066666666666666,35.000017454988914,0.2639923838626332,0.0,0.0,0.0,0.0,0.0,0.0,0.0,30.0
wideband,structured,naive,phi_plus,radioml,28,300,0.2701700748501378,1.882032078702922e-05,0.0,0.0,24,0.0,0.0,20.1,35.00000027040236,0.2701700748501378,0.0,0.0,0.0,0.0,0.0,0.0,0.0,30.0
wideband,structured,naive,phi_plus,radioml,29,300,0.2669733321078817,1.81840359858005e-05,0.0,0.0,105,0.0,0.0,20.1,35.00000000004384,0.2669733321078817,0.0,0.0,0.0,0.0,0.0,0.0,0.0,30.0
bursty,structured,naive,phi_plus,radioml,0,300,0.7819736509305399,0.04416577552548099,0.0,0.0,12,0.0,0.0,20.033333333333335,37.58874,0.7819736509305399,0.0,0.0,0.0,0.0,0.0,0.0,0.0,30.0
bursty,structured,naive,phi_plus,radioml,1,300,0.7968608409623518,0.07291535725239871,0.0,0.0,12,0.0,0.0,20.033333333333335,35.000000013779015,0.7968608409623518,0.0,0.0,0.0,0.0,0.0,0.0,0.0,30.0
bursty,structured,naive,phi_plus,radioml,2,300,0.7852474297847973,0.040988930732231726,0.0,0.0,12,0.0,0.0,20.033333333333335,35.000000000000014,0.7852474297847973,0.0,0.0,0.0,0.0,0.0,0.0,0.0,30.0
bursty,structured,naive,phi_plus,radioml,3,300,0.7838481590275366,0.055256518843970676,0.0,0.0,12,0.0,0.0,20.1,35.00112675288112,0.7838481590275366,0.0,0.0,0.0,0.0,0.0,0.0,0.0,30.0
bursty,structured,naive,phi_plus,radioml,4,300,0.7850148925707505,0.05136705988656211,0.0,0.0,12,0.0,0.0,20.1,35.529177320373066,0.7850148925707505,0.0,0.0,0.0,0.0,0.0,0.0,0.0,30.0
bursty,structured,naive,phi_plus,radioml,5,300,0.7856704911676392,0.05728457087346417,0.0,0.0,12,0.0,0.0,20.033333333333335,35.000000002309626,0.7856704911676392,0.0,0.0,0.0,0.0,0.0,0.0,0.0,30.0
bursty,structured,naive,phi_plus,radioml,6,300,0.7839048815808729,0.051312177290424484,0.0,0.0,12,0.0,0.0,20.033333333333335,35.52917492064344,0.7839048815808729,0.0,0.0,0.0,0.0,0.0,0.0,0.0,30.0
bursty,structured,naive,phi_plus,radioml,7,300,0.7840232365475385,0.04180136555514053,0.0,0.0,12,0.0,0.0,20.066666666666666,35.00050943007145,0.7840232365475385,0.0,0.0,0.0,0.0,0.0,0.0,0.0,30.0
bursty,structured,naive,phi_plus,radioml,8,300,0.7836298832923276,0.04545597872558647,0.0,0.0,12,0.0,0.0,20.033333333333335,35.000000000000014,0.7836298832923276,0.0,0.0,0.0,0.0,0.0,0.0,0.0,30.0
bursty,structured,naive,phi_plus,radioml,9,300,0.786109653291896,0.06327473452038354,0.0,0.0,12,0.0,0.0,20.1,35.01490647178107,0.786109653291896,0.0,0.0,0.0,0.0,0.0,0.0,0.0,30.0
bursty,structured,naive,phi_plus,radioml,10,300,0.7906886156844873,0.05602823820005586,0.0,0.0,12,0.0,0.0,20.0,35.0,0.7906886156844873,0.0,0.0,0.0,0.0,0.0,0.0,0.0,30.0
bursty,structured,naive,phi_plus,radioml,11,300,0.7816932153953109,0.04134179375020434,0.0,0.0,12,0.0,0.0,20.066666666666666,35.000000000000014,0.7816932153953109,0.0,0.0,0.0,0.0,0.0,0.0,0.0,30.0
bursty,structured,naive,phi_plus,radioml,12,300,0.7845514396349835,0.06144762206372746,0.0,0.0,12,0.0,0.0,20.066666666666666,35.00000000000271,0.7845514396349835,0.0,0.0,0.0,0.0,0.0,0.0,0.0,30.0
bursty,structured,naive,phi_plus,radioml,13,300,0.7907934172876581,0.053126151917922915,0.0,0.0,12,0.0,0.0,20.066666666666666,36.427387003152184,0.7907934172876581,0.0,0.0,0.0,0.0,0.0,0.0,0.0,30.0
bursty,structured,naive,phi_plus,radioml,14,300,0.7803765169074514,0.042778799740346186,0.0,0.0,12,0.0,0.0,20.0,35.0,0.7803765169074514,0.0,0.0,0.0,0.0,0.0,0.0,0.0,30.0
bursty,structured,naive,phi_plus,radioml,15,300,0.793668435008432,0.0674743329248585,0.0,0.0,12,0.0,0.0,20.066666666666666,35.00000002049229,0.793668435008432,0.0,0.0,0.0,0.0,0.0,0.0,0.0,30.0
bursty,structured,naive,phi_plus,radioml,16,300,0.7826670919342268,0.048179204650251904,0.0,0.0,12,0.0,0.0,20.1,35.00000292579862,0.7826670919342268,0.0,0.0,0.0,0.0,0.0,0.0,0.0,30.0
bursty,structured,naive,phi_plus,radioml,17,300,0.7868762336308749,0.04551093100419843,0.0,0.0,12,0.0,0.0,20.066666666666666,35.000000000175035,0.7868762336308749,0.0,0.0,0.0,0.0,0.0,0.0,0.0,30.0
bursty,structured,naive,phi_plus,radioml,18,300,0.7830259982435176,0.044263678902002834,0.0,0.0033333333333333335,12,0.0,0.0,20.133333333333333,35.645335270350834,0.7796926649101843,0.0,0.0033333333333333335,0.0,0.0,0.0,0.0,0.0,30.0
bursty,structured,naive,phi_plus,radioml,19,300,0.7862497472018414,0.0522341443377581,0.0,0.0,12,0.0,0.0,20.0,35.0,0.7862497472018414,0.0,0.0,0.0,0.0,0.0,0.0,0.0,30.0
bursty,structured,naive,phi_plus,radioml,20,300,0.7860747819888454,0.04573967247873016,0.0,0.006666666666666667,12,0.0,0.0,20.1,35.00000000038714,0.7794081153221787,0.0,0.006666666666666667,0.0,0.0,0.0,0.0,0.0,30.0
bursty,structured,naive,phi_plus,radioml,21,300,0.7873170357254906,0.06084355744546096,0.0,0.0,12,0.0,0.0,20.0,35.0,0.7873170357254906,0.0,0.0,0.0,0.0,0.0,0.0,0.0,30.0
bursty,structured,naive,phi_plus,radioml,22,300,0.7824242961553655,0.043430669630496466,0.0,0.0,12,0.0,0.0,20.066666666666666,35.29177033937527,0.7824242961553655,0.0,0.0,0.0,0.0,0.0,0.0,0.0,30.0
bursty,structured,naive,phi_plus,radioml,23,300,0.7833308638644911,0.053355880696309435,0.0,0.0,12,0.0,0.0,20.066666666666666,35.00001753719304,0.7833308638644911,0.0,0.0,0.0,0.0,0.0,0.0,0.0,30.0
bursty,structured,naive,phi_plus,radioml,24,300,0.7845525112168483,0.047720515723669324,0.0,0.0,12,0.0,0.0,20.1,35.00062125548256,0.7845525112168483,0.0,0.0,0.0,0.0,0.0,0.0,0.0,30.0
bursty,structured,naive,phi_plus,radioml,25,300,0.7940111601232245,0.055960594888159805,0.0,0.0,4,0.0,0.0,20.1,35.00023032416019,0.7940111601232245,0.0,0.0,0.0,0.0,0.0,0.0,0.0,30.0
bursty,structured,naive,phi_plus,radioml,26,300,0.7869459965408601,0.05151504961838065,0.0,0.0,12,0.0,0.0,20.033333333333335,35.000000000000014,0.7869459965408601,0.0,0.0,0.0,0.0,0.0,0.0,0.0,30.0
bursty,structured,naive,phi_plus,radioml,27,300,0.786163255346633,0.05482327898385077,0.0,0.0,12,0.0,0.0,20.033333333333335,35.000000000000014,0.786163255346633,0.0,0.0,0.0,0.0,0.0,0.0,0.0,30.0
bursty,structured,naive,phi_plus,radioml,28,300,0.7951249387799862,0.06233452882684087,0.0,0.0,12,0.0,0.0,20.166666666666668,35.003776444899025,0.7951249387799862,0.0,0.0,0.0,0.0,0.0,0.0,0.0,30.0
bursty,structured,naive,phi_plus,radioml,29,300,0.787218227460193,0.05093196692846834,0.0,0.0,12,0.0,0.0,20.1,35.000000001894904,0.787218227460193,0.0,0.0,0.0,0.0,0.0,0.0,0.0,30.0
backhaul,structured,naive,phi_plus,radioml,0,300,0.7212887335613097,0.3452590639168616,0.0,0.0,1,0.0,0.0,20.133333333333333,35.19822978582162,0.7212887335613097,0.0,0.0,0.0,0.0,0.0,0.0,0.0,30.0
backhaul,structured,naive,phi_plus,radioml,1,300,0.6975628456336316,0.34467883745671435,0.0,0.0,6,0.0,0.0,20.033333333333335,35.000000000000014,0.6975628456336316,0.0,0.0,0.0,0.0,0.0,0.0,0.0,30.0
backhaul,structured,naive,phi_plus,radioml,2,300,0.7208938419224198,0.34442486332981304,0.0,0.0,3,0.0,0.0,20.133333333333333,35.004519930160136,0.7208938419224198,0.0,0.0,0.0,0.0,0.0,0.0,0.0,30.0
backhaul,structured,naive,phi_plus,radioml,3,300,0.7215503460852845,0.3456117807148311,0.0,0.0,3,0.0,0.0,20.066666666666666,35.00999715213132,0.7215503460852845,0.0,0.0,0.0,0.0,0.0,0.0,0.0,30.0
backhaul,structured,naive,phi_plus,radioml,4,300,0.7190742119198806,0.34476557461231055,0.0,0.0,5,0.0,0.0,20.0,35.0,0.7190742119198806,0.0,0.0,0.0,0.0,0.0,0.0,0.0,30.0
backhaul,structured,naive,phi_plus,radioml,5,300,0.7188004746243163,0.34555157562247885,0.0,0.0,1,0.0,0.0,20.1,35.00002595923397,0.7188004746243163,0.0,0.0,0.0,0.0,0.0,0.0,0.0,30.0
backhaul,structured,naive,phi_plus,radioml,6,300,0.7169020190750445,0.34491020582813325,0.0,0.0,1,0.0,0.0,20.033333333333335,35.03288464718387,0.7169020190750445,0.0,0.0,0.0,0.0,0.0,0.0,0.0,30.0
backhaul,structured,naive,phi_plus,radioml,7,300,0.706246863583528,0.34397347215447277,0.0,0.0,4,0.0,0.0,20.033333333333335,35.00018886581136,0.706246863583528,0.0,0.0,0.0,0.0,0.0,0.0,0.0,30.0
backhaul,structured,naive,phi_plus,radioml,8,300,0.7450357584030973,0.34523662756576506,0.0,0.0,2,0.0,0.0,20.033333333333335,35.000000000000014,0.7450357584030973,0.0,0.0,0.0,0.0,0.0,0.0,0.0,30.0
backhaul,structured,naive,phi_plus,radioml,9,300,0.745092845360345,0.3450484145975584,0.0,0.0,4,0.0,0.0,20.066666666666666,35.000038606832184,0.745092845360345,0.0,0.0,0.0,0.0,0.0,0.0,0.0,30.0
backhaul,structured,naive,phi_plus,radioml,10,300,0.7101753349863112,0.345166151200529,0.0,0.0,3,0.0,0.0,20.166666666666668,35.002043888476464,0.7101753349863112,0.0,0.0,0.0,0.0,0.0,0.0,0.0,30.0
backhaul,structured,naive,phi_plus,radioml,11,300,0.7339294025452024,0.3448711085974741,0.0,0.0,1,0.0,0.0,20.1,35.000000000000014,0.7339294025452024,0.0,0.0,0.0,0.0,0.0,0.0,0.0,30.0
backhaul,structured,naive,phi_plus,radioml,12,300,0.7126721744296354,0.3449263228029079,0.0,0.0,1,0.0,0.0,20.033333333333335,35.000000000000014,0.7126721744296354,0.0,0.0,0.0,0.0,0.0,0.0,0.0,30.0
backhaul,structured,naive,phi_plus,radioml,13,300,0.6973527594935128,0.3446284060428029,0.0,0.0,3,0.0,0.0,20.066666666666666,35.00000962412233,0.6973527594935128,0.0,0.0,0.0,0.0,0.0,0.0,0.0,30.0
backhaul,structured,naive,phi_plus,radioml,14,300,0.7270838671670338,0.3446927995110031,0.0,0.0,2,0.0,0.0,20.0,35.0,0.7270838671670338,0.0,0.0,0.0,0.0,0.0,0.0,0.0,30.0
backhaul,structured,naive,phi_plus,radioml,15,300,0.7617018785197563,0.3452654336284348,0.0,0.0,2,0.0,0.0,20.033333333333335,35.000000003434906,0.7617018785197563,0.0,0.0,0.0,0.0,0.0,0.0,0.0,30.0
backhaul,structured,naive,phi_plus,radioml,16,300,0.7211440082382465,0.34484999531419386,0.0,0.0,1,0.0,0.0,20.1,35.78699423058488,0.7211440082382465,0.0,0.0,0.0,0.0,0.0,0.0,0.0,30.0
backhaul,structured,naive,phi_plus,radioml,17,300,0.7295321260875829,0.34487440915832884,0.0,0.0,1,0.0,0.0,20.066666666666666,35.00092393736252,0.7295321260875829,0.0,0.0,0.0,0.0,0.0,0.0,0.0,30.0
backhaul,structured,naive,phi_plus,radioml,18,300,0.744521180187983,0.34503323193789864,0.0,0.0,1,0.0,0.0,20.1,35.08870007606537,0.744521180187983,0.0,0.0,0.0,0.0,0.0,0.0,0.0,30.0
backhaul,structured,naive,phi_plus,radioml,19,300,0.736394413054227,0.3450893692662315,0.0,0.0,1,0.0,0.0,20.0,35.0,0.736394413054227,0.0,0.0,0.0,0.0,0.0,0.0,0.0,30.0
backhaul,structured,naive,phi_plus,radioml,20,300,0.7250219711810386,0.34462212189322644,0.0,0.0,1,0.0,0.0,20.1,35.00000647125985,0.7250219711810386,0.0,0.0,0.0,0.0,0.0,0.0,0.0,30.0
backhaul,structured,naive,phi_plus,radioml,21,300,0.7170106718615741,0.3448838120788534,0.0,0.0033333333333333335,2,0.0,0.0,20.066666666666666,35.000000329758976,0.7136773385282408,0.0,0.0033333333333333335,0.0,0.0,0.0,0.0,0.0,30.0
backhaul,structured,naive,phi_plus,radioml,22,300,0.7299143371440264,0.344090732367886,0.0,0.0,3,0.0,0.0,20.1,35.01813214022268,0.7299143371440264,0.0,0.0,0.0,0.0,0.0,0.0,0.0,30.0
backhaul,structured,naive,phi_plus,radioml,23,300,0.7259580733142993,0.34563105794749394,0.0,0.0,1,0.0,0.0,20.0,35.0,0.7259580733142993,0.0,0.0,0.0,0.0,0.0,0.0,0.0,30.0
backhaul,structured,naive,phi_plus,radioml,24,300,0.731922285814779,0.34477258499050656,0.0,0.0,6,0.0,0.0,20.1,35.00005741646666,0.731922285814779,0.0,0.0,0.0,0.0,0.0,0.0,0.0,30.0
backhaul,structured,naive,phi_plus,radioml,25,300,0.7280629213854264,0.3450372601922624,0.0,0.0,4,0.0,0.0,20.1,35.959749061685564,0.7280629213854264,0.0,0.0,0.0,0.0,0.0,0.0,0.0,30.0
backhaul,structured,naive,phi_plus,radioml,26,300,0.7575951155642038,0.34484525324477255,0.0,0.0,1,0.0,0.0,20.133333333333333,35.108185120757184,0.7575951155642038,0.0,0.0,0.0,0.0,0.0,0.0,0.0,30.0
backhaul,structured,naive,phi_plus,radioml,27,300,0.7279662731311903,0.3448298196444551,0.0,0.0,2,0.0,0.0,20.133333333333333,35.01813808081571,0.7279662731311903,0.0,0.0,0.0,0.0,0.0,0.0,0.0,30.0
backhaul,structured,naive,phi_plus,radioml,28,300,0.740604795861788,0.34514179524747196,0.0,0.0,1,0.0,0.0,20.066666666666666,35.00000435127512,0.740604795861788,0.0,0.0,0.0,0.0,0.0,0.0,0.0,30.0
backhaul,structured,naive,phi_plus,radioml,29,300,0.7445813940770597,0.3447005514474176,0.0,0.0,2,0.0,0.0,20.066666666666666,35.000038606832184,0.7445813940770597,0.0,0.0,0.0,0.0,0.0,0.0,0.0,30.0
compromised_xapp,structured,naive,phi_plus,radioml,0,300,0.36625779217392157,0.0761237160977835,0.0,0.0,16,0.0,0.0,20.066666666666666,35.00370634261361,0.36625779217392157,0.0,0.0,0.0,0.0,0.0,0.0,0.0,30.0
compromised_xapp,structured,naive,phi_plus,radioml,1,300,0.387771867689442,0.07971426797982226,0.0,0.0,67,0.0,0.0,20.066666666666666,38.157000000000004,0.387771867689442,0.0,0.0,0.0,0.0,0.0,0.0,0.0,30.0
compromised_xapp,structured,naive,phi_plus,radioml,2,300,0.38388144352615017,0.08767310111122173,0.0,0.0,85,0.0,0.0,20.1,35.000000000260314,0.38388144352615017,0.0,0.0,0.0,0.0,0.0,0.0,0.0,30.0
compromised_xapp,structured,naive,phi_plus,radioml,3,300,0.3896737520819085,0.08207889701786801,0.0,0.0,29,0.0,0.0,20.133333333333333,38.15792393736252,0.3896737520819085,0.0,0.0,0.0,0.0,0.0,0.0,0.0,30.0
compromised_xapp,structured,naive,phi_plus,radioml,4,300,0.3766226413578729,0.07885124744725679,0.0,0.0,13,0.0,0.0,20.1,35.04018861861605,0.3766226413578729,0.0,0.0,0.0,0.0,0.0,0.0,0.0,30.0
compromised_xapp,structured,naive,phi_plus,radioml,5,300,0.38182037243966394,0.07516097929596578,0.0,0.0,1,0.0,0.0,20.133333333333333,35.00075835799605,0.38182037243966394,0.0,0.0,0.0,0.0,0.0,0.0,0.0,30.0
compromised_xapp,structured,naive,phi_plus,radioml,6,300,0.3815004166803451,0.0679128524750571,0.0,0.0,185,0.0,0.0,20.033333333333335,35.000000221729934,0.3815004166803451,0.0,0.0,0.0,0.0,0.0,0.0,0.0,30.0
compromised_xapp,structured,naive,phi_plus,radioml,7,300,0.3855567626888305,0.07706368504566571,0.0,0.0,96,0.0,0.0,20.066666666666666,35.000000020492294,0.3855567626888305,0.0,0.0,0.0,0.0,0.0,0.0,0.0,30.0
compromised_xapp,structured,naive,phi_plus,radioml,8,300,0.3756890206971905,0.07477715337512567,0.0,0.0,45,0.0,0.0,20.066666666666666,35.000000001893895,0.3756890206971905,0.0,0.0,0.0,0.0,0.0,0.0,0.0,30.0
compromised_xapp,structured,naive,phi_plus,radioml,9,300,0.3891338979643962,0.07753484057683303,0.0,0.0,101,0.0,0.0,20.066666666666666,35.00000000759732,0.3891338979643962,0.0,0.0,0.0,0.0,0.0,0.0,0.0,30.0
compromised_xapp,structured,naive,phi_plus,radioml,10,300,0.38693103747315727,0.06888259830223231,0.0,0.0,71,0.0,0.0,20.1,35.29177011764534,0.38693103747315727,0.0,0.0,0.0,0.0,0.0,0.0,0.0,30.0
compromised_xapp,structured,naive,phi_plus,radioml,11,300,0.38549212593587545,0.07388545030199493,0.0,0.0,74,0.0,0.0,20.1,35.10817080767119,0.38549212593587545,0.0,0.0,0.0,0.0,0.0,0.0,0.0,30.0
compromised_xapp,structured,naive,phi_plus,radioml,12,300,0.3834370221424944,0.08154506542402656,0.0,0.0,5,0.0,0.0,20.1,35.000000000000014,0.3834370221424944,0.0,0.0,0.0,0.0,0.0,0.0,0.0,30.0
compromised_xapp,structured,naive,phi_plus,radioml,13,300,0.3953094317360462,0.08441137066766581,0.0,0.0,3,0.0,0.0,20.133333333333333,38.15700000001088,0.3953094317360462,0.0,0.0,0.0,0.0,0.0,0.0,0.0,30.0
compromised_xapp,structured,naive,phi_plus,radioml,14,300,0.3839195044171123,0.08029292225228726,0.0,0.0,11,0.0,0.0,20.066666666666666,35.00000000281662,0.3839195044171123,0.0,0.0,0.0,0.0,0.0,0.0,0.0,30.0
compromised_xapp,structured,naive,phi_plus,radioml,15,300,0.38352996394026556,0.09164115522219314,0.0,0.0,88,0.0,0.0,20.033333333333335,35.000000000000014,0.38352996394026556,0.0,0.0,0.0,0.0,0.0,0.0,0.0,30.0
compromised_xapp,structured,naive,phi_plus,radioml,16,300,0.37237973750981374,0.06900991342216853,0.0,0.0,154,0.0,0.0,20.066666666666666,35.00000000047212,0.37237973750981374,0.0,0.0,0.0,0.0,0.0,0.0,0.0,30.0
compromised_xapp,structured,naive,phi_plus,radioml,17,300,0.37209253323801683,0.06712678618001298,0.0,0.0,146,0.0,0.0,20.033333333333335,35.000000000096506,0.37209253323801683,0.0,0.0,0.0,0.0,0.0,0.0,0.0,30.0
compromised_xapp,structured,naive,phi_plus,radioml,18,300,0.38752887299658206,0.06515223324903896,0.0,0.0,73,0.0,0.0,20.033333333333335,35.000000000000014,0.38752887299658206,0.0,0.0,0.0,0.0,0.0,0.0,0.0,30.0
compromised_xapp,structured,naive,phi_plus,radioml,19,300,0.368475914316098,0.073961155382579,0.0,0.0,166,0.0,0.0,20.033333333333335,35.000000005108426,0.368475914316098,0.0,0.0,0.0,0.0,0.0,0.0,0.0,30.0
compromised_xapp,structured,naive,phi_plus,radioml,20,300,0.37204983562044763,0.08831115453834411,0.0,0.0,141,0.0,0.0,20.066666666666666,35.000000000035776,0.37204983562044763,0.0,0.0,0.0,0.0,0.0,0.0,0.0,30.0
compromised_xapp,structured,naive,phi_plus,radioml,21,300,0.38544135128613893,0.09197991818716571,0.0,0.0,84,0.0,0.0,20.066666666666666,38.85000000000001,0.38544135128613893,0.0,0.0,0.0,0.0,0.0,0.0,0.0,30.0
compromised_xapp,structured,naive,phi_plus,radioml,22,300,0.3947265822280784,0.08822567089477286,0.0,0.0,213,0.0,0.0,20.033333333333335,35.00005741646666,0.3947265822280784,0.0,0.0,0.0,0.0,0.0,0.0,0.0,30.0
compromised_xapp,structured,naive,phi_plus,radioml,23,300,0.38065482825992975,0.0791040291062994,0.0,0.0,251,0.0,0.0,20.0,35.0,0.38065482825992975,0.0,0.0,0.0,0.0,0.0,0.0,0.0,30.0
compromised_xapp,structured,naive,phi_plus,radioml,24,300,0.3780465391781245,0.07044830133786441,0.0,0.0,217,0.0,0.0,20.1,35.00012699337156,0.3780465391781245,0.0,0.0,0.0,0.0,0.0,0.0,0.0,30.0
compromised_xapp,structured,naive,phi_plus,radioml,25,300,0.38118841281404137,0.06587090854737707,0.0,0.0,95,0.0,0.0,20.066666666666666,35.000000000000014,0.38118841281404137,0.0,0.0,0.0,0.0,0.0,0.0,0.0,30.0
compromised_xapp,structured,naive,phi_plus,radioml,26,300,0.3897551932697819,0.08323651926973231,0.0,0.0,146,0.0,0.0,20.133333333333333,35.00687695515492,0.3897551932697819,0.0,0.0,0.0,0.0,0.0,0.0,0.0,30.0
compromised_xapp,structured,naive,phi_plus,radioml,27,300,0.40712083133500293,0.09236484047734204,0.0,0.0,175,0.0,0.0,20.066666666666666,35.000000030476336,0.40712083133500293,0.0,0.0,0.0,0.0,0.0,0.0,0.0,30.0
compromised_xapp,structured,naive,phi_plus,radioml,28,300,0.3892227053415952,0.07477149636183593,0.0,0.0,203,0.0,0.0,20.033333333333335,35.00000789178031,0.3892227053415952,0.0,0.0,0.0,0.0,0.0,0.0,0.0,30.0
compromised_xapp,structured,naive,phi_plus,radioml,29,300,0.3844086235265105,0.08782822200289606,0.0,0.0033333333333333335,120,0.0,0.0,20.1,35.00000010024948,0.3810752901931772,0.0,0.0,0.0033333333333333335,0.0,0.0,0.0,0.0,30.0
compound,structured,naive,phi_plus,radioml,0,300,0.22591053613158338,0.0002014348820394215,0.0,0.0033333333333333335,9,0.0,0.0,20.133333333333333,35.00023032416019,0.22257720279825002,0.0,0.0,0.0033333333333333335,0.0,0.0,0.0,0.0,30.0
compound,structured,naive,phi_plus,radioml,1,300,0.2281770243370418,0.00013869430600109742,0.0,0.0,251,0.0,0.0,20.1,35.05968052903097,0.2281770243370418,0.0,0.0,0.0,0.0,0.0,0.0,0.0,30.0
compound,structured,naive,phi_plus,radioml,2,300,0.2211361993457851,0.00020983440009511475,0.0,0.0,67,0.0,0.0,20.066666666666666,35.000000000000014,0.2211361993457851,0.0,0.0,0.0,0.0,0.0,0.0,0.0,30.0
compound,structured,naive,phi_plus,radioml,3,300,0.22923317558457787,0.00020679365268635956,0.0,0.0,111,0.0,0.0,20.1,35.35581721664075,0.22923317558457787,0.0,0.0,0.0,0.0,0.0,0.0,0.0,30.0
compound,structured,naive,phi_plus,radioml,4,300,0.23162363764364993,0.0002453760741310645,0.0,0.0,61,0.0,0.0,20.066666666666666,35.00000000070214,0.23162363764364993,0.0,0.0,0.0,0.0,0.0,0.0,0.0,30.0
compound,structured,naive,phi_plus,radioml,5,300,0.23799185381948376,0.00022513686898718318,0.0,0.0,5,0.0,0.0,20.166666666666668,35.00034254382932,0.23799185381948376,0.0,0.0,0.0,0.0,0.0,0.0,0.0,30.0
compound,structured,naive,phi_plus,radioml,6,300,0.2310396194186649,0.00019936116488891684,0.0,0.0,90,0.0,0.0,20.066666666666666,35.00092393736252,0.2310396194186649,0.0,0.0,0.0,0.0,0.0,0.0,0.0,30.0
compound,structured,naive,phi_plus,radioml,7,300,0.23199734677412337,0.0002076150876995561,0.0,0.0,251,0.0,0.0,20.066666666666666,35.000085390343045,0.23199734677412337,0.0,0.0,0.0,0.0,0.0,0.0,0.0,30.0
compound,structured,naive,phi_plus,radioml,8,300,0.22086435060002324,0.0001815122579367238,0.0,0.0,251,0.0,0.0,20.0,35.0,0.22086435060002324,0.0,0.0,0.0,0.0,0.0,0.0,0.0,30.0
compound,structured,naive,phi_plus,radioml,9,300,0.23967766301509594,0.00015385690292601782,0.0,0.0,93,0.0,0.0,20.166666666666668,35.00075772890237,0.23967766301509594,0.0,0.0,0.0,0.0,0.0,0.0,0.0,30.0
compound,structured,naive,phi_plus,radioml,10,300,0.22997213603744812,0.00018783100300520398,0.0,0.0,251,0.0,0.0,20.066666666666666,35.0057009755877,0.22997213603744812,0.0,0.0,0.0,0.0,0.0,0.0,0.0,30.0
compound,structured,naive,phi_plus,radioml,11,300,0.234840404970787,0.00020631636216626904,0.0,0.0,4,0.0,0.0,20.066666666666666,35.00249214477339,0.234840404970787,0.0,0.0,0.0,0.0,0.0,0.0,0.0,30.0
compound,structured,naive,phi_plus,radioml,12,300,0.2261663149030484,0.00020731368521175502,0.0,0.0,63,0.0,0.0,20.066666666666666,35.000000000000014,0.2261663149030484,0.0,0.0,0.0,0.0,0.0,0.0,0.0,30.0
compound,structured,naive,phi_plus,radioml,13,300,0.2264160534338137,0.00018520389261727905,0.0,0.0,251,0.0,0.0,20.0,35.0,0.2264160534338137,0.0,0.0,0.0,0.0,0.0,0.0,0.0,30.0
compound,structured,naive,phi_plus,radioml,14,300,0.23284843130977176,0.00018832415152499329,0.0,0.0,10,0.0,0.0,20.033333333333335,35.000000000000014,0.23284843130977176,0.0,0.0,0.0,0.0,0.0,0.0,0.0,30.0
compound,structured,naive,phi_plus,radioml,15,300,0.22623746496943511,0.00023820056215522834,0.0,0.0,251,0.0,0.0,20.0,35.0,0.22623746496943511,0.0,0.0,0.0,0.0,0.0,0.0,0.0,30.0
compound,structured,naive,phi_plus,radioml,16,300,0.22662415141932685,0.00016639213772354995,0.0,0.0,143,0.0,0.0,20.066666666666666,35.000000000053205,0.22662415141932685,0.0,0.0,0.0,0.0,0.0,0.0,0.0,30.0
compound,structured,naive,phi_plus,radioml,17,300,0.2291133471842776,0.00018421194434916632,0.0,0.0,135,0.0,0.0,20.033333333333335,35.00000000001088,0.2291133471842776,0.0,0.0,0.0,0.0,0.0,0.0,0.0,30.0
compound,structured,naive,phi_plus,radioml,18,300,0.2227020836019085,0.00024264017634770285,0.0,0.0,176,0.0,0.0,20.033333333333335,35.00000003716627,0.2227020836019085,0.0,0.0,0.0,0.0,0.0,0.0,0.0,30.0
compound,structured,naive,phi_plus,radioml,19,300,0.22411112714228576,0.0001743008381423303,0.0,0.0,87,0.0,0.0,20.033333333333335,35.000000000000014,0.22411112714228576,0.0,0.0,0.0,0.0,0.0,0.0,0.0,30.0
compound,structured,naive,phi_plus,radioml,20,300,0.2281350083487093,0.000225529523487624,0.0,0.0033333333333333335,33,0.0,0.0,20.1,35.00041773218647,0.22480167501537598,0.0,0.0,0.0033333333333333335,0.0,0.0,0.0,0.0,30.0
compound,structured,naive,phi_plus,radioml,21,300,0.22129748632390264,0.0002079976826569999,0.0,0.0,18,0.0,0.0,20.033333333333335,35.000000000000014,0.22129748632390264,0.0,0.0,0.0,0.0,0.0,0.0,0.0,30.0
compound,structured,naive,phi_plus,radioml,22,300,0.22484208983960446,0.00023594240403517497,0.0,0.0,251,0.0,0.0,20.0,35.0,0.22484208983960446,0.0,0.0,0.0,0.0,0.0,0.0,0.0,30.0
compound,structured,naive,phi_plus,radioml,23,300,0.22349405868491393,0.00019376281849961362,0.0,0.0,126,0.0,0.0,20.033333333333335,35.00000000000182,0.22349405868491393,0.0,0.0,0.0,0.0,0.0,0.0,0.0,30.0
compound,structured,naive,phi_plus,radioml,24,300,0.23087338138366487,0.00020634623216730786,0.0,0.0,224,0.0,0.0,20.1,35.00050942949569,0.23087338138366487,0.0,0.0,0.0,0.0,0.0,0.0,0.0,30.0
compound,structured,naive,phi_plus,radioml,25,300,0.23384249090113818,0.00016844428677629793,0.0,0.0,251,0.0,0.0,20.1,35.000000729437915,0.23384249090113818,0.0,0.0,0.0,0.0,0.0,0.0,0.0,30.0
compound,structured,naive,phi_plus,radioml,26,300,0.2231667853711413,0.00023501486156890937,0.0,0.0033333333333333335,106,0.0,0.0,20.1,35.00000003047637,0.21983345203780796,0.0,0.0,0.0033333333333333335,0.0,0.0,0.0,0.0,30.0
compound,structured,naive,phi_plus,radioml,27,300,0.21946503688254698,0.00018966178274658837,0.0,0.0,251,0.0,0.0,20.066666666666666,35.000000221729934,0.21946503688254698,0.0,0.0,0.0,0.0,0.0,0.0,0.0,30.0
compound,structured,naive,phi_plus,radioml,28,300,0.2212329074355378,0.00020544992124509154,0.0,0.0,251,0.0,0.0,20.0,35.0,0.2212329074355378,0.0,0.0,0.0,0.0,0.0,0.0,0.0,30.0
compound,structured,naive,phi_plus,radioml,29,300,0.22335006102197114,0.0001518836423275953,0.0,0.0,33,0.0,0.0,20.066666666666666,35.000000000000014,0.22335006102197114,0.0,0.0,0.0,0.0,0.0,0.0,0.0,30.0
