scenario,controller,planner,predicate_set,perception,seed,cycles,mean_pdr,p05_pdr,violation_rate_phi,hazard_rate,recovery_cycles,fallback_rate,repair_rate,mean_power_dbm,max_pa_temp_c,mean_reward,h_rf,h_pwr,h_relay,h_part,h_starve,h_therm,dropped
narrowband,shield_repair,naive,loo,radioml,0,300,0.9880242168209619,0.978923189052068,0.0,0.09,1,0.0,0.3393333333333333,26.373333333333335,39.38416139973205,0.8980242168209619,0.0,0.09,0.0,0.0,0.0,0.0,none
narrowband,shield_repair,naive,loo,radioml,1,300,0.9919748535714139,0.9862040077432356,0.0,0.07,1,0.0,0.3526666666666667,26.116666666666667,37.047020273997454,0.921974853571414,0.0,0.07,0.0,0.0,0.0,0.0,none
narrowband,shield_repair,naive,loo,radioml,2,300,0.9917386442042933,0.986216833923414,0.0,0.08666666666666667,1,0.0,0.3433333333333333,26.516666666666666,43.477845856006226,0.9050719775376266,0.0,0.08666666666666667,0.0,0.0,0.0,0.0,none
narrowband,shield_repair,naive,loo,radioml,3,300,0.9913094631734024,0.9740378726870449,0.0,0.08,1,0.0,0.34933333333333333,26.293333333333333,40.222933489860175,0.9113094631734024,0.0,0.08,0.0,0.0,0.0,0.0,none
narrowband,shield_repair,naive,loo,radioml,4,300,0.9913785826992142,0.9828326994417224,0.0,0.05333333333333334,1,0.0,0.35533333333333333,26.436666666666667,43.81480587817549,0.9380452493658809,0.0,0.05333333333333334,0.0,0.0,0.0,0.0,none
narrowband,shield_repair,naive,loo,radioml,5,300,0.9913751484815786,0.9739999750442907,0.0,0.07,1,0.0,0.364,26.22,42.97830657562457,0.9213751484815785,0.0,0.07,0.0,0.0,0.0,0.0,none
narrowband,shield_repair,naive,loo,radioml,6,300,0.9881037584983559,0.9760995643579743,0.0,0.05,1,0.0,0.3313333333333333,26.336666666666666,39.176749180916616,0.9381037584983558,0.0,0.05,0.0,0.0,0.0,0.0,none
narrowband,shield_repair,naive,loo,radioml,7,300,0.991855894290604,0.9860873959933631,0.0,0.07666666666666666,1,0.0,0.35333333333333333,26.54,40.84516121912245,0.9151892276239373,0.0,0.07666666666666666,0.0,0.0,0.0,0.0,none
narrowband,shield_repair,naive,loo,radioml,8,300,0.9913994329883754,0.9739998467528639,0.0,0.08,1,0.0,0.3506666666666667,26.413333333333334,40.84265473396387,0.9113994329883754,0.0,0.08,0.0,0.0,0.0,0.0,none
narrowband,shield_repair,naive,loo,radioml,9,300,0.9914299924921931,0.9813884458287413,0.0,0.06,1,0.0,0.34933333333333333,26.37,46.80636337569092,0.9314299924921932,0.0,0.06,0.0,0.0,0.0,0.0,none
narrowband,shield_repair,naive,loo,radioml,10,300,0.9913774634717455,0.9739999138207099,0.0,0.06,1,0.0,0.3486666666666667,26.56,41.32939903684903,0.9313774634717453,0.0,0.06,0.0,0.0,0.0,0.0,none
narrowband,shield_repair,naive,loo,radioml,11,300,0.9902556292311613,0.9800175783162567,0.0,0.08333333333333333,1,0.0,0.34933333333333333,26.27,41.856959715189426,0.9069222958978279,0.0,0.08333333333333333,0.0,0.0,0.0,0.0,none
narrowband,shield_repair,naive,loo,radioml,12,300,0.9919150322415256,0.9873331192776016,0.0,0.1,1,0.0,0.348,26.593333333333334,42.01634319749612,0.8919150322415255,0.0,0.1,0.0,0.0,0.0,0.0,none
narrowband,shield_repair,naive,loo,radioml,13,300,0.98564179826578,0.9856355973543316,0.0,0.06,1,0.0,0.338,26.3,44.40614788639988,0.9256417982657801,0.0,0.06,0.0,0.0,0.0,0.0,none
narrowband,shield_repair,naive,loo,radioml,14,300,0.9903096463777765,0.983552693888572,0.0,0.03666666666666667,1,0.0,0.35133333333333333,26.336666666666666,42.699164678777294,0.9536429797111098,0.0,0.03666666666666667,0.0,0.0,0.0,0.0,none
wideband,shield_repair,naive,loo,radioml,0,300,0.8703061458387761,0.5087141755341426,0.0,0.2833333333333333,2,0.0,0.348,27.733333333333334,39.9977883735229,0.5869728125054428,0.0,0.27666666666666667,0.0,0.0,0.0,0.006666666666666667,none
wideband,shield_repair,naive,loo,radioml,1,300,0.850513884526229,0.0016295236469301092,0.0,0.21333333333333335,2,0.0,0.36933333333333335,27.303333333333335,37.05027810211773,0.6371805511928956,0.0,0.21333333333333335,0.0,0.0,0.0,0.0,none
wideband,shield_repair,naive,loo,radioml,2,300,0.8509683778587214,0.00019889108651828776,0.0,0.18333333333333332,1,0.0,0.3546666666666667,27.456666666666667,43.48102483704474,0.6676350445253882,0.0,0.18333333333333332,0.0,0.0,0.0,0.0,none
wideband,shield_repair,naive,loo,radioml,3,300,0.8649437225055211,0.01762021334423635,0.0,0.17666666666666667,2,0.0,0.36666666666666664,27.51,40.30902050708833,0.6882770558388546,0.0,0.17666666666666667,0.0,0.0,0.0,0.0,none
wideband,shield_repair,naive,loo,radioml,4,300,0.8459327481549885,0.0010804726405048803,0.0,0.18,1,0.0,0.36933333333333335,27.626666666666665,46.40602463184592,0.6659327481549887,0.0,0.18,0.0,0.0,0.0,0.0,none
wideband,shield_repair,naive,loo,radioml,5,300,0.8512290216737763,0.002735546885924609,0.0,0.18333333333333332,4,0.0,0.38133333333333336,27.43,43.06996702830009,0.667895688340443,0.0,0.18333333333333332,0.0,0.0,0.0,0.0,none
wideband,shield_repair,naive,loo,radioml,6,300,0.8552559171608682,0.14467778518026198,0.0,0.13333333333333333,5,0.0,0.3466666666666667,27.506666666666668,39.17975091628915,0.7219225838275349,0.0,0.13333333333333333,0.0,0.0,0.0,0.0,none
wideband,shield_repair,naive,loo,radioml,7,300,0.8613675992091997,0.009770830350662257,0.0,0.15666666666666668,5,0.0,0.368,27.386666666666667,40.85204150970383,0.704700932542533,0.0,0.15666666666666668,0.0,0.0,0.0,0.0,none
wideband,shield_repair,naive,loo,radioml,8,300,0.8493018818454416,0.0011575077706616822,0.0,0.20333333333333334,1,0.0,0.36666666666666664,27.573333333333334,40.9050066751721,0.6459685485121084,0.0,0.20333333333333334,0.0,0.0,0.0,0.0,none
wideband,shield_repair,naive,loo,radioml,9,300,0.8208631525544833,0.008332622090259697,0.0,0.12,1,0.0,0.368,27.43,46.80946132682445,0.7008631525544833,0.0,0.12,0.0,0.0,0.0,0.0,none
wideband,shield_repair,naive,loo,radioml,10,300,0.865416765293063,0.36548062465329895,0.0,0.16333333333333333,2,0.0,0.358,27.78,41.36353877094813,0.7020834319597297,0.0,0.16333333333333333,0.0,0.0,0.0,0.0,none
wideband,shield_repair,naive,loo,radioml,11,300,0.8415659659167847,0.0006834206872023521,0.0,0.22666666666666666,1,0.0,0.36866666666666664,27.346666666666668,41.85966639421311,0.614899299250118,0.0,0.22666666666666666,0.0,0.0,0.0,0.0,none
wideband,shield_repair,naive,loo,radioml,12,300,0.858970380754858,0.32021813047987474,0.0,0.17666666666666667,1,0.0,0.358,27.48,42.02446242716481,0.6823037140881912,0.0,0.17666666666666667,0.0,0.0,0.0,0.0,none
wideband,shield_repair,naive,loo,radioml,13,300,0.8303839089035951,0.0009623665960535223,0.0,0.13666666666666666,2,0.0,0.3506666666666667,27.506666666666668,44.40803910215837,0.6937172422369285,0.0,0.13666666666666666,0.0,0.0,0.0,0.0,none
wideband,shield_repair,naive,loo,radioml,14,300,0.8273172028736483,0.00024049137314473032,0.0,0.09333333333333334,10,0.0,0.36733333333333335,27.43,42.70170551660592,0.733983869540315,0.0,0.09333333333333334,0.0,0.0,0.0,0.0,none
bursty,shield_repair,naive,loo,radioml,0,300,0.98383188848764,0.9635848677374804,0.0,0.02666666666666667,1,0.0,0.356,25.216666666666665,41.133461306320285,0.9571652218209734,0.0,0.02666666666666667,0.0,0.0,0.0,0.0,none
bursty,shield_repair,naive,loo,radioml,1,300,0.9854698370714294,0.9739321510045325,0.0,0.05,1,0.0,0.34933333333333333,25.226666666666667,39.13216416908098,0.9354698370714294,0.0,0.05,0.0,0.0,0.0,0.0,none
bursty,shield_repair,naive,loo,radioml,2,300,0.9821167256207666,0.9739261131144783,0.0,0.056666666666666664,1,0.0,0.354,25.05,39.75045022168684,0.9254500589540998,0.0,0.056666666666666664,0.0,0.0,0.0,0.0,none
bursty,shield_repair,naive,loo,radioml,3,300,0.9760463871683432,0.9660452668329287,0.0,0.03,1,0.0,0.3373333333333333,25.05,40.20889775960902,0.946046387168343,0.0,0.03,0.0,0.0,0.0,0.0,none
bursty,shield_repair,naive,loo,radioml,4,300,0.9834374368051473,0.9732962805005642,0.0,0.03,1,0.0,0.3486666666666667,25.276666666666667,43.74443957306365,0.9534374368051473,0.0,0.03,0.0,0.0,0.0,0.0,none
bursty,shield_repair,naive,loo,radioml,5,300,0.9815874147539275,0.973644273403568,0.0,0.03333333333333333,4,0.0,0.37666666666666665,25.303333333333335,39.516807834867095,0.9482540814205942,0.0,0.03333333333333333,0.0,0.0,0.0,0.0,none
bursty,shield_repair,naive,loo,radioml,6,300,0.9785747674206308,0.9660388049287939,0.0,0.013333333333333334,1,0.0,0.358,25.006666666666668,44.141609778843616,0.9652414340872975,0.0,0.013333333333333334,0.0,0.0,0.0,0.0,none
bursty,shield_repair,naive,loo,radioml,7,300,0.9859369343848933,0.9719098444028966,0.0,0.02666666666666667,1,0.0,0.3486666666666667,24.84,38.584934087672174,0.9592702677182267,0.0,0.02666666666666667,0.0,0.0,0.0,0.0,none
bursty,shield_repair,naive,loo,radioml,8,300,0.9857211097648758,0.9738841193148835,0.0,0.016666666666666666,1,0.0,0.3313333333333333,25.123333333333335,41.999813891251875,0.9690544430982091,0.0,0.016666666666666666,0.0,0.0,0.0,0.0,none
bursty,shield_repair,naive,loo,radioml,9,300,0.9826575651234896,0.9665888444487107,0.0,0.05333333333333334,1,0.0,0.33666666666666667,24.89666666666667,37.93133120004411,0.9293242317901562,0.0,0.05333333333333334,0.0,0.0,0.0,0.0,none
bursty,shield_repair,naive,loo,radioml,10,300,0.9840931538620513,0.9730377908189588,0.0,0.023333333333333334,1,0.0,0.3526666666666667,25.363333333333333,41.674939669107225,0.960759820528718,0.0,0.023333333333333334,0.0,0.0,0.0,0.0,none
bursty,shield_repair,naive,loo,radioml,11,300,0.985635425739811,0.9715722115976104,0.0,0.023333333333333334,1,0.0,0.34933333333333333,25.05666666666667,39.17436217689289,0.9623020924064777,0.0,0.023333333333333334,0.0,0.0,0.0,0.0,none
bursty,shield_repair,naive,loo,radioml,12,300,0.984729536123795,0.9739793400526598,0.0,0.02666666666666667,1,0.0,0.3506666666666667,25.09,40.657378020719,0.9580628694571283,0.0,0.02666666666666667,0.0,0.0,0.0,0.0,none
bursty,shield_repair,naive,loo,radioml,13,300,0.9829828808413038,0.9719553130553941,0.0,0.013333333333333334,1,0.0,0.3413333333333333,25.133333333333333,40.20239070517481,0.9696495475079704,0.0,0.013333333333333334,0.0,0.0,0.0,0.0,none
bursty,shield_repair,naive,loo,radioml,14,300,0.983231778981283,0.9666061720548949,0.0,0.013333333333333334,1,0.0,0.368,25.143333333333334,38.17567081334196,0.9698984456479497,0.0,0.013333333333333334,0.0,0.0,0.0,0.0,none
backhaul,shield_repair,naive,loo,radioml,0,300,0.9586022175280378,0.9139616774358239,0.0,0.13333333333333333,1,0.0,0.39066666666666666,25.75,39.148909686996255,0.8252688841947046,0.0,0.13333333333333333,0.0,0.0,0.0,0.0,none
backhaul,shield_repair,naive,loo,radioml,1,300,0.9585958935979907,0.8960798632382777,0.0,0.05333333333333334,1,0.0,0.4126666666666667,25.906666666666666,37.538589514418774,0.9052625602646571,0.0,0.05333333333333334,0.0,0.0,0.0,0.0,none
backhaul,shield_repair,naive,loo,radioml,2,300,0.9563890380872897,0.8960799623070069,0.0,0.09333333333333334,1,0.0,0.41333333333333333,25.873333333333335,43.436739347700886,0.8630557047539563,0.0,0.09333333333333334,0.0,0.0,0.0,0.0,none
backhaul,shield_repair,naive,loo,radioml,3,300,0.9563437793632283,0.9139391285613192,0.0,0.09,1,0.0,0.396,25.88,39.61756120894805,0.8663437793632284,0.0,0.09,0.0,0.0,0.0,0.0,none
backhaul,shield_repair,naive,loo,radioml,4,300,0.9570207238565448,0.910747864059676,0.0,0.07333333333333333,1,0.0,0.4166666666666667,26.053333333333335,41.25454998581056,0.8836873905232113,0.0,0.07333333333333333,0.0,0.0,0.0,0.0,none
backhaul,shield_repair,naive,loo,radioml,5,300,0.9561596264808411,0.9135278564925859,0.0,0.07,1,0.0,0.3933333333333333,25.656666666666666,43.539279047326886,0.886159626480841,0.0,0.07,0.0,0.0,0.0,0.0,none
backhaul,shield_repair,naive,loo,radioml,6,300,0.9561904825986077,0.9072190749087602,0.0,0.07333333333333333,1,0.0,0.394,26.086666666666666,43.57745723584043,0.8828571492652744,0.0,0.07333333333333333,0.0,0.0,0.0,0.0,none
backhaul,shield_repair,naive,loo,radioml,7,300,0.9584074483721315,0.8960796630872903,0.0,0.04666666666666667,1,0.0,0.4073333333333333,25.71,42.861864840445264,0.9117407817054648,0.0,0.04666666666666667,0.0,0.0,0.0,0.0,none
backhaul,shield_repair,naive,loo,radioml,8,300,0.9561188633869561,0.91391334267676,0.0,0.056666666666666664,1,0.0,0.4053333333333333,25.876666666666665,41.08036337526748,0.8994521967202894,0.0,0.056666666666666664,0.0,0.0,0.0,0.0,none
backhaul,shield_repair,naive,loo,radioml,9,300,0.9586500986029262,0.8960799798715434,0.0,0.1,2,0.0,0.37466666666666665,25.73,38.53838964321232,0.858650098602926,0.0,0.1,0.0,0.0,0.0,0.0,none
backhaul,shield_repair,naive,loo,radioml,10,300,0.9567627185271772,0.9133528014436568,0.0,0.04,1,0.0,0.38866666666666666,26.21,38.962143148462296,0.916762718527177,0.0,0.04,0.0,0.0,0.0,0.0,none
backhaul,shield_repair,naive,loo,radioml,11,300,0.9582358260290444,0.9129807421487477,0.0,0.013333333333333334,1,0.0,0.41,25.593333333333334,39.410714231002125,0.9449024926957111,0.0,0.013333333333333334,0.0,0.0,0.0,0.0,none
backhaul,shield_repair,naive,loo,radioml,12,300,0.9533418781951042,0.9135609216016302,0.0,0.056666666666666664,1,0.0,0.37666666666666665,26.013333333333332,39.94007855649298,0.8966752115284375,0.0,0.056666666666666664,0.0,0.0,0.0,0.0,none
backhaul,shield_repair,naive,loo,radioml,13,300,0.9583418224539749,0.9129079638171657,0.0,0.08666666666666667,1,0.0,0.398,25.89666666666667,40.96057660520369,0.8716751557873083,0.0,0.08666666666666667,0.0,0.0,0.0,0.0,none
backhaul,shield_repair,naive,loo,radioml,14,300,0.956505662662361,0.9139431651657652,0.0,0.08,1,0.0,0.4126666666666667,25.993333333333332,41.4265816351268,0.8765056626623611,0.0,0.08,0.0,0.0,0.0,0.0,none
compromised_xapp,shield_repair,naive,loo,radioml,0,300,0.9909157927914397,0.9739998847278607,0.0,0.17666666666666667,1,0.0,0.47,26.833333333333332,41.248406191752146,0.8142491261247731,0.0,0.06666666666666667,0.12666666666666668,0.0,0.0,0.0,none
compromised_xapp,shield_repair,naive,loo,radioml,1,300,0.991060798592659,0.9739582591099833,0.0,0.14333333333333334,1,0.0,0.46066666666666667,26.516666666666666,39.53399241716144,0.8477274652593257,0.0,0.04,0.10333333333333333,0.0,0.0,0.0,none
compromised_xapp,shield_repair,naive,loo,radioml,2,300,0.9902232146491391,0.9739990545059191,0.0,0.18333333333333332,1,0.0,0.49,26.823333333333334,44.13038365997444,0.8068898813158057,0.0,0.10333333333333333,0.08666666666666667,0.0,0.0,0.0,none
compromised_xapp,shield_repair,naive,loo,radioml,3,300,0.991194607710493,0.9739975990393982,0.0,0.15,1,0.0,0.484,26.9,41.70703841978707,0.8411946077104929,0.0,0.07333333333333333,0.08333333333333333,0.0,0.0,0.0,none
compromised_xapp,shield_repair,naive,loo,radioml,4,300,0.9914801061553373,0.9748318421191194,0.0,0.19,1,0.0,0.47533333333333333,26.793333333333333,40.436011617719785,0.8014801061553374,0.0,0.10333333333333333,0.1,0.0,0.0,0.0,none
compromised_xapp,shield_repair,naive,loo,radioml,5,300,0.9910840670812628,0.9739999989600181,0.0,0.13,1,0.0,0.478,26.816666666666666,43.26681634546129,0.8610840670812627,0.0,0.02666666666666667,0.10333333333333333,0.0,0.0,0.0,none
compromised_xapp,shield_repair,naive,loo,radioml,6,300,0.9915893434902443,0.9739804614860734,0.0,0.19333333333333333,1,0.0,0.46,26.863333333333333,43.29006586627735,0.7982560101569111,0.0,0.08333333333333333,0.12333333333333334,0.0,0.0,0.0,none
compromised_xapp,shield_repair,naive,loo,radioml,7,300,0.9919706226042696,0.9750845083194541,0.0,0.16333333333333333,1,0.0,0.4666666666666667,26.913333333333334,39.64877545446947,0.8286372892709363,0.0,0.043333333333333335,0.12333333333333334,0.0,0.0,0.0,none
compromised_xapp,shield_repair,naive,loo,radioml,8,300,0.9907921914528168,0.9739756675093415,0.0,0.21666666666666667,1,0.0,0.464,26.886666666666667,39.20189281337173,0.77412552478615,0.0,0.12333333333333334,0.12333333333333334,0.0,0.0,0.0,none
compromised_xapp,shield_repair,naive,loo,radioml,9,300,0.9913524268750367,0.9739999274472857,0.0,0.20666666666666667,1,0.0,0.48733333333333334,26.68,41.78970312413533,0.7846857602083699,0.0,0.11333333333333333,0.11333333333333333,0.0,0.0,0.0,none
compromised_xapp,shield_repair,naive,loo,radioml,10,300,0.9913628175244514,0.9739974664519352,0.0,0.16,1,0.0,0.48,27.153333333333332,43.89536628919334,0.8313628175244513,0.0,0.05,0.11666666666666667,0.0,0.0,0.0,none
compromised_xapp,shield_repair,naive,loo,radioml,11,300,0.9889732472001546,0.9739999184590586,0.0,0.16333333333333333,1,0.0,0.4706666666666667,26.743333333333332,40.52842617361668,0.8256399138668211,0.0,0.06333333333333334,0.1,0.0,0.0,0.0,none
compromised_xapp,shield_repair,naive,loo,radioml,12,300,0.9918211682407662,0.9809917934482172,0.0,0.15,1,0.0,0.466,26.83,38.62713267393605,0.8418211682407662,0.0,0.07,0.08333333333333333,0.0,0.0,0.0,none
compromised_xapp,shield_repair,naive,loo,radioml,13,300,0.9889017372639969,0.9739981885644363,0.0,0.17666666666666667,1,0.0,0.4786666666666667,26.566666666666666,38.09070278257819,0.8122350705973302,0.0,0.08333333333333333,0.11333333333333333,0.0,0.0,0.0,none
compromised_xapp,shield_repair,naive,loo,radioml,14,300,0.9910790454987943,0.9739994193434081,0.0,0.23,1,0.0,0.474,26.69,38.046963699901475,0.7610790454987943,0.0,0.11666666666666667,0.12333333333333334,0.0,0.0,0.0,none
compound,shield_repair,naive,loo,radioml,0,300,0.9308247579565735,0.7510880377962541,0.0,0.36,1,0.0,0.5233333333333333,27.44333333333333,39.12806453936193,0.5708247579565734,0.0,0.08666666666666667,0.32666666666666666,0.0,0.0,0.0,none
compound,shield_repair,naive,loo,radioml,1,300,0.9402578019851611,0.8591731637175003,0.0,0.4,1,0.0,0.5553333333333333,27.39666666666667,40.00036672305093,0.540257801985161,0.0,0.056666666666666664,0.37,0.0,0.0,0.0,none
compound,shield_repair,naive,loo,radioml,2,300,0.9318622943078017,0.7767294945547761,0.0,0.4066666666666667,1,0.0,0.5386666666666666,27.65,43.90709658433009,0.5251956276411349,0.0,0.07333333333333333,0.36,0.0,0.0,0.006666666666666667,none
compound,shield_repair,naive,loo,radioml,3,300,0.9193675245077191,0.7145437591301826,0.0,0.39,1,0.0,0.5373333333333333,27.346666666666668,39.01163691899736,0.5293675245077191,0.0,0.11666666666666667,0.32666666666666666,0.0,0.0,0.0,none
compound,shield_repair,naive,loo,radioml,4,300,0.9254897845107078,0.7774755537753382,0.0,0.4166666666666667,2,0.0,0.5326666666666666,27.366666666666667,36.846236270066534,0.5088231178440412,0.0,0.16333333333333333,0.34,0.0,0.0,0.0,none
compound,shield_repair,naive,loo,radioml,5,300,0.9421028038379375,0.8603082979459079,0.0,0.39,1,0.0,0.5413333333333333,27.436666666666667,35.70735269135838,0.5521028038379376,0.0,0.18,0.2966666666666667,0.0,0.0,0.0,none
compound,shield_repair,naive,loo,radioml,6,300,0.9206809205943036,0.7111059790997482,0.0,0.43333333333333335,1,0.0,0.5366666666666666,27.593333333333334,43.97438973901479,0.4873475872609704,0.0,0.16333333333333333,0.3466666666666667,0.0,0.0,0.0,none
compound,shield_repair,naive,loo,radioml,7,300,0.9275740367015294,0.7613880105085533,0.0,0.3933333333333333,1,0.0,0.5333333333333333,27.533333333333335,43.76354478134183,0.5342407033681961,0.0,0.13666666666666666,0.31666666666666665,0.0,0.0,0.0,none
compound,shield_repair,naive,loo,radioml,8,300,0.9255592379823921,0.7511996826759803,0.0,0.44666666666666666,2,0.0,0.56,27.513333333333332,42.165643195600076,0.4788925713157255,0.0,0.2,0.33666666666666667,0.0,0.0,0.0,none
compound,shield_repair,naive,loo,radioml,9,300,0.9258896252672597,0.7794057454267126,0.0,0.4166666666666667,1,0.0,0.5513333333333333,27.453333333333333,39.44267154104493,0.5092229586005931,0.0,0.13333333333333333,0.38,0.0,0.0,0.0,none
compound,shield_repair,naive,loo,radioml,10,300,0.9285561088797033,0.7703550771602847,0.0,0.4066666666666667,1,0.0,0.55,27.46,39.81391400895546,0.5218894422130366,0.0,0.1,0.33,0.0,0.0,0.0,none
compound,shield_repair,naive,loo,radioml,11,300,0.934984134095812,0.7771131925832386,0.0,0.44,1,0.0,0.53,27.483333333333334,45.25185702213723,0.4949841340958121,0.0,0.13666666666666666,0.36666666666666664,0.0,0.0,0.0,none
compound,shield_repair,naive,loo,radioml,12,300,0.9188329438503471,0.7709647209463805,0.0,0.35,1,0.0,0.5213333333333333,27.5,42.19453918522085,0.5688329438503472,0.0,0.08,0.29,0.0,0.0,0.0,none
compound,shield_repair,naive,loo,radioml,13,300,0.921612688904256,0.7778823610578981,0.0,0.41,3,0.0,0.5573333333333333,27.406666666666666,41.16368798521557,0.5116126889042559,0.0,0.11333333333333333,0.34,0.0,0.0,0.0,none
compound,shield_repair,naive,loo,radioml,14,300,0.9193117518443021,0.70785556379605,0.0,0.5033333333333333,2,0.0,0.538,27.52,43.81898526078779,0.4159784185109688,0.0,0.19,0.37666666666666665,0.0,0.0,0.0,none
narrowband,shield_repair,naive,loo,radioml,0,300,0.9880394197215014,0.9781334242266646,0.14,0.20333333333333334,1,0.0,0.15,26.68,37.21218786104616,0.7847060863881681,0.09,0.14333333333333334,0.0,0.0,0.0,0.0,phi_rf
narrowband,shield_repair,naive,loo,radioml,1,300,0.9914617639210934,0.9854634186666187,0.13666666666666666,0.21333333333333335,1,0.0,0.14666666666666667,26.663333333333334,49.57492373787373,0.77812843058776,0.08,0.13,0.0,0.0,0.0,0.03333333333333333,phi_rf
narrowband,shield_repair,naive,loo,radioml,2,300,0.9914595338254044,0.984283139220176,0.17666666666666667,0.27666666666666667,1,0.0,0.14133333333333334,27.2,43.33261277818991,0.7147928671587378,0.07333333333333333,0.18,0.0,0.0,0.0,0.07666666666666666,phi_rf
narrowband,shield_repair,naive,loo,radioml,3,300,0.9917033899978632,0.9837561396111466,0.15,0.2,1,0.0,0.13933333333333334,26.773333333333333,48.37903630736823,0.791703389997863,0.07,0.14,0.0,0.0,0.0,0.013333333333333334,phi_rf
narrowband,shield_repair,naive,loo,radioml,4,300,0.9916393485720344,0.9842213113685091,0.14333333333333334,0.19,1,0.0,0.154,26.866666666666667,46.13130247561438,0.8016393485720344,0.07333333333333333,0.12,0.0,0.0,0.0,0.02666666666666667,phi_rf
narrowband,shield_repair,naive,loo,radioml,5,300,0.9912618797308949,0.9739999823826886,0.16666666666666666,0.24,1,0.0,0.148,26.786666666666665,49.262384040926676,0.7512618797308951,0.10666666666666667,0.14333333333333334,0.0,0.0,0.0,0.04666666666666667,phi_rf
narrowband,shield_repair,naive,loo,radioml,6,300,0.9880252305697562,0.9775986701673945,0.13333333333333333,0.17,1,0.0,0.13466666666666666,26.706666666666667,41.84319615840869,0.8180252305697563,0.07,0.10666666666666667,0.0,0.0,0.0,0.013333333333333334,phi_rf
narrowband,shield_repair,naive,loo,radioml,7,300,0.9919615398338693,0.9859114050405692,0.17333333333333334,0.26,1,0.0,0.13733333333333334,27.183333333333334,40.66736776142022,0.7319615398338691,0.06666666666666667,0.16,0.0,0.0,0.0,0.07333333333333333,phi_rf
narrowband,shield_repair,naive,loo,radioml,8,300,0.9912762896660073,0.9739999340946133,0.18,0.23666666666666666,1,0.0,0.14733333333333334,27.166666666666668,42.88647776298822,0.7546096229993408,0.08,0.16,0.0,0.0,0.0,0.03,phi_rf
narrowband,shield_repair,naive,loo,radioml,9,300,0.9913233682320818,0.9817802101917853,0.17333333333333334,0.24666666666666667,1,0.0,0.146,26.776666666666667,45.34303633285245,0.7446567015654152,0.09666666666666666,0.12666666666666668,0.0,0.0,0.0,0.06666666666666667,phi_rf
narrowband,shield_repair,naive,loo,radioml,10,300,0.9912761951509289,0.9739999998130668,0.15,0.19666666666666666,1,0.0,0.15533333333333332,26.893333333333334,41.30881982302021,0.7946095284842625,0.08,0.12333333333333334,0.0,0.0,0.0,0.013333333333333334,phi_rf
narrowband,shield_repair,naive,loo,radioml,11,300,0.9902686886424215,0.9753014005965888,0.16333333333333333,0.21666666666666667,1,0.0,0.13733333333333334,26.796666666666667,41.84695729298026,0.7736020219757549,0.07666666666666666,0.14,0.0,0.0,0.0,0.013333333333333334,phi_rf
narrowband,shield_repair,naive,loo,radioml,12,300,0.9920945270453088,0.9873331192776016,0.19666666666666666,0.30333333333333334,1,0.0,0.14733333333333334,27.323333333333334,44.982386355676724,0.6887611937119754,0.09666666666666666,0.21,0.0,0.0,0.0,0.06666666666666667,phi_rf
narrowband,shield_repair,naive,loo,radioml,13,300,0.9922590769884272,0.9862526922247162,0.14,0.20333333333333334,1,0.0,0.136,26.726666666666667,46.559278330233845,0.7889257436550938,0.07,0.13,0.0,0.0,0.0,0.02666666666666667,phi_rf
narrowband,shield_repair,naive,loo,radioml,14,300,0.9917632343730501,0.9815207654247952,0.12333333333333334,0.15,1,0.0,0.146,26.78,42.566135629385315,0.8417632343730503,0.056666666666666664,0.10333333333333333,0.0,0.0,0.0,0.0,phi_rf
wideband,shield_repair,naive,loo,radioml,0,300,0.8879682317918215,0.553440632428249,0.22666666666666666,0.6533333333333333,2,0.0,0.162,28.676666666666666,37.825550863811365,0.23463489845848812,0.10666666666666667,0.38333333333333336,0.0,0.0,0.0,0.5133333333333333,phi_rf
wideband,shield_repair,naive,loo,radioml,1,300,0.8742923009141977,0.08401929850689178,0.24,0.6133333333333333,2,0.0,0.16733333333333333,28.45,49.58200020497191,0.2609589675808643,0.09333333333333334,0.3466666666666667,0.0,0.0,0.0,0.48,phi_rf
wideband,shield_repair,naive,loo,radioml,2,300,0.8842061177483481,0.14340838520823182,0.25,0.6766666666666666,1,0.0,0.15733333333333333,28.903333333333332,43.334554672381955,0.20753945108168148,0.07666666666666666,0.3466666666666667,0.0,0.0,0.0,0.5733333333333334,phi_rf
wideband,shield_repair,naive,loo,radioml,3,300,0.8969359735890515,0.4672573361336839,0.27,0.6666666666666666,2,0.0,0.15333333333333332,28.846666666666668,48.468647353528254,0.23026930692238484,0.08,0.34,0.0,0.0,0.0,0.5733333333333334,phi_rf
wideband,shield_repair,naive,loo,radioml,4,300,0.8738629813829057,0.15639412841484238,0.25333333333333335,0.6266666666666667,1,0.0,0.17333333333333334,28.786666666666665,48.72639293970302,0.24719631471623907,0.09666666666666666,0.33666666666666667,0.0,0.0,0.0,0.5666666666666667,phi_rf
wideband,shield_repair,naive,loo,radioml,5,300,0.8807350596224457,0.22165453392792298,0.27666666666666667,0.6766666666666666,4,0.0,0.17066666666666666,28.81,49.356256726294966,0.2040683929557791,0.09666666666666666,0.3466666666666667,0.0,0.0,0.0,0.5433333333333333,phi_rf
wideband,shield_repair,naive,loo,radioml,6,300,0.8836097074600123,0.4172158245140288,0.26,0.63,5,0.0,0.15666666666666668,28.676666666666666,41.84750365541032,0.25360970746001243,0.11,0.28,0.0,0.0,0.0,0.51,phi_rf
wideband,shield_repair,naive,loo,radioml,7,300,0.8967942373987319,0.5449403375766337,0.28,0.69,2,0.0,0.15133333333333332,28.77,40.672868693095914,0.20679423739873173,0.10333333333333333,0.31333333333333335,0.0,0.0,0.0,0.61,phi_rf
wideband,shield_repair,naive,loo,radioml,8,300,0.8931501519187973,0.3558738030141568,0.2833333333333333,0.7233333333333334,1,0.0,0.16333333333333333,29.066666666666666,42.95164688046438,0.16981681858546388,0.08333333333333333,0.38,0.0,0.0,0.0,0.6,phi_rf
wideband,shield_repair,naive,loo,radioml,9,300,0.8731042438030205,0.06723818057935761,0.2966666666666667,0.6666666666666666,1,0.0,0.164,28.89666666666667,45.348235508733374,0.20643757713635394,0.09666666666666666,0.3333333333333333,0.0,0.0,0.0,0.5833333333333334,phi_rf
wideband,shield_repair,naive,loo,radioml,10,300,0.8907050001260113,0.5488612546235545,0.25666666666666665,0.6233333333333333,1,0.0,0.16933333333333334,28.893333333333334,41.3134836725417,0.2673716667926779,0.1,0.32,0.0,0.0,0.0,0.5333333333333333,phi_rf
wideband,shield_repair,naive,loo,radioml,11,300,0.8855289141816278,0.29874236606866167,0.26,0.6466666666666666,1,0.0,0.15266666666666667,28.583333333333332,41.85127527991893,0.23886224751496116,0.11666666666666667,0.35333333333333333,0.0,0.0,0.0,0.54,phi_rf
wideband,shield_repair,naive,loo,radioml,12,300,0.8937042145523939,0.4275051107566392,0.27666666666666667,0.6333333333333333,1,0.0,0.156,28.85,44.99255061578835,0.2603708812190607,0.11666666666666667,0.33666666666666667,0.0,0.0,0.0,0.5166666666666667,phi_rf
wideband,shield_repair,naive,loo,radioml,13,300,0.8814359868956597,0.4134864203245212,0.24,0.6366666666666667,2,0.0,0.14866666666666667,28.79,46.56353779335056,0.24476932022899314,0.07333333333333333,0.3,0.0,0.0,0.0,0.5433333333333333,phi_rf
wideband,shield_repair,naive,loo,radioml,14,300,0.8603639780032253,0.009397545793909449,0.28,0.61,10,0.0,0.16533333333333333,28.84,42.56946669771916,0.25036397800322513,0.09333333333333334,0.28,0.0,0.0,0.0,0.5233333333333333,phi_rf
bursty,shield_repair,naive,loo,radioml,0,300,0.984754274672872,0.9666549767324539,0.17333333333333334,0.17666666666666667,1,0.0,0.152,25.756666666666668,40.768454001178306,0.8080876080062053,0.08333333333333333,0.11,0.0,0.0,0.0,0.0,phi_rf
bursty,shield_repair,naive,loo,radioml,1,300,0.9853124929786429,0.9739980364605464,0.15333333333333332,0.17,1,0.0,0.144,25.60333333333333,42.46143145586825,0.8153124929786429,0.07666666666666666,0.1,0.0,0.0,0.0,0.016666666666666666,phi_rf
bursty,shield_repair,naive,loo,radioml,2,300,0.9820508317643624,0.9739998237125871,0.17,0.18666666666666668,1,0.0,0.14466666666666667,25.623333333333335,39.14864539819327,0.7953841650976957,0.08333333333333333,0.11666666666666667,0.0,0.0,0.0,0.006666666666666667,phi_rf
bursty,shield_repair,naive,loo,radioml,3,300,0.9760541551071897,0.9663122488232749,0.14333333333333334,0.15666666666666668,1,0.0,0.14666666666666667,25.476666666666667,42.058455258982164,0.8193874884405231,0.08,0.08,0.0,0.0,0.0,0.006666666666666667,phi_rf
bursty,shield_repair,naive,loo,radioml,4,300,0.9843981353904901,0.9739919806678993,0.13333333333333333,0.15,1,0.0,0.14666666666666667,25.55,41.49439927781313,0.8343981353904902,0.06,0.1,0.0,0.0,0.0,0.006666666666666667,phi_rf
bursty,shield_repair,naive,loo,radioml,5,300,0.9844064543588358,0.9738417892410244,0.18,0.19,3,0.0,0.15133333333333332,26.006666666666668,40.022065399351064,0.7944064543588358,0.07333333333333333,0.13333333333333333,0.0,0.0,0.0,0.01,phi_rf
bursty,shield_repair,naive,loo,radioml,6,300,0.975774971864238,0.9659327956601867,0.13333333333333333,0.14,1,0.0,0.148,25.453333333333333,46.31509340258588,0.8357749718642379,0.07,0.07666666666666666,0.0,0.0,0.0,0.006666666666666667,phi_rf
bursty,shield_repair,naive,loo,radioml,7,300,0.9861722437731166,0.9734630838953788,0.17,0.19333333333333333,1,0.0,0.14466666666666667,25.666666666666668,38.790422034904246,0.7928389104397834,0.07333333333333333,0.11333333333333333,0.0,0.0,0.0,0.02666666666666667,phi_rf
bursty,shield_repair,naive,loo,radioml,8,300,0.9886165306949556,0.9739868164854919,0.14666666666666667,0.15,1,0.0,0.13,25.733333333333334,46.961438509719905,0.8386165306949557,0.043333333333333335,0.11333333333333333,0.0,0.0,0.0,0.006666666666666667,phi_rf
bursty,shield_repair,naive,loo,radioml,9,300,0.9854796936344606,0.9676666806209475,0.13333333333333333,0.15666666666666668,1,0.0,0.13533333333333333,25.44,38.51907953315038,0.8288130269677941,0.06,0.10333333333333333,0.0,0.0,0.0,0.02666666666666667,phi_rf
bursty,shield_repair,naive,loo,radioml,10,300,0.9855998630272003,0.9739974602281444,0.17,0.20666666666666667,1,0.0,0.15,26.31,43.77610926226785,0.7789331963605336,0.05333333333333334,0.14666666666666667,0.0,0.0,0.0,0.05333333333333334,phi_rf
bursty,shield_repair,naive,loo,radioml,11,300,0.9828073335737266,0.9726313155747265,0.12666666666666668,0.13,1,0.0,0.142,25.426666666666666,39.70110276432981,0.8528073335737265,0.06666666666666667,0.08333333333333333,0.0,0.0,0.0,0.0,phi_rf
bursty,shield_repair,naive,loo,radioml,12,300,0.9851448730980188,0.9739978201103592,0.17333333333333334,0.18666666666666668,1,0.0,0.14533333333333334,25.756666666666668,41.45670126664205,0.798478206431352,0.1,0.11,0.0,0.0,0.0,0.0,phi_rf
bursty,shield_repair,naive,loo,radioml,13,300,0.9829280561347062,0.9708029603859134,0.14666666666666667,0.15,1,0.0,0.13933333333333334,25.54,39.96249036258552,0.8329280561347064,0.06,0.09333333333333334,0.0,0.0,0.0,0.0,phi_rf
bursty,shield_repair,naive,loo,radioml,14,300,0.9866741656422187,0.9677351486617403,0.17,0.17666666666666667,1,0.0,0.15,25.926666666666666,38.2750562939602,0.810007498975552,0.09666666666666666,0.1,0.0,0.0,0.0,0.006666666666666667,phi_rf
backhaul,shield_repair,naive,loo,radioml,0,300,0.9580253022092878,0.912275368102403,0.14666666666666667,0.2733333333333333,1,0.0,0.222,26.423333333333332,41.93212916160696,0.6846919688759543,0.06333333333333334,0.22333333333333333,0.0,0.0,0.0,0.013333333333333334,phi_rf
backhaul,shield_repair,naive,loo,radioml,1,300,0.9592743395534039,0.9139512291166857,0.16,0.20333333333333334,1,0.0,0.22466666666666665,26.24,37.08914720108228,0.7559410062200704,0.09333333333333334,0.12333333333333334,0.0,0.0,0.0,0.013333333333333334,phi_rf
backhaul,shield_repair,naive,loo,radioml,2,300,0.956486725539945,0.9099902106003241,0.16,0.23666666666666666,1,0.0,0.234,26.2,47.19759088928118,0.7198200588732783,0.08333333333333333,0.16333333333333333,0.0,0.0,0.0,0.006666666666666667,phi_rf
backhaul,shield_repair,naive,loo,radioml,3,300,0.956583104730069,0.91359010839852,0.15666666666666668,0.24333333333333335,1,0.0,0.22133333333333333,26.263333333333332,39.85120680681369,0.7132497713967357,0.08666666666666667,0.16666666666666666,0.0,0.0,0.0,0.01,phi_rf
backhaul,shield_repair,naive,loo,radioml,4,300,0.9573958500864842,0.9119773459060652,0.16,0.23,1,0.0,0.24733333333333332,26.65,45.842690846693124,0.7273958500864842,0.07,0.16666666666666666,0.0,0.0,0.0,0.043333333333333335,phi_rf
backhaul,shield_repair,naive,loo,radioml,5,300,0.956149369061479,0.912550591634662,0.14666666666666667,0.18333333333333332,1,0.0,0.218,26.126666666666665,37.43806678191194,0.7728160357281456,0.08,0.12,0.0,0.0,0.0,0.0,phi_rf
backhaul,shield_repair,naive,loo,radioml,6,300,0.9563598668136095,0.8960799993359952,0.11666666666666667,0.17,1,0.0,0.218,26.25,44.62574576449523,0.7863598668136096,0.06,0.10666666666666667,0.0,0.0,0.0,0.023333333333333334,phi_rf
backhaul,shield_repair,naive,loo,radioml,7,300,0.9583727558147825,0.9118720633991899,0.18333333333333332,0.23,2,0.0,0.238,26.696666666666665,47.232913084240735,0.7283727558147827,0.09666666666666666,0.15666666666666668,0.0,0.0,0.0,0.03,phi_rf
backhaul,shield_repair,naive,loo,radioml,8,300,0.9559974021547809,0.913790846266957,0.16666666666666666,0.21666666666666667,1,0.0,0.228,26.596666666666668,41.62583326472743,0.7393307354881143,0.08333333333333333,0.15333333333333332,0.0,0.0,0.0,0.01,phi_rf
backhaul,shield_repair,naive,loo,radioml,9,300,0.9590818287861862,0.9135087111594532,0.15,0.20666666666666667,2,0.0,0.21533333333333332,26.156666666666666,39.96978504924961,0.7524151621195195,0.08333333333333333,0.15333333333333332,0.0,0.0,0.0,0.0,phi_rf
backhaul,shield_repair,naive,loo,radioml,10,300,0.9563010995891519,0.9131039329325499,0.15666666666666668,0.18333333333333332,1,0.0,0.218,26.433333333333334,37.21270551004548,0.7729677662558184,0.08,0.11333333333333333,0.0,0.0,0.0,0.013333333333333334,phi_rf
backhaul,shield_repair,naive,loo,radioml,11,300,0.9584988121033546,0.9107366494667242,0.14666666666666667,0.15666666666666668,1,0.0,0.22333333333333333,26.063333333333333,40.15360602553374,0.8018321454366879,0.07666666666666666,0.09,0.0,0.0,0.0,0.0,phi_rf
backhaul,shield_repair,naive,loo,radioml,12,300,0.9535490835284556,0.9132238357028158,0.13,0.18,1,0.0,0.20666666666666667,26.44333333333333,41.108628127514784,0.7735490835284555,0.06,0.12333333333333334,0.0,0.0,0.0,0.02666666666666667,phi_rf
backhaul,shield_repair,naive,loo,radioml,13,300,0.9580345199817764,0.9129079638171657,0.15333333333333332,0.22333333333333333,1,0.0,0.228,26.26,41.84788293240078,0.734701186648443,0.08333333333333333,0.14,0.0,0.0,0.0,0.02,phi_rf
backhaul,shield_repair,naive,loo,radioml,14,300,0.9557441540103025,0.9139260473899988,0.14666666666666667,0.21,1,0.0,0.24,26.516666666666666,42.825576596561255,0.7457441540103026,0.07666666666666666,0.15333333333333332,0.0,0.0,0.0,0.013333333333333334,phi_rf
compromised_xapp,shield_repair,naive,loo,radioml,0,300,0.9909601812787169,0.9739999996677551,0.2733333333333333,0.47,1,0.0,0.192,27.623333333333335,43.688169614429576,0.520960181278717,0.13333333333333333,0.17666666666666667,0.11333333333333333,0.0,0.0,0.15333333333333332,phi_rf
compromised_xapp,shield_repair,naive,loo,radioml,1,300,0.991245850936815,0.9739999898968175,0.25666666666666665,0.3933333333333333,1,0.0,0.19533333333333333,27.333333333333332,39.38706624703261,0.5979125176034815,0.13666666666666666,0.14333333333333334,0.10333333333333333,0.0,0.0,0.10333333333333333,phi_rf
compromised_xapp,shield_repair,naive,loo,radioml,2,300,0.9916865526948637,0.9770488312786801,0.27,0.4266666666666667,1,0.0,0.206,27.656666666666666,46.84799806458127,0.5650198860281972,0.12333333333333334,0.19666666666666666,0.09666666666666666,0.0,0.0,0.12666666666666668,phi_rf
compromised_xapp,shield_repair,naive,loo,radioml,3,300,0.9911801890846831,0.9739999549770766,0.2833333333333333,0.45,1,0.0,0.196,27.716666666666665,38.564306591232445,0.541180189084683,0.14333333333333334,0.19333333333333333,0.08666666666666667,0.0,0.0,0.18,phi_rf
compromised_xapp,shield_repair,naive,loo,radioml,4,300,0.9913914152734092,0.9739995974208288,0.2833333333333333,0.45666666666666667,1,0.0,0.20533333333333334,27.64,39.824245079064966,0.5347247486067424,0.13666666666666666,0.21333333333333335,0.09666666666666666,0.0,0.0,0.16666666666666666,phi_rf
compromised_xapp,shield_repair,naive,loo,radioml,5,300,0.9912119587074616,0.9739999999283212,0.3,0.4666666666666667,1,0.0,0.18133333333333335,27.966666666666665,46.358127099443514,0.5245452920407949,0.13,0.19,0.08333333333333333,0.0,0.0,0.24666666666666667,phi_rf
compromised_xapp,shield_repair,naive,loo,radioml,6,300,0.991614008801259,0.9739999513735951,0.2833333333333333,0.5,1,0.0,0.18066666666666667,27.916666666666668,47.38890277713974,0.4916140088012591,0.14,0.21,0.14333333333333334,0.0,0.0,0.16333333333333333,phi_rf
compromised_xapp,shield_repair,naive,loo,radioml,7,300,0.9920450277429199,0.9750845083194541,0.2966666666666667,0.49,1,0.0,0.17466666666666666,27.883333333333333,40.589975485295874,0.5020450277429199,0.15,0.2,0.13666666666666666,0.0,0.0,0.18,phi_rf
compromised_xapp,shield_repair,naive,loo,radioml,8,300,0.9906481082802668,0.9739976074317805,0.2966666666666667,0.47,1,0.0,0.194,27.756666666666668,41.15886704028966,0.5206481082802666,0.17333333333333334,0.22666666666666666,0.12666666666666668,0.0,0.0,0.14333333333333334,phi_rf
compromised_xapp,shield_repair,naive,loo,radioml,9,300,0.9917331050771513,0.977881753841761,0.2866666666666667,0.5033333333333333,1,0.0,0.18666666666666668,27.736666666666668,42.91279192631839,0.48839977174381793,0.14,0.22,0.12,0.0,0.0,0.19333333333333333,phi_rf
compromised_xapp,shield_repair,naive,loo,radioml,10,300,0.9894036965242063,0.9739999957657268,0.30666666666666664,0.5266666666666666,1,0.0,0.202,28.303333333333335,45.173010928167145,0.46273702985753973,0.11333333333333333,0.22666666666666666,0.11333333333333333,0.0,0.0,0.25,phi_rf
compromised_xapp,shield_repair,naive,loo,radioml,11,300,0.9919623266358417,0.9854744330211146,0.28,0.47333333333333333,1,0.0,0.182,27.726666666666667,40.35172307543252,0.5186289933025083,0.13666666666666666,0.18,0.07666666666666666,0.0,0.0,0.20666666666666667,phi_rf
compromised_xapp,shield_repair,naive,loo,radioml,12,300,0.9919435902274739,0.9746113180142785,0.2833333333333333,0.47,1,0.0,0.18266666666666667,27.876666666666665,44.9631798637744,0.521943590227474,0.14666666666666667,0.21666666666666667,0.09666666666666666,0.0,0.0,0.16666666666666666,phi_rf
compromised_xapp,shield_repair,naive,loo,radioml,13,300,0.9888298443778347,0.9739990483707947,0.25666666666666665,0.41333333333333333,1,0.0,0.20933333333333334,27.25,39.55915282653189,0.5754965110445014,0.15,0.16333333333333333,0.13333333333333333,0.0,0.0,0.08,phi_rf
compromised_xapp,shield_repair,naive,loo,radioml,14,300,0.991325026575716,0.9801511021710418,0.28,0.45666666666666667,1,0.0,0.19,27.313333333333333,38.01448450585986,0.5346583599090493,0.16666666666666666,0.20333333333333334,0.11333333333333333,0.0,0.0,0.07666666666666666,phi_rf
compound,shield_repair,naive,loo,radioml,0,300,0.9421768082124515,0.8493164784800343,0.36333333333333334,0.7066666666666667,1,0.0,0.2673333333333333,28.923333333333332,39.34492106167645,0.23551014154578487,0.16666666666666666,0.2866666666666667,0.31,0.0,0.0,0.52,phi_rf
compound,shield_repair,naive,loo,radioml,1,300,0.9427174646670784,0.8663524483270286,0.31333333333333335,0.6733333333333333,1,0.0,0.30333333333333334,28.453333333333333,47.534296102079615,0.2693841313337451,0.15,0.23666666666666666,0.38,0.0,0.0,0.4,phi_rf
compound,shield_repair,naive,loo,radioml,2,300,0.9419577421582946,0.866639212163732,0.38666666666666666,0.7466666666666667,3,0.0,0.2846666666666667,29.083333333333332,41.63992483534164,0.19529107549162797,0.16333333333333333,0.29333333333333333,0.3466666666666667,0.0,0.0,0.48,phi_rf
compound,shield_repair,naive,loo,radioml,3,300,0.9207054381568207,0.7166988242514426,0.36,0.7466666666666667,1,0.0,0.27266666666666667,28.756666666666668,42.30494595375307,0.174038771490154,0.15666666666666668,0.32666666666666666,0.31666666666666665,0.0,0.0,0.4166666666666667,phi_rf
compound,shield_repair,naive,loo,radioml,4,300,0.9364660787747626,0.8031676828446435,0.32666666666666666,0.7133333333333334,1,0.0,0.294,28.433333333333334,40.31958997372928,0.22313274544142928,0.16,0.27666666666666667,0.3466666666666667,0.0,0.0,0.38666666666666666,phi_rf
compound,shield_repair,naive,loo,radioml,5,300,0.9509649656648723,0.8799934659300069,0.35333333333333333,0.75,1,0.0,0.28733333333333333,29.063333333333333,35.975592869159556,0.2009649656648722,0.13333333333333333,0.38666666666666666,0.2866666666666667,0.0,0.0,0.5233333333333333,phi_rf
compound,shield_repair,naive,loo,radioml,6,300,0.934310151788692,0.8394724762751745,0.31666666666666665,0.7266666666666667,1,0.0,0.278,28.796666666666667,40.47522132639739,0.20764348512202546,0.12,0.31666666666666665,0.3566666666666667,0.0,0.0,0.43333333333333335,phi_rf
compound,shield_repair,naive,loo,radioml,7,300,0.9442979588836063,0.8212074684673202,0.38333333333333336,0.7666666666666667,1,0.0,0.2693333333333333,29.08,43.90137044527949,0.17763129221693968,0.17666666666666667,0.3433333333333333,0.33,0.0,0.0,0.5666666666666667,phi_rf
compound,shield_repair,naive,loo,radioml,8,300,0.943633625742875,0.8689397144581541,0.39,0.7833333333333333,2,0.0,0.30333333333333334,29.22,40.5042864288938,0.16030029240954177,0.16,0.4,0.31666666666666665,0.0,0.0,0.6433333333333333,phi_rf
compound,shield_repair,naive,loo,radioml,9,300,0.9396231666700682,0.881114988448963,0.4166666666666667,0.7833333333333333,1,0.0,0.2986666666666667,28.92,39.26308281251751,0.1562898333367349,0.20666666666666667,0.3433333333333333,0.38666666666666666,0.0,0.0,0.5466666666666666,phi_rf
compound,shield_repair,naive,loo,radioml,10,300,0.9311768990381982,0.822334518267475,0.36333333333333334,0.74,4,0.0,0.2966666666666667,29.083333333333332,42.97439040267491,0.191176899038198,0.14333333333333334,0.31666666666666665,0.33666666666666667,0.0,0.0,0.5,phi_rf
compound,shield_repair,naive,loo,radioml,11,300,0.9439705083204888,0.8732131938894452,0.30666666666666664,0.7366666666666667,1,0.0,0.2826666666666667,28.746666666666666,38.736247648060385,0.2073038416538221,0.10666666666666667,0.32,0.39,0.0,0.0,0.5466666666666666,phi_rf
compound,shield_repair,naive,loo,radioml,12,300,0.9276480933607699,0.7920634781453545,0.33666666666666667,0.68,1,0.0,0.2793333333333333,28.773333333333333,44.18994823049981,0.24764809336076998,0.15,0.27,0.29333333333333333,0.0,0.0,0.42333333333333334,phi_rf
compound,shield_repair,naive,loo,radioml,13,300,0.9270410335984763,0.8292834787787262,0.33666666666666667,0.71,3,0.0,0.31533333333333335,28.673333333333332,41.68441430007503,0.2170410335984765,0.15666666666666668,0.29333333333333333,0.3466666666666667,0.0,0.0,0.5066666666666667,phi_rf
compound,shield_repair,naive,loo,radioml,14,300,0.9293333586419823,0.7506485347507706,0.32666666666666666,0.73,2,0.0,0.294,28.89,48.618289897409745,0.19933335864198232,0.12666666666666668,0.3433333333333333,0.38,0.0,0.0,0.42,phi_rf
narrowband,shield_repair,naive,loo,radioml,0,300,0.9880774976863476,0.9739999669575341,0.07666666666666666,0.15,1,0.0,0.25,26.33,39.30188895911125,0.8380774976863475,0.0,0.08666666666666667,0.07666666666666666,0.0,0.0,0.0,phi_id
narrowband,shield_repair,naive,loo,radioml,1,300,0.9920618742221707,0.9865411669417387,0.06,0.12,1,0.0,0.258,26.14,37.09517304523995,0.8720618742221707,0.0,0.07,0.06,0.0,0.0,0.0,phi_id
narrowband,shield_repair,naive,loo,radioml,2,300,0.9915154041443329,0.9841898663902803,0.05,0.13333333333333333,1,0.0,0.25466666666666665,26.573333333333334,43.47786243693538,0.8581820708109995,0.0,0.09,0.05,0.0,0.0,0.0,phi_id
narrowband,shield_repair,naive,loo,radioml,3,300,0.9906888326185473,0.9740378726870449,0.06,0.13333333333333333,1,0.0,0.27666666666666667,26.263333333333332,39.685561145222955,0.8573554992852142,0.0,0.07666666666666666,0.06,0.0,0.0,0.0,phi_id
narrowband,shield_repair,naive,loo,radioml,4,300,0.9915277006021713,0.9842756838092146,0.10333333333333333,0.15333333333333332,1,0.0,0.25733333333333336,26.4,43.10640865197058,0.838194367268838,0.0,0.056666666666666664,0.10333333333333333,0.0,0.0,0.0,phi_id
narrowband,shield_repair,naive,loo,radioml,5,300,0.9901567324227694,0.9767858452117093,0.08,0.14,1,0.0,0.27266666666666667,26.143333333333334,35.79356776771598,0.8501567324227691,0.0,0.06666666666666667,0.08,0.0,0.0,0.0,phi_id
narrowband,shield_repair,naive,loo,radioml,6,300,0.9881872098567551,0.9778384683955095,0.05333333333333334,0.10333333333333333,1,0.0,0.25,26.253333333333334,38.81474087558705,0.8848538765234221,0.0,0.05333333333333334,0.05333333333333334,0.0,0.0,0.0,phi_id
narrowband,shield_repair,naive,loo,radioml,7,300,0.9918622348876182,0.9860873959933631,0.06666666666666667,0.14666666666666667,1,0.0,0.27066666666666667,26.55,40.836965841225556,0.8451955682209514,0.0,0.08333333333333333,0.06666666666666667,0.0,0.0,0.0,phi_id
narrowband,shield_repair,naive,loo,radioml,8,300,0.9914131698952225,0.9739999440150681,0.06666666666666667,0.13333333333333333,1,0.0,0.252,26.403333333333332,40.13126227202671,0.8580798365618892,0.0,0.08,0.06666666666666667,0.0,0.0,0.0,phi_id
narrowband,shield_repair,naive,loo,radioml,9,300,0.9911993991748064,0.9739997981502546,0.08,0.13,1,0.0,0.264,26.383333333333333,46.741754455002656,0.8611993991748064,0.0,0.06333333333333334,0.08,0.0,0.0,0.0,phi_id
narrowband,shield_repair,naive,loo,radioml,10,300,0.9918624529386125,0.9780884165539704,0.08333333333333333,0.14666666666666667,1,0.0,0.25933333333333336,26.566666666666666,41.6668776407567,0.8451957862719458,0.0,0.06666666666666667,0.08333333333333333,0.0,0.0,0.0,phi_id
narrowband,shield_repair,naive,loo,radioml,11,300,0.9903214558139587,0.9808429807892769,0.06,0.14333333333333334,1,0.0,0.266,26.35,42.16634658842952,0.8469881224806254,0.0,0.09333333333333334,0.06,0.0,0.0,0.0,phi_id
narrowband,shield_repair,naive,loo,radioml,12,300,0.9918992717054987,0.9873331192776016,0.05,0.14666666666666667,1,0.0,0.26466666666666666,26.666666666666668,41.99509804885295,0.8452326050388321,0.0,0.09666666666666666,0.05,0.0,0.0,0.0,phi_id
narrowband,shield_repair,naive,loo,radioml,13,300,0.9857805970309776,0.986131459651859,0.04666666666666667,0.10666666666666667,1,0.0,0.25666666666666665,26.253333333333334,44.38752252722311,0.879113930364311,0.0,0.06,0.04666666666666667,0.0,0.0,0.0,phi_id
narrowband,shield_repair,naive,loo,radioml,14,300,0.9906620662108966,0.9858079033119101,0.08333333333333333,0.11666666666666667,1,0.0,0.26866666666666666,26.226666666666667,38.81018872996379,0.8739953995442299,0.0,0.03666666666666667,0.08333333333333333,0.0,0.0,0.0,phi_id
wideband,shield_repair,naive,loo,radioml,0,300,0.867765398844714,0.46963440797607015,0.07333333333333333,0.3233333333333333,2,0.0,0.2613333333333333,27.683333333333334,39.9149563642534,0.5444320655113808,0.0,0.27666666666666667,0.07333333333333333,0.0,0.0,0.0,phi_id
wideband,shield_repair,naive,loo,radioml,1,300,0.853185307062396,0.02226802391404915,0.056666666666666664,0.2633333333333333,2,0.0,0.278,27.36,37.096822086245155,0.5898519737290627,0.0,0.21333333333333335,0.056666666666666664,0.0,0.0,0.013333333333333334,phi_id
wideband,shield_repair,naive,loo,radioml,2,300,0.8531167931383901,0.0004099143596898644,0.07,0.23666666666666666,1,0.0,0.268,27.576666666666668,43.48093633687128,0.6164501264717234,0.0,0.18666666666666668,0.07,0.0,0.0,0.0,phi_id
wideband,shield_repair,naive,loo,radioml,3,300,0.8634490202040346,0.014637876806069965,0.09,0.25333333333333335,2,0.0,0.29533333333333334,27.53,39.77211275028964,0.6101156868707011,0.0,0.18333333333333332,0.09,0.0,0.0,0.0,phi_id
wideband,shield_repair,naive,loo,radioml,4,300,0.8439181501995181,0.0008628955620799403,0.1,0.25666666666666665,1,0.0,0.27266666666666667,27.51,43.108897944250764,0.5872514835328514,0.0,0.18,0.1,0.0,0.0,0.0,phi_id
wideband,shield_repair,naive,loo,radioml,5,300,0.850973324655463,0.03448269656095361,0.1,0.2733333333333333,4,0.0,0.2926666666666667,27.363333333333333,35.79652912132838,0.5776399913221297,0.0,0.18333333333333332,0.1,0.0,0.0,0.006666666666666667,phi_id
wideband,shield_repair,naive,loo,radioml,6,300,0.8507304406633561,0.060973439082050385,0.07333333333333333,0.2,5,0.0,0.268,27.39666666666667,38.81707635544815,0.6507304406633561,0.0,0.13333333333333333,0.07333333333333333,0.0,0.0033333333333333335,0.0,phi_id
wideband,shield_repair,naive,loo,radioml,7,300,0.861145991980347,0.002120922167254351,0.06666666666666667,0.22,5,0.0,0.28933333333333333,27.37,40.83436742905119,0.641145991980347,0.0,0.16,0.06666666666666667,0.0,0.0,0.0,phi_id
wideband,shield_repair,naive,loo,radioml,8,300,0.850588191431066,0.014070996390019415,0.06333333333333334,0.25666666666666665,1,0.0,0.27,27.58,40.16542732179565,0.5939215247643993,0.0,0.20333333333333334,0.06333333333333334,0.0,0.0,0.0,phi_id
wideband,shield_repair,naive,loo,radioml,9,300,0.8237884884087213,0.008507517206161046,0.08,0.2,1,0.0,0.286,27.486666666666668,46.74514497510471,0.6237884884087213,0.0,0.12333333333333334,0.08,0.0,0.0,0.006666666666666667,phi_id
wideband,shield_repair,naive,loo,radioml,10,300,0.8602554812467633,0.1428164016255303,0.09,0.24333333333333335,2,0.0,0.274,27.723333333333333,41.66964924798027,0.6169221479134298,0.0,0.16,0.09,0.0,0.0,0.0,phi_id
wideband,shield_repair,naive,loo,radioml,11,300,0.8449012682895397,0.0015728019294594937,0.08,0.29,1,0.0,0.2906666666666667,27.453333333333333,42.169106978595615,0.5549012682895397,0.0,0.23,0.08,0.0,0.0,0.0,phi_id
wideband,shield_repair,naive,loo,radioml,12,300,0.8604768082880544,0.32021813047987474,0.07,0.23666666666666666,1,0.0,0.27466666666666667,27.533333333333335,42.00322660126797,0.6238101416213879,0.0,0.17333333333333334,0.07,0.0,0.0,0.0,phi_id
wideband,shield_repair,naive,loo,radioml,13,300,0.8287299789175504,0.000912311692748065,0.056666666666666664,0.19,2,0.0,0.2733333333333333,27.426666666666666,44.38931504096787,0.6387299789175505,0.0,0.14,0.056666666666666664,0.0,0.0,0.0,phi_id
wideband,shield_repair,naive,loo,radioml,14,300,0.826024326687046,0.0002467912380044967,0.08666666666666667,0.17,10,0.0,0.288,27.343333333333334,38.8127297778998,0.656024326687046,0.0,0.09333333333333334,0.08666666666666667,0.0,0.0,0.0,phi_id
bursty,shield_repair,naive,loo,radioml,0,300,0.98555923862884,0.9696748692781592,0.07666666666666666,0.10333333333333333,1,0.0,0.2613333333333333,25.336666666666666,43.90628327679051,0.8822259052955068,0.0,0.02666666666666667,0.07666666666666666,0.0,0.0,0.0,phi_id
bursty,shield_repair,naive,loo,radioml,1,300,0.9835316669690224,0.9739951677500042,0.06,0.10333333333333333,1,0.0,0.264,25.256666666666668,39.872407181528864,0.880198333635689,0.0,0.04666666666666667,0.06,0.0,0.0,0.0,phi_id
bursty,shield_repair,naive,loo,radioml,2,300,0.9819322619907053,0.9736778171862461,0.06666666666666667,0.11,1,0.0,0.262,25.083333333333332,39.55503328316162,0.8719322619907053,0.0,0.04666666666666667,0.06666666666666667,0.0,0.0,0.0,phi_id
bursty,shield_repair,naive,loo,radioml,3,300,0.9760901801510564,0.9655848443404385,0.04666666666666667,0.07333333333333333,1,0.0,0.254,25.156666666666666,40.20965996828039,0.9027568468177231,0.0,0.03333333333333333,0.04666666666666667,0.0,0.0,0.0,phi_id
bursty,shield_repair,naive,loo,radioml,4,300,0.9832269228184911,0.9732962805005642,0.07,0.09333333333333334,1,0.0,0.258,25.17,43.73028284261923,0.8898935894851576,0.0,0.023333333333333334,0.07,0.0,0.0,0.0,phi_id
bursty,shield_repair,naive,loo,radioml,5,300,0.9809571236337435,0.9731117894073144,0.07666666666666666,0.10333333333333333,4,0.0,0.286,25.243333333333332,39.08285752228993,0.8776237903004102,0.0,0.03666666666666667,0.07666666666666666,0.0,0.0,0.0,phi_id
bursty,shield_repair,naive,loo,radioml,6,300,0.9784692142828618,0.9652140773372628,0.09,0.1,1,0.0,0.278,25.10333333333333,45.25213824785131,0.8784692142828618,0.0,0.016666666666666666,0.09,0.0,0.0,0.0,phi_id
bursty,shield_repair,naive,loo,radioml,7,300,0.9860416147803206,0.9719098444028966,0.07666666666666666,0.09,1,0.0,0.2673333333333333,24.97,38.6070236494186,0.8960416147803206,0.0,0.023333333333333334,0.07666666666666666,0.0,0.0,0.0,phi_id
bursty,shield_repair,naive,loo,radioml,8,300,0.9861402431905371,0.9739814389574846,0.056666666666666664,0.07333333333333333,1,0.0,0.252,25.05666666666667,41.99987188660791,0.9128069098572037,0.0,0.016666666666666666,0.056666666666666664,0.0,0.0,0.0,phi_id
bursty,shield_repair,naive,loo,radioml,9,300,0.9823941604046318,0.9653040144279091,0.07,0.11666666666666667,1,0.0,0.25666666666666665,25.003333333333334,37.92749026752311,0.8657274937379651,0.0,0.06666666666666667,0.07,0.0,0.0,0.0,phi_id
bursty,shield_repair,naive,loo,radioml,10,300,0.983873470180882,0.9705251344178021,0.09333333333333334,0.11333333333333333,1,0.0,0.264,25.31,44.13172811570295,0.8705401368475486,0.0,0.02,0.09333333333333334,0.0,0.0,0.0,phi_id
bursty,shield_repair,naive,loo,radioml,11,300,0.9857802147242047,0.9726313155747265,0.07333333333333333,0.08666666666666667,1,0.0,0.264,25.12,39.21371856504584,0.8991135480575381,0.0,0.016666666666666666,0.07333333333333333,0.0,0.0,0.0,phi_id
bursty,shield_repair,naive,loo,radioml,12,300,0.9843917731988702,0.9737939358743546,0.08,0.09666666666666666,1,0.0,0.26066666666666666,25.053333333333335,40.656764187496016,0.8877251065322035,0.0,0.023333333333333334,0.08,0.0,0.0,0.0,phi_id
bursty,shield_repair,naive,loo,radioml,13,300,0.9828103054999944,0.9708530813438195,0.05,0.06333333333333334,1,0.0,0.256,25.043333333333333,39.97429893877158,0.919476972166661,0.0,0.013333333333333334,0.05,0.0,0.0,0.0,phi_id
bursty,shield_repair,naive,loo,radioml,14,300,0.9834340873161798,0.9677351486617403,0.1,0.11333333333333333,1,0.0,0.27466666666666667,25.096666666666668,37.15807378134012,0.8701007539828464,0.0,0.02,0.1,0.0,0.0,0.0,phi_id
backhaul,shield_repair,naive,loo,radioml,0,300,0.9588053714625315,0.9139105762475367,0.09333333333333334,0.21,1,0.0,0.32133333333333336,25.786666666666665,39.099658556151894,0.7488053714625316,0.0,0.12,0.09333333333333334,0.0,0.0,0.0,phi_id
backhaul,shield_repair,naive,loo,radioml,1,300,0.9592004797495101,0.9138871386478455,0.06666666666666667,0.10666666666666667,1,0.0,0.332,25.84,37.104778767012334,0.8525338130828434,0.0,0.04666666666666667,0.06666666666666667,0.0,0.0,0.0,phi_id
backhaul,shield_repair,naive,loo,radioml,2,300,0.9562101623611224,0.9008732497585175,0.12,0.2,1,0.0,0.31933333333333336,25.993333333333332,40.952789355086146,0.7562101623611225,0.0,0.08333333333333333,0.12,0.0,0.0,0.0,phi_id
backhaul,shield_repair,naive,loo,radioml,3,300,0.9568119799622901,0.9139391285613192,0.11,0.18333333333333332,1,0.0,0.3253333333333333,25.916666666666668,39.639113985576635,0.7734786466289567,0.0,0.09333333333333334,0.11,0.0,0.0,0.0,phi_id
backhaul,shield_repair,naive,loo,radioml,4,300,0.9572713696896318,0.9130052011785674,0.12333333333333334,0.19,1,0.0,0.32066666666666666,25.993333333333332,40.86217230031964,0.7672713696896318,0.0,0.07,0.12333333333333334,0.0,0.0,0.0,phi_id
backhaul,shield_repair,naive,loo,radioml,5,300,0.9563961437554425,0.9136800529384885,0.07333333333333333,0.13666666666666666,1,0.0,0.31933333333333336,25.67,43.514793209098045,0.8197294770887759,0.0,0.07333333333333333,0.07333333333333333,0.0,0.0,0.0,phi_id
backhaul,shield_repair,naive,loo,radioml,6,300,0.9565525658525966,0.9105552312727135,0.12333333333333334,0.18666666666666668,1,0.0,0.30666666666666664,25.906666666666666,43.41068084733864,0.76988589918593,0.0,0.07333333333333333,0.12333333333333334,0.0,0.0,0.0,phi_id
backhaul,shield_repair,naive,loo,radioml,7,300,0.9583431315241796,0.8960796630872903,0.13,0.17333333333333334,1,0.0,0.31933333333333336,25.756666666666668,42.850451974688184,0.7850097981908465,0.0,0.043333333333333335,0.13,0.0,0.0,0.0,phi_id
backhaul,shield_repair,naive,loo,radioml,8,300,0.9559984366667553,0.91391334267676,0.09666666666666666,0.13666666666666666,1,0.0,0.326,25.86,38.95925846591503,0.8193317700000887,0.0,0.05333333333333334,0.09666666666666666,0.0,0.0,0.0,phi_id
backhaul,shield_repair,naive,loo,radioml,9,300,0.958629380166639,0.9120441650016233,0.10333333333333333,0.19,2,0.0,0.30933333333333335,25.706666666666667,39.464092940357375,0.768629380166639,0.0,0.1,0.10333333333333333,0.0,0.0,0.0,phi_id
backhaul,shield_repair,naive,loo,radioml,10,300,0.956779176168007,0.9099551410953253,0.09333333333333334,0.13,1,0.0,0.326,26.173333333333332,38.96196127924591,0.8267791761680069,0.0,0.04,0.09333333333333334,0.0,0.0,0.0,phi_id
backhaul,shield_repair,naive,loo,radioml,11,300,0.9583629302628359,0.913546932580507,0.08666666666666667,0.09666666666666666,1,0.0,0.3333333333333333,25.606666666666666,40.216147602885954,0.8616962635961692,0.0,0.01,0.08666666666666667,0.0,0.0,0.0,phi_id
backhaul,shield_repair,naive,loo,radioml,12,300,0.9533557539532493,0.9135609216016302,0.09666666666666666,0.14666666666666667,1,0.0,0.31466666666666665,26.17,40.14510986456257,0.8066890872865828,0.0,0.056666666666666664,0.09666666666666666,0.0,0.0,0.0,phi_id
backhaul,shield_repair,naive,loo,radioml,13,300,0.9583363693681629,0.9132351985076107,0.06666666666666667,0.13666666666666666,1,0.0,0.324,25.783333333333335,40.768651039229205,0.8216697027014964,0.0,0.08,0.06666666666666667,0.0,0.0,0.0,phi_id
backhaul,shield_repair,naive,loo,radioml,14,300,0.9560256328138321,0.9139431651657652,0.11333333333333333,0.18,1,0.0,0.3373333333333333,25.963333333333335,41.643716328083784,0.776025632813832,0.0,0.08,0.11333333333333333,0.0,0.0,0.0,phi_id
compromised_xapp,shield_repair,naive,loo,radioml,0,300,0.9911327990578758,0.9780456350774434,0.14,0.20666666666666667,1,0.0,0.3426666666666667,26.926666666666666,41.97463176453112,0.7844661323912091,0.0,0.07,0.15,0.0,0.0,0.0,phi_id
compromised_xapp,shield_repair,naive,loo,radioml,1,300,0.9911894685546584,0.9739937797449136,0.10666666666666667,0.17,1,0.0,0.3293333333333333,26.64,40.41261561804296,0.8211894685546585,0.0,0.05,0.12666666666666668,0.0,0.0,0.0,phi_id
compromised_xapp,shield_repair,naive,loo,radioml,2,300,0.9903202773516828,0.9739958562214254,0.14,0.22666666666666666,1,0.0,0.3526666666666667,26.803333333333335,43.34651043149351,0.7636536106850161,0.0,0.08666666666666667,0.14,0.0,0.0,0.0,phi_id
compromised_xapp,shield_repair,naive,loo,radioml,3,300,0.9913281256068323,0.9739999593601161,0.13666666666666666,0.20333333333333334,1,0.0,0.35933333333333334,26.89666666666667,41.71331555234828,0.787994792273499,0.0,0.06666666666666667,0.14666666666666667,0.0,0.0,0.0,phi_id
compromised_xapp,shield_repair,naive,loo,radioml,4,300,0.9918237443798175,0.9791348143204066,0.13,0.23666666666666666,1,0.0,0.3293333333333333,26.846666666666668,40.70999458811702,0.7551570777131508,0.0,0.11333333333333333,0.13666666666666666,0.0,0.0,0.0,phi_id
compromised_xapp,shield_repair,naive,loo,radioml,5,300,0.9912229627745971,0.9798895939756364,0.12333333333333334,0.17666666666666667,1,0.0,0.358,26.796666666666667,41.4627908019875,0.8145562961079303,0.0,0.03,0.14666666666666667,0.0,0.0,0.0,phi_id
compromised_xapp,shield_repair,naive,loo,radioml,6,300,0.9918557674536851,0.9760316707863114,0.12666666666666668,0.2,1,0.0,0.3373333333333333,26.886666666666667,41.82074360341572,0.791855767453685,0.0,0.08,0.14,0.0,0.0,0.0,phi_id
compromised_xapp,shield_repair,naive,loo,radioml,7,300,0.9918643674484074,0.9741529604283197,0.14666666666666667,0.20666666666666667,1,0.0,0.354,26.953333333333333,39.697142087105135,0.7851977007817408,0.0,0.05,0.16333333333333333,0.0,0.0,0.0,phi_id
compromised_xapp,shield_repair,naive,loo,radioml,8,300,0.9907521947331116,0.9739957701176691,0.15333333333333332,0.2633333333333333,1,0.0,0.3313333333333333,26.85333333333333,40.19095672628851,0.7274188613997783,0.0,0.11,0.17,0.0,0.0,0.0,phi_id
compromised_xapp,shield_repair,naive,loo,radioml,9,300,0.9911541831654616,0.9739995496638878,0.14666666666666667,0.24333333333333335,1,0.0,0.36733333333333335,26.786666666666665,40.62025007460317,0.7478208498321283,0.0,0.11666666666666667,0.15333333333333332,0.0,0.0,0.0,phi_id
compromised_xapp,shield_repair,naive,loo,radioml,10,300,0.9913634990846466,0.97399986269364,0.17666666666666667,0.22,1,0.0,0.354,27.113333333333333,42.46172088976606,0.7713634990846467,0.0,0.04666666666666667,0.18333333333333332,0.0,0.0,0.0,phi_id
compromised_xapp,shield_repair,naive,loo,radioml,11,300,0.9889441815866186,0.9739992140502327,0.14666666666666667,0.21333333333333335,1,0.0,0.356,26.723333333333333,40.48966915458328,0.7756108482532855,0.0,0.06333333333333334,0.15333333333333332,0.0,0.0,0.0,phi_id
compromised_xapp,shield_repair,naive,loo,radioml,12,300,0.9914696037133702,0.9739998215086261,0.15,0.21666666666666667,1,0.0,0.3453333333333333,26.823333333333334,38.626550175725626,0.7748029370467034,0.0,0.07,0.15333333333333332,0.0,0.0,0.0,phi_id
compromised_xapp,shield_repair,naive,loo,radioml,13,300,0.9888759911857081,0.9739912815210733,0.15666666666666668,0.21333333333333335,1,0.0,0.3466666666666667,26.546666666666667,38.39413433345664,0.775542657852375,0.0,0.06333333333333334,0.17333333333333334,0.0,0.0,0.0,phi_id
compromised_xapp,shield_repair,naive,loo,radioml,14,300,0.9908977441111131,0.9739993675049924,0.12666666666666668,0.25,1,0.0,0.3606666666666667,26.726666666666667,38.35676182434543,0.7408977441111131,0.0,0.12666666666666668,0.13666666666666666,0.0,0.0,0.0,phi_id
compound,shield_repair,naive,loo,radioml,0,300,0.9299025553844962,0.7521411399889318,0.14,0.38666666666666666,1,0.0,0.4226666666666667,27.39,38.74888862635491,0.5432358887178294,0.0,0.08666666666666667,0.35333333333333333,0.0,0.0,0.0,phi_id
compound,shield_repair,naive,loo,radioml,1,300,0.9394040375707688,0.8493069803895733,0.18666666666666668,0.4533333333333333,1,0.0,0.438,27.323333333333334,39.9029173056345,0.4860707042374355,0.0,0.04666666666666667,0.42333333333333334,0.0,0.0,0.0,phi_id
compound,shield_repair,naive,loo,radioml,2,300,0.9319041037961167,0.7657096073160885,0.16666666666666666,0.46,1,0.0,0.41933333333333334,27.64666666666667,42.73563881417401,0.47190410379611675,0.0,0.06666666666666667,0.4166666666666667,0.0,0.0,0.006666666666666667,phi_id
compound,shield_repair,naive,loo,radioml,3,300,0.9185300754192626,0.7145437591301826,0.15,0.4266666666666667,1,0.0,0.42933333333333334,27.386666666666667,39.012650133211444,0.4918634087525959,0.0,0.11333333333333333,0.35333333333333333,0.0,0.0,0.0,phi_id
compound,shield_repair,naive,loo,radioml,4,300,0.925256479596513,0.7774755537753382,0.16666666666666666,0.48333333333333334,2,0.0,0.4066666666666667,27.356666666666666,37.689844455823824,0.44192314626317963,0.0,0.16333333333333333,0.41,0.0,0.0,0.0,phi_id
compound,shield_repair,naive,loo,radioml,5,300,0.9395055653358602,0.8518677034285888,0.15,0.43666666666666665,1,0.0,0.428,27.406666666666666,35.7073826535178,0.5028388986691935,0.0,0.17333333333333334,0.35,0.0,0.0,0.0,phi_id
compound,shield_repair,naive,loo,radioml,6,300,0.9207198870683471,0.7111059790997482,0.15666666666666668,0.45,1,0.0,0.426,27.63,44.9280181357029,0.4707198870683471,0.0,0.16,0.37,0.0,0.0,0.0,phi_id
compound,shield_repair,naive,loo,radioml,7,300,0.9248412238928893,0.7597170762323162,0.15,0.41,1,0.0,0.43,27.536666666666665,43.75542513054883,0.5148412238928894,0.0,0.12333333333333334,0.34,0.0,0.0,0.0,phi_id
compound,shield_repair,naive,loo,radioml,8,300,0.9266050429283803,0.7511996826759803,0.18,0.49,2,0.0,0.43133333333333335,27.536666666666665,42.124129302057085,0.43660504292838015,0.0,0.20333333333333334,0.38666666666666666,0.0,0.0,0.0,phi_id
compound,shield_repair,naive,loo,radioml,9,300,0.9216572248533741,0.7338305194631792,0.18666666666666668,0.4633333333333333,1,0.0,0.43933333333333335,27.47,38.22964272596784,0.4583238915200407,0.0,0.13333333333333333,0.42333333333333334,0.0,0.0,0.0,phi_id
compound,shield_repair,naive,loo,radioml,10,300,0.9294281354176966,0.778579719152633,0.21,0.45666666666666667,1,0.0,0.42133333333333334,27.5,40.977338512007165,0.47276146875103003,0.0,0.1,0.3933333333333333,0.0,0.0,0.0,phi_id
compound,shield_repair,naive,loo,radioml,11,300,0.9343448254595413,0.7771131925832386,0.15333333333333332,0.45,1,0.0,0.4,27.44333333333333,45.2529580051387,0.48434482545954133,0.0,0.12333333333333334,0.39,0.0,0.0,0.0,phi_id
compound,shield_repair,naive,loo,radioml,12,300,0.9162211252219936,0.7754626915832135,0.17666666666666667,0.4,1,0.0,0.404,27.46,41.36784816166436,0.5162211252219937,0.0,0.07,0.35,0.0,0.0,0.0,phi_id
compound,shield_repair,naive,loo,radioml,13,300,0.9204810852851316,0.7580676042227986,0.2,0.45666666666666667,5,0.0,0.432,27.386666666666667,41.16368842437495,0.4638144186184648,0.0,0.12,0.38333333333333336,0.0,0.0,0.0,phi_id
compound,shield_repair,naive,loo,radioml,14,300,0.9200109882502923,0.7162976146528173,0.16333333333333333,0.54,2,0.0,0.41933333333333334,27.46,41.689855708445634,0.3800109882502923,0.0,0.18,0.42333333333333334,0.0,0.0,0.0,phi_id
narrowband,shield_repair,naive,loo,radioml,0,300,0.9880242168209619,0.978923189052068,0.0,0.09,1,0.0,0.338,26.373333333333335,39.38416139973205,0.8980242168209619,0.0,0.09,0.0,0.0,0.0,0.0,phi_qos
narrowband,shield_repair,naive,loo,radioml,1,300,0.9919748535714139,0.9862040077432356,0.0,0.07,1,0.0,0.3526666666666667,26.116666666666667,37.047020273997454,0.921974853571414,0.0,0.07,0.0,0.0,0.0,0.0,phi_qos
narrowband,shield_repair,naive,loo,radioml,2,300,0.9917386442042933,0.986216833923414,0.0,0.08666666666666667,1,0.0,0.3433333333333333,26.516666666666666,43.477845856006226,0.9050719775376266,0.0,0.08666666666666667,0.0,0.0,0.0,0.0,phi_qos
narrowband,shield_repair,naive,loo,radioml,3,300,0.9913094631734024,0.9740378726870449,0.0,0.08,1,0.0,0.34933333333333333,26.293333333333333,40.222933489860175,0.9113094631734024,0.0,0.08,0.0,0.0,0.0,0.0,phi_qos
narrowband,shield_repair,naive,loo,radioml,4,300,0.9913785826992142,0.9828326994417224,0.0,0.05333333333333334,1,0.0,0.35533333333333333,26.436666666666667,43.81480587817549,0.9380452493658809,0.0,0.05333333333333334,0.0,0.0,0.0,0.0,phi_qos
narrowband,shield_repair,naive,loo,radioml,5,300,0.9914400662819025,0.9767858452117093,0.0,0.07,1,0.0,0.36333333333333334,26.22,42.97830657562457,0.9214400662819026,0.0,0.07,0.0,0.0,0.0,0.0,phi_qos
narrowband,shield_repair,naive,loo,radioml,6,300,0.9881687037929824,0.9775986701673945,0.0,0.05,1,0.0,0.33066666666666666,26.346666666666668,39.176749180925064,0.9381687037929825,0.0,0.05,0.0,0.0,0.0,0.0,phi_qos
narrowband,shield_repair,naive,loo,radioml,7,300,0.991855894290604,0.9860873959933631,0.0,0.07666666666666666,1,0.0,0.35333333333333333,26.54,40.84516121912245,0.9151892276239373,0.0,0.07666666666666666,0.0,0.0,0.0,0.0,phi_qos
narrowband,shield_repair,naive,loo,radioml,8,300,0.9913994329883754,0.9739998467528639,0.0,0.08,1,0.0,0.35,26.413333333333334,40.84265473396387,0.9113994329883754,0.0,0.08,0.0,0.0,0.0,0.0,phi_qos
narrowband,shield_repair,naive,loo,radioml,9,300,0.9914299924921931,0.9813884458287413,0.0,0.06,1,0.0,0.34933333333333333,26.37,46.80636337569092,0.9314299924921932,0.0,0.06,0.0,0.0,0.0,0.0,phi_qos
narrowband,shield_repair,naive,loo,radioml,10,300,0.9913774634717455,0.9739999138207099,0.0,0.06,1,0.0,0.348,26.56,41.32939903684903,0.9313774634717453,0.0,0.06,0.0,0.0,0.0,0.0,phi_qos
narrowband,shield_repair,naive,loo,radioml,11,300,0.9902556292311613,0.9800175783162567,0.0,0.08333333333333333,1,0.0,0.3486666666666667,26.27,41.856959715189426,0.9069222958978279,0.0,0.08333333333333333,0.0,0.0,0.0,0.0,phi_qos
narrowband,shield_repair,naive,loo,radioml,12,300,0.9919150322415256,0.9873331192776016,0.0,0.1,1,0.0,0.348,26.593333333333334,42.01634319749612,0.8919150322415255,0.0,0.1,0.0,0.0,0.0,0.0,phi_qos
narrowband,shield_repair,naive,loo,radioml,13,300,0.98564179826578,0.9856355973543316,0.0,0.06,1,0.0,0.338,26.3,44.40614788639988,0.9256417982657801,0.0,0.06,0.0,0.0,0.0,0.0,phi_qos
narrowband,shield_repair,naive,loo,radioml,14,300,0.9903096463777765,0.983552693888572,0.0,0.03666666666666667,1,0.0,0.3506666666666667,26.336666666666666,42.699164678777294,0.9536429797111098,0.0,0.03666666666666667,0.0,0.0,0.0,0.0,phi_qos
wideband,shield_repair,naive,loo,radioml,0,300,0.8666504775259182,0.46963440797607015,0.0033333333333333335,0.2833333333333333,2,0.0,0.3393333333333333,27.7,39.9977883735229,0.5833171441925848,0.0,0.27666666666666667,0.0,0.0,0.0,0.006666666666666667,phi_qos
wideband,shield_repair,naive,loo,radioml,1,300,0.8494818303298582,0.0009764242141439912,0.0033333333333333335,0.21333333333333335,2,0.0,0.358,27.28,37.05027810211773,0.636148496996525,0.0,0.21333333333333335,0.0,0.0,0.0,0.0,phi_qos
wideband,shield_repair,naive,loo,radioml,2,300,0.849197074614645,0.00019889108651828776,0.01,0.18333333333333332,1,0.0,0.35,27.456666666666667,43.48102483704474,0.6658637412813115,0.0,0.18333333333333332,0.0,0.0,0.0,0.0,phi_qos
wideband,shield_repair,naive,loo,radioml,3,300,0.8645601836549897,0.01762021334423635,0.0,0.18,2,0.0,0.35333333333333333,27.526666666666667,40.30934521200675,0.6845601836549897,0.0,0.18,0.0,0.0,0.0,0.0,phi_qos
wideband,shield_repair,naive,loo,radioml,4,300,0.8455088331967212,0.0010804726405048803,0.0,0.18,1,0.0,0.36133333333333334,27.616666666666667,46.40602463184592,0.6655088331967214,0.0,0.18,0.0,0.0,0.0,0.0,phi_qos
wideband,shield_repair,naive,loo,radioml,5,300,0.8496840192157337,0.002735546885924609,0.0033333333333333335,0.18333333333333332,4,0.0,0.37,27.426666666666666,43.06996702830009,0.6663506858824003,0.0,0.18333333333333332,0.0,0.0,0.0,0.0,phi_qos
wideband,shield_repair,naive,loo,radioml,6,300,0.8538416016794306,0.14417260336273682,0.006666666666666667,0.12666666666666668,5,0.0,0.336,27.463333333333335,39.1797509162891,0.7271749350127639,0.0,0.12666666666666668,0.0,0.0,0.0,0.0,phi_qos
wideband,shield_repair,naive,loo,radioml,7,300,0.8636071945784729,0.001370222977588679,0.0,0.15666666666666668,5,0.0,0.35733333333333334,27.333333333333332,40.85204150558309,0.7069405279118061,0.0,0.15666666666666668,0.0,0.0,0.0,0.0,phi_qos
wideband,shield_repair,naive,loo,radioml,8,300,0.8486416996645736,0.0011575077706616822,0.0033333333333333335,0.20333333333333334,1,0.0,0.35533333333333333,27.573333333333334,40.9050066751721,0.6453083663312402,0.0,0.20333333333333334,0.0,0.0,0.0,0.0,phi_qos
wideband,shield_repair,naive,loo,radioml,9,300,0.8185332972459514,0.007126115727803157,0.0,0.12,1,0.0,0.3586666666666667,27.42,46.80946132682445,0.6985332972459515,0.0,0.12,0.0,0.0,0.0,0.0,phi_qos
wideband,shield_repair,naive,loo,radioml,10,300,0.8633860458598883,0.342655113560377,0.0,0.16333333333333333,2,0.0,0.35133333333333333,27.78,41.36353877094813,0.700052712526555,0.0,0.16333333333333333,0.0,0.0,0.0,0.0,phi_qos
wideband,shield_repair,naive,loo,radioml,11,300,0.8409201060388993,0.0005408097640118817,0.0033333333333333335,0.22666666666666666,1,0.0,0.3566666666666667,27.333333333333332,41.85967551702724,0.6142534393722326,0.0,0.22666666666666666,0.0,0.0,0.0,0.0,phi_qos
wideband,shield_repair,naive,loo,radioml,12,300,0.8587276884954781,0.32021813047987474,0.0,0.17333333333333334,1,0.0,0.3506666666666667,27.47,42.024456292983,0.6853943551621448,0.0,0.17333333333333334,0.0,0.0,0.0,0.0,phi_qos
wideband,shield_repair,naive,loo,radioml,13,300,0.8300724281490113,0.000912311692748065,0.0,0.13666666666666666,2,0.0,0.3446666666666667,27.506666666666668,44.40803910215837,0.6934057614823447,0.0,0.13666666666666666,0.0,0.0,0.0,0.0,phi_qos
wideband,shield_repair,naive,loo,radioml,14,300,0.8246814405578009,0.00024049137314473032,0.0,0.09,10,0.0,0.3546666666666667,27.4,42.701705411897926,0.7346814405578008,0.0,0.09,0.0,0.0,0.0,0.0,phi_qos
bursty,shield_repair,naive,loo,radioml,0,300,0.98383188848764,0.9635848677374804,0.0,0.02666666666666667,1,0.0,0.35333333333333333,25.216666666666665,41.133461306320285,0.9571652218209734,0.0,0.02666666666666667,0.0,0.0,0.0,0.0,phi_qos
bursty,shield_repair,naive,loo,radioml,1,300,0.9854698370714294,0.9739321510045325,0.0,0.05,1,0.0,0.3486666666666667,25.226666666666667,39.13216416908098,0.9354698370714294,0.0,0.05,0.0,0.0,0.0,0.0,phi_qos
bursty,shield_repair,naive,loo,radioml,2,300,0.9821167256207666,0.9739261131144783,0.0,0.056666666666666664,1,0.0,0.354,25.05,39.75045022168684,0.9254500589540998,0.0,0.056666666666666664,0.0,0.0,0.0,0.0,phi_qos
bursty,shield_repair,naive,loo,radioml,3,300,0.9760463871683432,0.9660452668329287,0.0,0.03,1,0.0,0.334,25.05,40.20889775960902,0.946046387168343,0.0,0.03,0.0,0.0,0.0,0.0,phi_qos
bursty,shield_repair,naive,loo,radioml,4,300,0.9834374368051473,0.9732962805005642,0.0,0.03,1,0.0,0.3486666666666667,25.276666666666667,43.74443957306365,0.9534374368051473,0.0,0.03,0.0,0.0,0.0,0.0,phi_qos
bursty,shield_repair,naive,loo,radioml,5,300,0.9815874147539275,0.973644273403568,0.0,0.03333333333333333,4,0.0,0.37466666666666665,25.303333333333335,39.516807834867095,0.9482540814205942,0.0,0.03333333333333333,0.0,0.0,0.0,0.0,phi_qos
bursty,shield_repair,naive,loo,radioml,6,300,0.9785747674206308,0.9660388049287939,0.0,0.013333333333333334,1,0.0,0.35733333333333334,25.006666666666668,44.141609778843616,0.9652414340872975,0.0,0.013333333333333334,0.0,0.0,0.0,0.0,phi_qos
bursty,shield_repair,naive,loo,radioml,7,300,0.9859369343848933,0.9719098444028966,0.0,0.02666666666666667,1,0.0,0.3486666666666667,24.84,38.584934087672174,0.9592702677182267,0.0,0.02666666666666667,0.0,0.0,0.0,0.0,phi_qos
bursty,shield_repair,naive,loo,radioml,8,300,0.9857850744718216,0.9739309242424204,0.0,0.016666666666666666,1,0.0,0.32866666666666666,25.11,41.949128141373954,0.9691184078051549,0.0,0.016666666666666666,0.0,0.0,0.0,0.0,phi_qos
bursty,shield_repair,naive,loo,radioml,9,300,0.9822396882535027,0.9653040144279091,0.0,0.05333333333333334,1,0.0,0.336,24.89666666666667,37.93133120004411,0.9289063549201694,0.0,0.05333333333333334,0.0,0.0,0.0,0.0,phi_qos
bursty,shield_repair,naive,loo,radioml,10,300,0.9840931538620513,0.9730377908189588,0.0,0.023333333333333334,1,0.0,0.35133333333333333,25.363333333333333,41.674939669107225,0.960759820528718,0.0,0.023333333333333334,0.0,0.0,0.0,0.0,phi_qos
bursty,shield_repair,naive,loo,radioml,11,300,0.9828210920616282,0.97200016863412,0.0,0.023333333333333334,1,0.0,0.3473333333333333,25.023333333333333,39.17436217689289,0.9594877587282947,0.0,0.023333333333333334,0.0,0.0,0.0,0.0,phi_qos
bursty,shield_repair,naive,loo,radioml,12,300,0.984729536123795,0.9739793400526598,0.0,0.02666666666666667,1,0.0,0.35,25.09,40.657378020719,0.9580628694571283,0.0,0.02666666666666667,0.0,0.0,0.0,0.0,phi_qos
bursty,shield_repair,naive,loo,radioml,13,300,0.9829828808413038,0.9719553130553941,0.0,0.013333333333333334,1,0.0,0.3406666666666667,25.133333333333333,40.20239070517481,0.9696495475079704,0.0,0.013333333333333334,0.0,0.0,0.0,0.0,phi_qos
bursty,shield_repair,naive,loo,radioml,14,300,0.983231778981283,0.9666061720548949,0.0,0.013333333333333334,1,0.0,0.368,25.143333333333334,38.17567081334196,0.9698984456479497,0.0,0.013333333333333334,0.0,0.0,0.0,0.0,phi_qos
backhaul,shield_repair,naive,loo,radioml,0,300,0.9587814594284544,0.9139715620958255,0.0,0.13,1,0.0,0.37733333333333335,25.756666666666668,39.148942590461445,0.8287814594284544,0.0,0.13,0.0,0.0,0.0,0.0,phi_qos
backhaul,shield_repair,naive,loo,radioml,1,300,0.959073289693754,0.9139067995679478,0.0,0.05333333333333334,1,0.0,0.40066666666666667,25.953333333333333,37.53863507326416,0.9057399563604207,0.0,0.05333333333333334,0.0,0.0,0.0,0.0,phi_qos
backhaul,shield_repair,naive,loo,radioml,2,300,0.9568242263623097,0.9136839649587899,0.0,0.09,1,0.0,0.4046666666666667,25.88,43.43666682024457,0.8668242263623097,0.0,0.09,0.0,0.0,0.0,0.0,phi_qos
backhaul,shield_repair,naive,loo,radioml,3,300,0.9567033682268651,0.9139726587722424,0.0,0.09,1,0.0,0.38466666666666666,25.88,39.61758413832246,0.866703368226865,0.0,0.09,0.0,0.0,0.0,0.0,phi_qos
backhaul,shield_repair,naive,loo,radioml,4,300,0.9572739625228477,0.9130052011785674,0.0,0.07666666666666666,1,0.0,0.4093333333333333,26.066666666666666,41.2545098596511,0.880607295856181,0.0,0.07666666666666666,0.0,0.0,0.0,0.0,phi_qos
backhaul,shield_repair,naive,loo,radioml,5,300,0.9563389039446092,0.9139404046397948,0.0,0.06666666666666667,1,0.0,0.38466666666666666,25.643333333333334,43.53918023307621,0.8896722372779425,0.0,0.06666666666666667,0.0,0.0,0.0,0.0,phi_qos
backhaul,shield_repair,naive,loo,radioml,6,300,0.9565489437937548,0.9139598795165802,0.0,0.07666666666666666,1,0.0,0.384,26.07,43.57745666892214,0.8798822771270881,0.0,0.07666666666666666,0.0,0.0,0.0,0.0,phi_qos
backhaul,shield_repair,naive,loo,radioml,7,300,0.9587249316080385,0.913644161343018,0.0,0.04666666666666667,1,0.0,0.4026666666666667,25.706666666666667,42.86186484004515,0.9120582649413719,0.0,0.04666666666666667,0.0,0.0,0.0,0.0,phi_qos
backhaul,shield_repair,naive,loo,radioml,8,300,0.9563003255220379,0.9139475337525548,0.0,0.056666666666666664,1,0.0,0.3973333333333333,25.91,41.08036337536749,0.8996336588553713,0.0,0.056666666666666664,0.0,0.0,0.0,0.0,phi_qos
backhaul,shield_repair,naive,loo,radioml,9,300,0.9591658316954098,0.913786276292691,0.0,0.09666666666666666,2,0.0,0.362,25.656666666666666,38.53832888275967,0.8624991650287431,0.0,0.09666666666666666,0.0,0.0,0.0,0.0,phi_qos
backhaul,shield_repair,naive,loo,radioml,10,300,0.9569420136803759,0.9139480717526376,0.0,0.04,1,0.0,0.378,26.19,38.96214314846183,0.9169420136803759,0.0,0.04,0.0,0.0,0.0,0.0,phi_qos
backhaul,shield_repair,naive,loo,radioml,11,300,0.95847450163969,0.913875241441644,0.0,0.013333333333333334,1,0.0,0.39866666666666667,25.59,39.41071469575538,0.9451411683063565,0.0,0.013333333333333334,0.0,0.0,0.0,0.0,phi_qos
backhaul,shield_repair,naive,loo,radioml,12,300,0.9537860725798651,0.9139570418466336,0.0,0.056666666666666664,1,0.0,0.36733333333333335,26.06,39.940078556528626,0.8971194059131987,0.0,0.056666666666666664,0.0,0.0,0.0,0.0,phi_qos
backhaul,shield_repair,naive,loo,radioml,13,300,0.9586874366935725,0.9137255041838178,0.0,0.08333333333333333,1,0.0,0.3893333333333333,25.87,40.96056005941816,0.875354103360239,0.0,0.08333333333333333,0.0,0.0,0.0,0.0,phi_qos
backhaul,shield_repair,naive,loo,radioml,14,300,0.956804341206183,0.9139678484918377,0.0,0.08,1,0.0,0.402,25.976666666666667,41.42658163509004,0.876804341206183,0.0,0.08,0.0,0.0,0.0,0.0,phi_qos
compromised_xapp,shield_repair,naive,loo,radioml,0,300,0.9909157927914397,0.9739998847278607,0.0,0.17666666666666667,1,0.0,0.47,26.833333333333332,41.248406191752146,0.8142491261247731,0.0,0.06666666666666667,0.12666666666666668,0.0,0.0,0.0,phi_qos
compromised_xapp,shield_repair,naive,loo,radioml,1,300,0.991060798592659,0.9739582591099833,0.0,0.14333333333333334,1,0.0,0.46066666666666667,26.516666666666666,39.53399241716144,0.8477274652593257,0.0,0.04,0.10333333333333333,0.0,0.0,0.0,phi_qos
compromised_xapp,shield_repair,naive,loo,radioml,2,300,0.9902232146491391,0.9739990545059191,0.0,0.18333333333333332,1,0.0,0.49,26.823333333333334,44.13038365997444,0.8068898813158057,0.0,0.10333333333333333,0.08666666666666667,0.0,0.0,0.0,phi_qos
compromised_xapp,shield_repair,naive,loo,radioml,3,300,0.991194607710493,0.9739975990393982,0.0,0.15,1,0.0,0.484,26.9,41.70703841978707,0.8411946077104929,0.0,0.07333333333333333,0.08333333333333333,0.0,0.0,0.0,phi_qos
compromised_xapp,shield_repair,naive,loo,radioml,4,300,0.9914801061553373,0.9748318421191194,0.0,0.19,1,0.0,0.47533333333333333,26.793333333333333,40.436011617719785,0.8014801061553374,0.0,0.10333333333333333,0.1,0.0,0.0,0.0,phi_qos
compromised_xapp,shield_repair,naive,loo,radioml,5,300,0.9910840670812628,0.9739999989600181,0.0,0.13,1,0.0,0.478,26.816666666666666,43.26681634546129,0.8610840670812627,0.0,0.02666666666666667,0.10333333333333333,0.0,0.0,0.0,phi_qos
compromised_xapp,shield_repair,naive,loo,radioml,6,300,0.9915893434902443,0.9739804614860734,0.0,0.19333333333333333,1,0.0,0.46,26.863333333333333,43.29006586627735,0.7982560101569111,0.0,0.08333333333333333,0.12333333333333334,0.0,0.0,0.0,phi_qos
compromised_xapp,shield_repair,naive,loo,radioml,7,300,0.9919706226042696,0.9750845083194541,0.0,0.16333333333333333,1,0.0,0.4666666666666667,26.913333333333334,39.64877545446947,0.8286372892709363,0.0,0.043333333333333335,0.12333333333333334,0.0,0.0,0.0,phi_qos
compromised_xapp,shield_repair,naive,loo,radioml,8,300,0.9907921914528168,0.9739756675093415,0.0,0.21666666666666667,1,0.0,0.464,26.886666666666667,39.20189281337173,0.77412552478615,0.0,0.12333333333333334,0.12333333333333334,0.0,0.0,0.0,phi_qos
compromised_xapp,shield_repair,naive,loo,radioml,9,300,0.9913524268750367,0.9739999274472857,0.0,0.20666666666666667,1,0.0,0.48733333333333334,26.68,41.78970312413533,0.7846857602083699,0.0,0.11333333333333333,0.11333333333333333,0.0,0.0,0.0,phi_qos
compromised_xapp,shield_repair,naive,loo,radioml,10,300,0.9913628175244514,0.9739974664519352,0.0,0.16,1,0.0,0.47933333333333333,27.153333333333332,43.89536628919334,0.8313628175244513,0.0,0.05,0.11666666666666667,0.0,0.0,0.0,phi_qos
compromised_xapp,shield_repair,naive,loo,radioml,11,300,0.9889732472001546,0.9739999184590586,0.0,0.16333333333333333,1,0.0,0.4706666666666667,26.743333333333332,40.52842617361668,0.8256399138668211,0.0,0.06333333333333334,0.1,0.0,0.0,0.0,phi_qos
compromised_xapp,shield_repair,naive,loo,radioml,12,300,0.9918211682407662,0.9809917934482172,0.0,0.15,1,0.0,0.466,26.83,38.62713267393605,0.8418211682407662,0.0,0.07,0.08333333333333333,0.0,0.0,0.0,phi_qos
compromised_xapp,shield_repair,naive,loo,radioml,13,300,0.9889017372639969,0.9739981885644363,0.0,0.17666666666666667,1,0.0,0.4786666666666667,26.566666666666666,38.09070278257819,0.8122350705973302,0.0,0.08333333333333333,0.11333333333333333,0.0,0.0,0.0,phi_qos
compromised_xapp,shield_repair,naive,loo,radioml,14,300,0.9910790454987943,0.9739994193434081,0.0,0.23,1,0.0,0.474,26.69,38.046963699901475,0.7610790454987943,0.0,0.11666666666666667,0.12333333333333334,0.0,0.0,0.0,phi_qos
compound,shield_repair,naive,loo,radioml,0,300,0.9298913003809594,0.7510880377962541,0.0033333333333333335,0.36,1,0.0,0.508,27.39,39.12805289319833,0.5698913003809591,0.0,0.08333333333333333,0.32666666666666666,0.0,0.0,0.0,phi_qos
compound,shield_repair,naive,loo,radioml,1,300,0.9393767738664474,0.8422082630539862,0.0033333333333333335,0.39666666666666667,1,0.0,0.536,27.383333333333333,40.000676089460086,0.5427101071997807,0.0,0.056666666666666664,0.36666666666666664,0.0,0.0,0.0,phi_qos
compound,shield_repair,naive,loo,radioml,2,300,0.9303509249955326,0.7545011547653793,0.006666666666666667,0.4033333333333333,1,0.0,0.5206666666666667,27.60333333333333,43.900724641791456,0.5270175916621992,0.0,0.07,0.36,0.0,0.0,0.0,phi_qos
compound,shield_repair,naive,loo,radioml,3,300,0.9188005219724323,0.70834263943153,0.0,0.38333333333333336,1,0.0,0.5193333333333333,27.346666666666668,39.011632396470155,0.5354671886390989,0.0,0.12,0.32,0.0,0.0,0.0,phi_qos
compound,shield_repair,naive,loo,radioml,4,300,0.924122208284504,0.7651831619061041,0.0033333333333333335,0.4166666666666667,2,0.0,0.5233333333333333,27.36,36.846236270188854,0.5074555416178375,0.0,0.16666666666666666,0.34,0.0,0.0,0.0,phi_qos
compound,shield_repair,naive,loo,radioml,5,300,0.9417602860913205,0.8595701557623634,0.0,0.38666666666666666,1,0.0,0.528,27.4,35.70774861740529,0.5550936194246536,0.0,0.18,0.29333333333333333,0.0,0.0,0.0,phi_qos
compound,shield_repair,naive,loo,radioml,6,300,0.9209153288787094,0.7111059790997482,0.0,0.43333333333333335,1,0.0,0.52,27.583333333333332,43.97322200237907,0.4875819955453761,0.0,0.16,0.3466666666666667,0.0,0.0,0.0,phi_qos
compound,shield_repair,naive,loo,radioml,7,300,0.9265809373287092,0.7167911823750817,0.006666666666666667,0.3933333333333333,1,0.0,0.5246666666666666,27.51,43.761181194667365,0.533247603995376,0.0,0.13333333333333333,0.31666666666666665,0.0,0.0,0.0,phi_qos
compound,shield_repair,naive,loo,radioml,8,300,0.9252502386633169,0.7263542872109479,0.0033333333333333335,0.44333333333333336,2,0.0,0.5466666666666666,27.476666666666667,42.15991414487473,0.48191690532998344,0.0,0.19666666666666666,0.34,0.0,0.0,0.0,phi_qos
compound,shield_repair,naive,loo,radioml,9,300,0.9268081838846202,0.779901304205576,0.0,0.4166666666666667,1,0.0,0.5366666666666666,27.446666666666665,39.44267155175519,0.5101415172179534,0.0,0.13,0.38,0.0,0.0,0.0,phi_qos
compound,shield_repair,naive,loo,radioml,10,300,0.9278782400526886,0.7690625843769513,0.0033333333333333335,0.4033333333333333,1,0.0,0.538,27.473333333333333,39.81585112181971,0.5245449067193552,0.0,0.09666666666666666,0.33,0.0,0.0,0.0,phi_qos
compound,shield_repair,naive,loo,radioml,11,300,0.9353988887453826,0.7771131925832386,0.0,0.44,1,0.0,0.516,27.46,45.258874636795156,0.4953988887453825,0.0,0.13,0.36666666666666664,0.0,0.0,0.0,phi_qos
compound,shield_repair,naive,loo,radioml,12,300,0.9184011232543348,0.7680771792348589,0.0033333333333333335,0.35,1,0.0,0.5113333333333333,27.51,42.19453918522092,0.5684011232543348,0.0,0.08,0.29,0.0,0.0,0.0,phi_qos
compound,shield_repair,naive,loo,radioml,13,300,0.9220015426905915,0.7778823610578981,0.0,0.41,3,0.0,0.5446666666666666,27.42,41.163688016898206,0.5120015426905915,0.0,0.11666666666666667,0.34,0.0,0.0,0.0,phi_qos
compound,shield_repair,naive,loo,radioml,14,300,0.9176910716935517,0.6980144862715282,0.006666666666666667,0.5,2,0.0,0.5186666666666667,27.51,43.816249548526166,0.41769107169355174,0.0,0.18666666666666668,0.37666666666666665,0.0,0.0,0.0,phi_qos
narrowband,shield_repair,naive,loo,radioml,0,300,0.9880242168209619,0.978923189052068,0.0,0.09,1,0.0,0.3393333333333333,26.373333333333335,39.38416139973205,0.8980242168209619,0.0,0.09,0.0,0.0,0.0,0.0,phi_bh
narrowband,shield_repair,naive,loo,radioml,1,300,0.9919748535714139,0.9862040077432356,0.0,0.07,1,0.0,0.3526666666666667,26.116666666666667,37.047020273997454,0.921974853571414,0.0,0.07,0.0,0.0,0.0,0.0,phi_bh
narrowband,shield_repair,naive,loo,radioml,2,300,0.9917386442042933,0.986216833923414,0.0,0.08666666666666667,1,0.0,0.3433333333333333,26.516666666666666,43.477845856006226,0.9050719775376266,0.0,0.08666666666666667,0.0,0.0,0.0,0.0,phi_bh
narrowband,shield_repair,naive,loo,radioml,3,300,0.9913094631734024,0.9740378726870449,0.0,0.08,1,0.0,0.34933333333333333,26.293333333333333,40.222933489860175,0.9113094631734024,0.0,0.08,0.0,0.0,0.0,0.0,phi_bh
narrowband,shield_repair,naive,loo,radioml,4,300,0.9913785826992142,0.9828326994417224,0.0,0.05333333333333334,1,0.0,0.35533333333333333,26.436666666666667,43.81480587817549,0.9380452493658809,0.0,0.05333333333333334,0.0,0.0,0.0,0.0,phi_bh
narrowband,shield_repair,naive,loo,radioml,5,300,0.9913751484815786,0.9739999750442907,0.0,0.07,1,0.0,0.364,26.22,42.97830657562457,0.9213751484815785,0.0,0.07,0.0,0.0,0.0,0.0,phi_bh
narrowband,shield_repair,naive,loo,radioml,6,300,0.9881037584983559,0.9760995643579743,0.0,0.05,1,0.0,0.3313333333333333,26.336666666666666,39.176749180916616,0.9381037584983558,0.0,0.05,0.0,0.0,0.0,0.0,phi_bh
narrowband,shield_repair,naive,loo,radioml,7,300,0.991855894290604,0.9860873959933631,0.0,0.07666666666666666,1,0.0,0.35333333333333333,26.54,40.84516121912245,0.9151892276239373,0.0,0.07666666666666666,0.0,0.0,0.0,0.0,phi_bh
narrowband,shield_repair,naive,loo,radioml,8,300,0.9913994329883754,0.9739998467528639,0.0,0.08,1,0.0,0.3506666666666667,26.413333333333334,40.84265473396387,0.9113994329883754,0.0,0.08,0.0,0.0,0.0,0.0,phi_bh
narrowband,shield_repair,naive,loo,radioml,9,300,0.9914299924921931,0.9813884458287413,0.0,0.06,1,0.0,0.34933333333333333,26.37,46.80636337569092,0.9314299924921932,0.0,0.06,0.0,0.0,0.0,0.0,phi_bh
narrowband,shield_repair,naive,loo,radioml,10,300,0.9913774634717455,0.9739999138207099,0.0,0.06,1,0.0,0.3486666666666667,26.56,41.32939903684903,0.9313774634717453,0.0,0.06,0.0,0.0,0.0,0.0,phi_bh
narrowband,shield_repair,naive,loo,radioml,11,300,0.9902556292311613,0.9800175783162567,0.0,0.08333333333333333,1,0.0,0.34933333333333333,26.27,41.856959715189426,0.9069222958978279,0.0,0.08333333333333333,0.0,0.0,0.0,0.0,phi_bh
narrowband,shield_repair,naive,loo,radioml,12,300,0.9919150322415256,0.9873331192776016,0.0,0.1,1,0.0,0.348,26.593333333333334,42.01634319749612,0.8919150322415255,0.0,0.1,0.0,0.0,0.0,0.0,phi_bh
narrowband,shield_repair,naive,loo,radioml,13,300,0.98564179826578,0.9856355973543316,0.0,0.06,1,0.0,0.338,26.3,44.40614788639988,0.9256417982657801,0.0,0.06,0.0,0.0,0.0,0.0,phi_bh
narrowband,shield_repair,naive,loo,radioml,14,300,0.9903096463777765,0.983552693888572,0.0,0.03666666666666667,1,0.0,0.35133333333333333,26.336666666666666,42.699164678777294,0.9536429797111098,0.0,0.03666666666666667,0.0,0.0,0.0,0.0,phi_bh
wideband,shield_repair,naive,loo,radioml,0,300,0.8703061458387761,0.5087141755341426,0.0,0.2833333333333333,2,0.0,0.348,27.733333333333334,39.9977883735229,0.5869728125054428,0.0,0.27666666666666667,0.0,0.0,0.0,0.006666666666666667,phi_bh
wideband,shield_repair,naive,loo,radioml,1,300,0.850513884526229,0.0016295236469301092,0.0,0.21333333333333335,2,0.0,0.36933333333333335,27.303333333333335,37.05027810211773,0.6371805511928956,0.0,0.21333333333333335,0.0,0.0,0.0,0.0,phi_bh
wideband,shield_repair,naive,loo,radioml,2,300,0.8509683778587214,0.00019889108651828776,0.0,0.18333333333333332,1,0.0,0.3546666666666667,27.456666666666667,43.48102483704474,0.6676350445253882,0.0,0.18333333333333332,0.0,0.0,0.0,0.0,phi_bh
wideband,shield_repair,naive,loo,radioml,3,300,0.8649437225055211,0.01762021334423635,0.0,0.17666666666666667,2,0.0,0.36666666666666664,27.51,40.30902050708833,0.6882770558388546,0.0,0.17666666666666667,0.0,0.0,0.0,0.0,phi_bh
wideband,shield_repair,naive,loo,radioml,4,300,0.8459327481549885,0.0010804726405048803,0.0,0.18,1,0.0,0.36933333333333335,27.626666666666665,46.40602463184592,0.6659327481549887,0.0,0.18,0.0,0.0,0.0,0.0,phi_bh
wideband,shield_repair,naive,loo,radioml,5,300,0.8512290216737763,0.002735546885924609,0.0,0.18333333333333332,4,0.0,0.38133333333333336,27.43,43.06996702830009,0.667895688340443,0.0,0.18333333333333332,0.0,0.0,0.0,0.0,phi_bh
wideband,shield_repair,naive,loo,radioml,6,300,0.8552559171608682,0.14467778518026198,0.0,0.13333333333333333,5,0.0,0.3466666666666667,27.506666666666668,39.17975091628915,0.7219225838275349,0.0,0.13333333333333333,0.0,0.0,0.0,0.0,phi_bh
wideband,shield_repair,naive,loo,radioml,7,300,0.8613675992091997,0.009770830350662257,0.0,0.15666666666666668,5,0.0,0.368,27.386666666666667,40.85204150970383,0.704700932542533,0.0,0.15666666666666668,0.0,0.0,0.0,0.0,phi_bh
wideband,shield_repair,naive,loo,radioml,8,300,0.8493018818454416,0.0011575077706616822,0.0,0.20333333333333334,1,0.0,0.36666666666666664,27.573333333333334,40.9050066751721,0.6459685485121084,0.0,0.20333333333333334,0.0,0.0,0.0,0.0,phi_bh
wideband,shield_repair,naive,loo,radioml,9,300,0.8208631525544833,0.008332622090259697,0.0,0.12,1,0.0,0.368,27.43,46.80946132682445,0.7008631525544833,0.0,0.12,0.0,0.0,0.0,0.0,phi_bh
wideband,shield_repair,naive,loo,radioml,10,300,0.865416765293063,0.36548062465329895,0.0,0.16333333333333333,2,0.0,0.358,27.78,41.36353877094813,0.7020834319597297,0.0,0.16333333333333333,0.0,0.0,0.0,0.0,phi_bh
wideband,shield_repair,naive,loo,radioml,11,300,0.8415659659167847,0.0006834206872023521,0.0,0.22666666666666666,1,0.0,0.36866666666666664,27.346666666666668,41.85966639421311,0.614899299250118,0.0,0.22666666666666666,0.0,0.0,0.0,0.0,phi_bh
wideband,shield_repair,naive,loo,radioml,12,300,0.858970380754858,0.32021813047987474,0.0,0.17666666666666667,1,0.0,0.358,27.48,42.02446242716481,0.6823037140881912,0.0,0.17666666666666667,0.0,0.0,0.0,0.0,phi_bh
wideband,shield_repair,naive,loo,radioml,13,300,0.8303839089035951,0.0009623665960535223,0.0,0.13666666666666666,2,0.0,0.3506666666666667,27.506666666666668,44.40803910215837,0.6937172422369285,0.0,0.13666666666666666,0.0,0.0,0.0,0.0,phi_bh
wideband,shield_repair,naive,loo,radioml,14,300,0.8273172028736483,0.00024049137314473032,0.0,0.09333333333333334,10,0.0,0.36733333333333335,27.43,42.70170551660592,0.733983869540315,0.0,0.09333333333333334,0.0,0.0,0.0,0.0,phi_bh
bursty,shield_repair,naive,loo,radioml,0,300,0.98383188848764,0.9635848677374804,0.0,0.02666666666666667,1,0.0,0.356,25.216666666666665,41.133461306320285,0.9571652218209734,0.0,0.02666666666666667,0.0,0.0,0.0,0.0,phi_bh
bursty,shield_repair,naive,loo,radioml,1,300,0.9854698370714294,0.9739321510045325,0.0,0.05,1,0.0,0.34933333333333333,25.226666666666667,39.13216416908098,0.9354698370714294,0.0,0.05,0.0,0.0,0.0,0.0,phi_bh
bursty,shield_repair,naive,loo,radioml,2,300,0.9821167256207666,0.9739261131144783,0.0,0.056666666666666664,1,0.0,0.354,25.05,39.75045022168684,0.9254500589540998,0.0,0.056666666666666664,0.0,0.0,0.0,0.0,phi_bh
bursty,shield_repair,naive,loo,radioml,3,300,0.9760463871683432,0.9660452668329287,0.0,0.03,1,0.0,0.3373333333333333,25.05,40.20889775960902,0.946046387168343,0.0,0.03,0.0,0.0,0.0,0.0,phi_bh
bursty,shield_repair,naive,loo,radioml,4,300,0.9834374368051473,0.9732962805005642,0.0,0.03,1,0.0,0.3486666666666667,25.276666666666667,43.74443957306365,0.9534374368051473,0.0,0.03,0.0,0.0,0.0,0.0,phi_bh
bursty,shield_repair,naive,loo,radioml,5,300,0.9815874147539275,0.973644273403568,0.0,0.03333333333333333,4,0.0,0.37666666666666665,25.303333333333335,39.516807834867095,0.9482540814205942,0.0,0.03333333333333333,0.0,0.0,0.0,0.0,phi_bh
bursty,shield_repair,naive,loo,radioml,6,300,0.9785747674206308,0.9660388049287939,0.0,0.013333333333333334,1,0.0,0.358,25.006666666666668,44.141609778843616,0.9652414340872975,0.0,0.013333333333333334,0.0,0.0,0.0,0.0,phi_bh
bursty,shield_repair,naive,loo,radioml,7,300,0.9859369343848933,0.9719098444028966,0.0,0.02666666666666667,1,0.0,0.3486666666666667,24.84,38.584934087672174,0.9592702677182267,0.0,0.02666666666666667,0.0,0.0,0.0,0.0,phi_bh
bursty,shield_repair,naive,loo,radioml,8,300,0.9857211097648758,0.9738841193148835,0.0,0.016666666666666666,1,0.0,0.3313333333333333,25.123333333333335,41.999813891251875,0.9690544430982091,0.0,0.016666666666666666,0.0,0.0,0.0,0.0,phi_bh
bursty,shield_repair,naive,loo,radioml,9,300,0.9826575651234896,0.9665888444487107,0.0,0.05333333333333334,1,0.0,0.33666666666666667,24.89666666666667,37.93133120004411,0.9293242317901562,0.0,0.05333333333333334,0.0,0.0,0.0,0.0,phi_bh
bursty,shield_repair,naive,loo,radioml,10,300,0.9840931538620513,0.9730377908189588,0.0,0.023333333333333334,1,0.0,0.3526666666666667,25.363333333333333,41.674939669107225,0.960759820528718,0.0,0.023333333333333334,0.0,0.0,0.0,0.0,phi_bh
bursty,shield_repair,naive,loo,radioml,11,300,0.985635425739811,0.9715722115976104,0.0,0.023333333333333334,1,0.0,0.34933333333333333,25.05666666666667,39.17436217689289,0.9623020924064777,0.0,0.023333333333333334,0.0,0.0,0.0,0.0,phi_bh
bursty,shield_repair,naive,loo,radioml,12,300,0.984729536123795,0.9739793400526598,0.0,0.02666666666666667,1,0.0,0.3506666666666667,25.09,40.657378020719,0.9580628694571283,0.0,0.02666666666666667,0.0,0.0,0.0,0.0,phi_bh
bursty,shield_repair,naive,loo,radioml,13,300,0.9829828808413038,0.9719553130553941,0.0,0.013333333333333334,1,0.0,0.3413333333333333,25.133333333333333,40.20239070517481,0.9696495475079704,0.0,0.013333333333333334,0.0,0.0,0.0,0.0,phi_bh
bursty,shield_repair,naive,loo,radioml,14,300,0.983231778981283,0.9666061720548949,0.0,0.013333333333333334,1,0.0,0.368,25.143333333333334,38.17567081334196,0.9698984456479497,0.0,0.013333333333333334,0.0,0.0,0.0,0.0,phi_bh
backhaul,shield_repair,naive,loo,radioml,0,300,0.9586798230278314,0.9139622166370366,0.0,0.13,1,0.0,0.3626666666666667,25.74,39.14890948258784,0.8286798230278314,0.0,0.13,0.0,0.0,0.0,0.0,phi_bh
backhaul,shield_repair,naive,loo,radioml,1,300,0.9574503558436556,0.9125899598331298,0.0,0.05333333333333334,1,0.0,0.3893333333333333,25.89666666666667,37.53859204912223,0.904117022510322,0.0,0.05333333333333334,0.0,0.0,0.0,0.0,phi_bh
backhaul,shield_repair,naive,loo,radioml,2,300,0.9566495375996311,0.913641756054439,0.0,0.08666666666666667,1,0.0,0.388,25.87,43.43671968940718,0.8699828709329644,0.0,0.08666666666666667,0.0,0.0,0.0,0.0,phi_bh
backhaul,shield_repair,naive,loo,radioml,3,300,0.9564433593256446,0.9139407098992263,0.0,0.08666666666666667,1,0.0,0.36133333333333334,25.783333333333335,39.61755953577042,0.869776692658978,0.0,0.08666666666666667,0.0,0.0,0.0,0.0,phi_bh
backhaul,shield_repair,naive,loo,radioml,4,300,0.9575427782494611,0.9138889317884277,0.0,0.07,1,0.0,0.38,26.03,41.25507718820357,0.8875427782494613,0.0,0.07,0.0,0.0,0.0,0.0,phi_bh
backhaul,shield_repair,naive,loo,radioml,5,300,0.9549740534694108,0.9135278564925859,0.0,0.06666666666666667,1,0.0,0.3626666666666667,25.7,43.5390828675803,0.8883073868027441,0.0,0.06666666666666667,0.0,0.0,0.0,0.0,phi_bh
backhaul,shield_repair,naive,loo,radioml,6,300,0.9564894824694943,0.9134344367581272,0.0,0.07666666666666666,1,0.0,0.36866666666666664,26.11,43.5777512104896,0.8798228158028276,0.0,0.07666666666666666,0.0,0.0,0.0,0.0,phi_bh
backhaul,shield_repair,naive,loo,radioml,7,300,0.9577358197063645,0.8960796630872903,0.0,0.05,1,0.0,0.378,25.65,42.86186335289448,0.9077358197063645,0.0,0.05,0.0,0.0,0.0,0.0,phi_bh
backhaul,shield_repair,naive,loo,radioml,8,300,0.9553303058513279,0.91391334267676,0.0,0.06333333333333334,1,0.0,0.374,25.91,41.080354312208875,0.8919969725179946,0.0,0.06333333333333334,0.0,0.0,0.0,0.0,phi_bh
backhaul,shield_repair,naive,loo,radioml,9,300,0.9582973385125384,0.9120441650016233,0.0,0.09333333333333334,2,0.0,0.35,25.696666666666665,38.53832455267955,0.864964005179205,0.0,0.09333333333333334,0.0,0.0,0.0,0.0,phi_bh
backhaul,shield_repair,naive,loo,radioml,10,300,0.9560143802091559,0.9139149557328092,0.0033333333333333335,0.05,1,0.0,0.3586666666666667,26.233333333333334,38.96215075746317,0.9060143802091558,0.0,0.04666666666666667,0.0,0.0033333333333333335,0.0,0.0,phi_bh
backhaul,shield_repair,naive,loo,radioml,11,300,0.9569927260291464,0.9129807421487477,0.0,0.013333333333333334,1,0.0,0.382,25.536666666666665,39.41071278752849,0.943659392695813,0.0,0.013333333333333334,0.0,0.0,0.0,0.0,phi_bh
backhaul,shield_repair,naive,loo,radioml,12,300,0.9522726833278129,0.9139489344929148,0.0,0.05333333333333334,1,0.0,0.3466666666666667,25.96,39.94000985956287,0.8989393499944796,0.0,0.05333333333333334,0.0,0.0,0.0,0.0,phi_bh
backhaul,shield_repair,naive,loo,radioml,13,300,0.9585117805124306,0.9133110574335433,0.0,0.08,1,0.0,0.374,25.85,40.96042860022147,0.8785117805124306,0.0,0.08,0.0,0.0,0.0,0.0,phi_bh
backhaul,shield_repair,naive,loo,radioml,14,300,0.9569436490385785,0.9139641896421972,0.0,0.08,1,0.0,0.38333333333333336,25.98,41.4265813506783,0.8769436490385785,0.0,0.08,0.0,0.0,0.0,0.0,phi_bh
compromised_xapp,shield_repair,naive,loo,radioml,0,300,0.9909157927914397,0.9739998847278607,0.0,0.17666666666666667,1,0.0,0.47,26.833333333333332,41.248406191752146,0.8142491261247731,0.0,0.06666666666666667,0.12666666666666668,0.0,0.0,0.0,phi_bh
compromised_xapp,shield_repair,naive,loo,radioml,1,300,0.991060798592659,0.9739582591099833,0.0,0.14333333333333334,1,0.0,0.46066666666666667,26.516666666666666,39.53399241716144,0.8477274652593257,0.0,0.04,0.10333333333333333,0.0,0.0,0.0,phi_bh
compromised_xapp,shield_repair,naive,loo,radioml,2,300,0.9902232146491391,0.9739990545059191,0.0,0.18333333333333332,1,0.0,0.49,26.823333333333334,44.13038365997444,0.8068898813158057,0.0,0.10333333333333333,0.08666666666666667,0.0,0.0,0.0,phi_bh
compromised_xapp,shield_repair,naive,loo,radioml,3,300,0.991194607710493,0.9739975990393982,0.0,0.15,1,0.0,0.484,26.9,41.70703841978707,0.8411946077104929,0.0,0.07333333333333333,0.08333333333333333,0.0,0.0,0.0,phi_bh
compromised_xapp,shield_repair,naive,loo,radioml,4,300,0.9914801061553373,0.9748318421191194,0.0,0.19,1,0.0,0.47533333333333333,26.793333333333333,40.436011617719785,0.8014801061553374,0.0,0.10333333333333333,0.1,0.0,0.0,0.0,phi_bh
compromised_xapp,shield_repair,naive,loo,radioml,5,300,0.9910840670812628,0.9739999989600181,0.0,0.13,1,0.0,0.478,26.816666666666666,43.26681634546129,0.8610840670812627,0.0,0.02666666666666667,0.10333333333333333,0.0,0.0,0.0,phi_bh
compromised_xapp,shield_repair,naive,loo,radioml,6,300,0.9915893434902443,0.9739804614860734,0.0,0.19333333333333333,1,0.0,0.46,26.863333333333333,43.29006586627735,0.7982560101569111,0.0,0.08333333333333333,0.12333333333333334,0.0,0.0,0.0,phi_bh
compromised_xapp,shield_repair,naive,loo,radioml,7,300,0.9919706226042696,0.9750845083194541,0.0,0.16333333333333333,1,0.0,0.4666666666666667,26.913333333333334,39.64877545446947,0.8286372892709363,0.0,0.043333333333333335,0.12333333333333334,0.0,0.0,0.0,phi_bh
compromised_xapp,shield_repair,naive,loo,radioml,8,300,0.9907921914528168,0.9739756675093415,0.0,0.21666666666666667,1,0.0,0.464,26.886666666666667,39.20189281337173,0.77412552478615,0.0,0.12333333333333334,0.12333333333333334,0.0,0.0,0.0,phi_bh
compromised_xapp,shield_repair,naive,loo,radioml,9,300,0.9913524268750367,0.9739999274472857,0.0,0.20666666666666667,1,0.0,0.48733333333333334,26.68,41.78970312413533,0.7846857602083699,0.0,0.11333333333333333,0.11333333333333333,0.0,0.0,0.0,phi_bh
compromised_xapp,shield_repair,naive,loo,radioml,10,300,0.9913628175244514,0.9739974664519352,0.0,0.16,1,0.0,0.48,27.153333333333332,43.89536628919334,0.8313628175244513,0.0,0.05,0.11666666666666667,0.0,0.0,0.0,phi_bh
compromised_xapp,shield_repair,naive,loo,radioml,11,300,0.9889732472001546,0.9739999184590586,0.0,0.16333333333333333,1,0.0,0.4706666666666667,26.743333333333332,40.52842617361668,0.8256399138668211,0.0,0.06333333333333334,0.1,0.0,0.0,0.0,phi_bh
compromised_xapp,shield_repair,naive,loo,radioml,12,300,0.9918211682407662,0.9809917934482172,0.0,0.15,1,0.0,0.466,26.83,38.62713267393605,0.8418211682407662,0.0,0.07,0.08333333333333333,0.0,0.0,0.0,phi_bh
compromised_xapp,shield_repair,naive,loo,radioml,13,300,0.9889017372639969,0.9739981885644363,0.0,0.17666666666666667,1,0.0,0.4786666666666667,26.566666666666666,38.09070278257819,0.8122350705973302,0.0,0.08333333333333333,0.11333333333333333,0.0,0.0,0.0,phi_bh
compromised_xapp,shield_repair,naive,loo,radioml,14,300,0.9910790454987943,0.9739994193434081,0.0,0.23,1,0.0,0.474,26.69,38.046963699901475,0.7610790454987943,0.0,0.11666666666666667,0.12333333333333334,0.0,0.0,0.0,phi_bh
compound,shield_repair,naive,loo,radioml,0,300,0.9283545554227481,0.7203887459207433,0.0,0.35333333333333333,1,0.0,0.49533333333333335,27.446666666666665,39.10823578840932,0.5750212220894146,0.0,0.08666666666666667,0.32,0.0,0.0,0.0,phi_bh
compound,shield_repair,naive,loo,radioml,1,300,0.936891902552798,0.8326181994365699,0.0,0.3933333333333333,1,0.0,0.5226666666666666,27.303333333333335,40.00012801877337,0.5435585692194645,0.0,0.05,0.36666666666666664,0.0,0.0,0.0,phi_bh
compound,shield_repair,naive,loo,radioml,2,300,0.9249603322175385,0.7157885803328755,0.013333333333333334,0.4066666666666667,1,0.0,0.49933333333333335,27.61,43.90464139255939,0.518293665550872,0.0,0.07,0.3566666666666667,0.013333333333333334,0.0,0.01,phi_bh
compound,shield_repair,naive,loo,radioml,3,300,0.9148194942448081,0.6057976297655623,0.0033333333333333335,0.38666666666666666,1,0.0,0.51,27.34,39.0012760378314,0.5281528275781415,0.0,0.11666666666666667,0.3233333333333333,0.0033333333333333335,0.0,0.0,phi_bh
compound,shield_repair,naive,loo,radioml,4,300,0.9230641483846803,0.7163591721250863,0.0,0.4166666666666667,2,0.0,0.49533333333333335,27.403333333333332,36.85496261492999,0.5063974817180138,0.0,0.16666666666666666,0.33666666666666667,0.0,0.0,0.0,phi_bh
compound,shield_repair,naive,loo,radioml,5,300,0.9365939563624743,0.7788275670093454,0.0033333333333333335,0.39,1,0.0,0.5153333333333333,27.453333333333333,35.71222266069286,0.5465939563624744,0.0,0.18,0.2966666666666667,0.0033333333333333335,0.0,0.0,phi_bh
compound,shield_repair,naive,loo,radioml,6,300,0.9108505762255314,0.5475610337016567,0.013333333333333334,0.4266666666666667,1,0.0,0.5046666666666667,27.536666666666665,43.974422777191066,0.4841839095588648,0.0,0.15333333333333332,0.33666666666666667,0.013333333333333334,0.0,0.0,phi_bh
compound,shield_repair,naive,loo,radioml,7,300,0.9263617075990601,0.74854347457034,0.0,0.3933333333333333,1,0.0,0.5073333333333333,27.55666666666667,43.7635451230991,0.5330283742657268,0.0,0.14,0.31666666666666665,0.0,0.0,0.0,phi_bh
compound,shield_repair,naive,loo,radioml,8,300,0.9208331130347734,0.6910988034793645,0.01,0.44333333333333336,2,0.0,0.5273333333333333,27.513333333333332,42.12189985060933,0.47749977970144014,0.0,0.19666666666666666,0.33666666666666667,0.01,0.0,0.0,phi_bh
compound,shield_repair,naive,loo,radioml,9,300,0.9252580176862235,0.7636091855630753,0.0,0.41333333333333333,1,0.0,0.5153333333333333,27.413333333333334,39.44458458974039,0.5119246843528902,0.0,0.12333333333333334,0.37666666666666665,0.0,0.0,0.0,phi_bh
compound,shield_repair,naive,loo,radioml,10,300,0.9239696548391726,0.716811117135756,0.0033333333333333335,0.4066666666666667,1,0.0,0.524,27.426666666666666,39.816794926923606,0.5173029881725058,0.0,0.1,0.33,0.0033333333333333335,0.0,0.0,phi_bh
compound,shield_repair,naive,loo,radioml,11,300,0.9315210784201633,0.7167008228417098,0.0033333333333333335,0.44,1,0.0,0.49266666666666664,27.45,45.27569037296361,0.4915210784201635,0.0,0.13,0.36333333333333334,0.0033333333333333335,0.0,0.0,phi_bh
compound,shield_repair,naive,loo,radioml,12,300,0.9148373566923309,0.6783310956459605,0.0033333333333333335,0.35,1,0.0,0.49266666666666664,27.45,42.17735523472682,0.5648373566923307,0.0,0.07333333333333333,0.2866666666666667,0.0033333333333333335,0.0,0.0,phi_bh
compound,shield_repair,naive,loo,radioml,13,300,0.9224934196704992,0.7844650777409873,0.0,0.41,1,0.0,0.5293333333333333,27.37,41.16368436192221,0.5124934196704993,0.0,0.11,0.34,0.0,0.0,0.0,phi_bh
compound,shield_repair,naive,loo,radioml,14,300,0.9159011451703623,0.6801770058242803,0.0,0.49,2,0.0,0.49733333333333335,27.536666666666665,43.81898415857014,0.4259011451703622,0.0,0.19333333333333333,0.36333333333333334,0.0,0.0,0.0,phi_bh
narrowband,shield_repair,naive,loo,radioml,0,300,0.9880242168209619,0.978923189052068,0.0,0.09,1,0.0,0.3393333333333333,26.373333333333335,39.38416139973205,0.8980242168209619,0.0,0.09,0.0,0.0,0.0,0.0,phi_u
narrowband,shield_repair,naive,loo,radioml,1,300,0.9919748535714139,0.9862040077432356,0.0,0.07,1,0.0,0.3526666666666667,26.116666666666667,37.047020273997454,0.921974853571414,0.0,0.07,0.0,0.0,0.0,0.0,phi_u
narrowband,shield_repair,naive,loo,radioml,2,300,0.9917386442042933,0.986216833923414,0.0,0.08666666666666667,1,0.0,0.3433333333333333,26.516666666666666,43.477845856006226,0.9050719775376266,0.0,0.08666666666666667,0.0,0.0,0.0,0.0,phi_u
narrowband,shield_repair,naive,loo,radioml,3,300,0.9913094631734024,0.9740378726870449,0.0,0.08,1,0.0,0.34933333333333333,26.293333333333333,40.222933489860175,0.9113094631734024,0.0,0.08,0.0,0.0,0.0,0.0,phi_u
narrowband,shield_repair,naive,loo,radioml,4,300,0.9913785826992142,0.9828326994417224,0.0,0.05333333333333334,1,0.0,0.35533333333333333,26.436666666666667,43.81480587817549,0.9380452493658809,0.0,0.05333333333333334,0.0,0.0,0.0,0.0,phi_u
narrowband,shield_repair,naive,loo,radioml,5,300,0.9913751484815786,0.9739999750442907,0.0,0.07,1,0.0,0.364,26.22,42.97830657562457,0.9213751484815785,0.0,0.07,0.0,0.0,0.0,0.0,phi_u
narrowband,shield_repair,naive,loo,radioml,6,300,0.9881037584983559,0.9760995643579743,0.0,0.05,1,0.0,0.3313333333333333,26.336666666666666,39.176749180916616,0.9381037584983558,0.0,0.05,0.0,0.0,0.0,0.0,phi_u
narrowband,shield_repair,naive,loo,radioml,7,300,0.991855894290604,0.9860873959933631,0.0,0.07666666666666666,1,0.0,0.35333333333333333,26.54,40.84516121912245,0.9151892276239373,0.0,0.07666666666666666,0.0,0.0,0.0,0.0,phi_u
narrowband,shield_repair,naive,loo,radioml,8,300,0.9913994329883754,0.9739998467528639,0.0,0.08,1,0.0,0.3506666666666667,26.413333333333334,40.84265473396387,0.9113994329883754,0.0,0.08,0.0,0.0,0.0,0.0,phi_u
narrowband,shield_repair,naive,loo,radioml,9,300,0.9914299924921931,0.9813884458287413,0.0,0.06,1,0.0,0.34933333333333333,26.37,46.80636337569092,0.9314299924921932,0.0,0.06,0.0,0.0,0.0,0.0,phi_u
narrowband,shield_repair,naive,loo,radioml,10,300,0.9913774634717455,0.9739999138207099,0.0,0.06,1,0.0,0.3486666666666667,26.56,41.32939903684903,0.9313774634717453,0.0,0.06,0.0,0.0,0.0,0.0,phi_u
narrowband,shield_repair,naive,loo,radioml,11,300,0.9902556292311613,0.9800175783162567,0.0,0.08333333333333333,1,0.0,0.34933333333333333,26.27,41.856959715189426,0.9069222958978279,0.0,0.08333333333333333,0.0,0.0,0.0,0.0,phi_u
narrowband,shield_repair,naive,loo,radioml,12,300,0.9919150322415256,0.9873331192776016,0.0,0.1,1,0.0,0.348,26.593333333333334,42.01634319749612,0.8919150322415255,0.0,0.1,0.0,0.0,0.0,0.0,phi_u
narrowband,shield_repair,naive,loo,radioml,13,300,0.98564179826578,0.9856355973543316,0.0,0.06,1,0.0,0.338,26.3,44.40614788639988,0.9256417982657801,0.0,0.06,0.0,0.0,0.0,0.0,phi_u
narrowband,shield_repair,naive,loo,radioml,14,300,0.9903096463777765,0.983552693888572,0.0,0.03666666666666667,1,0.0,0.35133333333333333,26.336666666666666,42.699164678777294,0.9536429797111098,0.0,0.03666666666666667,0.0,0.0,0.0,0.0,phi_u
wideband,shield_repair,naive,loo,radioml,0,300,0.8703061458387761,0.5087141755341426,0.0,0.2833333333333333,2,0.0,0.348,27.733333333333334,39.9977883735229,0.5869728125054428,0.0,0.27666666666666667,0.0,0.0,0.0,0.006666666666666667,phi_u
wideband,shield_repair,naive,loo,radioml,1,300,0.850513884526229,0.0016295236469301092,0.0,0.21333333333333335,2,0.0,0.36933333333333335,27.303333333333335,37.05027810211773,0.6371805511928956,0.0,0.21333333333333335,0.0,0.0,0.0,0.0,phi_u
wideband,shield_repair,naive,loo,radioml,2,300,0.8509683778587214,0.00019889108651828776,0.0,0.18333333333333332,1,0.0,0.3546666666666667,27.456666666666667,43.48102483704474,0.6676350445253882,0.0,0.18333333333333332,0.0,0.0,0.0,0.0,phi_u
wideband,shield_repair,naive,loo,radioml,3,300,0.8649437225055211,0.01762021334423635,0.0,0.17666666666666667,2,0.0,0.36666666666666664,27.51,40.30902050708833,0.6882770558388546,0.0,0.17666666666666667,0.0,0.0,0.0,0.0,phi_u
wideband,shield_repair,naive,loo,radioml,4,300,0.8459327481549885,0.0010804726405048803,0.0,0.18,1,0.0,0.36933333333333335,27.626666666666665,46.40602463184592,0.6659327481549887,0.0,0.18,0.0,0.0,0.0,0.0,phi_u
wideband,shield_repair,naive,loo,radioml,5,300,0.8512290216737763,0.002735546885924609,0.0,0.18333333333333332,4,0.0,0.38133333333333336,27.43,43.06996702830009,0.667895688340443,0.0,0.18333333333333332,0.0,0.0,0.0,0.0,phi_u
wideband,shield_repair,naive,loo,radioml,6,300,0.8552559171608682,0.14467778518026198,0.0,0.13333333333333333,5,0.0,0.3466666666666667,27.506666666666668,39.17975091628915,0.7219225838275349,0.0,0.13333333333333333,0.0,0.0,0.0,0.0,phi_u
wideband,shield_repair,naive,loo,radioml,7,300,0.8613675992091997,0.009770830350662257,0.0,0.15666666666666668,5,0.0,0.368,27.386666666666667,40.85204150970383,0.704700932542533,0.0,0.15666666666666668,0.0,0.0,0.0,0.0,phi_u
wideband,shield_repair,naive,loo,radioml,8,300,0.8493018818454416,0.0011575077706616822,0.0,0.20333333333333334,1,0.0,0.36666666666666664,27.573333333333334,40.9050066751721,0.6459685485121084,0.0,0.20333333333333334,0.0,0.0,0.0,0.0,phi_u
wideband,shield_repair,naive,loo,radioml,9,300,0.8208631525544833,0.008332622090259697,0.0,0.12,1,0.0,0.368,27.43,46.80946132682445,0.7008631525544833,0.0,0.12,0.0,0.0,0.0,0.0,phi_u
wideband,shield_repair,naive,loo,radioml,10,300,0.865416765293063,0.36548062465329895,0.0,0.16333333333333333,2,0.0,0.358,27.78,41.36353877094813,0.7020834319597297,0.0,0.16333333333333333,0.0,0.0,0.0,0.0,phi_u
wideband,shield_repair,naive,loo,radioml,11,300,0.8415659659167847,0.0006834206872023521,0.0,0.22666666666666666,1,0.0,0.36866666666666664,27.346666666666668,41.85966639421311,0.614899299250118,0.0,0.22666666666666666,0.0,0.0,0.0,0.0,phi_u
wideband,shield_repair,naive,loo,radioml,12,300,0.858970380754858,0.32021813047987474,0.0,0.17666666666666667,1,0.0,0.358,27.48,42.02446242716481,0.6823037140881912,0.0,0.17666666666666667,0.0,0.0,0.0,0.0,phi_u
wideband,shield_repair,naive,loo,radioml,13,300,0.8303839089035951,0.0009623665960535223,0.0,0.13666666666666666,2,0.0,0.3506666666666667,27.506666666666668,44.40803910215837,0.6937172422369285,0.0,0.13666666666666666,0.0,0.0,0.0,0.0,phi_u
wideband,shield_repair,naive,loo,radioml,14,300,0.8273172028736483,0.00024049137314473032,0.0,0.09333333333333334,10,0.0,0.36733333333333335,27.43,42.70170551660592,0.733983869540315,0.0,0.09333333333333334,0.0,0.0,0.0,0.0,phi_u
bursty,shield_repair,naive,loo,radioml,0,300,0.98383188848764,0.9635848677374804,0.0,0.02666666666666667,1,0.0,0.356,25.216666666666665,41.133461306320285,0.9571652218209734,0.0,0.02666666666666667,0.0,0.0,0.0,0.0,phi_u
bursty,shield_repair,naive,loo,radioml,1,300,0.9854698370714294,0.9739321510045325,0.0,0.05,1,0.0,0.34933333333333333,25.226666666666667,39.13216416908098,0.9354698370714294,0.0,0.05,0.0,0.0,0.0,0.0,phi_u
bursty,shield_repair,naive,loo,radioml,2,300,0.9821167256207666,0.9739261131144783,0.0,0.056666666666666664,1,0.0,0.354,25.05,39.75045022168684,0.9254500589540998,0.0,0.056666666666666664,0.0,0.0,0.0,0.0,phi_u
bursty,shield_repair,naive,loo,radioml,3,300,0.9760463871683432,0.9660452668329287,0.0,0.03,1,0.0,0.3373333333333333,25.05,40.20889775960902,0.946046387168343,0.0,0.03,0.0,0.0,0.0,0.0,phi_u
bursty,shield_repair,naive,loo,radioml,4,300,0.9834374368051473,0.9732962805005642,0.0,0.03,1,0.0,0.3486666666666667,25.276666666666667,43.74443957306365,0.9534374368051473,0.0,0.03,0.0,0.0,0.0,0.0,phi_u
bursty,shield_repair,naive,loo,radioml,5,300,0.9815874147539275,0.973644273403568,0.0,0.03333333333333333,4,0.0,0.37666666666666665,25.303333333333335,39.516807834867095,0.9482540814205942,0.0,0.03333333333333333,0.0,0.0,0.0,0.0,phi_u
bursty,shield_repair,naive,loo,radioml,6,300,0.9785747674206308,0.9660388049287939,0.0,0.013333333333333334,1,0.0,0.358,25.006666666666668,44.141609778843616,0.9652414340872975,0.0,0.013333333333333334,0.0,0.0,0.0,0.0,phi_u
bursty,shield_repair,naive,loo,radioml,7,300,0.9859369343848933,0.9719098444028966,0.0,0.02666666666666667,1,0.0,0.3486666666666667,24.84,38.584934087672174,0.9592702677182267,0.0,0.02666666666666667,0.0,0.0,0.0,0.0,phi_u
bursty,shield_repair,naive,loo,radioml,8,300,0.9857211097648758,0.9738841193148835,0.0,0.016666666666666666,1,0.0,0.3313333333333333,25.123333333333335,41.999813891251875,0.9690544430982091,0.0,0.016666666666666666,0.0,0.0,0.0,0.0,phi_u
bursty,shield_repair,naive,loo,radioml,9,300,0.9826575651234896,0.9665888444487107,0.0,0.05333333333333334,1,0.0,0.33666666666666667,24.89666666666667,37.93133120004411,0.9293242317901562,0.0,0.05333333333333334,0.0,0.0,0.0,0.0,phi_u
bursty,shield_repair,naive,loo,radioml,10,300,0.9840931538620513,0.9730377908189588,0.0,0.023333333333333334,1,0.0,0.3526666666666667,25.363333333333333,41.674939669107225,0.960759820528718,0.0,0.023333333333333334,0.0,0.0,0.0,0.0,phi_u
bursty,shield_repair,naive,loo,radioml,11,300,0.985635425739811,0.9715722115976104,0.0,0.023333333333333334,1,0.0,0.34933333333333333,25.05666666666667,39.17436217689289,0.9623020924064777,0.0,0.023333333333333334,0.0,0.0,0.0,0.0,phi_u
bursty,shield_repair,naive,loo,radioml,12,300,0.984729536123795,0.9739793400526598,0.0,0.02666666666666667,1,0.0,0.3506666666666667,25.09,40.657378020719,0.9580628694571283,0.0,0.02666666666666667,0.0,0.0,0.0,0.0,phi_u
bursty,shield_repair,naive,loo,radioml,13,300,0.9829828808413038,0.9719553130553941,0.0,0.013333333333333334,1,0.0,0.3413333333333333,25.133333333333333,40.20239070517481,0.9696495475079704,0.0,0.013333333333333334,0.0,0.0,0.0,0.0,phi_u
bursty,shield_repair,naive,loo,radioml,14,300,0.983231778981283,0.9666061720548949,0.0,0.013333333333333334,1,0.0,0.368,25.143333333333334,38.17567081334196,0.9698984456479497,0.0,0.013333333333333334,0.0,0.0,0.0,0.0,phi_u
backhaul,shield_repair,naive,loo,radioml,0,300,0.9586022175280378,0.9139616774358239,0.0,0.13333333333333333,1,0.0,0.39066666666666666,25.75,39.148909686996255,0.8252688841947046,0.0,0.13333333333333333,0.0,0.0,0.0,0.0,phi_u
backhaul,shield_repair,naive,loo,radioml,1,300,0.9585958935979907,0.8960798632382777,0.0,0.05333333333333334,1,0.0,0.4126666666666667,25.906666666666666,37.538589514418774,0.9052625602646571,0.0,0.05333333333333334,0.0,0.0,0.0,0.0,phi_u
backhaul,shield_repair,naive,loo,radioml,2,300,0.9563890380872897,0.8960799623070069,0.0,0.09333333333333334,1,0.0,0.41333333333333333,25.873333333333335,43.436739347700886,0.8630557047539563,0.0,0.09333333333333334,0.0,0.0,0.0,0.0,phi_u
backhaul,shield_repair,naive,loo,radioml,3,300,0.9563437793632283,0.9139391285613192,0.0,0.09,1,0.0,0.396,25.88,39.61756120894805,0.8663437793632284,0.0,0.09,0.0,0.0,0.0,0.0,phi_u
backhaul,shield_repair,naive,loo,radioml,4,300,0.9570207238565448,0.910747864059676,0.0,0.07333333333333333,1,0.0,0.4166666666666667,26.053333333333335,41.25454998581056,0.8836873905232113,0.0,0.07333333333333333,0.0,0.0,0.0,0.0,phi_u
backhaul,shield_repair,naive,loo,radioml,5,300,0.9561596264808411,0.9135278564925859,0.0,0.07,1,0.0,0.3933333333333333,25.656666666666666,43.539279047326886,0.886159626480841,0.0,0.07,0.0,0.0,0.0,0.0,phi_u
backhaul,shield_repair,naive,loo,radioml,6,300,0.9561904825986077,0.9072190749087602,0.0,0.07333333333333333,1,0.0,0.394,26.086666666666666,43.57745723584043,0.8828571492652744,0.0,0.07333333333333333,0.0,0.0,0.0,0.0,phi_u
backhaul,shield_repair,naive,loo,radioml,7,300,0.9584074483721315,0.8960796630872903,0.0,0.04666666666666667,1,0.0,0.4073333333333333,25.71,42.861864840445264,0.9117407817054648,0.0,0.04666666666666667,0.0,0.0,0.0,0.0,phi_u
backhaul,shield_repair,naive,loo,radioml,8,300,0.9561188633869561,0.91391334267676,0.0,0.056666666666666664,1,0.0,0.4053333333333333,25.876666666666665,41.08036337526748,0.8994521967202894,0.0,0.056666666666666664,0.0,0.0,0.0,0.0,phi_u
backhaul,shield_repair,naive,loo,radioml,9,300,0.9586500986029262,0.8960799798715434,0.0,0.1,2,0.0,0.37466666666666665,25.73,38.53838964321232,0.858650098602926,0.0,0.1,0.0,0.0,0.0,0.0,phi_u
backhaul,shield_repair,naive,loo,radioml,10,300,0.9567627185271772,0.9133528014436568,0.0,0.04,1,0.0,0.38866666666666666,26.21,38.962143148462296,0.916762718527177,0.0,0.04,0.0,0.0,0.0,0.0,phi_u
backhaul,shield_repair,naive,loo,radioml,11,300,0.9582358260290444,0.9129807421487477,0.0,0.013333333333333334,1,0.0,0.41,25.593333333333334,39.410714231002125,0.9449024926957111,0.0,0.013333333333333334,0.0,0.0,0.0,0.0,phi_u
backhaul,shield_repair,naive,loo,radioml,12,300,0.9533418781951042,0.9135609216016302,0.0,0.056666666666666664,1,0.0,0.37666666666666665,26.013333333333332,39.94007855649298,0.8966752115284375,0.0,0.056666666666666664,0.0,0.0,0.0,0.0,phi_u
backhaul,shield_repair,naive,loo,radioml,13,300,0.9583418224539749,0.9129079638171657,0.0,0.08666666666666667,1,0.0,0.398,25.89666666666667,40.96057660520369,0.8716751557873083,0.0,0.08666666666666667,0.0,0.0,0.0,0.0,phi_u
backhaul,shield_repair,naive,loo,radioml,14,300,0.956505662662361,0.9139431651657652,0.0,0.08,1,0.0,0.4126666666666667,25.993333333333332,41.4265816351268,0.8765056626623611,0.0,0.08,0.0,0.0,0.0,0.0,phi_u
compromised_xapp,shield_repair,naive,loo,radioml,0,300,0.9909157927914397,0.9739998847278607,0.0,0.17666666666666667,1,0.0,0.47,26.833333333333332,41.248406191752146,0.8142491261247731,0.0,0.06666666666666667,0.12666666666666668,0.0,0.0,0.0,phi_u
compromised_xapp,shield_repair,naive,loo,radioml,1,300,0.991060798592659,0.9739582591099833,0.0,0.14333333333333334,1,0.0,0.46066666666666667,26.516666666666666,39.53399241716144,0.8477274652593257,0.0,0.04,0.10333333333333333,0.0,0.0,0.0,phi_u
compromised_xapp,shield_repair,naive,loo,radioml,2,300,0.9902232146491391,0.9739990545059191,0.0,0.18333333333333332,1,0.0,0.49,26.823333333333334,44.13038365997444,0.8068898813158057,0.0,0.10333333333333333,0.08666666666666667,0.0,0.0,0.0,phi_u
compromised_xapp,shield_repair,naive,loo,radioml,3,300,0.991194607710493,0.9739975990393982,0.0,0.15,1,0.0,0.484,26.9,41.70703841978707,0.8411946077104929,0.0,0.07333333333333333,0.08333333333333333,0.0,0.0,0.0,phi_u
compromised_xapp,shield_repair,naive,loo,radioml,4,300,0.9914801061553373,0.9748318421191194,0.0,0.19,1,0.0,0.47533333333333333,26.793333333333333,40.436011617719785,0.8014801061553374,0.0,0.10333333333333333,0.1,0.0,0.0,0.0,phi_u
compromised_xapp,shield_repair,naive,loo,radioml,5,300,0.9910840670812628,0.9739999989600181,0.0,0.13,1,0.0,0.478,26.816666666666666,43.26681634546129,0.8610840670812627,0.0,0.02666666666666667,0.10333333333333333,0.0,0.0,0.0,phi_u
compromised_xapp,shield_repair,naive,loo,radioml,6,300,0.9915893434902443,0.9739804614860734,0.0,0.19333333333333333,1,0.0,0.46,26.863333333333333,43.29006586627735,0.7982560101569111,0.0,0.08333333333333333,0.12333333333333334,0.0,0.0,0.0,phi_u
compromised_xapp,shield_repair,naive,loo,radioml,7,300,0.9919706226042696,0.9750845083194541,0.0,0.16333333333333333,1,0.0,0.4666666666666667,26.913333333333334,39.64877545446947,0.8286372892709363,0.0,0.043333333333333335,0.12333333333333334,0.0,0.0,0.0,phi_u
compromised_xapp,shield_repair,naive,loo,radioml,8,300,0.9907921914528168,0.9739756675093415,0.0,0.21666666666666667,1,0.0,0.464,26.886666666666667,39.20189281337173,0.77412552478615,0.0,0.12333333333333334,0.12333333333333334,0.0,0.0,0.0,phi_u
compromised_xapp,shield_repair,naive,loo,radioml,9,300,0.9913524268750367,0.9739999274472857,0.0,0.20666666666666667,1,0.0,0.48733333333333334,26.68,41.78970312413533,0.7846857602083699,0.0,0.11333333333333333,0.11333333333333333,0.0,0.0,0.0,phi_u
compromised_xapp,shield_repair,naive,loo,radioml,10,300,0.9913628175244514,0.9739974664519352,0.0,0.16,1,0.0,0.48,27.153333333333332,43.89536628919334,0.8313628175244513,0.0,0.05,0.11666666666666667,0.0,0.0,0.0,phi_u
compromised_xapp,shield_repair,naive,loo,radioml,11,300,0.9889732472001546,0.9739999184590586,0.0,0.16333333333333333,1,0.0,0.4706666666666667,26.743333333333332,40.52842617361668,0.8256399138668211,0.0,0.06333333333333334,0.1,0.0,0.0,0.0,phi_u
compromised_xapp,shield_repair,naive,loo,radioml,12,300,0.9918211682407662,0.9809917934482172,0.0,0.15,1,0.0,0.466,26.83,38.62713267393605,0.8418211682407662,0.0,0.07,0.08333333333333333,0.0,0.0,0.0,phi_u
compromised_xapp,shield_repair,naive,loo,radioml,13,300,0.9889017372639969,0.9739981885644363,0.0,0.17666666666666667,1,0.0,0.4786666666666667,26.566666666666666,38.09070278257819,0.8122350705973302,0.0,0.08333333333333333,0.11333333333333333,0.0,0.0,0.0,phi_u
compromised_xapp,shield_repair,naive,loo,radioml,14,300,0.9910790454987943,0.9739994193434081,0.0,0.23,1,0.0,0.474,26.69,38.046963699901475,0.7610790454987943,0.0,0.11666666666666667,0.12333333333333334,0.0,0.0,0.0,phi_u
compound,shield_repair,naive,loo,radioml,0,300,0.9308247579565735,0.7510880377962541,0.0,0.36,1,0.0,0.5233333333333333,27.44333333333333,39.12806453936193,0.5708247579565734,0.0,0.08666666666666667,0.32666666666666666,0.0,0.0,0.0,phi_u
compound,shield_repair,naive,loo,radioml,1,300,0.9402578019851611,0.8591731637175003,0.0,0.4,1,0.0,0.5553333333333333,27.39666666666667,40.00036672305093,0.540257801985161,0.0,0.056666666666666664,0.37,0.0,0.0,0.0,phi_u
compound,shield_repair,naive,loo,radioml,2,300,0.9318622943078017,0.7767294945547761,0.0,0.4066666666666667,1,0.0,0.5386666666666666,27.65,43.90709658433009,0.5251956276411349,0.0,0.07333333333333333,0.36,0.0,0.0,0.006666666666666667,phi_u
compound,shield_repair,naive,loo,radioml,3,300,0.9193675245077191,0.7145437591301826,0.0,0.39,1,0.0,0.5373333333333333,27.346666666666668,39.01163691899736,0.5293675245077191,0.0,0.11666666666666667,0.32666666666666666,0.0,0.0,0.0,phi_u
compound,shield_repair,naive,loo,radioml,4,300,0.9254897845107078,0.7774755537753382,0.0,0.4166666666666667,2,0.0,0.5326666666666666,27.366666666666667,36.846236270066534,0.5088231178440412,0.0,0.16333333333333333,0.34,0.0,0.0,0.0,phi_u
compound,shield_repair,naive,loo,radioml,5,300,0.9421028038379375,0.8603082979459079,0.0,0.39,1,0.0,0.5413333333333333,27.436666666666667,35.70735269135838,0.5521028038379376,0.0,0.18,0.2966666666666667,0.0,0.0,0.0,phi_u
compound,shield_repair,naive,loo,radioml,6,300,0.9206809205943036,0.7111059790997482,0.0,0.43333333333333335,1,0.0,0.5366666666666666,27.593333333333334,43.97438973901479,0.4873475872609704,0.0,0.16333333333333333,0.3466666666666667,0.0,0.0,0.0,phi_u
compound,shield_repair,naive,loo,radioml,7,300,0.9275740367015294,0.7613880105085533,0.0,0.3933333333333333,1,0.0,0.5333333333333333,27.533333333333335,43.76354478134183,0.5342407033681961,0.0,0.13666666666666666,0.31666666666666665,0.0,0.0,0.0,phi_u
compound,shield_repair,naive,loo,radioml,8,300,0.9255592379823921,0.7511996826759803,0.0,0.44666666666666666,2,0.0,0.56,27.513333333333332,42.165643195600076,0.4788925713157255,0.0,0.2,0.33666666666666667,0.0,0.0,0.0,phi_u
compound,shield_repair,naive,loo,radioml,9,300,0.9258896252672597,0.7794057454267126,0.0,0.4166666666666667,1,0.0,0.5513333333333333,27.453333333333333,39.44267154104493,0.5092229586005931,0.0,0.13333333333333333,0.38,0.0,0.0,0.0,phi_u
compound,shield_repair,naive,loo,radioml,10,300,0.9285561088797033,0.7703550771602847,0.0,0.4066666666666667,1,0.0,0.55,27.46,39.81391400895546,0.5218894422130366,0.0,0.1,0.33,0.0,0.0,0.0,phi_u
compound,shield_repair,naive,loo,radioml,11,300,0.934984134095812,0.7771131925832386,0.0,0.44,1,0.0,0.53,27.483333333333334,45.25185702213723,0.4949841340958121,0.0,0.13666666666666666,0.36666666666666664,0.0,0.0,0.0,phi_u
compound,shield_repair,naive,loo,radioml,12,300,0.9188329438503471,0.7709647209463805,0.0,0.35,1,0.0,0.5213333333333333,27.5,42.19453918522085,0.5688329438503472,0.0,0.08,0.29,0.0,0.0,0.0,phi_u
compound,shield_repair,naive,loo,radioml,13,300,0.921612688904256,0.7778823610578981,0.0,0.41,3,0.0,0.5573333333333333,27.406666666666666,41.16368798521557,0.5116126889042559,0.0,0.11333333333333333,0.34,0.0,0.0,0.0,phi_u
compound,shield_repair,naive,loo,radioml,14,300,0.9193117518443021,0.70785556379605,0.0,0.5033333333333333,2,0.0,0.538,27.52,43.81898526078779,0.4159784185109688,0.0,0.19,0.37666666666666665,0.0,0.0,0.0,phi_u
narrowband,shield_repair,naive,loo,radioml,0,300,0.9879592686027913,0.9781334226143324,0.0,0.09,1,0.0,0.33866666666666667,26.376666666666665,39.384161399743356,0.8979592686027913,0.0,0.09,0.0,0.0,0.0,0.0,phi_pol
narrowband,shield_repair,naive,loo,radioml,1,300,0.9919748535714139,0.9862040077432356,0.0,0.07,1,0.0,0.3526666666666667,26.116666666666667,37.047020273997454,0.921974853571414,0.0,0.07,0.0,0.0,0.0,0.0,phi_pol
narrowband,shield_repair,naive,loo,radioml,2,300,0.9917386442042933,0.986216833923414,0.0,0.08666666666666667,1,0.0,0.3433333333333333,26.516666666666666,43.477845856006226,0.9050719775376266,0.0,0.08666666666666667,0.0,0.0,0.0,0.0,phi_pol
narrowband,shield_repair,naive,loo,radioml,3,300,0.9913094631734024,0.9740378726870449,0.0,0.08,1,0.0,0.34933333333333333,26.293333333333333,40.222933489860175,0.9113094631734024,0.0,0.08,0.0,0.0,0.0,0.0,phi_pol
narrowband,shield_repair,naive,loo,radioml,4,300,0.9913785826992142,0.9828326994417224,0.0,0.05333333333333334,1,0.0,0.35533333333333333,26.436666666666667,43.81480587817549,0.9380452493658809,0.0,0.05333333333333334,0.0,0.0,0.0,0.0,phi_pol
narrowband,shield_repair,naive,loo,radioml,5,300,0.9913751484815786,0.9739999750442907,0.0,0.07,1,0.0,0.364,26.22,42.97830657562457,0.9213751484815785,0.0,0.07,0.0,0.0,0.0,0.0,phi_pol
narrowband,shield_repair,naive,loo,radioml,6,300,0.9881037584983559,0.9760995643579743,0.0,0.05,1,0.0,0.3313333333333333,26.336666666666666,39.176749180916616,0.9381037584983558,0.0,0.05,0.0,0.0,0.0,0.0,phi_pol
narrowband,shield_repair,naive,loo,radioml,7,300,0.991855894290604,0.9860873959933631,0.0,0.07666666666666666,1,0.0,0.35333333333333333,26.54,40.84516121912245,0.9151892276239373,0.0,0.07666666666666666,0.0,0.0,0.0,0.0,phi_pol
narrowband,shield_repair,naive,loo,radioml,8,300,0.9913994329883754,0.9739998467528639,0.0,0.08,1,0.0,0.3506666666666667,26.413333333333334,40.84265473396387,0.9113994329883754,0.0,0.08,0.0,0.0,0.0,0.0,phi_pol
narrowband,shield_repair,naive,loo,radioml,9,300,0.9914299924921931,0.9813884458287413,0.0,0.06,1,0.0,0.34933333333333333,26.37,46.80636337569092,0.9314299924921932,0.0,0.06,0.0,0.0,0.0,0.0,phi_pol
narrowband,shield_repair,naive,loo,radioml,10,300,0.9913774634717455,0.9739999138207099,0.0,0.06,1,0.0,0.3486666666666667,26.56,41.32939903684903,0.9313774634717453,0.0,0.06,0.0,0.0,0.0,0.0,phi_pol
narrowband,shield_repair,naive,loo,radioml,11,300,0.9902556292311613,0.9800175783162567,0.0,0.08333333333333333,1,0.0,0.34933333333333333,26.27,41.856959715189426,0.9069222958978279,0.0,0.08333333333333333,0.0,0.0,0.0,0.0,phi_pol
narrowband,shield_repair,naive,loo,radioml,12,300,0.9919150322415256,0.9873331192776016,0.0,0.1,1,0.0,0.348,26.593333333333334,42.01634319749612,0.8919150322415255,0.0,0.1,0.0,0.0,0.0,0.0,phi_pol
narrowband,shield_repair,naive,loo,radioml,13,300,0.98564179826578,0.9856355973543316,0.0,0.06,1,0.0,0.33666666666666667,26.3,44.40614788639988,0.9256417982657801,0.0,0.06,0.0,0.0,0.0,0.0,phi_pol
narrowband,shield_repair,naive,loo,radioml,14,300,0.9903096463777765,0.983552693888572,0.0,0.03666666666666667,1,0.0,0.3506666666666667,26.336666666666666,42.699164678777294,0.9536429797111098,0.0,0.03666666666666667,0.0,0.0,0.0,0.0,phi_pol
wideband,shield_repair,naive,loo,radioml,0,300,0.8703061458387761,0.5087141755341426,0.0,0.2833333333333333,2,0.0,0.3473333333333333,27.733333333333334,39.9977883735229,0.5869728125054428,0.0,0.27666666666666667,0.0,0.0,0.0,0.006666666666666667,phi_pol
wideband,shield_repair,naive,loo,radioml,1,300,0.8519970471049028,0.0016295236469301092,0.0,0.21,2,0.0,0.36466666666666664,27.293333333333333,37.05027810211773,0.6419970471049028,0.0,0.21,0.0,0.0,0.0,0.0,phi_pol
wideband,shield_repair,naive,loo,radioml,2,300,0.8509683778587214,0.00019889108651828776,0.0,0.18333333333333332,1,0.0,0.35,27.456666666666667,43.48102483704474,0.6676350445253882,0.0,0.18333333333333332,0.0,0.0,0.0,0.0,phi_pol
wideband,shield_repair,naive,loo,radioml,3,300,0.8649437225055211,0.01762021334423635,0.0,0.17666666666666667,2,0.0,0.3626666666666667,27.51,40.30902050708833,0.6882770558388546,0.0,0.17666666666666667,0.0,0.0,0.0,0.0,phi_pol
wideband,shield_repair,naive,loo,radioml,4,300,0.8459327481549885,0.0010804726405048803,0.0,0.18,1,0.0,0.36533333333333334,27.626666666666665,46.40602463184592,0.6659327481549887,0.0,0.18,0.0,0.0,0.0,0.0,phi_pol
wideband,shield_repair,naive,loo,radioml,5,300,0.8512290216737763,0.002735546885924609,0.0,0.18333333333333332,4,0.0,0.37666666666666665,27.43,43.06996702830009,0.667895688340443,0.0,0.18333333333333332,0.0,0.0,0.0,0.0,phi_pol
wideband,shield_repair,naive,loo,radioml,6,300,0.8554543692552806,0.18826267298598237,0.0,0.13333333333333333,5,0.0,0.3426666666666667,27.493333333333332,39.17975091628915,0.7221210359219473,0.0,0.13333333333333333,0.0,0.0,0.0,0.0,phi_pol
wideband,shield_repair,naive,loo,radioml,7,300,0.8645625616284387,0.009770830350662257,0.0,0.15666666666666668,2,0.0,0.364,27.386666666666667,40.85204150970383,0.707895894961772,0.0,0.15666666666666668,0.0,0.0,0.0,0.0,phi_pol
wideband,shield_repair,naive,loo,radioml,8,300,0.8493018818454416,0.0011575077706616822,0.0,0.20333333333333334,1,0.0,0.3626666666666667,27.573333333333334,40.9050066751721,0.6459685485121084,0.0,0.20333333333333334,0.0,0.0,0.0,0.0,phi_pol
wideband,shield_repair,naive,loo,radioml,9,300,0.8211953277359199,0.008332622090259697,0.0,0.12,1,0.0,0.36,27.416666666666668,46.80946132682445,0.7011953277359199,0.0,0.12,0.0,0.0,0.0,0.0,phi_pol
wideband,shield_repair,naive,loo,radioml,10,300,0.865416765293063,0.36548062465329895,0.0,0.16333333333333333,2,0.0,0.35533333333333333,27.78,41.36353877094813,0.7020834319597297,0.0,0.16333333333333333,0.0,0.0,0.0,0.0,phi_pol
wideband,shield_repair,naive,loo,radioml,11,300,0.8415659659167847,0.0006834206872023521,0.0,0.22666666666666666,1,0.0,0.36333333333333334,27.346666666666668,41.85966639421311,0.614899299250118,0.0,0.22666666666666666,0.0,0.0,0.0,0.0,phi_pol
wideband,shield_repair,naive,loo,radioml,12,300,0.858970380754858,0.32021813047987474,0.0,0.17666666666666667,1,0.0,0.35533333333333333,27.48,42.02446242716481,0.6823037140881912,0.0,0.17666666666666667,0.0,0.0,0.0,0.0,phi_pol
wideband,shield_repair,naive,loo,radioml,13,300,0.8303839089035951,0.0009623665960535223,0.0,0.13666666666666666,2,0.0,0.3453333333333333,27.506666666666668,44.40803910215837,0.6937172422369285,0.0,0.13666666666666666,0.0,0.0,0.0,0.0,phi_pol
wideband,shield_repair,naive,loo,radioml,14,300,0.8273172028736483,0.00024049137314473032,0.0,0.09333333333333334,10,0.0,0.3626666666666667,27.43,42.70170551660592,0.733983869540315,0.0,0.09333333333333334,0.0,0.0,0.0,0.0,phi_pol
bursty,shield_repair,naive,loo,radioml,0,300,0.98383188848764,0.9635848677374804,0.0,0.02666666666666667,1,0.0,0.3546666666666667,25.216666666666665,41.133461306320285,0.9571652218209734,0.0,0.02666666666666667,0.0,0.0,0.0,0.0,phi_pol
bursty,shield_repair,naive,loo,radioml,1,300,0.9854698370714294,0.9739321510045325,0.0,0.05,1,0.0,0.3486666666666667,25.226666666666667,39.13216416908098,0.9354698370714294,0.0,0.05,0.0,0.0,0.0,0.0,phi_pol
bursty,shield_repair,naive,loo,radioml,2,300,0.9821167256207666,0.9739261131144783,0.0,0.056666666666666664,1,0.0,0.354,25.05,39.75045022168684,0.9254500589540998,0.0,0.056666666666666664,0.0,0.0,0.0,0.0,phi_pol
bursty,shield_repair,naive,loo,radioml,3,300,0.9760463871683432,0.9660452668329287,0.0,0.03,1,0.0,0.33666666666666667,25.05,40.20889775960902,0.946046387168343,0.0,0.03,0.0,0.0,0.0,0.0,phi_pol
bursty,shield_repair,naive,loo,radioml,4,300,0.9834374368051473,0.9732962805005642,0.0,0.03,1,0.0,0.348,25.276666666666667,43.74443957306365,0.9534374368051473,0.0,0.03,0.0,0.0,0.0,0.0,phi_pol
bursty,shield_repair,naive,loo,radioml,5,300,0.981341658830309,0.973644273403568,0.0033333333333333335,0.03333333333333333,4,0.0,0.37666666666666665,25.323333333333334,39.516807834867095,0.9480083254969757,0.0,0.03333333333333333,0.0,0.0,0.0,0.0,phi_pol
bursty,shield_repair,naive,loo,radioml,6,300,0.9785747674206308,0.9660388049287939,0.0,0.013333333333333334,1,0.0,0.358,25.006666666666668,44.141609778843616,0.9652414340872975,0.0,0.013333333333333334,0.0,0.0,0.0,0.0,phi_pol
bursty,shield_repair,naive,loo,radioml,7,300,0.9859369343848933,0.9719098444028966,0.0,0.02666666666666667,1,0.0,0.348,24.84,38.584934087672174,0.9592702677182267,0.0,0.02666666666666667,0.0,0.0,0.0,0.0,phi_pol
bursty,shield_repair,naive,loo,radioml,8,300,0.9860594787947919,0.9739191728016291,0.0,0.016666666666666666,1,0.0,0.3313333333333333,25.123333333333335,41.999813891251875,0.9693928121281252,0.0,0.016666666666666666,0.0,0.0,0.0,0.0,phi_pol
bursty,shield_repair,naive,loo,radioml,9,300,0.9826575651234896,0.9665888444487107,0.0,0.05333333333333334,1,0.0,0.33666666666666667,24.89666666666667,37.93133120004411,0.9293242317901562,0.0,0.05333333333333334,0.0,0.0,0.0,0.0,phi_pol
bursty,shield_repair,naive,loo,radioml,10,300,0.9840931538620513,0.9730377908189588,0.0,0.023333333333333334,1,0.0,0.3526666666666667,25.363333333333333,41.674939669107225,0.960759820528718,0.0,0.023333333333333334,0.0,0.0,0.0,0.0,phi_pol
bursty,shield_repair,naive,loo,radioml,11,300,0.985635425739811,0.9715722115976104,0.0,0.023333333333333334,1,0.0,0.348,25.05666666666667,39.17436217689289,0.9623020924064777,0.0,0.023333333333333334,0.0,0.0,0.0,0.0,phi_pol
bursty,shield_repair,naive,loo,radioml,12,300,0.984729536123795,0.9739793400526598,0.0,0.02666666666666667,1,0.0,0.3506666666666667,25.09,40.657378020719,0.9580628694571283,0.0,0.02666666666666667,0.0,0.0,0.0,0.0,phi_pol
bursty,shield_repair,naive,loo,radioml,13,300,0.9829828808413038,0.9719553130553941,0.0,0.013333333333333334,1,0.0,0.3406666666666667,25.133333333333333,40.20239070517481,0.9696495475079704,0.0,0.013333333333333334,0.0,0.0,0.0,0.0,phi_pol
bursty,shield_repair,naive,loo,radioml,14,300,0.983231778981283,0.9666061720548949,0.0,0.013333333333333334,1,0.0,0.36733333333333335,25.143333333333334,38.17567081334196,0.9698984456479497,0.0,0.013333333333333334,0.0,0.0,0.0,0.0,phi_pol
backhaul,shield_repair,naive,loo,radioml,0,300,0.9584288005010899,0.9139614681517627,0.013333333333333334,0.13333333333333333,1,0.0,0.38333333333333336,25.796666666666667,39.14890968700044,0.8250954671677565,0.0,0.13333333333333333,0.0,0.0,0.0,0.0,phi_pol
backhaul,shield_repair,naive,loo,radioml,1,300,0.9584449630340924,0.8960798632382777,0.01,0.04666666666666667,1,0.0,0.40066666666666667,25.86,37.53858889280522,0.9117782963674258,0.0,0.04666666666666667,0.0,0.0,0.0,0.0,phi_pol
backhaul,shield_repair,naive,loo,radioml,2,300,0.9563750427849423,0.8960799623070069,0.016666666666666666,0.09333333333333334,1,0.0,0.4033333333333333,25.876666666666665,43.43673938632367,0.863041709451609,0.0,0.09333333333333334,0.0,0.0,0.0,0.0,phi_pol
backhaul,shield_repair,naive,loo,radioml,3,300,0.956343835504243,0.9139391285613192,0.0,0.09,1,0.0,0.3933333333333333,25.863333333333333,39.61756120894614,0.866343835504243,0.0,0.09,0.0,0.0,0.0,0.0,phi_pol
backhaul,shield_repair,naive,loo,radioml,4,300,0.9567307317591152,0.8960797939106746,0.016666666666666666,0.08,1,0.0,0.406,26.10333333333333,41.254549986111556,0.8767307317591152,0.0,0.08,0.0,0.0,0.0,0.0,phi_pol
backhaul,shield_repair,naive,loo,radioml,5,300,0.9561045422589923,0.9135246677329358,0.006666666666666667,0.07333333333333333,1,0.0,0.38666666666666666,25.68,43.539922906116104,0.8827712089256591,0.0,0.07333333333333333,0.0,0.0,0.0,0.0,phi_pol
backhaul,shield_repair,naive,loo,radioml,6,300,0.95618763400176,0.9072190749087602,0.01,0.07333333333333333,1,0.0,0.38666666666666666,26.09,43.57745723584043,0.8828543006684267,0.0,0.07333333333333333,0.0,0.0,0.0,0.0,phi_pol
backhaul,shield_repair,naive,loo,radioml,7,300,0.9582108382144395,0.8960795811657873,0.023333333333333334,0.05,1,0.0,0.40066666666666667,25.723333333333333,42.86186484044584,0.9082108382144395,0.0,0.05,0.0,0.0,0.0,0.0,phi_pol
backhaul,shield_repair,naive,loo,radioml,8,300,0.956045716949247,0.913790846266957,0.013333333333333334,0.05333333333333334,1,0.0,0.39866666666666667,25.856666666666666,41.08032079099369,0.9027123836159138,0.0,0.05333333333333334,0.0,0.0,0.0,0.0,phi_pol
backhaul,shield_repair,naive,loo,radioml,9,300,0.9587218885001312,0.8998253119973745,0.016666666666666666,0.09666666666666666,2,0.0,0.36666666666666664,25.7,38.538222225136096,0.8620552218334645,0.0,0.09666666666666666,0.0,0.0,0.0,0.0,phi_pol
backhaul,shield_repair,naive,loo,radioml,10,300,0.9568252643871837,0.9135322872825986,0.006666666666666667,0.04,1,0.0,0.386,26.206666666666667,38.96214314846544,0.9168252643871837,0.0,0.04,0.0,0.0,0.0,0.0,phi_pol
backhaul,shield_repair,naive,loo,radioml,11,300,0.9582955153627988,0.9133664607018216,0.01,0.016666666666666666,1,0.0,0.4053333333333333,25.616666666666667,39.410714256935876,0.9416288486961321,0.0,0.016666666666666666,0.0,0.0,0.0,0.0,phi_pol
backhaul,shield_repair,naive,loo,radioml,12,300,0.9532724139378889,0.9125982723260606,0.016666666666666666,0.056666666666666664,1,0.0,0.368,26.036666666666665,39.94007855649308,0.8966057472712221,0.0,0.056666666666666664,0.0,0.0,0.0,0.0,phi_pol
backhaul,shield_repair,naive,loo,radioml,13,300,0.9583310910190981,0.9131172414073544,0.013333333333333334,0.08666666666666667,1,0.0,0.3873333333333333,25.913333333333334,40.96057660680992,0.8716644243524312,0.0,0.08666666666666667,0.0,0.0,0.0,0.0,phi_pol
backhaul,shield_repair,naive,loo,radioml,14,300,0.9564946245136976,0.9139260473899988,0.0033333333333333335,0.08333333333333333,1,0.0,0.406,26.01,41.426581550925114,0.8731612911803645,0.0,0.08333333333333333,0.0,0.0,0.0,0.0,phi_pol
compromised_xapp,shield_repair,naive,loo,radioml,0,300,0.9909157927914397,0.9739998847278607,0.0,0.17666666666666667,1,0.0,0.47,26.833333333333332,41.248406191752146,0.8142491261247731,0.0,0.06666666666666667,0.12666666666666668,0.0,0.0,0.0,phi_pol
compromised_xapp,shield_repair,naive,loo,radioml,1,300,0.991060798592659,0.9739582591099833,0.0,0.14333333333333334,1,0.0,0.46066666666666667,26.516666666666666,39.53399241716144,0.8477274652593257,0.0,0.04,0.10333333333333333,0.0,0.0,0.0,phi_pol
compromised_xapp,shield_repair,naive,loo,radioml,2,300,0.9902232146491391,0.9739990545059191,0.0,0.18333333333333332,1,0.0,0.49,26.823333333333334,44.13038365997444,0.8068898813158057,0.0,0.10333333333333333,0.08666666666666667,0.0,0.0,0.0,phi_pol
compromised_xapp,shield_repair,naive,loo,radioml,3,300,0.991194607710493,0.9739975990393982,0.0,0.15,1,0.0,0.484,26.9,41.70703841978707,0.8411946077104929,0.0,0.07333333333333333,0.08333333333333333,0.0,0.0,0.0,phi_pol
compromised_xapp,shield_repair,naive,loo,radioml,4,300,0.9914801061553373,0.9748318421191194,0.0,0.19,1,0.0,0.47533333333333333,26.793333333333333,40.436011617719785,0.8014801061553374,0.0,0.10333333333333333,0.1,0.0,0.0,0.0,phi_pol
compromised_xapp,shield_repair,naive,loo,radioml,5,300,0.9910841583671758,0.9739999989600181,0.0,0.13,1,0.0,0.4766666666666667,26.816666666666666,43.26681634546129,0.8610841583671758,0.0,0.02666666666666667,0.10333333333333333,0.0,0.0,0.0,phi_pol
compromised_xapp,shield_repair,naive,loo,radioml,6,300,0.9915893434902443,0.9739804614860734,0.0,0.19333333333333333,1,0.0,0.46,26.863333333333333,43.29006586627735,0.7982560101569111,0.0,0.08333333333333333,0.12333333333333334,0.0,0.0,0.0,phi_pol
compromised_xapp,shield_repair,naive,loo,radioml,7,300,0.9919706226042696,0.9750845083194541,0.0,0.16333333333333333,1,0.0,0.4666666666666667,26.913333333333334,39.64877545446947,0.8286372892709363,0.0,0.043333333333333335,0.12333333333333334,0.0,0.0,0.0,phi_pol
compromised_xapp,shield_repair,naive,loo,radioml,8,300,0.9907921914528168,0.9739756675093415,0.0,0.21666666666666667,1,0.0,0.464,26.886666666666667,39.20189281337173,0.77412552478615,0.0,0.12333333333333334,0.12333333333333334,0.0,0.0,0.0,phi_pol
compromised_xapp,shield_repair,naive,loo,radioml,9,300,0.9913524268750367,0.9739999274472857,0.0,0.20666666666666667,1,0.0,0.48733333333333334,26.68,41.78970312413533,0.7846857602083699,0.0,0.11333333333333333,0.11333333333333333,0.0,0.0,0.0,phi_pol
compromised_xapp,shield_repair,naive,loo,radioml,10,300,0.9913628175244514,0.9739974664519352,0.0,0.16,1,0.0,0.47933333333333333,27.153333333333332,43.89536628919334,0.8313628175244513,0.0,0.05,0.11666666666666667,0.0,0.0,0.0,phi_pol
compromised_xapp,shield_repair,naive,loo,radioml,11,300,0.9889732472001546,0.9739999184590586,0.0,0.16333333333333333,1,0.0,0.4706666666666667,26.743333333333332,40.52842617361668,0.8256399138668211,0.0,0.06333333333333334,0.1,0.0,0.0,0.0,phi_pol
compromised_xapp,shield_repair,naive,loo,radioml,12,300,0.9918211682407662,0.9809917934482172,0.0,0.15,1,0.0,0.466,26.83,38.62713267393605,0.8418211682407662,0.0,0.07,0.08333333333333333,0.0,0.0,0.0,phi_pol
compromised_xapp,shield_repair,naive,loo,radioml,13,300,0.9889017372639969,0.9739981885644363,0.0,0.17666666666666667,1,0.0,0.4786666666666667,26.566666666666666,38.09070278257819,0.8122350705973302,0.0,0.08333333333333333,0.11333333333333333,0.0,0.0,0.0,phi_pol
compromised_xapp,shield_repair,naive,loo,radioml,14,300,0.9910790454987943,0.9739994193434081,0.0,0.23,1,0.0,0.474,26.69,38.046963699901475,0.7610790454987943,0.0,0.11666666666666667,0.12333333333333334,0.0,0.0,0.0,phi_pol
compound,shield_repair,naive,loo,radioml,0,300,0.9309734928675184,0.7510880377962541,0.0,0.36,1,0.0,0.512,27.403333333333332,39.12612742649345,0.5709734928675184,0.0,0.08666666666666667,0.32666666666666666,0.0,0.0,0.0,phi_pol
compound,shield_repair,naive,loo,radioml,1,300,0.939724851078852,0.8493069803895733,0.006666666666666667,0.4,1,0.0,0.5426666666666666,27.376666666666665,40.000353418357506,0.5397248510788519,0.0,0.056666666666666664,0.37,0.0,0.0,0.0,phi_pol
compound,shield_repair,naive,loo,radioml,2,300,0.9318855991003723,0.7767294945547761,0.0,0.4033333333333333,1,0.0,0.5306666666666666,27.65,43.90709658433019,0.528552265767039,0.0,0.07333333333333333,0.36,0.0,0.0,0.0,phi_pol
compound,shield_repair,naive,loo,radioml,3,300,0.9191440402229,0.7145437591301826,0.0033333333333333335,0.39,1,0.0,0.528,27.336666666666666,39.011636918995634,0.5291440402229002,0.0,0.11333333333333333,0.32666666666666666,0.0,0.0,0.0,phi_pol
compound,shield_repair,naive,loo,radioml,4,300,0.925366677957962,0.7774755537753382,0.0033333333333333335,0.4166666666666667,2,0.0,0.516,27.366666666666667,36.846236270066534,0.5087000112912953,0.0,0.16333333333333333,0.34,0.0,0.0,0.0,phi_pol
compound,shield_repair,naive,loo,radioml,5,300,0.9409828572711378,0.8599463481969659,0.006666666666666667,0.39,1,0.0,0.5253333333333333,27.433333333333334,35.70735315397076,0.5509828572711378,0.0,0.18,0.2966666666666667,0.0,0.0,0.0,phi_pol
compound,shield_repair,naive,loo,radioml,6,300,0.9209628635420607,0.7111059790997482,0.0,0.43333333333333335,1,0.0,0.5266666666666666,27.583333333333332,43.97390684492288,0.48762953020872735,0.0,0.16,0.3466666666666667,0.0,0.0,0.0,phi_pol
compound,shield_repair,naive,loo,radioml,7,300,0.9279299615628944,0.7613880105085533,0.0,0.3933333333333333,1,0.0,0.5253333333333333,27.536666666666665,43.76354478134183,0.5345966282295613,0.0,0.13666666666666666,0.31666666666666665,0.0,0.0,0.0,phi_pol
compound,shield_repair,naive,loo,radioml,8,300,0.9245684178281132,0.7511996826759803,0.0033333333333333335,0.44666666666666666,3,0.0,0.5466666666666666,27.503333333333334,42.165643195600076,0.47790175116144645,0.0,0.2,0.33666666666666667,0.0,0.0,0.0,phi_pol
compound,shield_repair,naive,loo,radioml,9,300,0.925855429654714,0.7794057454267126,0.0,0.4166666666666667,1,0.0,0.5393333333333333,27.44333333333333,39.44267139971966,0.5091887629880473,0.0,0.13333333333333333,0.38,0.0,0.0,0.0,phi_pol
compound,shield_repair,naive,loo,radioml,10,300,0.9277579045268677,0.7690625843769513,0.0,0.4033333333333333,1,0.0,0.5373333333333333,27.45,39.81376720592993,0.5244245711935343,0.0,0.1,0.32666666666666666,0.0,0.0,0.0,phi_pol
compound,shield_repair,naive,loo,radioml,11,300,0.9349679914578553,0.7706758090235503,0.0,0.44,1,0.0,0.5213333333333333,27.463333333333335,45.251532292564654,0.4949679914578553,0.0,0.13333333333333333,0.36666666666666664,0.0,0.0,0.0,phi_pol
compound,shield_repair,naive,loo,radioml,12,300,0.9193544422914598,0.7786203113283561,0.0,0.35,1,0.0,0.51,27.466666666666665,42.19453918507186,0.5693544422914598,0.0,0.08,0.29,0.0,0.0,0.0,phi_pol
compound,shield_repair,naive,loo,radioml,13,300,0.9208136490139653,0.7600662823436823,0.006666666666666667,0.41,3,0.0,0.544,27.39666666666667,41.16368798521557,0.5108136490139653,0.0,0.11333333333333333,0.34,0.0,0.0,0.0,phi_pol
compound,shield_repair,naive,loo,radioml,14,300,0.9190887335974826,0.6985586935829529,0.0033333333333333335,0.5,2,0.0,0.5246666666666666,27.486666666666668,43.816104367176465,0.4190887335974825,0.0,0.18666666666666668,0.37666666666666665,0.0,0.0,0.0,phi_pol
