scenario,controller,planner,predicate_set,perception,seed,cycles,mean_pdr,p05_pdr,violation_rate_phi,hazard_rate,recovery_cycles,fallback_rate,repair_rate,mean_power_dbm,max_pa_temp_c,mean_reward,h_rf,h_pwr,h_relay,h_part,h_starve,h_therm,bler_slope
narrowband,heuristic,naive,phi,radioml,0,300,0.9770977310891268,0.9400787623595629,0.0,0.0,1,0.0,0.0,26.0,44.16666666666665,0.9770977310891268,0.0,0.0,0.0,0.0,0.0,0.0,0.5
narrowband,heuristic,naive,phi,radioml,1,300,0.977168234410561,0.9357957499474046,0.0,0.0,1,0.0,0.0,26.0,44.16666666666665,0.977168234410561,0.0,0.0,0.0,0.0,0.0,0.0,0.5
narrowband,heuristic,naive,phi,radioml,2,300,0.9766124207437193,0.9364396206843761,0.0,0.0,1,0.0,0.0,26.0,44.16666666666665,0.9766124207437193,0.0,0.0,0.0,0.0,0.0,0.0,0.5
narrowband,heuristic,naive,phi,radioml,3,300,0.9769453085043361,0.9401360858191524,0.0,0.0,1,0.0,0.0,26.0,44.16666666666665,0.9769453085043361,0.0,0.0,0.0,0.0,0.0,0.0,0.5
narrowband,heuristic,naive,phi,radioml,4,300,0.9744448301439964,0.9419172790303951,0.0,0.0,1,0.0,0.0,26.0,44.16666666666665,0.9744448301439964,0.0,0.0,0.0,0.0,0.0,0.0,0.5
narrowband,heuristic,naive,phi,radioml,5,300,0.9768463150909735,0.9350851394717098,0.0,0.0,1,0.0,0.0,26.0,44.16666666666665,0.9768463150909735,0.0,0.0,0.0,0.0,0.0,0.0,0.5
narrowband,heuristic,naive,phi,radioml,6,300,0.976295129304764,0.9378059874512302,0.0,0.0,1,0.0,0.0,26.0,44.16666666666665,0.976295129304764,0.0,0.0,0.0,0.0,0.0,0.0,0.5
narrowband,heuristic,naive,phi,radioml,7,300,0.9772239525389996,0.9395231417988055,0.0,0.0,1,0.0,0.0,26.0,44.16666666666665,0.9772239525389996,0.0,0.0,0.0,0.0,0.0,0.0,0.5
narrowband,heuristic,naive,phi,radioml,8,300,0.9748380473033452,0.9384627974721415,0.0,0.0,1,0.0,0.0,26.0,44.16666666666665,0.9748380473033452,0.0,0.0,0.0,0.0,0.0,0.0,0.5
narrowband,heuristic,naive,phi,radioml,9,300,0.9774529905384789,0.9425077834675368,0.0,0.0,1,0.0,0.0,26.0,44.16666666666665,0.9774529905384789,0.0,0.0,0.0,0.0,0.0,0.0,0.5
narrowband,greedy_twin,naive,phi,radioml,0,300,0.9738498335987026,0.9342885234749017,0.33666666666666667,0.49,1,0.0,0.0,28.36,56.39671493279533,0.4838498335987026,0.13666666666666666,0.3,0.10666666666666667,0.0,0.0,0.21,0.5
narrowband,greedy_twin,naive,phi,radioml,1,300,0.9746270320079594,0.9326303955071176,0.32666666666666666,0.5166666666666667,1,0.0,0.0,28.553333333333335,61.13762368601559,0.45796036534129275,0.11333333333333333,0.30333333333333334,0.07,0.0,0.0,0.2833333333333333,0.5
narrowband,greedy_twin,naive,phi,radioml,2,300,0.9794014559248215,0.9392450279186016,0.3466666666666667,0.5966666666666667,1,0.0,0.0,29.07,56.088706984088134,0.38273478925815485,0.10666666666666667,0.35333333333333333,0.08,0.0,0.0,0.39666666666666667,0.5
narrowband,greedy_twin,naive,phi,radioml,3,300,0.9771593154233122,0.934943181487888,0.36,0.56,1,0.0,0.0,28.883333333333333,57.16239293419336,0.41715931542331236,0.08666666666666667,0.30666666666666664,0.10333333333333333,0.0,0.0,0.3233333333333333,0.5
narrowband,greedy_twin,naive,phi,radioml,4,300,0.9774911986628287,0.9344752309525971,0.35333333333333333,0.51,1,0.0,0.0,28.713333333333335,63.185805904533574,0.4674911986628285,0.10666666666666667,0.2866666666666667,0.12666666666666668,0.0,0.0,0.25,0.5
narrowband,greedy_twin,naive,phi,radioml,5,300,0.976969191117461,0.9307920160655527,0.32666666666666666,0.5033333333333333,1,0.0,0.0,28.376666666666665,52.75307159300175,0.47363585778412776,0.11,0.2833333333333333,0.08333333333333333,0.0,0.0,0.24666666666666667,0.5
narrowband,greedy_twin,naive,phi,radioml,6,300,0.9772378725382388,0.9343636545756401,0.3233333333333333,0.5333333333333333,1,0.0,0.0,29.006666666666668,51.696251412039125,0.44390453920490547,0.1,0.31,0.06,0.0,0.0,0.37,0.5
narrowband,greedy_twin,naive,phi,radioml,7,300,0.9792522804384066,0.9377775937879315,0.39666666666666667,0.61,1,0.0,0.0,29.14666666666667,53.73066368050141,0.3692522804384067,0.13333333333333333,0.3233333333333333,0.09,0.0,0.0,0.4266666666666667,0.5
narrowband,greedy_twin,naive,phi,radioml,8,300,0.975218626939412,0.9264487673500379,0.36,0.5466666666666666,1,0.0,0.0,28.77,52.92670191952058,0.4285519602727453,0.11,0.30333333333333334,0.09333333333333334,0.0,0.0,0.3,0.5
narrowband,greedy_twin,naive,phi,radioml,9,300,0.9767195467591853,0.9343343635706678,0.38666666666666666,0.63,1,0.0,0.0,29.19333333333333,60.098567880034274,0.34671954675918526,0.11,0.32,0.11333333333333333,0.0,0.0,0.42333333333333334,0.5
narrowband,shield_filter,naive,phi,radioml,0,300,0.9616539393498302,0.8930838800641179,0.0,0.11333333333333333,1,0.0033333333333333335,0.0,26.43,39.10168889782028,0.8483206060164968,0.0,0.11333333333333333,0.0,0.0,0.0,0.0,0.5
narrowband,shield_filter,naive,phi,radioml,1,300,0.9641056879465808,0.8910006297230668,0.0,0.12,1,0.0,0.0,26.47,39.873204309036204,0.8441056879465808,0.0,0.12,0.0,0.0,0.0,0.0,0.5
narrowband,shield_filter,naive,phi,radioml,2,300,0.9686846040847658,0.910747325882083,0.0,0.10333333333333333,1,0.0,0.0,26.51,39.63239919171235,0.8653512707514326,0.0,0.10333333333333333,0.0,0.0,0.0,0.0,0.5
narrowband,shield_filter,naive,phi,radioml,3,300,0.9643082035407842,0.9060567528605133,0.0,0.08,1,0.0,0.0,26.33,40.13251418884771,0.8843082035407842,0.0,0.08,0.0,0.0,0.0,0.0,0.5
narrowband,shield_filter,naive,phi,radioml,4,300,0.9667753402026786,0.9165400127372316,0.0,0.08,1,0.0033333333333333335,0.0,26.59,42.45579201799998,0.8867753402026786,0.0,0.08,0.0,0.0,0.0,0.0,0.5
narrowband,shield_filter,naive,phi,radioml,5,300,0.9654599303993443,0.8904460799345396,0.0,0.09,1,0.0,0.0,26.54,39.59253313944925,0.8754599303993441,0.0,0.09,0.0,0.0,0.0,0.0,0.5
narrowband,shield_filter,naive,phi,radioml,6,300,0.9663261312246146,0.9088004955852351,0.0,0.056666666666666664,1,0.0,0.0,26.47,41.48734312424957,0.909659464557948,0.0,0.056666666666666664,0.0,0.0,0.0,0.0,0.5
narrowband,shield_filter,naive,phi,radioml,7,300,0.966601239730403,0.9032846312935013,0.0,0.10333333333333333,1,0.0033333333333333335,0.0,26.78,42.994705931713234,0.8632679063970696,0.0,0.10333333333333333,0.0,0.0,0.0,0.0,0.5
narrowband,shield_filter,naive,phi,radioml,8,300,0.963899655532282,0.899181395004851,0.0,0.09333333333333334,1,0.0,0.0,26.53,42.627810512558966,0.8705663221989486,0.0,0.09333333333333334,0.0,0.0,0.0,0.0,0.5
narrowband,shield_filter,naive,phi,radioml,9,300,0.9665306827507012,0.9124073919150739,0.0,0.06,1,0.0,0.0,26.67,45.406053596840195,0.9065306827507009,0.0,0.06,0.0,0.0,0.0,0.0,0.5
narrowband,shield_repair,naive,phi,radioml,0,300,0.9739798817911312,0.9314415923637195,0.0,0.13333333333333333,1,0.0,0.3406666666666667,26.96,45.6470299860572,0.8406465484577978,0.0,0.13333333333333333,0.0,0.0,0.0,0.0,0.5
narrowband,shield_repair,naive,phi,radioml,1,300,0.9735900452802656,0.9288611890278408,0.0,0.12,1,0.0,0.362,27.1,48.854534645808336,0.8535900452802656,0.0,0.12,0.0,0.0,0.0,0.0,0.5
narrowband,shield_repair,naive,phi,radioml,2,300,0.976530585777992,0.9346722209797595,0.0,0.11333333333333333,1,0.0,0.35533333333333333,27.16,43.41393020793676,0.8631972524446587,0.0,0.11333333333333333,0.0,0.0,0.0,0.0,0.5
narrowband,shield_repair,naive,phi,radioml,3,300,0.9741758455636835,0.9290138250628431,0.0,0.1,1,0.0,0.356,27.06,47.065542001452954,0.8741758455636836,0.0,0.1,0.0,0.0,0.0,0.0,0.5
narrowband,shield_repair,naive,phi,radioml,4,300,0.9767197102694318,0.9335620902317936,0.0,0.09333333333333334,1,0.0,0.36133333333333334,27.25,51.03998915399569,0.8833863769360984,0.0,0.09333333333333334,0.0,0.0,0.0,0.0,0.5
narrowband,shield_repair,naive,phi,radioml,5,300,0.9756948382703243,0.9304036130905448,0.0,0.1,1,0.0,0.368,27.06,44.32745827196703,0.8756948382703243,0.0,0.1,0.0,0.0,0.0,0.0,0.5
narrowband,shield_repair,naive,phi,radioml,6,300,0.9761210219248317,0.9275939295973783,0.0,0.07666666666666666,1,0.0,0.33866666666666667,27.26,46.159339500888294,0.8994543552581651,0.0,0.07666666666666666,0.0,0.0,0.0,0.0,0.5
narrowband,shield_repair,naive,phi,radioml,7,300,0.9770366748840414,0.9355052733892315,0.0,0.11,1,0.0,0.3606666666666667,27.43,48.222446214307496,0.8670366748840415,0.0,0.11,0.0,0.0,0.0,0.0,0.5
narrowband,shield_repair,naive,phi,radioml,8,300,0.9732012419340585,0.9251364176301625,0.0,0.1,1,0.0,0.3586666666666667,27.07,46.16860597347143,0.8732012419340587,0.0,0.1,0.0,0.0,0.0,0.0,0.5
narrowband,shield_repair,naive,phi,radioml,9,300,0.9748624114176624,0.9336722204546674,0.0,0.08333333333333333,1,0.0,0.35733333333333334,27.31,48.94811333190957,0.8915290780843291,0.0,0.08333333333333333,0.0,0.0,0.0,0.0,0.5
wideband,heuristic,naive,phi,radioml,0,300,0.6837523852132595,0.07622813786969879,0.0,0.0,221,0.0,0.0,26.0,44.16666666666665,0.6837523852132595,0.0,0.0,0.0,0.0,0.0,0.0,0.5
wideband,heuristic,naive,phi,radioml,1,300,0.7045351389960729,0.10976307366443344,0.0,0.0,221,0.0,0.0,26.0,44.16666666666665,0.7045351389960729,0.0,0.0,0.0,0.0,0.0,0.0,0.5
wideband,heuristic,naive,phi,radioml,2,300,0.6941842414118305,0.09145034728562829,0.0,0.0,221,0.0,0.0,26.0,44.16666666666665,0.6941842414118305,0.0,0.0,0.0,0.0,0.0,0.0,0.5
wideband,heuristic,naive,phi,radioml,3,300,0.6915533366839354,0.08421846617792228,0.0,0.0,221,0.0,0.0,26.0,44.16666666666665,0.6915533366839354,0.0,0.0,0.0,0.0,0.0,0.0,0.5
wideband,heuristic,naive,phi,radioml,4,300,0.6760647643456625,0.09043232638828115,0.0,0.0,221,0.0,0.0,26.0,44.16666666666665,0.6760647643456625,0.0,0.0,0.0,0.0,0.0,0.0,0.5
wideband,heuristic,naive,phi,radioml,5,300,0.6810620199127435,0.08068405411592325,0.0,0.0,221,0.0,0.0,26.0,44.16666666666665,0.6810620199127435,0.0,0.0,0.0,0.0,0.0,0.0,0.5
wideband,heuristic,naive,phi,radioml,6,300,0.6977761740264331,0.13212770223375966,0.0,0.0,221,0.0,0.0,26.0,44.16666666666665,0.6977761740264331,0.0,0.0,0.0,0.0,0.0,0.0,0.5
wideband,heuristic,naive,phi,radioml,7,300,0.6977967871881774,0.11666336789310867,0.0,0.0,221,0.0,0.0,26.0,44.16666666666665,0.6977967871881774,0.0,0.0,0.0,0.0,0.0,0.0,0.5
wideband,heuristic,naive,phi,radioml,8,300,0.6811370987306463,0.0838169578203727,0.0,0.0,221,0.0,0.0,26.0,44.16666666666665,0.6811370987306463,0.0,0.0,0.0,0.0,0.0,0.0,0.5
wideband,heuristic,naive,phi,radioml,9,300,0.6798344146582486,0.08173265887445338,0.0,0.0,221,0.0,0.0,26.0,44.16666666666665,0.6798344146582486,0.0,0.0,0.0,0.0,0.0,0.0,0.5
wideband,greedy_twin,naive,phi,radioml,0,300,0.8269900354315438,0.455865124279697,0.4766666666666667,0.9,2,0.0,0.0,30.28,56.39827526123408,-0.07300996456845615,0.17333333333333334,0.5333333333333333,0.13,0.0,0.0,0.7966666666666666,0.5
wideband,greedy_twin,naive,phi,radioml,1,300,0.8269994937922999,0.46210602775498927,0.47333333333333333,0.89,3,0.0,0.0,30.463333333333335,61.17077136425492,-0.06300050620770016,0.13,0.52,0.11333333333333333,0.0,0.0,0.81,0.5
wideband,greedy_twin,naive,phi,radioml,2,300,0.8252270288799615,0.3301973986136678,0.49333333333333335,0.9433333333333334,1,0.0,0.0,30.866666666666667,56.47203057017128,-0.11810630445337199,0.12333333333333334,0.53,0.11,0.0,0.0,0.8733333333333333,0.5
wideband,greedy_twin,naive,phi,radioml,3,300,0.8388264484340219,0.4599921553642005,0.5033333333333333,0.88,3,0.0,0.0,30.876666666666665,57.167919147671945,-0.041173551565978246,0.11333333333333333,0.5266666666666666,0.13666666666666666,0.0,0.0,0.8,0.5
wideband,greedy_twin,naive,phi,radioml,4,300,0.8151858768250496,0.3720243505202848,0.48,0.8733333333333333,6,0.0,0.0,30.346666666666668,63.19097455624364,-0.058147456508283735,0.12,0.45666666666666667,0.15333333333333332,0.0,0.0,0.7833333333333333,0.5
wideband,greedy_twin,naive,phi,radioml,5,300,0.8227107479188689,0.3903411767101318,0.48333333333333334,0.8733333333333333,1,0.0,0.0,30.293333333333333,52.72998221678578,-0.050622585414464405,0.12,0.47333333333333333,0.11666666666666667,0.0,0.0,0.7633333333333333,0.5
wideband,greedy_twin,naive,phi,radioml,6,300,0.8203048017745918,0.46452579180125236,0.4533333333333333,0.9133333333333333,5,0.0,0.0,30.66,51.72558582463393,-0.09302853155874156,0.12,0.4666666666666667,0.10333333333333333,0.0,0.0,0.87,0.5
wideband,greedy_twin,naive,phi,radioml,7,300,0.8381617913089169,0.47924878995688974,0.5,0.9133333333333333,3,0.0,0.0,30.743333333333332,53.73683977411828,-0.07517154202441653,0.14,0.4866666666666667,0.08333333333333333,0.0,0.0,0.8766666666666667,0.5
wideband,greedy_twin,naive,phi,radioml,8,300,0.8362285528032548,0.4462625170422279,0.45666666666666667,0.8766666666666667,1,0.0,0.0,30.55,52.93058072406771,-0.040438113863411916,0.08333333333333333,0.5,0.12,0.0,0.0,0.82,0.5
wideband,greedy_twin,naive,phi,radioml,9,300,0.8182204727049321,0.4367842790270148,0.49333333333333335,0.92,3,0.0,0.0,30.866666666666667,58.927576846058145,-0.10177952729506788,0.11333333333333333,0.49333333333333335,0.12333333333333334,0.0,0.0,0.8733333333333333,0.5
wideband,shield_filter,naive,phi,radioml,0,300,0.7336958759969988,0.14410329005559636,0.0,0.23333333333333334,7,0.0033333333333333335,0.0,27.18,39.10160243720121,0.5003625426636654,0.0,0.23333333333333334,0.0,0.0,0.0,0.0,0.5
wideband,shield_filter,naive,phi,radioml,1,300,0.7333532794088418,0.0877301598772935,0.0,0.18666666666666668,3,0.0,0.0,27.02,39.90166059924348,0.5466866127421751,0.0,0.18666666666666668,0.0,0.0,0.0,0.0,0.5
wideband,shield_filter,naive,phi,radioml,2,300,0.7359304345748829,0.05823821558950187,0.0,0.15333333333333332,1,0.0,0.0,27.0,39.62790004302565,0.5825971012415496,0.0,0.15333333333333332,0.0,0.0,0.0,0.0,0.5
wideband,shield_filter,naive,phi,radioml,3,300,0.7383487748707962,0.04921836528683516,0.0,0.17333333333333334,3,0.0033333333333333335,0.0,27.15,40.07577891585744,0.565015441537463,0.0,0.17333333333333334,0.0,0.0,0.0,0.0,0.5
wideband,shield_filter,naive,phi,radioml,4,300,0.7293909179937837,0.06928527361155139,0.0,0.15333333333333332,6,0.0033333333333333335,0.0,27.13,42.45764657282669,0.5760575846604503,0.0,0.15333333333333332,0.0,0.0,0.0,0.0,0.5
wideband,shield_filter,naive,phi,radioml,5,300,0.7300231551171157,0.06616711668082224,0.0,0.14666666666666667,1,0.0,0.0,27.0,39.5072094467272,0.5833564884504491,0.0,0.14666666666666667,0.0,0.0,0.0,0.0,0.5
wideband,shield_filter,naive,phi,radioml,6,300,0.729450118485967,0.07611962869054968,0.0,0.11666666666666667,5,0.0,0.0,27.11,41.48888733281723,0.6127834518193004,0.0,0.11666666666666667,0.0,0.0,0.0,0.0,0.5
wideband,shield_filter,naive,phi,radioml,7,300,0.7354171398433295,0.07381818588038967,0.0,0.13666666666666666,7,0.0033333333333333335,0.0,27.12,42.99559973682238,0.5987504731766627,0.0,0.13666666666666666,0.0,0.0,0.0,0.0,0.5
wideband,shield_filter,naive,phi,radioml,8,300,0.7170298613990332,0.06125369248264882,0.0,0.16333333333333333,12,0.006666666666666667,0.0,27.01,42.6298514369559,0.5536965280656998,0.0,0.16333333333333333,0.0,0.0,0.0,0.0,0.5
wideband,shield_filter,naive,phi,radioml,9,300,0.7000483238276649,0.058763360651347366,0.0,0.11333333333333333,3,0.0033333333333333335,0.0,26.96,45.40230698636763,0.5867149904943316,0.0,0.11,0.0,0.0,0.0033333333333333335,0.0,0.5
wideband,shield_repair,naive,phi,radioml,0,300,0.7773668581371318,0.4135329990853089,0.0,0.2633333333333333,2,0.0,0.36466666666666664,27.89,46.14885642559775,0.5140335248037985,0.0,0.2633333333333333,0.0,0.0,0.0,0.0,0.5
wideband,shield_repair,naive,phi,radioml,1,300,0.7676699488990336,0.24595460898632726,0.0,0.21,3,0.0,0.386,27.89,48.607684304036944,0.5576699488990335,0.0,0.21,0.0,0.0,0.0,0.0,0.5
wideband,shield_repair,naive,phi,radioml,2,300,0.7681321223424682,0.11499502437627782,0.0,0.17666666666666667,1,0.0,0.37466666666666665,27.85,43.41591752657694,0.5914654556758014,0.0,0.17666666666666667,0.0,0.0,0.0,0.0,0.5
wideband,shield_repair,naive,phi,radioml,3,300,0.780689291382449,0.19144361302259008,0.0,0.18666666666666668,3,0.0,0.38,27.94,48.4188152620665,0.5940226247157824,0.0,0.18666666666666668,0.0,0.0,0.0,0.0,0.5
wideband,shield_repair,naive,phi,radioml,4,300,0.7670596516719558,0.19142365979347223,0.0,0.17666666666666667,6,0.0,0.38333333333333336,28.01,51.04227513077476,0.5903929850052891,0.0,0.17666666666666667,0.0,0.0,0.0,0.0,0.5
wideband,shield_repair,naive,phi,radioml,5,300,0.7670790305293765,0.21006585662541158,0.0,0.18333333333333332,4,0.0,0.3913333333333333,27.81,44.29878200805063,0.5837456971960432,0.0,0.18333333333333332,0.0,0.0,0.0,0.0,0.5
wideband,shield_repair,naive,phi,radioml,6,300,0.7703424408829139,0.2550976400609219,0.0,0.13666666666666666,5,0.0,0.364,28.06,46.16480342702898,0.6336757742162474,0.0,0.13666666666666666,0.0,0.0,0.0,0.0,0.5
wideband,shield_repair,naive,phi,radioml,7,300,0.7825596212298155,0.19033833709929715,0.0,0.15666666666666668,3,0.0,0.37933333333333336,27.94,48.072818917828215,0.6258929545631486,0.0,0.15666666666666668,0.0,0.0,0.0,0.0,0.5
wideband,shield_repair,naive,phi,radioml,8,300,0.7665477215231756,0.1926553228845189,0.0,0.2,5,0.0,0.38,27.96,46.17690554645433,0.5665477215231757,0.0,0.2,0.0,0.0,0.0,0.0,0.5
wideband,shield_repair,naive,phi,radioml,9,300,0.7442832801611551,0.15384465734133632,0.0,0.12,3,0.0,0.38133333333333336,27.94,48.94491408959326,0.6242832801611552,0.0,0.12,0.0,0.0,0.0,0.0,0.5
bursty,heuristic,naive,phi,radioml,0,300,0.9431353020648817,0.9015551622522775,0.0,0.0,1,0.0,0.0,26.0,44.16666666666665,0.9431353020648817,0.0,0.0,0.0,0.0,0.0,0.0,0.5
bursty,heuristic,naive,phi,radioml,1,300,0.9496748160856843,0.9045359089309075,0.0,0.0,2,0.0,0.0,26.0,44.16666666666665,0.9496748160856843,0.0,0.0,0.0,0.0,0.0,0.0,0.5
bursty,heuristic,naive,phi,radioml,2,300,0.9450964081777945,0.9016706891209736,0.0,0.0,1,0.0,0.0,26.0,44.16666666666665,0.9450964081777945,0.0,0.0,0.0,0.0,0.0,0.0,0.5
bursty,heuristic,naive,phi,radioml,3,300,0.9456353280532037,0.9021981019534522,0.0,0.0,1,0.0,0.0,26.0,44.16666666666665,0.9456353280532037,0.0,0.0,0.0,0.0,0.0,0.0,0.5
bursty,heuristic,naive,phi,radioml,4,300,0.9455459899388772,0.9044411330915979,0.0,0.0,1,0.0,0.0,26.0,44.16666666666665,0.9455459899388772,0.0,0.0,0.0,0.0,0.0,0.0,0.5
bursty,heuristic,naive,phi,radioml,5,300,0.9480200730181959,0.9059160618927647,0.0,0.0,2,0.0,0.0,26.0,44.16666666666665,0.9480200730181959,0.0,0.0,0.0,0.0,0.0,0.0,0.5
bursty,heuristic,naive,phi,radioml,6,300,0.9427994652596529,0.8974475569662005,0.0,0.0,1,0.0,0.0,26.0,44.16666666666665,0.9427994652596529,0.0,0.0,0.0,0.0,0.0,0.0,0.5
bursty,heuristic,naive,phi,radioml,7,300,0.9458636206004887,0.9004883108809467,0.0,0.0,1,0.0,0.0,26.0,44.16666666666665,0.9458636206004887,0.0,0.0,0.0,0.0,0.0,0.0,0.5
bursty,heuristic,naive,phi,radioml,8,300,0.943011947414249,0.9019849124826987,0.0,0.0,1,0.0,0.0,26.0,44.16666666666665,0.943011947414249,0.0,0.0,0.0,0.0,0.0,0.0,0.5
bursty,heuristic,naive,phi,radioml,9,300,0.9444544638725961,0.8999229767454808,0.0,0.0,1,0.0,0.0,26.0,44.16666666666665,0.9444544638725961,0.0,0.0,0.0,0.0,0.0,0.0,0.5
bursty,greedy_twin,naive,phi,radioml,0,300,0.9481156740419809,0.854216904452368,0.49666666666666665,0.6933333333333334,2,0.0,0.0,29.14,51.02622108676268,0.2547823407086475,0.14666666666666667,0.39666666666666667,0.16333333333333333,0.0,0.0,0.49333333333333335,0.5
bursty,greedy_twin,naive,phi,radioml,1,300,0.9479631500025035,0.8088145501402669,0.54,0.75,1,0.0,0.0,29.466666666666665,66.1310047642069,0.19796315000250336,0.15666666666666668,0.43,0.14333333333333334,0.0,0.0,0.5633333333333334,0.5
bursty,greedy_twin,naive,phi,radioml,2,300,0.9499604468560271,0.8262706120207608,0.5533333333333333,0.8333333333333334,1,0.0,0.0,29.963333333333335,53.34099460389383,0.11662711352269368,0.16333333333333333,0.4766666666666667,0.13666666666666666,0.0,0.0,0.6866666666666666,0.5
bursty,greedy_twin,naive,phi,radioml,3,300,0.9444671920609256,0.7990675800226634,0.49333333333333335,0.7,1,0.0,0.0,29.106666666666666,59.541575241797105,0.24446719206092551,0.14666666666666667,0.3933333333333333,0.14,0.0,0.0,0.4666666666666667,0.5
bursty,greedy_twin,naive,phi,radioml,4,300,0.9490696652229629,0.8514693481264599,0.5433333333333333,0.7733333333333333,3,0.0,0.0,29.486666666666668,59.63781605369679,0.17573633188962953,0.17,0.42,0.14666666666666667,0.0,0.0,0.6033333333333334,0.5
bursty,greedy_twin,naive,phi,radioml,5,300,0.9518753477467995,0.8741714068241528,0.5766666666666667,0.84,1,0.0,0.0,29.97,53.43020073756361,0.11187534774679948,0.11666666666666667,0.4633333333333333,0.15,0.0,0.0,0.7166666666666667,0.5
bursty,greedy_twin,naive,phi,radioml,6,300,0.9523028128878529,0.8632280023747956,0.5633333333333334,0.8033333333333333,1,0.0,0.0,30.063333333333333,51.43551946380165,0.14896947955451964,0.15,0.47,0.14,0.0,0.0,0.69,0.5
bursty,greedy_twin,naive,phi,radioml,7,300,0.9493193337252601,0.8702608180323083,0.5366666666666666,0.7633333333333333,1,0.0,0.0,29.486666666666668,56.707582477239214,0.1859860003919268,0.11666666666666667,0.44,0.16666666666666666,0.0,0.0,0.5966666666666667,0.5
bursty,greedy_twin,naive,phi,radioml,8,300,0.9531817200117805,0.867354115877721,0.5266666666666666,0.7533333333333333,1,0.0,0.0,29.55666666666667,56.050414782466866,0.19984838667844726,0.13666666666666666,0.44666666666666666,0.14,0.0,0.0,0.6066666666666667,0.5
bursty,greedy_twin,naive,phi,radioml,9,300,0.9500137490632987,0.837887666955079,0.5,0.75,1,0.0,0.0,29.52,48.91959748777776,0.2000137490632986,0.12,0.45,0.14,0.0,0.0,0.5866666666666667,0.5
bursty,shield_filter,naive,phi,radioml,0,300,0.9155606663555825,0.7668576584995016,0.0,0.023333333333333334,4,0.0,0.0,25.18,41.1680238574899,0.8922273330222492,0.0,0.023333333333333334,0.0,0.0,0.0,0.0,0.5
bursty,shield_filter,naive,phi,radioml,1,300,0.9169686842650026,0.7892611375312912,0.0,0.023333333333333334,1,0.0,0.0,25.04,37.97324341782476,0.8936353509316692,0.0,0.023333333333333334,0.0,0.0,0.0,0.0,0.5
bursty,shield_filter,naive,phi,radioml,2,300,0.9200008720214468,0.7983017206073911,0.0,0.02666666666666667,1,0.0033333333333333335,0.0,24.95,40.892062056034426,0.8933342053547801,0.0,0.02666666666666667,0.0,0.0,0.0,0.0,0.5
bursty,shield_filter,naive,phi,radioml,3,300,0.9169552611002215,0.7674864848614488,0.0,0.023333333333333334,2,0.0,0.0,24.87,42.68964274730989,0.8936219277668882,0.0,0.023333333333333334,0.0,0.0,0.0,0.0,0.5
bursty,shield_filter,naive,phi,radioml,4,300,0.9180113269826357,0.8242447566997491,0.0,0.02,3,0.0,0.0,24.98,42.31544131135062,0.8980113269826356,0.0,0.02,0.0,0.0,0.0,0.0,0.5
bursty,shield_filter,naive,phi,radioml,5,300,0.9174435306946538,0.7722698727077353,0.0,0.01,1,0.0,0.0,24.92,40.66369371209708,0.9074435306946538,0.0,0.01,0.0,0.0,0.0,0.0,0.5
bursty,shield_filter,naive,phi,radioml,6,300,0.922844966437374,0.8584941082273881,0.0,0.016666666666666666,1,0.0033333333333333335,0.0,24.97,42.60200373242404,0.9061782997707074,0.0,0.016666666666666666,0.0,0.0,0.0,0.0,0.5
bursty,shield_filter,naive,phi,radioml,7,300,0.9214347596416947,0.8357635489208983,0.0,0.016666666666666666,1,0.0,0.0,24.98,37.82590234872613,0.904768092975028,0.0,0.016666666666666666,0.0,0.0,0.0,0.0,0.5
bursty,shield_filter,naive,phi,radioml,8,300,0.9222332639964441,0.8398157136796641,0.0,0.013333333333333334,1,0.0033333333333333335,0.0,24.86,38.4257851063363,0.9088999306631107,0.0,0.013333333333333334,0.0,0.0,0.0,0.0,0.5
bursty,shield_filter,naive,phi,radioml,9,300,0.9170027959133191,0.7925874479723269,0.0,0.023333333333333334,1,0.0,0.0,25.09,38.24656330340709,0.8936694625799858,0.0,0.023333333333333334,0.0,0.0,0.0,0.0,0.5
bursty,shield_repair,naive,phi,radioml,0,300,0.9409647863845415,0.8360653459676104,0.0,0.07666666666666666,2,0.0,0.358,26.62,47.91836223209324,0.8642981197178746,0.0,0.07666666666666666,0.0,0.0,0.0,0.0,0.5
bursty,shield_repair,naive,phi,radioml,1,300,0.9410793340072824,0.8681674518805628,0.0,0.07333333333333333,1,0.0,0.35733333333333334,26.51,47.35826882707104,0.867746000673949,0.0,0.07333333333333333,0.0,0.0,0.0,0.0,0.5
bursty,shield_repair,naive,phi,radioml,2,300,0.9390290712576941,0.8480144405755267,0.0,0.11333333333333333,1,0.0,0.362,26.6,43.07632735230224,0.8256957379243608,0.0,0.11333333333333333,0.0,0.0,0.0,0.0,0.5
bursty,shield_repair,naive,phi,radioml,3,300,0.9335959369456278,0.8364801185842053,0.0,0.06666666666666667,2,0.0,0.3426666666666667,26.28,49.58899361292248,0.8669292702789612,0.0,0.06666666666666667,0.0,0.0,0.0,0.0,0.5
bursty,shield_repair,naive,phi,radioml,4,300,0.9415602135375892,0.852569363114615,0.0,0.05,3,0.0,0.356,26.7,49.8377266383382,0.8915602135375893,0.0,0.05,0.0,0.0,0.0,0.0,0.5
bursty,shield_repair,naive,phi,radioml,5,300,0.9440250366485347,0.8604432506693988,0.0,0.08666666666666667,1,0.0,0.382,26.75,49.21303172518032,0.857358369981868,0.0,0.08666666666666667,0.0,0.0,0.0,0.0,0.5
bursty,shield_repair,naive,phi,radioml,6,300,0.9442763763176585,0.8632507944723316,0.0,0.07666666666666666,1,0.0,0.36333333333333334,26.87,45.945769894534294,0.8676097096509918,0.0,0.07666666666666666,0.0,0.0,0.0,0.0,0.5
bursty,shield_repair,naive,phi,radioml,7,300,0.9419841661094824,0.8739398610770611,0.0,0.056666666666666664,1,0.0,0.352,26.3,47.211769183859,0.8853174994428158,0.0,0.056666666666666664,0.0,0.0,0.0,0.0,0.5
bursty,shield_repair,naive,phi,radioml,8,300,0.9449922285320425,0.8659203704844919,0.0,0.10666666666666667,1,0.0,0.33666666666666667,26.69,46.45321535047655,0.8383255618653759,0.0,0.10666666666666667,0.0,0.0,0.0,0.0,0.5
bursty,shield_repair,naive,phi,radioml,9,300,0.9387790093065664,0.8275427076328592,0.0,0.1,1,0.0,0.34,26.51,44.5688520948703,0.8387790093065665,0.0,0.1,0.0,0.0,0.0,0.0,0.5
backhaul,heuristic,naive,phi,radioml,0,300,0.9227635829585874,0.8631463142781859,0.0,0.0,1,0.0,0.0,26.0,44.16666666666665,0.9227635829585874,0.0,0.0,0.0,0.0,0.0,0.0,0.5
backhaul,heuristic,naive,phi,radioml,1,300,0.9203861626777384,0.8595662124011029,0.0,0.0,5,0.0,0.0,26.0,44.16666666666665,0.9203861626777384,0.0,0.0,0.0,0.0,0.0,0.0,0.5
backhaul,heuristic,naive,phi,radioml,2,300,0.9218847451030179,0.8549909223628998,0.0,0.0,3,0.0,0.0,26.0,44.16666666666665,0.9218847451030179,0.0,0.0,0.0,0.0,0.0,0.0,0.5
backhaul,heuristic,naive,phi,radioml,3,300,0.9242169391289636,0.8639563514035462,0.0,0.0,3,0.0,0.0,26.0,44.16666666666665,0.9242169391289636,0.0,0.0,0.0,0.0,0.0,0.0,0.5
backhaul,heuristic,naive,phi,radioml,4,300,0.9235600471236338,0.8637839693924376,0.0,0.0,2,0.0,0.0,26.0,44.16666666666665,0.9235600471236338,0.0,0.0,0.0,0.0,0.0,0.0,0.5
backhaul,heuristic,naive,phi,radioml,5,300,0.9219324388637282,0.8640297908606438,0.0,0.0,1,0.0,0.0,26.0,44.16666666666665,0.9219324388637282,0.0,0.0,0.0,0.0,0.0,0.0,0.5
backhaul,heuristic,naive,phi,radioml,6,300,0.9216087701493889,0.8584325847033549,0.0,0.0,1,0.0,0.0,26.0,44.16666666666665,0.9216087701493889,0.0,0.0,0.0,0.0,0.0,0.0,0.5
backhaul,heuristic,naive,phi,radioml,7,300,0.9206968818540613,0.859140621893217,0.0,0.0,3,0.0,0.0,26.0,44.16666666666665,0.9206968818540613,0.0,0.0,0.0,0.0,0.0,0.0,0.5
backhaul,heuristic,naive,phi,radioml,8,300,0.9266274001176534,0.8595188131970906,0.0,0.0,2,0.0,0.0,26.0,44.16666666666665,0.9266274001176534,0.0,0.0,0.0,0.0,0.0,0.0,0.5
backhaul,heuristic,naive,phi,radioml,9,300,0.9259538205734452,0.8602798174398828,0.0,0.0,4,0.0,0.0,26.0,44.16666666666665,0.9259538205734452,0.0,0.0,0.0,0.0,0.0,0.0,0.5
backhaul,greedy_twin,naive,phi,radioml,0,300,0.9357590220543377,0.8899704535399864,0.44666666666666666,0.76,1,0.0,0.0,29.466666666666665,56.552668459230446,0.1757590220543377,0.11666666666666667,0.4666666666666667,0.15666666666666668,0.0,0.0,0.5333333333333333,0.5
backhaul,greedy_twin,naive,phi,radioml,1,300,0.9338195354721714,0.8892276321885624,0.4166666666666667,0.6466666666666666,1,0.0,0.0,28.95,55.57394716971142,0.2871528688055047,0.14666666666666667,0.32666666666666666,0.11333333333333333,0.0,0.0,0.4266666666666667,0.5
backhaul,greedy_twin,naive,phi,radioml,2,300,0.9317544091716937,0.8871788577967555,0.45,0.7333333333333333,1,0.0,0.0,29.43,59.41887970877084,0.19842107583836024,0.15333333333333332,0.3933333333333333,0.13,0.0,0.0,0.5366666666666666,0.5
backhaul,greedy_twin,naive,phi,radioml,3,300,0.9353337027576056,0.8933347305735791,0.41,0.6333333333333333,1,0.0,0.0,29.023333333333333,52.77616603548119,0.30200036942427233,0.11333333333333333,0.3933333333333333,0.13,0.0,0.0,0.42,0.5
backhaul,greedy_twin,naive,phi,radioml,4,300,0.9355237015251976,0.8856012858265285,0.44666666666666666,0.7333333333333333,1,0.0,0.0,29.393333333333334,61.60001457180091,0.20219036819186434,0.11333333333333333,0.4,0.15,0.0,0.0,0.5666666666666667,0.5
backhaul,greedy_twin,naive,phi,radioml,5,300,0.9331477133396989,0.8841367705880521,0.4033333333333333,0.6433333333333333,1,0.0,0.0,29.11,60.527754342855715,0.2898143800063655,0.13,0.33666666666666667,0.12666666666666668,0.0,0.0,0.45,0.5
backhaul,greedy_twin,naive,phi,radioml,6,300,0.934745027754602,0.8866336118212357,0.4066666666666667,0.64,1,0.0,0.0,29.083333333333332,47.67668230736369,0.29474502775460193,0.12,0.36,0.13,0.0,0.0,0.44333333333333336,0.5
backhaul,greedy_twin,naive,phi,radioml,7,300,0.9351634275567892,0.8902875169761937,0.4666666666666667,0.7133333333333334,1,0.0,0.0,29.47,57.291507348380144,0.22183009422345595,0.12666666666666668,0.38,0.12666666666666668,0.0,0.0,0.49666666666666665,0.5
backhaul,greedy_twin,naive,phi,radioml,8,300,0.9323667766656719,0.8888654786972988,0.44666666666666666,0.6933333333333334,1,0.0,0.0,29.24,57.25700468804874,0.2390334433323386,0.14,0.37666666666666665,0.16666666666666666,0.0,0.0,0.5,0.5
backhaul,greedy_twin,naive,phi,radioml,9,300,0.937612790564565,0.8918428473275359,0.44666666666666666,0.6933333333333334,1,0.0,0.0,29.363333333333333,58.9177988165209,0.2442794572312318,0.10666666666666667,0.43666666666666665,0.12,0.0,0.0,0.51,0.5
backhaul,shield_filter,naive,phi,radioml,0,300,0.9103394727941824,0.7824842211635256,0.0,0.15,1,0.006666666666666667,0.0,25.9,36.80279856634508,0.7603394727941823,0.0,0.15,0.0,0.0,0.0,0.0,0.5
backhaul,shield_filter,naive,phi,radioml,1,300,0.9099222391358277,0.841863801403174,0.0,0.05333333333333334,1,0.016666666666666666,0.0,25.71,39.3401419549039,0.8565889058024944,0.0,0.05333333333333334,0.0,0.0,0.0,0.0,0.5
backhaul,shield_filter,naive,phi,radioml,2,300,0.9125456782010013,0.8510156118387517,0.0,0.09,1,0.006666666666666667,0.0,25.93,40.5394746500377,0.8225456782010013,0.0,0.09,0.0,0.0,0.0,0.0,0.5
backhaul,shield_filter,naive,phi,radioml,3,300,0.9128854766556384,0.8459327383301571,0.0,0.09333333333333334,1,0.006666666666666667,0.0,25.84,41.803512933170076,0.819552143322305,0.0,0.09333333333333334,0.0,0.0,0.0,0.0,0.5
backhaul,shield_filter,naive,phi,radioml,4,300,0.9136442064494936,0.7773011614690536,0.0,0.09,1,0.0,0.0,26.07,44.13870054578846,0.8236442064494937,0.0,0.09,0.0,0.0,0.0,0.0,0.5
backhaul,shield_filter,naive,phi,radioml,5,300,0.9128801686757644,0.8210248750289659,0.0,0.05333333333333334,1,0.006666666666666667,0.0,25.98,41.175962164364606,0.859546835342431,0.0,0.05333333333333334,0.0,0.0,0.0,0.0,0.5
backhaul,shield_filter,naive,phi,radioml,6,300,0.9108221492940879,0.8318473536470992,0.0,0.06333333333333334,1,0.01,0.0,25.74,41.57199841571564,0.8474888159607545,0.0,0.06333333333333334,0.0,0.0,0.0,0.0,0.5
backhaul,shield_filter,naive,phi,radioml,7,300,0.9083461841268955,0.7506687179327546,0.0,0.056666666666666664,2,0.01,0.0,25.8,40.39416742197357,0.8516795174602287,0.0,0.056666666666666664,0.0,0.0,0.0,0.0,0.5
backhaul,shield_filter,naive,phi,radioml,8,300,0.90898120593113,0.7295674140960977,0.0,0.05,1,0.0033333333333333335,0.0,25.84,40.65094727152092,0.8589812059311299,0.0,0.05,0.0,0.0,0.0,0.0,0.5
backhaul,shield_filter,naive,phi,radioml,9,300,0.9094905475664817,0.8436978992299374,0.0,0.09333333333333334,1,0.016666666666666666,0.0,25.84,42.78533476146981,0.8161572142331485,0.0,0.09333333333333334,0.0,0.0,0.0,0.0,0.5
backhaul,shield_repair,naive,phi,radioml,0,300,0.933992910026986,0.8902077934725006,0.0,0.20333333333333334,1,0.0,0.3913333333333333,27.11,45.92478739982371,0.7306595766936529,0.0,0.20333333333333334,0.0,0.0,0.0,0.0,0.5
backhaul,shield_repair,naive,phi,radioml,1,300,0.9312434669325906,0.8821771407278262,0.0,0.07333333333333333,1,0.0,0.4106666666666667,27.0,45.86696351592894,0.8579101335992573,0.0,0.07333333333333333,0.0,0.0,0.0,0.0,0.5
backhaul,shield_repair,naive,phi,radioml,2,300,0.9330739810143207,0.8912888603865801,0.0,0.13333333333333333,1,0.0,0.416,27.19,49.71044911648412,0.7997406476809876,0.0,0.13333333333333333,0.0,0.0,0.0,0.0,0.5
backhaul,shield_repair,naive,phi,radioml,3,300,0.9296900623614673,0.8909163579347235,0.0,0.16333333333333333,1,0.0,0.39866666666666667,27.14,43.73401525079178,0.7663567290281342,0.0,0.16333333333333333,0.0,0.0,0.0,0.0,0.5
backhaul,shield_repair,naive,phi,radioml,4,300,0.9332471372908044,0.8856012858265285,0.0,0.14,1,0.0,0.42333333333333334,27.26,47.3893280381011,0.7932471372908044,0.0,0.14,0.0,0.0,0.0,0.0,0.5
backhaul,shield_repair,naive,phi,radioml,5,300,0.9331715409049667,0.8897238124983153,0.0,0.11,1,0.0,0.388,27.19,47.070816163588994,0.8231715409049667,0.0,0.11,0.0,0.0,0.0,0.0,0.5
backhaul,shield_repair,naive,phi,radioml,6,300,0.9334926346145488,0.891587242395959,0.0,0.11,1,0.0,0.3993333333333333,27.13,46.709148858001136,0.8234926346145488,0.0,0.11,0.0,0.0,0.0,0.0,0.5
backhaul,shield_repair,naive,phi,radioml,7,300,0.9329275752801732,0.8885904280410479,0.0,0.1,1,0.0,0.41,27.21,46.330491458254045,0.8329275752801731,0.0,0.1,0.0,0.0,0.0,0.0,0.5
backhaul,shield_repair,naive,phi,radioml,8,300,0.9311357303281521,0.8913517321547579,0.0,0.08333333333333333,1,0.0,0.408,26.92,46.051732299269524,0.8478023969948187,0.0,0.08333333333333333,0.0,0.0,0.0,0.0,0.5
backhaul,shield_repair,naive,phi,radioml,9,300,0.9351408155613471,0.8920716752692501,0.0,0.16,2,0.0,0.37466666666666665,27.13,45.93892386555092,0.775140815561347,0.0,0.16,0.0,0.0,0.0,0.0,0.5
compromised_xapp,heuristic,naive,phi,radioml,0,300,0.9844801686396831,0.9471059334733853,0.0,0.0,1,0.0,0.0,26.0,44.16666666666665,0.9844801686396831,0.0,0.0,0.0,0.0,0.0,0.0,0.5
compromised_xapp,heuristic,naive,phi,radioml,1,300,0.9849570875542029,0.9498698919760615,0.0,0.0,1,0.0,0.0,26.0,44.16666666666665,0.9849570875542029,0.0,0.0,0.0,0.0,0.0,0.0,0.5
compromised_xapp,heuristic,naive,phi,radioml,2,300,0.9845561824513197,0.940841825583736,0.0,0.0,1,0.0,0.0,26.0,44.16666666666665,0.9845561824513197,0.0,0.0,0.0,0.0,0.0,0.0,0.5
compromised_xapp,heuristic,naive,phi,radioml,3,300,0.9827772632507401,0.9418757465435796,0.0,0.0,1,0.0,0.0,26.0,44.16666666666665,0.9827772632507401,0.0,0.0,0.0,0.0,0.0,0.0,0.5
compromised_xapp,heuristic,naive,phi,radioml,4,300,0.9838479507025009,0.9465125296784528,0.0,0.0,1,0.0,0.0,26.0,44.16666666666665,0.9838479507025009,0.0,0.0,0.0,0.0,0.0,0.0,0.5
compromised_xapp,heuristic,naive,phi,radioml,5,300,0.9831602180800054,0.9436790920717892,0.0,0.0,1,0.0,0.0,26.0,44.16666666666665,0.9831602180800054,0.0,0.0,0.0,0.0,0.0,0.0,0.5
compromised_xapp,heuristic,naive,phi,radioml,6,300,0.984374458268422,0.9470749711570334,0.0,0.0,1,0.0,0.0,26.0,44.16666666666665,0.984374458268422,0.0,0.0,0.0,0.0,0.0,0.0,0.5
compromised_xapp,heuristic,naive,phi,radioml,7,300,0.9838596882449754,0.9439304292088819,0.0,0.0,1,0.0,0.0,26.0,44.16666666666665,0.9838596882449754,0.0,0.0,0.0,0.0,0.0,0.0,0.5
compromised_xapp,heuristic,naive,phi,radioml,8,300,0.983366637447528,0.9488566920338937,0.0,0.0,1,0.0,0.0,26.0,44.16666666666665,0.983366637447528,0.0,0.0,0.0,0.0,0.0,0.0,0.5
compromised_xapp,heuristic,naive,phi,radioml,9,300,0.9836637062695179,0.9488642150386901,0.0,0.0,1,0.0,0.0,26.0,44.16666666666665,0.9836637062695179,0.0,0.0,0.0,0.0,0.0,0.0,0.5
compromised_xapp,greedy_twin,naive,phi,radioml,0,300,0.9834879129954176,0.9418907479362687,0.53,0.73,1,0.0,0.0,29.183333333333334,49.7896657441367,0.2534879129954177,0.17333333333333334,0.31,0.19333333333333333,0.0,0.0,0.48333333333333334,0.5
compromised_xapp,greedy_twin,naive,phi,radioml,1,300,0.9807392133146781,0.9422840186276321,0.4766666666666667,0.6566666666666666,1,0.0,0.0,28.89666666666667,60.427100362211554,0.32407254664801144,0.14333333333333334,0.28,0.15333333333333332,0.0,0.0,0.39666666666666667,0.5
compromised_xapp,greedy_twin,naive,phi,radioml,2,300,0.9858584505741362,0.9669561243787199,0.53,0.7633333333333333,1,0.0,0.0,29.463333333333335,59.17084293614592,0.22252511724080298,0.16666666666666666,0.36666666666666664,0.2,0.0,0.0,0.5466666666666666,0.5
compromised_xapp,greedy_twin,naive,phi,radioml,3,300,0.9828713103445583,0.9353655751224728,0.5233333333333333,0.6933333333333334,1,0.0,0.0,28.893333333333334,50.57439442584813,0.28953797701122513,0.17,0.2966666666666667,0.19666666666666666,0.0,0.0,0.37333333333333335,0.5
compromised_xapp,greedy_twin,naive,phi,radioml,4,300,0.9834418590938344,0.9450119602898499,0.5166666666666667,0.7233333333333334,1,0.0,0.0,29.143333333333334,51.74732653008597,0.2601085257605012,0.17,0.32666666666666666,0.17,0.0,0.0,0.49,0.5
compromised_xapp,greedy_twin,naive,phi,radioml,5,300,0.9836236687517286,0.9429050640422214,0.54,0.7033333333333334,1,0.0,0.0,29.19,50.35792770112075,0.2802903354183952,0.16,0.31666666666666665,0.17666666666666667,0.0,0.0,0.43333333333333335,0.5
compromised_xapp,greedy_twin,naive,phi,radioml,6,300,0.9847294383059622,0.9599859537187156,0.5366666666666666,0.7333333333333333,1,0.0,0.0,29.51,57.28992498188541,0.2513961049726289,0.16666666666666666,0.3233333333333333,0.19,0.0,0.0,0.48,0.5
compromised_xapp,greedy_twin,naive,phi,radioml,7,300,0.9839995873096726,0.9656288515798543,0.54,0.7233333333333334,1,0.0,0.0,29.59,63.65229278583861,0.26066625397633947,0.19333333333333333,0.3466666666666667,0.18666666666666668,0.0,0.0,0.47333333333333333,0.5
compromised_xapp,greedy_twin,naive,phi,radioml,8,300,0.9815577486254864,0.9344865779118321,0.54,0.7066666666666667,1,0.0,0.0,28.86,50.24960506995445,0.2748910819588197,0.21666666666666667,0.31,0.21333333333333335,0.0,0.0,0.39,0.5
compromised_xapp,greedy_twin,naive,phi,radioml,9,300,0.9830371095158693,0.9591817825595438,0.5366666666666666,0.7433333333333333,1,0.0,0.0,29.456666666666667,49.9721493209836,0.23970377618253594,0.16666666666666666,0.36666666666666664,0.19,0.0,0.0,0.5333333333333333,0.5
compromised_xapp,shield_filter,naive,phi,radioml,0,300,0.9418166117526016,0.7691126991233539,0.0,0.06666666666666667,1,0.02,0.0,26.57,40.52331855601219,0.8751499450859349,0.0,0.05333333333333334,0.013333333333333334,0.0,0.0,0.0,0.5
compromised_xapp,shield_filter,naive,phi,radioml,1,300,0.9429987246016841,0.7735264767745919,0.0,0.07,1,0.023333333333333334,0.0,26.52,40.15965620846365,0.872998724601684,0.0,0.056666666666666664,0.016666666666666666,0.0,0.0,0.0,0.5
compromised_xapp,shield_filter,naive,phi,radioml,2,300,0.9551101861543532,0.7767214775138106,0.0,0.12333333333333334,1,0.006666666666666667,0.0,26.73,41.352290733232635,0.8317768528210199,0.0,0.10666666666666667,0.016666666666666666,0.0,0.0,0.0,0.5
compromised_xapp,shield_filter,naive,phi,radioml,3,300,0.9310116550534493,0.6997649260580538,0.0,0.13,1,0.03666666666666667,0.0,26.39,39.73734493266488,0.8010116550534494,0.0,0.11333333333333333,0.02,0.0,0.0,0.0,0.5
compromised_xapp,shield_filter,naive,phi,radioml,4,300,0.940331418263867,0.7710152630347215,0.0,0.13333333333333333,1,0.03,0.0,26.59,40.84015495416709,0.8069980849305338,0.0,0.12,0.016666666666666666,0.0,0.0,0.0,0.5
compromised_xapp,shield_filter,naive,phi,radioml,5,300,0.9433431363385844,0.7759973143305401,0.0,0.06333333333333334,1,0.02666666666666667,0.0,26.36,41.95263066736558,0.880009803005251,0.0,0.04666666666666667,0.02,0.0,0.0,0.0,0.5
compromised_xapp,shield_filter,naive,phi,radioml,6,300,0.9550068944208795,0.7764439303713435,0.0,0.09,1,0.01,0.0,26.56,41.73902626464426,0.8650068944208794,0.0,0.07,0.02,0.0,0.0,0.0,0.5
compromised_xapp,shield_filter,naive,phi,radioml,7,300,0.9432857466795637,0.7719316464232597,0.0,0.09666666666666666,1,0.023333333333333334,0.0,26.62,37.75808403488214,0.846619080012897,0.0,0.07666666666666666,0.02,0.0,0.0,0.0,0.5
compromised_xapp,shield_filter,naive,phi,radioml,8,300,0.9549568886184852,0.7767028690663398,0.0,0.12,1,0.006666666666666667,0.0,26.47,40.09436440795647,0.8349568886184853,0.0,0.11333333333333333,0.006666666666666667,0.0,0.0,0.0,0.5
compromised_xapp,shield_filter,naive,phi,radioml,9,300,0.9224023659829015,0.46928450163017044,0.0,0.11333333333333333,1,0.04666666666666667,0.0,26.2,41.99399875523042,0.8090690326495683,0.0,0.08666666666666667,0.02666666666666667,0.0,0.0,0.0,0.5
compromised_xapp,shield_repair,naive,phi,radioml,0,300,0.982015039986757,0.9418907479362687,0.0,0.20333333333333334,1,0.0,0.476,27.23,43.38488131001357,0.7786817066534237,0.0,0.09333333333333334,0.13,0.0,0.0,0.0,0.5
compromised_xapp,shield_repair,naive,phi,radioml,1,300,0.980672807030005,0.9414834337978105,0.0,0.17666666666666667,1,0.0,0.4673333333333333,27.22,48.28294188800005,0.8040061403633384,0.0,0.09333333333333334,0.09666666666666666,0.0,0.0,0.0,0.5
compromised_xapp,shield_repair,naive,phi,radioml,2,300,0.9831718357608724,0.9468586737908624,0.0,0.23333333333333334,1,0.0,0.49666666666666665,27.32,48.20150325577345,0.749838502427539,0.0,0.13,0.11,0.0,0.0,0.0,0.5
compromised_xapp,shield_repair,naive,phi,radioml,3,300,0.9800878919437389,0.9312107441063195,0.0,0.18666666666666668,1,0.0,0.48533333333333334,27.31,43.56125936424302,0.7934212252770723,0.0,0.11,0.09333333333333334,0.0,0.0,0.0,0.5
compromised_xapp,shield_repair,naive,phi,radioml,4,300,0.9833099051966845,0.9450119602898499,0.0,0.25,1,0.0,0.4826666666666667,27.33,42.36244771709567,0.7333099051966844,0.0,0.15666666666666668,0.11,0.0,0.0,0.0,0.5
compromised_xapp,shield_repair,naive,phi,radioml,5,300,0.9819446965305606,0.9369189770824076,0.0,0.16666666666666666,1,0.0,0.48133333333333334,27.37,44.38389991337725,0.815278029863894,0.0,0.05333333333333334,0.11333333333333333,0.0,0.0,0.0,0.5
compromised_xapp,shield_repair,naive,phi,radioml,6,300,0.9828399842924674,0.9491421407015003,0.0,0.22333333333333333,1,0.0,0.4633333333333333,27.45,49.799451991455165,0.7595066509591342,0.0,0.09333333333333334,0.14,0.0,0.0,0.0,0.5
compromised_xapp,shield_repair,naive,phi,radioml,7,300,0.9828017790623876,0.9463172733699544,0.0,0.18333333333333332,1,0.0,0.4726666666666667,27.53,43.111555231437436,0.7994684457290543,0.0,0.07666666666666666,0.11333333333333333,0.0,0.0,0.0,0.5
compromised_xapp,shield_repair,naive,phi,radioml,8,300,0.9809594527501573,0.9343732240545156,0.0,0.26,1,0.0,0.4746666666666667,27.2,44.37776054647814,0.7209594527501573,0.0,0.15333333333333332,0.14333333333333334,0.0,0.0,0.0,0.5
compromised_xapp,shield_repair,naive,phi,radioml,9,300,0.9820892157389365,0.948261915897528,0.0,0.2633333333333333,1,0.0,0.494,27.48,46.30358238600522,0.7187558824056034,0.0,0.15,0.13333333333333333,0.0,0.0,0.0,0.5
compound,heuristic,naive,phi,radioml,0,300,0.8263748569002908,0.36059605274524004,0.0,0.23666666666666666,33,0.0,0.0,26.0,44.16666666666665,0.5897081902336242,0.0,0.0,0.23666666666666666,0.0,0.0,0.0,0.5
compound,heuristic,naive,phi,radioml,1,300,0.8339761307487392,0.44631737380630637,0.0,0.22,22,0.0,0.0,26.0,44.16666666666665,0.6139761307487391,0.0,0.0,0.22,0.0,0.0,0.0,0.5
compound,heuristic,naive,phi,radioml,2,300,0.8354970324595781,0.6300985967282331,0.0,0.22,10,0.0,0.0,26.0,44.16666666666665,0.615497032459578,0.0,0.0,0.22,0.0,0.0,0.0,0.5
compound,heuristic,naive,phi,radioml,3,300,0.8177297505030899,0.21106406376394524,0.0,0.21,22,0.0,0.0,26.0,44.16666666666665,0.6077297505030899,0.0,0.0,0.21,0.0,0.0,0.0,0.5
compound,heuristic,naive,phi,radioml,4,300,0.8217000625184632,0.298444403688071,0.0,0.23666666666666666,1,0.0,0.0,26.0,44.16666666666665,0.5850333958517966,0.0,0.0,0.23666666666666666,0.0,0.0,0.0,0.5
compound,heuristic,naive,phi,radioml,5,300,0.8206103673383839,0.24091211523642497,0.0,0.22,1,0.0,0.0,26.0,44.16666666666665,0.6006103673383838,0.0,0.0,0.22,0.0,0.0,0.0,0.5
compound,heuristic,naive,phi,radioml,6,300,0.8328883596874556,0.5950882994117888,0.0,0.24333333333333335,8,0.0,0.0,26.0,44.16666666666665,0.5895550263541223,0.0,0.0,0.24333333333333335,0.0,0.0,0.0,0.5
compound,heuristic,naive,phi,radioml,7,300,0.8355539751889453,0.6243860345423792,0.0,0.23,15,0.0,0.0,26.0,44.16666666666665,0.6055539751889452,0.0,0.0,0.23,0.0,0.0,0.0,0.5
compound,heuristic,naive,phi,radioml,8,300,0.8166682968171132,0.23696990434259982,0.0,0.21333333333333335,6,0.0,0.0,26.0,44.16666666666665,0.6033349634837797,0.0,0.0,0.21333333333333335,0.0,0.0,0.0,0.5
compound,heuristic,naive,phi,radioml,9,300,0.8258543372455633,0.20034978452336114,0.0,0.2,1,0.0,0.0,26.0,44.16666666666665,0.6258543372455633,0.0,0.0,0.2,0.0,0.0,0.0,0.5
compound,greedy_twin,naive,phi,radioml,0,300,0.8841630488178691,0.6475119000065894,0.6633333333333333,0.94,7,0.0,0.0,30.953333333333333,57.020539001334384,-0.05583695118213095,0.16666666666666666,0.49,0.3933333333333333,0.016666666666666666,0.0,0.8933333333333333,0.5
compound,greedy_twin,naive,phi,radioml,1,300,0.8693468067993231,0.6582696588182279,0.6533333333333333,0.91,2,0.0,0.0,30.63,60.78354851928619,-0.040653193200676924,0.17333333333333334,0.44,0.4266666666666667,0.016666666666666666,0.0,0.8066666666666666,0.5
compound,greedy_twin,naive,phi,radioml,2,300,0.8837423912288559,0.6324009877631499,0.7033333333333334,0.97,2,0.0,0.0,31.46,51.630417430453036,-0.08625760877114408,0.16333333333333333,0.5333333333333333,0.43666666666666665,0.02,0.0,0.92,0.5
compound,greedy_twin,naive,phi,radioml,3,300,0.8795995914123201,0.6366247877159275,0.6466666666666666,0.9366666666666666,1,0.0,0.0,31.276666666666667,51.00740132472269,-0.0570670752543464,0.15666666666666668,0.5666666666666667,0.36666666666666664,0.01,0.0,0.8733333333333333,0.5
compound,greedy_twin,naive,phi,radioml,4,300,0.8856358576501189,0.6893052332766394,0.6433333333333333,0.93,2,0.0,0.0,30.876666666666665,55.552360963702135,-0.0443641423498812,0.16333333333333333,0.49333333333333335,0.41333333333333333,0.0,0.0,0.8566666666666667,0.5
compound,greedy_twin,naive,phi,radioml,5,300,0.8936100972578278,0.6871481975773244,0.6533333333333333,0.9266666666666666,1,0.0,0.0,31.136666666666667,59.76546722264586,-0.03305656940883888,0.15,0.57,0.35333333333333333,0.013333333333333334,0.0,0.85,0.5
compound,greedy_twin,naive,phi,radioml,6,300,0.8738369429050175,0.6528989297375845,0.66,0.96,1,0.0,0.0,31.083333333333332,55.58184664406511,-0.08616305709498256,0.13333333333333333,0.5266666666666666,0.4066666666666667,0.02,0.0,0.9033333333333333,0.5
compound,greedy_twin,naive,phi,radioml,7,300,0.8985796753450563,0.6944687091356196,0.68,0.98,2,0.0,0.0,31.513333333333332,46.07748366026038,-0.0814203246549437,0.19333333333333333,0.5666666666666667,0.36333333333333334,0.0033333333333333335,0.0,0.9633333333333334,0.5
compound,greedy_twin,naive,phi,radioml,8,300,0.887114082284203,0.6821117695466624,0.6533333333333333,0.9033333333333333,5,0.0,0.0,30.97,55.942363431672696,-0.016219251049130218,0.15333333333333332,0.56,0.36333333333333334,0.013333333333333334,0.0,0.83,0.5
compound,greedy_twin,naive,phi,radioml,9,300,0.8938324344813897,0.7007362839749915,0.6666666666666666,0.9466666666666667,1,0.0,0.0,31.63,56.105986981644335,-0.05283423218527705,0.15333333333333332,0.5866666666666667,0.4166666666666667,0.006666666666666667,0.0,0.92,0.5
compound,shield_filter,naive,phi,radioml,0,300,0.7078991533314472,0.0562691992881604,0.0,0.19666666666666666,7,0.09,0.0,25.77,37.980112579998014,0.5112324866647805,0.0,0.056666666666666664,0.14666666666666667,0.0,0.016666666666666666,0.0,0.5
compound,shield_filter,naive,phi,radioml,1,300,0.6886169031249928,0.03313594215477393,0.0,0.19,9,0.12,0.0,25.6,37.803868876189554,0.4986169031249928,0.0,0.023333333333333334,0.16,0.0,0.02,0.0,0.5
compound,shield_filter,naive,phi,radioml,2,300,0.6879339835656755,0.0609001277840842,0.0,0.22666666666666666,7,0.09666666666666666,0.0,25.84,41.07434030207726,0.4612673168990087,0.0,0.043333333333333335,0.2,0.0,0.006666666666666667,0.0,0.5
compound,shield_filter,naive,phi,radioml,3,300,0.706429715479906,0.05714306195719286,0.0,0.24333333333333335,15,0.08333333333333333,0.0,25.87,40.628448561204245,0.46309638214657267,0.0,0.09666666666666666,0.16333333333333333,0.0,0.0,0.0,0.5
compound,shield_filter,naive,phi,radioml,4,300,0.6945780096906706,0.028576980119218456,0.0,0.21,4,0.12,0.0,25.62,43.306862270930985,0.48457800969067044,0.0,0.07666666666666666,0.16,0.0,0.006666666666666667,0.0,0.5
compound,shield_filter,naive,phi,radioml,5,300,0.6928443621490901,0.036296717053014224,0.0,0.21,1,0.11666666666666667,0.0,25.61,36.32315757873909,0.48284436214909005,0.0,0.11333333333333333,0.11333333333333333,0.0,0.02,0.0,0.5
compound,shield_filter,naive,phi,radioml,6,300,0.6974846401872506,0.06537289276565814,0.0,0.23333333333333334,18,0.10666666666666667,0.0,25.79,44.271295412108046,0.46415130685391737,0.0,0.09,0.16,0.0,0.0,0.0,0.5
compound,shield_filter,naive,phi,radioml,7,300,0.7109198096515975,0.06298393925405113,0.0,0.21666666666666667,12,0.09333333333333334,0.0,25.97,39.999363402295735,0.49425314298493106,0.0,0.09666666666666666,0.15333333333333332,0.0,0.006666666666666667,0.0,0.5
compound,shield_filter,naive,phi,radioml,8,300,0.6772605982543051,0.039426623895984635,0.0,0.22666666666666666,5,0.11333333333333333,0.0,25.62,37.868693757308954,0.4505939315876384,0.0,0.10666666666666667,0.14,0.0,0.023333333333333334,0.0,0.5
compound,shield_filter,naive,phi,radioml,9,300,0.680343396259012,0.047880430868412656,0.0,0.25333333333333335,1,0.08,0.0,25.89,45.133207816417126,0.42701006292567856,0.0,0.06333333333333334,0.19,0.0,0.04,0.0,0.5
compound,shield_repair,naive,phi,radioml,0,300,0.8601360873506171,0.6277786787494275,0.0,0.35333333333333333,5,0.0,0.526,27.74,44.757492045339404,0.5068027540172838,0.0,0.11666666666666667,0.30333333333333334,0.0,0.0,0.0,0.5
compound,shield_repair,naive,phi,radioml,1,300,0.8660277844605744,0.6894224151613538,0.0,0.38666666666666666,10,0.0,0.5573333333333333,27.77,46.018002036946285,0.47936111779390767,0.0,0.06333333333333334,0.3566666666666667,0.0,0.0,0.0,0.5
compound,shield_repair,naive,phi,radioml,2,300,0.8593688288617826,0.6372971668536414,0.0,0.41333333333333333,2,0.0,0.5393333333333333,28.04,45.9196997250041,0.44603549552844907,0.0,0.08333333333333333,0.37,0.0,0.0,0.0,0.5
compound,shield_repair,naive,phi,radioml,3,300,0.8546677659575842,0.6034735649958604,0.0,0.3933333333333333,15,0.0,0.54,27.98,45.2744386295554,0.4613344326242509,0.0,0.16333333333333333,0.31333333333333335,0.0,0.0,0.0,0.5
compound,shield_repair,naive,phi,radioml,4,300,0.8535233329855013,0.6198248709822772,0.0,0.37333333333333335,4,0.0,0.5353333333333333,27.73,44.715417743313054,0.48018999965216785,0.0,0.17666666666666667,0.30333333333333334,0.0,0.0,0.0,0.5
compound,shield_repair,naive,phi,radioml,5,300,0.872842661796858,0.6657920913624762,0.0,0.41,1,0.0,0.544,27.89,44.305298153206856,0.46284266179685785,0.0,0.21333333333333335,0.29333333333333333,0.0,0.0,0.0,0.5
compound,shield_repair,naive,phi,radioml,6,300,0.8537501553505339,0.6630419792882827,0.0,0.4266666666666667,1,0.0,0.5426666666666666,27.88,48.77419496358401,0.4270834886838672,0.0,0.17666666666666667,0.3333333333333333,0.0,0.0,0.0,0.5
compound,shield_repair,naive,phi,radioml,7,300,0.8616542292187384,0.618608480385565,0.0,0.4166666666666667,8,0.0,0.5453333333333333,27.97,41.98112962376873,0.4449875625520717,0.0,0.17333333333333334,0.31666666666666665,0.0,0.0,0.0,0.5
compound,shield_repair,naive,phi,radioml,8,300,0.8548932326092317,0.6107991908730922,0.0,0.4633333333333333,2,0.0,0.5626666666666666,27.84,43.06182684899439,0.3915598992758983,0.0,0.24,0.34,0.0,0.0,0.0,0.5
compound,shield_repair,naive,phi,radioml,9,300,0.8623800171246498,0.6445552433706165,0.0,0.44,1,0.0,0.55,28.01,44.22911149385646,0.4223800171246499,0.0,0.17333333333333334,0.38333333333333336,0.0,0.0,0.0,0.5
narrowband,heuristic,adaptive,phi,radioml,0,300,0.9770977310891268,0.9400787623595629,0.0,0.0,1,0.0,0.0,26.0,44.16666666666665,0.9770977310891268,0.0,0.0,0.0,0.0,0.0,0.0,0.5
narrowband,heuristic,adaptive,phi,radioml,1,300,0.977168234410561,0.9357957499474046,0.0,0.0,1,0.0,0.0,26.0,44.16666666666665,0.977168234410561,0.0,0.0,0.0,0.0,0.0,0.0,0.5
narrowband,heuristic,adaptive,phi,radioml,2,300,0.9766124207437193,0.9364396206843761,0.0,0.0,1,0.0,0.0,26.0,44.16666666666665,0.9766124207437193,0.0,0.0,0.0,0.0,0.0,0.0,0.5
narrowband,heuristic,adaptive,phi,radioml,3,300,0.9769453085043361,0.9401360858191524,0.0,0.0,1,0.0,0.0,26.0,44.16666666666665,0.9769453085043361,0.0,0.0,0.0,0.0,0.0,0.0,0.5
narrowband,heuristic,adaptive,phi,radioml,4,300,0.9744448301439964,0.9419172790303951,0.0,0.0,1,0.0,0.0,26.0,44.16666666666665,0.9744448301439964,0.0,0.0,0.0,0.0,0.0,0.0,0.5
narrowband,heuristic,adaptive,phi,radioml,5,300,0.9768463150909735,0.9350851394717098,0.0,0.0,1,0.0,0.0,26.0,44.16666666666665,0.9768463150909735,0.0,0.0,0.0,0.0,0.0,0.0,0.5
narrowband,heuristic,adaptive,phi,radioml,6,300,0.976295129304764,0.9378059874512302,0.0,0.0,1,0.0,0.0,26.0,44.16666666666665,0.976295129304764,0.0,0.0,0.0,0.0,0.0,0.0,0.5
narrowband,heuristic,adaptive,phi,radioml,7,300,0.9772239525389996,0.9395231417988055,0.0,0.0,1,0.0,0.0,26.0,44.16666666666665,0.9772239525389996,0.0,0.0,0.0,0.0,0.0,0.0,0.5
narrowband,heuristic,adaptive,phi,radioml,8,300,0.9748380473033452,0.9384627974721415,0.0,0.0,1,0.0,0.0,26.0,44.16666666666665,0.9748380473033452,0.0,0.0,0.0,0.0,0.0,0.0,0.5
narrowband,heuristic,adaptive,phi,radioml,9,300,0.9774529905384789,0.9425077834675368,0.0,0.0,1,0.0,0.0,26.0,44.16666666666665,0.9774529905384789,0.0,0.0,0.0,0.0,0.0,0.0,0.5
narrowband,greedy_twin,adaptive,phi,radioml,0,300,0.9777394693522932,0.9622561102427419,0.11333333333333333,0.7066666666666667,1,0.0,0.0,29.673333333333332,57.87020090551188,0.27107280268562645,0.05333333333333334,0.29333333333333333,0.04,0.0,0.0,0.5633333333333334,0.5
narrowband,greedy_twin,adaptive,phi,radioml,1,300,0.9779717478000369,0.9599311457056435,0.09666666666666666,0.5933333333333334,1,0.0,0.0,29.386666666666667,58.88375771678514,0.38463841446670366,0.04,0.2833333333333333,0.04666666666666667,0.0,0.0,0.4033333333333333,0.5
narrowband,greedy_twin,adaptive,phi,radioml,2,300,0.9779268366466901,0.9624392673089176,0.08,0.59,1,0.0,0.0,29.436666666666667,56.78869767978185,0.3879268366466901,0.04,0.17,0.023333333333333334,0.0,0.0,0.45666666666666667,0.5
narrowband,greedy_twin,adaptive,phi,radioml,3,300,0.9787206420801305,0.9659650838830878,0.08666666666666667,0.5533333333333333,1,0.0,0.0,29.503333333333334,56.62382763883019,0.4253873087467972,0.06,0.16,0.03666666666666667,0.0,0.0,0.4633333333333333,0.5
narrowband,greedy_twin,adaptive,phi,radioml,4,300,0.9780911773994285,0.962614176063973,0.08,0.5833333333333334,1,0.0,0.0,29.413333333333334,54.57282328949259,0.3947578440660953,0.04,0.19666666666666666,0.03333333333333333,0.0,0.0,0.4633333333333333,0.5
narrowband,greedy_twin,adaptive,phi,radioml,5,300,0.9763486290098047,0.961082182624722,0.09,0.5833333333333334,1,0.0,0.0,29.513333333333332,55.86097952957854,0.39301529567647153,0.04666666666666667,0.22,0.03,0.0,0.0,0.4533333333333333,0.5
narrowband,greedy_twin,adaptive,phi,radioml,6,300,0.9774843356797422,0.9628026767380374,0.09333333333333334,0.5433333333333333,1,0.0,0.0,29.296666666666667,55.54691444091067,0.434151002346409,0.056666666666666664,0.17,0.02666666666666667,0.0,0.0,0.4033333333333333,0.5
narrowband,greedy_twin,adaptive,phi,radioml,7,300,0.9774136199251264,0.9621878341803864,0.08333333333333333,0.5666666666666667,1,0.0,0.0,29.393333333333334,55.94987491725486,0.4107469532584597,0.04666666666666667,0.16666666666666666,0.016666666666666666,0.0,0.0,0.45666666666666667,0.5
narrowband,greedy_twin,adaptive,phi,radioml,8,300,0.9776396184727486,0.963991738407374,0.07333333333333333,0.45,1,0.0,0.0,29.31,56.76643662097521,0.5276396184727484,0.03666666666666667,0.11,0.016666666666666666,0.0,0.0,0.38,0.5
narrowband,greedy_twin,adaptive,phi,radioml,9,300,0.9781480842441802,0.9631224990947788,0.09333333333333334,0.5266666666666666,1,0.0,0.0,29.44333333333333,55.92879062223728,0.4514814175775136,0.06333333333333334,0.12,0.02666666666666667,0.0,0.0,0.4533333333333333,0.5
narrowband,shield_filter,adaptive,phi,radioml,0,300,0.9775036006907449,0.9612041186884358,0.0,0.5033333333333333,1,0.0,0.0,29.24,55.76609682831463,0.4741702673574115,0.0,0.23666666666666666,0.0,0.0,0.0,0.32,0.5
narrowband,shield_filter,adaptive,phi,radioml,1,300,0.9771904590612546,0.9590631829618537,0.0,0.47,1,0.0,0.0,29.183333333333334,54.57244431994606,0.5071904590612546,0.0,0.25333333333333335,0.0,0.0,0.0,0.2866666666666667,0.5
narrowband,shield_filter,adaptive,phi,radioml,2,300,0.9779011799928318,0.9600488407716088,0.0,0.47,1,0.0,0.0,29.25,56.3756101552206,0.5079011799928319,0.0,0.14,0.0,0.0,0.0,0.3433333333333333,0.5
narrowband,shield_filter,adaptive,phi,radioml,3,300,0.9790371387421603,0.967390154920749,0.0,0.4533333333333333,1,0.0,0.0,29.3,56.384065427979635,0.525703805408827,0.0,0.13333333333333333,0.0,0.0,0.0,0.3433333333333333,0.5
narrowband,shield_filter,adaptive,phi,radioml,4,300,0.977704902107162,0.9582191647460709,0.0,0.3566666666666667,1,0.0,0.0,29.11,54.533928194023545,0.6210382354404953,0.0,0.16333333333333333,0.0,0.0,0.0,0.23,0.5
narrowband,shield_filter,adaptive,phi,radioml,5,300,0.9754866561706007,0.9569530339394309,0.0,0.4066666666666667,1,0.0,0.0,29.203333333333333,54.26405709613656,0.568819989503934,0.0,0.18,0.0,0.0,0.0,0.26,0.5
narrowband,shield_filter,adaptive,phi,radioml,6,300,0.9773995672511777,0.9604495666904826,0.0,0.43333333333333335,1,0.0,0.0,29.14,55.1990859232951,0.5440662339178444,0.0,0.15333333333333332,0.0,0.0,0.0,0.31666666666666665,0.5
narrowband,shield_filter,adaptive,phi,radioml,7,300,0.9773197965759702,0.9617208035786774,0.0,0.38,1,0.0,0.0,29.13,54.052553825099736,0.5973197965759703,0.0,0.13666666666666666,0.0,0.0,0.0,0.3,0.5
narrowband,shield_filter,adaptive,phi,radioml,8,300,0.9767693195439167,0.9592866105940178,0.0,0.32666666666666666,1,0.0,0.0,29.153333333333332,56.3360869699437,0.65010265287725,0.0,0.08333333333333333,0.0,0.0,0.0,0.2833333333333333,0.5
narrowband,shield_filter,adaptive,phi,radioml,9,300,0.9778402521821908,0.9615837219725012,0.0,0.3566666666666667,1,0.0,0.0,29.2,56.16305184924747,0.6211735855155242,0.0,0.08666666666666667,0.0,0.0,0.0,0.29333333333333333,0.5
narrowband,shield_repair,adaptive,phi,radioml,0,300,0.9773106705958927,0.9600739127938106,0.0,0.52,1,0.0,0.17066666666666666,29.246666666666666,55.64084702847642,0.45731067059589275,0.0,0.22,0.0,0.0,0.0,0.3433333333333333,0.5
narrowband,shield_repair,adaptive,phi,radioml,1,300,0.9779572349916918,0.9593093671034779,0.0,0.4866666666666667,1,0.0,0.17933333333333334,29.216666666666665,56.1852710270191,0.49129056832502516,0.0,0.25333333333333335,0.0,0.0,0.0,0.30333333333333334,0.5
narrowband,shield_repair,adaptive,phi,radioml,2,300,0.9781123584922465,0.9628500139652423,0.0,0.47,1,0.0,0.168,29.236666666666668,56.2382260858156,0.5081123584922468,0.0,0.13333333333333333,0.0,0.0,0.0,0.35,0.5
narrowband,shield_repair,adaptive,phi,radioml,3,300,0.9788900987771958,0.967390154920749,0.0,0.44,1,0.0,0.176,29.29,55.792383982601734,0.5388900987771957,0.0,0.13333333333333333,0.0,0.0,0.0,0.33,0.5
narrowband,shield_repair,adaptive,phi,radioml,4,300,0.9770882094334127,0.9615144006397056,0.0,0.43333333333333335,1,0.0,0.16666666666666666,29.23,54.55887328795955,0.5437548761000793,0.0,0.17,0.0,0.0,0.0,0.30333333333333334,0.5
narrowband,shield_repair,adaptive,phi,radioml,5,300,0.9753306344943176,0.9570377789950049,0.0,0.45666666666666667,1,0.0,0.18466666666666667,29.28,54.70477386510996,0.5186639678276509,0.0,0.18333333333333332,0.0,0.0,0.0,0.31666666666666665,0.5
narrowband,shield_repair,adaptive,phi,radioml,6,300,0.9776462899145342,0.9635538040338387,0.0,0.44,1,0.0,0.16066666666666668,29.166666666666668,55.47565818936741,0.537646289914534,0.0,0.15333333333333332,0.0,0.0,0.0,0.3233333333333333,0.5
narrowband,shield_repair,adaptive,phi,radioml,7,300,0.9774298116723351,0.9621634079371607,0.0,0.43,1,0.0,0.188,29.2,54.669526767090076,0.547429811672335,0.0,0.13666666666666666,0.0,0.0,0.0,0.35,0.5
narrowband,shield_repair,adaptive,phi,radioml,8,300,0.9766514908500524,0.9587455987468584,0.0,0.3566666666666667,1,0.0,0.17466666666666666,29.203333333333333,56.387328007169536,0.6199848241833857,0.0,0.08333333333333333,0.0,0.0,0.0,0.31333333333333335,0.5
narrowband,shield_repair,adaptive,phi,radioml,9,300,0.97810888612643,0.9615837219725012,0.0,0.4066666666666667,1,0.0,0.17666666666666667,29.263333333333332,56.3270362937337,0.5714422194597634,0.0,0.08666666666666667,0.0,0.0,0.0,0.3433333333333333,0.5
wideband,heuristic,adaptive,phi,radioml,0,300,0.6837523852132595,0.07622813786969879,0.0,0.0,221,0.0,0.0,26.0,44.16666666666665,0.6837523852132595,0.0,0.0,0.0,0.0,0.0,0.0,0.5
wideband,heuristic,adaptive,phi,radioml,1,300,0.7045351389960729,0.10976307366443344,0.0,0.0,221,0.0,0.0,26.0,44.16666666666665,0.7045351389960729,0.0,0.0,0.0,0.0,0.0,0.0,0.5
wideband,heuristic,adaptive,phi,radioml,2,300,0.6941842414118305,0.09145034728562829,0.0,0.0,221,0.0,0.0,26.0,44.16666666666665,0.6941842414118305,0.0,0.0,0.0,0.0,0.0,0.0,0.5
wideband,heuristic,adaptive,phi,radioml,3,300,0.6915533366839354,0.08421846617792228,0.0,0.0,221,0.0,0.0,26.0,44.16666666666665,0.6915533366839354,0.0,0.0,0.0,0.0,0.0,0.0,0.5
wideband,heuristic,adaptive,phi,radioml,4,300,0.6760647643456625,0.09043232638828115,0.0,0.0,221,0.0,0.0,26.0,44.16666666666665,0.6760647643456625,0.0,0.0,0.0,0.0,0.0,0.0,0.5
wideband,heuristic,adaptive,phi,radioml,5,300,0.6810620199127435,0.08068405411592325,0.0,0.0,221,0.0,0.0,26.0,44.16666666666665,0.6810620199127435,0.0,0.0,0.0,0.0,0.0,0.0,0.5
wideband,heuristic,adaptive,phi,radioml,6,300,0.6977761740264331,0.13212770223375966,0.0,0.0,221,0.0,0.0,26.0,44.16666666666665,0.6977761740264331,0.0,0.0,0.0,0.0,0.0,0.0,0.5
wideband,heuristic,adaptive,phi,radioml,7,300,0.6977967871881774,0.11666336789310867,0.0,0.0,221,0.0,0.0,26.0,44.16666666666665,0.6977967871881774,0.0,0.0,0.0,0.0,0.0,0.0,0.5
wideband,heuristic,adaptive,phi,radioml,8,300,0.6811370987306463,0.0838169578203727,0.0,0.0,221,0.0,0.0,26.0,44.16666666666665,0.6811370987306463,0.0,0.0,0.0,0.0,0.0,0.0,0.5
wideband,heuristic,adaptive,phi,radioml,9,300,0.6798344146582486,0.08173265887445338,0.0,0.0,221,0.0,0.0,26.0,44.16666666666665,0.6798344146582486,0.0,0.0,0.0,0.0,0.0,0.0,0.5
wideband,greedy_twin,adaptive,phi,radioml,0,300,0.8363380487393004,0.4526834407487982,0.11333333333333333,0.9266666666666666,14,0.0,0.0,30.003333333333334,54.72138159877639,-0.09032861792736634,0.07,0.23333333333333334,0.02666666666666667,0.0,0.0,0.9133333333333333,0.5
wideband,greedy_twin,adaptive,phi,radioml,1,300,0.847375295971315,0.4931695989860053,0.16666666666666666,0.9233333333333333,4,0.0,0.0,30.28,56.411504844231416,-0.07595803736201828,0.06,0.3466666666666667,0.06666666666666667,0.0,0.0,0.8966666666666666,0.5
wideband,greedy_twin,adaptive,phi,radioml,2,300,0.8510209407526378,0.5052663726911716,0.11,0.8933333333333333,1,0.0,0.0,30.063333333333333,56.13613613329728,-0.042312392580695676,0.043333333333333335,0.26666666666666666,0.03666666666666667,0.0,0.0,0.8833333333333333,0.5
wideband,greedy_twin,adaptive,phi,radioml,3,300,0.8482789162065071,0.5078216687114115,0.09,0.9033333333333333,3,0.0,0.0,29.99,56.92449250291129,-0.05505441712682619,0.03666666666666667,0.14,0.02,0.0,0.0,0.88,0.5
wideband,greedy_twin,adaptive,phi,radioml,4,300,0.8563563547958125,0.5723168018470395,0.10666666666666667,0.9366666666666666,3,0.0,0.0,30.11,56.37025914256451,-0.08031031187085418,0.05333333333333334,0.27666666666666667,0.03333333333333333,0.0,0.0,0.9333333333333333,0.5
wideband,greedy_twin,adaptive,phi,radioml,5,300,0.8368954625809374,0.46530534992053335,0.14,0.9233333333333333,2,0.0,0.0,30.183333333333334,59.45161973265194,-0.08643787075239584,0.08,0.25333333333333335,0.03333333333333333,0.0,0.0,0.9033333333333333,0.5
wideband,greedy_twin,adaptive,phi,radioml,6,300,0.8536413647342603,0.486593275172223,0.11333333333333333,0.94,1,0.0,0.0,30.12,56.36807023391674,-0.08635863526573959,0.05333333333333334,0.24666666666666667,0.04,0.0,0.0,0.92,0.5
wideband,greedy_twin,adaptive,phi,radioml,7,300,0.843661620413645,0.45988635404584083,0.12666666666666668,0.9266666666666666,2,0.0,0.0,30.246666666666666,58.39598013715949,-0.08300504625302157,0.043333333333333335,0.2733333333333333,0.02666666666666667,0.0,0.0,0.9166666666666666,0.5
wideband,greedy_twin,adaptive,phi,radioml,8,300,0.8637547275054762,0.5762878280738857,0.09333333333333334,0.9,2,0.0,0.0,30.09,54.01027126075214,-0.03624527249452381,0.03666666666666667,0.21666666666666667,0.02666666666666667,0.0,0.0,0.8933333333333333,0.5
wideband,greedy_twin,adaptive,phi,radioml,9,300,0.8455778211075602,0.5023578615978727,0.12333333333333334,0.9266666666666666,4,0.0,0.0,30.023333333333333,56.68600100226288,-0.08108884555910646,0.06333333333333334,0.19666666666666666,0.03333333333333333,0.0,0.0,0.9066666666666666,0.5
wideband,shield_filter,adaptive,phi,radioml,0,300,0.8317688940626402,0.45068587804988625,0.0,0.81,10,0.0,0.0,29.686666666666667,54.713572816255216,0.021768894062640144,0.0,0.2,0.0,0.0,0.0,0.79,0.5
wideband,shield_filter,adaptive,phi,radioml,1,300,0.8428445691469386,0.48258169264800976,0.0,0.8633333333333333,1,0.0,0.0,29.7,56.33746557387,-0.02048876418639471,0.0,0.31333333333333335,0.0,0.0,0.0,0.8,0.5
wideband,shield_filter,adaptive,phi,radioml,2,300,0.8502676795937073,0.5171640282238369,0.0,0.8566666666666667,1,0.0,0.0,29.68,52.696055261234875,-0.006398987072959391,0.0,0.22333333333333333,0.0,0.0,0.0,0.83,0.5
wideband,shield_filter,adaptive,phi,radioml,3,300,0.8355721041211424,0.47505100906259484,0.0,0.8566666666666667,3,0.0,0.0,29.733333333333334,55.39062502914722,-0.02109456254552431,0.0,0.17,0.0,0.0,0.0,0.8266666666666667,0.5
wideband,shield_filter,adaptive,phi,radioml,4,300,0.8484716570090373,0.5113531346163497,0.0,0.78,4,0.0,0.0,29.663333333333334,55.98072950327946,0.06847165700903737,0.0,0.27666666666666667,0.0,0.0,0.0,0.7666666666666667,0.5
wideband,shield_filter,adaptive,phi,radioml,5,300,0.8270730678843198,0.3604529842655584,0.0,0.76,2,0.0,0.0,29.63,54.266014411371515,0.06707306788431974,0.0,0.12333333333333334,0.0,0.0,0.0,0.7333333333333333,0.5
wideband,shield_filter,adaptive,phi,radioml,6,300,0.8530710515446668,0.4985390986585293,0.0,0.9133333333333333,1,0.0,0.0,29.8,56.3658218527939,-0.06026228178866648,0.0,0.16333333333333333,0.0,0.0,0.0,0.9,0.5
wideband,shield_filter,adaptive,phi,radioml,7,300,0.8313608536529938,0.4547117441453373,0.0,0.8633333333333333,3,0.0,0.0,29.69333333333333,54.6306916482193,-0.03197247968033946,0.0,0.21333333333333335,0.0,0.0,0.0,0.85,0.5
wideband,shield_filter,adaptive,phi,radioml,8,300,0.8535489738966635,0.5494138014074891,0.0,0.82,2,0.0,0.0,29.716666666666665,53.47903323558623,0.033548973896663364,0.0,0.11,0.0,0.0,0.0,0.82,0.5
wideband,shield_filter,adaptive,phi,radioml,9,300,0.8389840052394406,0.44363566991671627,0.0,0.8166666666666667,4,0.0,0.0,29.713333333333335,56.171802406311514,0.022317338572773834,0.0,0.18666666666666668,0.0,0.0,0.0,0.81,0.5
wideband,shield_repair,adaptive,phi,radioml,0,300,0.8407348339922026,0.47097841521804173,0.0,0.9033333333333333,2,0.0,0.182,29.77,55.64408624415004,-0.06259849934113075,0.0,0.17,0.0,0.0,0.0,0.89,0.5
wideband,shield_repair,adaptive,phi,radioml,1,300,0.8449400843563578,0.45208960591922803,0.0,0.8433333333333334,4,0.0,0.19333333333333333,29.71,56.38044280560218,0.0016067510230244981,0.0,0.33666666666666667,0.0,0.0,0.0,0.7966666666666666,0.5
wideband,shield_repair,adaptive,phi,radioml,2,300,0.8523065779053361,0.5170324175160879,0.0,0.8666666666666667,1,0.0,0.172,29.723333333333333,55.27679580839384,-0.014360088761330339,0.0,0.24666666666666667,0.0,0.0,0.0,0.85,0.5
wideband,shield_repair,adaptive,phi,radioml,3,300,0.8359504349275515,0.47687520422692486,0.0,0.8566666666666667,3,0.0,0.17933333333333334,29.71,56.365625165341584,-0.020716231739115052,0.0,0.16333333333333333,0.0,0.0,0.0,0.8233333333333334,0.5
wideband,shield_repair,adaptive,phi,radioml,4,300,0.8385081193716947,0.4547440783518361,0.0,0.8766666666666667,4,0.0,0.18533333333333332,29.726666666666667,55.94823600523401,-0.03815854729497197,0.0,0.25333333333333335,0.0,0.0,0.0,0.8633333333333333,0.5
wideband,shield_repair,adaptive,phi,radioml,5,300,0.8374572538505133,0.4704358919691207,0.0,0.8666666666666667,2,0.0,0.19066666666666668,29.736666666666668,55.64819136190195,-0.029209412816153323,0.0,0.09333333333333334,0.0,0.0,0.0,0.85,0.5
wideband,shield_repair,adaptive,phi,radioml,6,300,0.8547455995043249,0.4986152107822265,0.0,0.8833333333333333,1,0.0,0.174,29.766666666666666,56.36558246451747,-0.028587733829008356,0.0,0.20666666666666667,0.0,0.0,0.0,0.8833333333333333,0.5
wideband,shield_repair,adaptive,phi,radioml,7,300,0.8365577616064945,0.45988635404584083,0.0,0.8733333333333333,3,0.0,0.188,29.713333333333335,56.351664991547395,-0.03677557172683872,0.0,0.2,0.0,0.0,0.0,0.8566666666666667,0.5
wideband,shield_repair,adaptive,phi,radioml,8,300,0.8576525135101237,0.5763999557222209,0.0,0.84,2,0.0,0.18466666666666667,29.71,53.27506088940801,0.017652513510123688,0.0,0.11,0.0,0.0,0.0,0.83,0.5
wideband,shield_repair,adaptive,phi,radioml,9,300,0.8460636446450509,0.4793807048292872,0.0,0.89,4,0.0,0.19066666666666668,29.773333333333333,56.33264495023678,-0.0439363553549491,0.0,0.21,0.0,0.0,0.0,0.8833333333333333,0.5
bursty,heuristic,adaptive,phi,radioml,0,300,0.9431353020648817,0.9015551622522775,0.0,0.0,1,0.0,0.0,26.0,44.16666666666665,0.9431353020648817,0.0,0.0,0.0,0.0,0.0,0.0,0.5
bursty,heuristic,adaptive,phi,radioml,1,300,0.9496748160856843,0.9045359089309075,0.0,0.0,2,0.0,0.0,26.0,44.16666666666665,0.9496748160856843,0.0,0.0,0.0,0.0,0.0,0.0,0.5
bursty,heuristic,adaptive,phi,radioml,2,300,0.9450964081777945,0.9016706891209736,0.0,0.0,1,0.0,0.0,26.0,44.16666666666665,0.9450964081777945,0.0,0.0,0.0,0.0,0.0,0.0,0.5
bursty,heuristic,adaptive,phi,radioml,3,300,0.9456353280532037,0.9021981019534522,0.0,0.0,1,0.0,0.0,26.0,44.16666666666665,0.9456353280532037,0.0,0.0,0.0,0.0,0.0,0.0,0.5
bursty,heuristic,adaptive,phi,radioml,4,300,0.9455459899388772,0.9044411330915979,0.0,0.0,1,0.0,0.0,26.0,44.16666666666665,0.9455459899388772,0.0,0.0,0.0,0.0,0.0,0.0,0.5
bursty,heuristic,adaptive,phi,radioml,5,300,0.9480200730181959,0.9059160618927647,0.0,0.0,2,0.0,0.0,26.0,44.16666666666665,0.9480200730181959,0.0,0.0,0.0,0.0,0.0,0.0,0.5
bursty,heuristic,adaptive,phi,radioml,6,300,0.9427994652596529,0.8974475569662005,0.0,0.0,1,0.0,0.0,26.0,44.16666666666665,0.9427994652596529,0.0,0.0,0.0,0.0,0.0,0.0,0.5
bursty,heuristic,adaptive,phi,radioml,7,300,0.9458636206004887,0.9004883108809467,0.0,0.0,1,0.0,0.0,26.0,44.16666666666665,0.9458636206004887,0.0,0.0,0.0,0.0,0.0,0.0,0.5
bursty,heuristic,adaptive,phi,radioml,8,300,0.943011947414249,0.9019849124826987,0.0,0.0,1,0.0,0.0,26.0,44.16666666666665,0.943011947414249,0.0,0.0,0.0,0.0,0.0,0.0,0.5
bursty,heuristic,adaptive,phi,radioml,9,300,0.9444544638725961,0.8999229767454808,0.0,0.0,1,0.0,0.0,26.0,44.16666666666665,0.9444544638725961,0.0,0.0,0.0,0.0,0.0,0.0,0.5
bursty,greedy_twin,adaptive,phi,radioml,0,300,0.9660460521816416,0.9311411732207213,0.16,0.88,1,0.0,0.0,29.96,56.07096226123211,0.08604605218164156,0.10666666666666667,0.27,0.043333333333333335,0.0,0.0,0.86,0.5
bursty,greedy_twin,adaptive,phi,radioml,1,300,0.9677208275882221,0.9298601470616726,0.16333333333333333,0.87,2,0.0,0.0,30.03,55.94935562131919,0.0977208275882221,0.09,0.36666666666666664,0.05333333333333334,0.0,0.0,0.8166666666666667,0.5
bursty,greedy_twin,adaptive,phi,radioml,2,300,0.9647255259672541,0.92467959467566,0.15333333333333332,0.8233333333333334,1,0.0,0.0,29.92,57.15053569079431,0.14139219263392078,0.09666666666666666,0.18666666666666668,0.03333333333333333,0.0,0.0,0.7733333333333333,0.5
bursty,greedy_twin,adaptive,phi,radioml,3,300,0.9655446095983632,0.9302047708059515,0.11666666666666667,0.9066666666666666,1,0.0,0.0,29.94,56.34181449628191,0.05887794293169639,0.07333333333333333,0.37666666666666665,0.03666666666666667,0.0,0.0,0.8466666666666667,0.5
bursty,greedy_twin,adaptive,phi,radioml,4,300,0.967752896763557,0.9328529147648974,0.10666666666666667,0.8533333333333334,1,0.0,0.0,29.9,57.18879168906981,0.11441956343022379,0.06,0.19666666666666666,0.03,0.0,0.0,0.83,0.5
bursty,greedy_twin,adaptive,phi,radioml,5,300,0.9674081716165248,0.9345814734187446,0.14333333333333334,0.88,3,0.0,0.0,29.983333333333334,55.662889487328215,0.08740817161652471,0.08333333333333333,0.2,0.056666666666666664,0.0,0.0,0.84,0.5
bursty,greedy_twin,adaptive,phi,radioml,6,300,0.9666781593338207,0.9348769525338579,0.18666666666666668,0.91,1,0.0,0.0,29.99,56.335628744747034,0.056678159333820755,0.11,0.2633333333333333,0.05333333333333334,0.0,0.0,0.8633333333333333,0.5
bursty,greedy_twin,adaptive,phi,radioml,7,300,0.9665181308014286,0.931958587340389,0.15333333333333332,0.83,1,0.0,0.0,29.906666666666666,56.77133868424847,0.1365181308014287,0.09666666666666666,0.26666666666666666,0.05333333333333334,0.0,0.0,0.7833333333333333,0.5
bursty,greedy_twin,adaptive,phi,radioml,8,300,0.9671885520647978,0.9332012105642462,0.12666666666666668,0.8766666666666667,1,0.0,0.0,29.923333333333332,56.303786275809706,0.09052188539813105,0.07333333333333333,0.22333333333333333,0.03,0.0,0.0,0.8533333333333334,0.5
bursty,greedy_twin,adaptive,phi,radioml,9,300,0.9654095710407553,0.9280155918415643,0.17,0.89,1,0.0,0.0,30.013333333333332,56.01618866484486,0.07540957104075524,0.09333333333333334,0.25666666666666665,0.043333333333333335,0.0,0.0,0.84,0.5
bursty,shield_filter,adaptive,phi,radioml,0,300,0.9640237772342526,0.9165613197771708,0.0,0.67,1,0.0,0.0,29.503333333333334,56.04827027580257,0.2940237772342525,0.0,0.22666666666666666,0.0,0.0,0.0,0.5833333333333334,0.5
bursty,shield_filter,adaptive,phi,radioml,1,300,0.9654624329674194,0.9276503111968221,0.0,0.6933333333333334,2,0.0,0.0,29.533333333333335,55.937100686380326,0.27212909963408616,0.0,0.31,0.0,0.0,0.0,0.5833333333333334,0.5
bursty,shield_filter,adaptive,phi,radioml,2,300,0.9634927656130658,0.92467959467566,0.0,0.5933333333333334,1,0.0,0.0,29.44333333333333,54.9656265935986,0.37015943227973247,0.0,0.12666666666666668,0.0,0.0,0.0,0.5133333333333333,0.5
bursty,shield_filter,adaptive,phi,radioml,3,300,0.9652563354192555,0.9206889854741392,0.0,0.8666666666666667,1,0.0,0.0,29.726666666666667,56.17508865961879,0.09858966875258877,0.0,0.3566666666666667,0.0,0.0,0.0,0.78,0.5
bursty,shield_filter,adaptive,phi,radioml,4,300,0.9661675175982869,0.9323966126222004,0.0,0.6533333333333333,1,0.0,0.0,29.563333333333333,56.173039567143775,0.31283418426495374,0.0,0.15333333333333332,0.0,0.0,0.0,0.61,0.5
bursty,shield_filter,adaptive,phi,radioml,5,300,0.9662234485545435,0.9328961966270596,0.0,0.6966666666666667,2,0.0,0.0,29.56,55.47304108587271,0.26955678188787685,0.0,0.14666666666666667,0.0,0.0,0.0,0.6466666666666666,0.5
bursty,shield_filter,adaptive,phi,radioml,6,300,0.9644279018255137,0.9255368153652863,0.0,0.6866666666666666,1,0.0,0.0,29.59,56.270633808156646,0.277761235158847,0.0,0.19666666666666666,0.0,0.0,0.0,0.6433333333333333,0.5
bursty,shield_filter,adaptive,phi,radioml,7,300,0.9652570971397686,0.931958587340389,0.0,0.6266666666666667,1,0.0,0.0,29.516666666666666,55.84919212552968,0.33859043047310206,0.0,0.21666666666666667,0.0,0.0,0.0,0.5833333333333334,0.5
bursty,shield_filter,adaptive,phi,radioml,8,300,0.9663405759487504,0.9299968185670847,0.0,0.8366666666666667,1,0.0,0.0,29.773333333333333,56.312228034081286,0.1296739092820837,0.0,0.19,0.0,0.0,0.0,0.8166666666666667,0.5
bursty,shield_filter,adaptive,phi,radioml,9,300,0.9639705470983624,0.9231273489125383,0.0,0.7366666666666667,1,0.0,0.0,29.606666666666666,56.28200459168945,0.22730388043169575,0.0,0.20333333333333334,0.0,0.0,0.0,0.6633333333333333,0.5
bursty,shield_repair,adaptive,phi,radioml,0,300,0.9651875705781049,0.9273748594754894,0.0,0.75,1,0.0,0.16866666666666666,29.636666666666667,56.040457274323074,0.2151875705781049,0.0,0.23666666666666666,0.0,0.0,0.0,0.6866666666666666,0.5
bursty,shield_repair,adaptive,phi,radioml,1,300,0.9672585484780905,0.9298601470616726,0.0,0.81,2,0.0,0.18266666666666667,29.683333333333334,55.94931584703179,0.15725854847809057,0.0,0.32666666666666666,0.0,0.0,0.0,0.7333333333333333,0.5
bursty,shield_repair,adaptive,phi,radioml,2,300,0.9644096791362551,0.9249720192170854,0.0,0.6766666666666666,1,0.0,0.16466666666666666,29.553333333333335,55.963303174616144,0.2877430124695884,0.0,0.13,0.0,0.0,0.0,0.62,0.5
bursty,shield_repair,adaptive,phi,radioml,3,300,0.9655776362259421,0.9235984582999317,0.0,0.8733333333333333,1,0.0,0.16266666666666665,29.763333333333332,56.175902944153485,0.09224430289260856,0.0,0.36666666666666664,0.0,0.0,0.0,0.8066666666666666,0.5
bursty,shield_repair,adaptive,phi,radioml,4,300,0.9670711082772588,0.9341679823203435,0.0,0.7066666666666667,1,0.0,0.18,29.61,55.91273865335994,0.2604044416105922,0.0,0.15666666666666668,0.0,0.0,0.0,0.68,0.5
bursty,shield_repair,adaptive,phi,radioml,5,300,0.967184932221879,0.9351209821134766,0.0,0.7466666666666667,2,0.0,0.18533333333333332,29.653333333333332,55.661461551537045,0.2205182655552124,0.0,0.15,0.0,0.0,0.0,0.71,0.5
bursty,shield_repair,adaptive,phi,radioml,6,300,0.9660812056212638,0.9325078964953356,0.0,0.7366666666666667,1,0.0,0.178,29.653333333333332,56.25956359715903,0.22941453895459715,0.0,0.20333333333333334,0.0,0.0,0.0,0.71,0.5
bursty,shield_repair,adaptive,phi,radioml,7,300,0.9657295661338698,0.9244010728415958,0.0,0.72,1,0.0,0.17866666666666667,29.626666666666665,56.20734155950336,0.24572956613386993,0.0,0.22333333333333333,0.0,0.0,0.0,0.6833333333333333,0.5
bursty,shield_repair,adaptive,phi,radioml,8,300,0.9665982056364991,0.9326784075232842,0.0,0.8333333333333334,1,0.0,0.168,29.753333333333334,56.311698408186295,0.13326487230316572,0.0,0.19,0.0,0.0,0.0,0.81,0.5
bursty,shield_repair,adaptive,phi,radioml,9,300,0.9649601055632622,0.9278597590573953,0.0,0.7833333333333333,1,0.0,0.168,29.7,55.916303809604685,0.18162677222992876,0.0,0.20666666666666667,0.0,0.0,0.0,0.7433333333333333,0.5
backhaul,heuristic,adaptive,phi,radioml,0,300,0.9227635829585874,0.8631463142781859,0.0,0.0,1,0.0,0.0,26.0,44.16666666666665,0.9227635829585874,0.0,0.0,0.0,0.0,0.0,0.0,0.5
backhaul,heuristic,adaptive,phi,radioml,1,300,0.9203861626777384,0.8595662124011029,0.0,0.0,5,0.0,0.0,26.0,44.16666666666665,0.9203861626777384,0.0,0.0,0.0,0.0,0.0,0.0,0.5
backhaul,heuristic,adaptive,phi,radioml,2,300,0.9218847451030179,0.8549909223628998,0.0,0.0,3,0.0,0.0,26.0,44.16666666666665,0.9218847451030179,0.0,0.0,0.0,0.0,0.0,0.0,0.5
backhaul,heuristic,adaptive,phi,radioml,3,300,0.9242169391289636,0.8639563514035462,0.0,0.0,3,0.0,0.0,26.0,44.16666666666665,0.9242169391289636,0.0,0.0,0.0,0.0,0.0,0.0,0.5
backhaul,heuristic,adaptive,phi,radioml,4,300,0.9235600471236338,0.8637839693924376,0.0,0.0,2,0.0,0.0,26.0,44.16666666666665,0.9235600471236338,0.0,0.0,0.0,0.0,0.0,0.0,0.5
backhaul,heuristic,adaptive,phi,radioml,5,300,0.9219324388637282,0.8640297908606438,0.0,0.0,1,0.0,0.0,26.0,44.16666666666665,0.9219324388637282,0.0,0.0,0.0,0.0,0.0,0.0,0.5
backhaul,heuristic,adaptive,phi,radioml,6,300,0.9216087701493889,0.8584325847033549,0.0,0.0,1,0.0,0.0,26.0,44.16666666666665,0.9216087701493889,0.0,0.0,0.0,0.0,0.0,0.0,0.5
backhaul,heuristic,adaptive,phi,radioml,7,300,0.9206968818540613,0.859140621893217,0.0,0.0,3,0.0,0.0,26.0,44.16666666666665,0.9206968818540613,0.0,0.0,0.0,0.0,0.0,0.0,0.5
backhaul,heuristic,adaptive,phi,radioml,8,300,0.9266274001176534,0.8595188131970906,0.0,0.0,2,0.0,0.0,26.0,44.16666666666665,0.9266274001176534,0.0,0.0,0.0,0.0,0.0,0.0,0.5
backhaul,heuristic,adaptive,phi,radioml,9,300,0.9259538205734452,0.8602798174398828,0.0,0.0,4,0.0,0.0,26.0,44.16666666666665,0.9259538205734452,0.0,0.0,0.0,0.0,0.0,0.0,0.5
backhaul,greedy_twin,adaptive,phi,radioml,0,300,0.9426903614164817,0.892546913655493,0.14333333333333334,0.87,2,0.0,0.0,29.85333333333333,57.63973361276041,0.07269036141648165,0.08666666666666667,0.22666666666666666,0.04666666666666667,0.0,0.0,0.78,0.5
backhaul,greedy_twin,adaptive,phi,radioml,1,300,0.9428175470127625,0.8920272596948781,0.15333333333333332,0.8233333333333334,1,0.0,0.0,29.833333333333332,56.05701368591746,0.11948421367942916,0.09,0.15333333333333332,0.06333333333333334,0.0,0.0,0.7866666666666666,0.5
backhaul,greedy_twin,adaptive,phi,radioml,2,300,0.9427309372108148,0.89227700480707,0.09666666666666666,0.9066666666666666,1,0.0,0.0,29.933333333333334,56.390428941748105,0.03606427054414825,0.06666666666666667,0.24666666666666667,0.03666666666666667,0.0,0.0,0.89,0.5
backhaul,greedy_twin,adaptive,phi,radioml,3,300,0.9455140618393147,0.892569242671455,0.09666666666666666,0.7833333333333333,1,0.0,0.0,29.743333333333332,56.763448802185486,0.16218072850598142,0.056666666666666664,0.26666666666666666,0.043333333333333335,0.0,0.0,0.7033333333333334,0.5
backhaul,greedy_twin,adaptive,phi,radioml,4,300,0.9422071846913298,0.8916995493073826,0.13666666666666666,0.8733333333333333,1,0.0,0.0,29.823333333333334,54.11995277119859,0.06887385135799637,0.07666666666666666,0.21333333333333335,0.06333333333333334,0.0,0.0,0.8133333333333334,0.5
backhaul,greedy_twin,adaptive,phi,radioml,5,300,0.9454123371164428,0.8922694257502553,0.12333333333333334,0.9366666666666666,1,0.0,0.0,30.03,56.51404524447758,0.008745670449776324,0.07333333333333333,0.22,0.03,0.0,0.0,0.92,0.5
backhaul,greedy_twin,adaptive,phi,radioml,6,300,0.9420583187588225,0.8916142139339271,0.14333333333333334,0.81,2,0.0,0.0,29.733333333333334,57.63400936852488,0.1320583187588225,0.08666666666666667,0.24666666666666667,0.06,0.0,0.0,0.68,0.5
backhaul,greedy_twin,adaptive,phi,radioml,7,300,0.9442150424011243,0.8922288930585991,0.12333333333333334,0.8733333333333333,2,0.0,0.0,29.923333333333332,56.35373648886207,0.07088170906779091,0.06666666666666667,0.15333333333333332,0.03666666666666667,0.0,0.0,0.8433333333333334,0.5
backhaul,greedy_twin,adaptive,phi,radioml,8,300,0.9395227961945123,0.8914499048174964,0.11,0.8733333333333333,1,0.0,0.0,29.886666666666667,55.96143497453808,0.06618946286117885,0.06,0.20666666666666667,0.03,0.0,0.0,0.81,0.5
backhaul,greedy_twin,adaptive,phi,radioml,9,300,0.9438233890350728,0.891700090695383,0.13,0.91,1,0.0,0.0,29.89,56.01996484457767,0.033823389035072704,0.08333333333333333,0.25,0.05,0.0,0.0,0.8466666666666667,0.5
backhaul,shield_filter,adaptive,phi,radioml,0,300,0.9420131996149579,0.89228405716952,0.0,0.6966666666666667,1,0.0,0.0,29.53,56.15030975993524,0.24534653294829126,0.0,0.18333333333333332,0.0,0.0,0.0,0.5866666666666667,0.5
backhaul,shield_filter,adaptive,phi,radioml,1,300,0.9413157016136335,0.8920724541774098,0.0,0.69,3,0.0,0.0,29.56,56.35508685538763,0.2513157016136338,0.0,0.18333333333333332,0.0,0.0,0.0,0.6333333333333333,0.5
backhaul,shield_filter,adaptive,phi,radioml,2,300,0.940817360233544,0.8923285070022037,0.0,0.7933333333333333,1,0.0,0.0,29.696666666666665,55.9648485519796,0.14748402690021076,0.0,0.16,0.0,0.0,0.0,0.7633333333333333,0.5
backhaul,shield_filter,adaptive,phi,radioml,3,300,0.9439601998306834,0.8922711720729728,0.0,0.7733333333333333,1,0.0,0.0,29.58,54.50725794679944,0.1706268664973501,0.0,0.23333333333333334,0.0,0.0,0.0,0.6766666666666666,0.5
backhaul,shield_filter,adaptive,phi,radioml,4,300,0.9408868589804501,0.8922686277792514,0.0,0.5966666666666667,1,0.0,0.0,29.473333333333333,56.331933424496626,0.34422019231378365,0.0,0.12666666666666668,0.0,0.0,0.0,0.53,0.5
backhaul,shield_filter,adaptive,phi,radioml,5,300,0.944505881654647,0.8922674284778389,0.0,0.8166666666666667,1,0.0,0.0,29.69,56.07693988576286,0.12783921498798034,0.0,0.24,0.0,0.0,0.0,0.7766666666666666,0.5
backhaul,shield_filter,adaptive,phi,radioml,6,300,0.9430568780946116,0.8921858403654752,0.0,0.6666666666666666,2,0.0,0.0,29.503333333333334,54.183755857017665,0.27639021142794495,0.0,0.23333333333333334,0.0,0.0,0.0,0.5566666666666666,0.5
backhaul,shield_filter,adaptive,phi,radioml,7,300,0.9451982162737659,0.8926215489363691,0.0,0.7066666666666667,2,0.0,0.0,29.596666666666668,53.98605339510102,0.2385315496070991,0.0,0.13,0.0,0.0,0.0,0.6766666666666666,0.5
backhaul,shield_filter,adaptive,phi,radioml,8,300,0.9403326332020674,0.8921153958512433,0.0,0.8133333333333334,1,0.0,0.0,29.69,56.388287056966355,0.12699929986873396,0.0,0.15333333333333332,0.0,0.0,0.0,0.7666666666666667,0.5
backhaul,shield_filter,adaptive,phi,radioml,9,300,0.941927616878035,0.8920696043001738,0.0,0.7433333333333333,1,0.0,0.0,29.62,54.00898863186992,0.19859428354470154,0.0,0.17,0.0,0.0,0.0,0.7066666666666667,0.5
backhaul,shield_repair,adaptive,phi,radioml,0,300,0.9423439249757201,0.8918042720846748,0.0,0.74,1,0.0,0.214,29.61,56.150313490856476,0.20234392497572007,0.0,0.2,0.0,0.0,0.0,0.65,0.5
backhaul,shield_repair,adaptive,phi,radioml,1,300,0.9425717404603424,0.891903154035966,0.0,0.73,1,0.0,0.21466666666666667,29.64666666666667,56.35347991218595,0.21257174046034252,0.0,0.12,0.0,0.0,0.0,0.7133333333333334,0.5
backhaul,shield_repair,adaptive,phi,radioml,2,300,0.9403171591951562,0.8912595192587779,0.0,0.8166666666666667,1,0.0,0.21133333333333335,29.716666666666665,56.333611515778074,0.12365049252848967,0.0,0.16,0.0,0.0,0.0,0.7866666666666666,0.5
backhaul,shield_repair,adaptive,phi,radioml,3,300,0.9451365570104734,0.8918495663320205,0.0,0.7633333333333333,2,0.0,0.2,29.60333333333333,55.87806831639067,0.18180322367714,0.0,0.24333333333333335,0.0,0.0,0.0,0.6833333333333333,0.5
backhaul,shield_repair,adaptive,phi,radioml,4,300,0.9413911540304906,0.8916533017938907,0.0,0.6633333333333333,2,0.0,0.224,29.51,56.33168642513419,0.2780578206971573,0.0,0.16333333333333333,0.0,0.0,0.0,0.5833333333333334,0.5
backhaul,shield_repair,adaptive,phi,radioml,5,300,0.9439652742904385,0.8920263422171875,0.0,0.7166666666666667,1,0.0,0.20266666666666666,29.633333333333333,56.03883053542529,0.22729860762377171,0.0,0.15,0.0,0.0,0.0,0.6833333333333333,0.5
backhaul,shield_repair,adaptive,phi,radioml,6,300,0.9420691883495464,0.8916774433824131,0.0,0.7466666666666667,2,0.0,0.20933333333333334,29.566666666666666,53.727274735292056,0.19540252168287972,0.0,0.23333333333333334,0.0,0.0,0.0,0.6566666666666666,0.5
backhaul,shield_repair,adaptive,phi,radioml,7,300,0.9436895429424236,0.8922288930585991,0.0,0.7566666666666667,2,0.0,0.212,29.656666666666666,56.1018356415529,0.18702287627575676,0.0,0.12333333333333334,0.0,0.0,0.0,0.7333333333333333,0.5
backhaul,shield_repair,adaptive,phi,radioml,8,300,0.9393207159838804,0.8911897093536156,0.0,0.8333333333333334,1,0.0,0.21,29.706666666666667,56.38728827520305,0.10598738265054708,0.0,0.14333333333333334,0.0,0.0,0.0,0.79,0.5
backhaul,shield_repair,adaptive,phi,radioml,9,300,0.9429381486635657,0.8920701078929798,0.0,0.8433333333333334,1,0.0,0.20333333333333334,29.736666666666668,56.014392324444536,0.09960481533023224,0.0,0.21,0.0,0.0,0.0,0.79,0.5
compromised_xapp,heuristic,adaptive,phi,radioml,0,300,0.9844801686396831,0.9471059334733853,0.0,0.0,1,0.0,0.0,26.0,44.16666666666665,0.9844801686396831,0.0,0.0,0.0,0.0,0.0,0.0,0.5
compromised_xapp,heuristic,adaptive,phi,radioml,1,300,0.9849570875542029,0.9498698919760615,0.0,0.0,1,0.0,0.0,26.0,44.16666666666665,0.9849570875542029,0.0,0.0,0.0,0.0,0.0,0.0,0.5
compromised_xapp,heuristic,adaptive,phi,radioml,2,300,0.9845561824513197,0.940841825583736,0.0,0.0,1,0.0,0.0,26.0,44.16666666666665,0.9845561824513197,0.0,0.0,0.0,0.0,0.0,0.0,0.5
compromised_xapp,heuristic,adaptive,phi,radioml,3,300,0.9827772632507401,0.9418757465435796,0.0,0.0,1,0.0,0.0,26.0,44.16666666666665,0.9827772632507401,0.0,0.0,0.0,0.0,0.0,0.0,0.5
compromised_xapp,heuristic,adaptive,phi,radioml,4,300,0.9838479507025009,0.9465125296784528,0.0,0.0,1,0.0,0.0,26.0,44.16666666666665,0.9838479507025009,0.0,0.0,0.0,0.0,0.0,0.0,0.5
compromised_xapp,heuristic,adaptive,phi,radioml,5,300,0.9831602180800054,0.9436790920717892,0.0,0.0,1,0.0,0.0,26.0,44.16666666666665,0.9831602180800054,0.0,0.0,0.0,0.0,0.0,0.0,0.5
compromised_xapp,heuristic,adaptive,phi,radioml,6,300,0.984374458268422,0.9470749711570334,0.0,0.0,1,0.0,0.0,26.0,44.16666666666665,0.984374458268422,0.0,0.0,0.0,0.0,0.0,0.0,0.5
compromised_xapp,heuristic,adaptive,phi,radioml,7,300,0.9838596882449754,0.9439304292088819,0.0,0.0,1,0.0,0.0,26.0,44.16666666666665,0.9838596882449754,0.0,0.0,0.0,0.0,0.0,0.0,0.5
compromised_xapp,heuristic,adaptive,phi,radioml,8,300,0.983366637447528,0.9488566920338937,0.0,0.0,1,0.0,0.0,26.0,44.16666666666665,0.983366637447528,0.0,0.0,0.0,0.0,0.0,0.0,0.5
compromised_xapp,heuristic,adaptive,phi,radioml,9,300,0.9836637062695179,0.9488642150386901,0.0,0.0,1,0.0,0.0,26.0,44.16666666666665,0.9836637062695179,0.0,0.0,0.0,0.0,0.0,0.0,0.5
compromised_xapp,greedy_twin,adaptive,phi,radioml,0,300,0.9788680909183487,0.9679123515711702,0.06,0.86,1,0.0,0.0,29.833333333333332,56.44593239313081,0.11886809091834867,0.04,0.19666666666666666,0.4166666666666667,0.0,0.0,0.7866666666666666,0.5
compromised_xapp,greedy_twin,adaptive,phi,radioml,1,300,0.9784503255357048,0.966569058848311,0.06333333333333334,0.91,1,0.0,0.0,29.836666666666666,56.21227656022123,0.06845032553570467,0.03333333333333333,0.15666666666666668,0.41,0.0,0.0,0.8166666666666667,0.5
compromised_xapp,greedy_twin,adaptive,phi,radioml,2,300,0.9791598361583143,0.967220886546148,0.07333333333333333,0.9366666666666666,1,0.0,0.0,29.92,56.21418657855735,0.042493169491647595,0.04666666666666667,0.24333333333333335,0.43666666666666665,0.0,0.0,0.87,0.5
compromised_xapp,greedy_twin,adaptive,phi,radioml,3,300,0.979268025379162,0.9652369038106,0.07,0.8466666666666667,1,0.0,0.0,29.75,58.69943415239498,0.13260135871249537,0.043333333333333335,0.18333333333333332,0.41333333333333333,0.0,0.0,0.7566666666666667,0.5
compromised_xapp,greedy_twin,adaptive,phi,radioml,4,300,0.9792528940648363,0.966827204603473,0.08,0.94,1,0.0,0.0,29.88,59.07183953389361,0.0392528940648364,0.06,0.23666666666666666,0.38333333333333336,0.0,0.0,0.88,0.5
compromised_xapp,greedy_twin,adaptive,phi,radioml,5,300,0.9790887823287149,0.9661521142488783,0.06333333333333334,0.92,1,0.0,0.0,29.873333333333335,57.04786463891982,0.0590887823287148,0.04,0.21333333333333335,0.4266666666666667,0.0,0.0,0.8466666666666667,0.5
compromised_xapp,greedy_twin,adaptive,phi,radioml,6,300,0.97840892334868,0.9651041268234526,0.07666666666666666,0.8666666666666667,1,0.0,0.0,29.723333333333333,56.46155209476742,0.11174225668201328,0.06333333333333334,0.15333333333333332,0.4066666666666667,0.0,0.0,0.75,0.5
compromised_xapp,greedy_twin,adaptive,phi,radioml,7,300,0.9796233606234969,0.9643606776868306,0.05,0.83,1,0.0,0.0,29.686666666666667,56.88486516845421,0.14962336062349682,0.03666666666666667,0.19666666666666666,0.42333333333333334,0.0,0.0,0.7166666666666667,0.5
compromised_xapp,greedy_twin,adaptive,phi,radioml,8,300,0.9789014853394858,0.9658479467893083,0.03,0.9233333333333333,1,0.0,0.0,29.883333333333333,55.97703649013269,0.0555681520061526,0.016666666666666666,0.24,0.43,0.0,0.0,0.8766666666666667,0.5
compromised_xapp,greedy_twin,adaptive,phi,radioml,9,300,0.9784395374251119,0.9654288801094325,0.06666666666666667,0.9133333333333333,1,0.0,0.0,29.833333333333332,56.91496849838874,0.06510620409177854,0.04666666666666667,0.16333333333333333,0.43333333333333335,0.0,0.0,0.83,0.5
compromised_xapp,shield_filter,adaptive,phi,radioml,0,300,0.9785661313795079,0.9676200574193431,0.0,0.8166666666666667,1,0.0,0.0,29.7,56.3328618091843,0.16189946471284122,0.0,0.18,0.4066666666666667,0.0,0.0,0.7466666666666667,0.5
compromised_xapp,shield_filter,adaptive,phi,radioml,1,300,0.9783704383583698,0.966569058848311,0.0,0.8733333333333333,1,0.0,0.0,29.733333333333334,55.84010348331954,0.1050371050250364,0.0,0.14,0.37666666666666665,0.0,0.0,0.7766666666666666,0.5
compromised_xapp,shield_filter,adaptive,phi,radioml,2,300,0.9792040264721934,0.9668860002228987,0.0,0.9066666666666666,1,0.0,0.0,29.803333333333335,55.80321440108831,0.07253735980552672,0.0,0.22,0.4266666666666667,0.0,0.0,0.8333333333333334,0.5
compromised_xapp,shield_filter,adaptive,phi,radioml,3,300,0.9791360356536779,0.9641047718119363,0.0,0.8233333333333334,1,0.0,0.0,29.673333333333332,55.07869228534518,0.1558027023203447,0.0,0.17,0.38333333333333336,0.0,0.0,0.7066666666666667,0.5
compromised_xapp,shield_filter,adaptive,phi,radioml,4,300,0.9791508842067147,0.9648117331708674,0.0,0.8433333333333334,1,0.0,0.0,29.716666666666665,55.89194108989902,0.13581755087338138,0.0,0.22,0.3566666666666667,0.0,0.0,0.7666666666666667,0.5
compromised_xapp,shield_filter,adaptive,phi,radioml,5,300,0.9789061791371981,0.9650452430257199,0.0,0.8733333333333333,1,0.0,0.0,29.74,56.265127347897405,0.1055728458038649,0.0,0.19666666666666666,0.42,0.0,0.0,0.8,0.5
compromised_xapp,shield_filter,adaptive,phi,radioml,6,300,0.978235868574842,0.9649439168779721,0.0,0.84,1,0.0,0.0,29.7,56.15308375348742,0.1382358685748421,0.0,0.14666666666666667,0.38666666666666666,0.0,0.0,0.74,0.5
compromised_xapp,shield_filter,adaptive,phi,radioml,7,300,0.979480789160858,0.963987957458363,0.0,0.7866666666666666,1,0.0,0.0,29.58,56.2467573151316,0.19281412249419133,0.0,0.18,0.3933333333333333,0.0,0.0,0.6633333333333333,0.5
compromised_xapp,shield_filter,adaptive,phi,radioml,8,300,0.9786829574091214,0.9647117060134052,0.0,0.9133333333333333,1,0.0,0.0,29.843333333333334,55.680588900294,0.06534962407578808,0.0,0.23,0.42,0.0,0.0,0.8666666666666667,0.5
compromised_xapp,shield_filter,adaptive,phi,radioml,9,300,0.9781823476853545,0.9640614828561311,0.0,0.8733333333333333,1,0.0,0.0,29.76,56.36182510945439,0.10484901435202117,0.0,0.15333333333333332,0.41,0.0,0.0,0.7966666666666666,0.5
compromised_xapp,shield_repair,adaptive,phi,radioml,0,300,0.9788514359956569,0.9679123515711702,0.0,0.8266666666666667,1,0.0,0.13333333333333333,29.71,56.33286179171933,0.15218476932899022,0.0,0.18,0.4033333333333333,0.0,0.0,0.7566666666666667,0.5
compromised_xapp,shield_repair,adaptive,phi,radioml,1,300,0.9781575824005866,0.9661958512977603,0.0,0.8566666666666667,1,0.0,0.14266666666666666,29.726666666666667,55.84010348331954,0.12149091573391985,0.0,0.14,0.39666666666666667,0.0,0.0,0.76,0.5
compromised_xapp,shield_repair,adaptive,phi,radioml,2,300,0.9791870121292097,0.9661197796600641,0.0,0.9066666666666666,1,0.0,0.14933333333333335,29.8,55.60009493158208,0.07252034546254303,0.0,0.22,0.43666666666666665,0.0,0.0,0.83,0.5
compromised_xapp,shield_repair,adaptive,phi,radioml,3,300,0.979098177741108,0.9640135796193345,0.0,0.8266666666666667,1,0.0,0.14133333333333334,29.69333333333333,56.14433272335891,0.1524315110744413,0.0,0.17,0.39666666666666667,0.0,0.0,0.7266666666666667,0.5
compromised_xapp,shield_repair,adaptive,phi,radioml,4,300,0.9792446231828509,0.966131790666199,0.0,0.8666666666666667,1,0.0,0.16333333333333333,29.736666666666668,55.89194108989902,0.11257795651618425,0.0,0.22,0.37333333333333335,0.0,0.0,0.7866666666666666,0.5
compromised_xapp,shield_repair,adaptive,phi,radioml,5,300,0.9788249811207288,0.9643930457588432,0.0,0.9,1,0.0,0.154,29.803333333333335,56.373298155563674,0.07882498112072873,0.0,0.19666666666666666,0.4266666666666667,0.0,0.0,0.8366666666666667,0.5
compromised_xapp,shield_repair,adaptive,phi,radioml,6,300,0.9783718461608248,0.9658331185309975,0.0,0.84,1,0.0,0.14133333333333334,29.7,55.84983135348743,0.13837184616082474,0.0,0.14666666666666667,0.38666666666666666,0.0,0.0,0.74,0.5
compromised_xapp,shield_repair,adaptive,phi,radioml,7,300,0.9796717862655882,0.9643606776868306,0.0,0.82,1,0.0,0.14,29.62,56.1711609454104,0.15967178626558806,0.0,0.18,0.4066666666666667,0.0,0.0,0.71,0.5
compromised_xapp,shield_repair,adaptive,phi,radioml,8,300,0.9784583628529371,0.9645130806008831,0.0,0.9133333333333333,1,0.0,0.132,29.836666666666666,55.6389074549161,0.06512502951960376,0.0,0.23,0.42,0.0,0.0,0.8666666666666667,0.5
compromised_xapp,shield_repair,adaptive,phi,radioml,9,300,0.9780897203594741,0.9636944440829334,0.0,0.8866666666666667,1,0.0,0.14333333333333334,29.773333333333333,56.36182398205721,0.09142305369280754,0.0,0.15333333333333332,0.4266666666666667,0.0,0.0,0.8066666666666666,0.5
compound,heuristic,adaptive,phi,radioml,0,300,0.8263748569002908,0.36059605274524004,0.0,0.23666666666666666,33,0.0,0.0,26.0,44.16666666666665,0.5897081902336242,0.0,0.0,0.23666666666666666,0.0,0.0,0.0,0.5
compound,heuristic,adaptive,phi,radioml,1,300,0.8339761307487392,0.44631737380630637,0.0,0.22,22,0.0,0.0,26.0,44.16666666666665,0.6139761307487391,0.0,0.0,0.22,0.0,0.0,0.0,0.5
compound,heuristic,adaptive,phi,radioml,2,300,0.8354970324595781,0.6300985967282331,0.0,0.22,10,0.0,0.0,26.0,44.16666666666665,0.615497032459578,0.0,0.0,0.22,0.0,0.0,0.0,0.5
compound,heuristic,adaptive,phi,radioml,3,300,0.8177297505030899,0.21106406376394524,0.0,0.21,22,0.0,0.0,26.0,44.16666666666665,0.6077297505030899,0.0,0.0,0.21,0.0,0.0,0.0,0.5
compound,heuristic,adaptive,phi,radioml,4,300,0.8217000625184632,0.298444403688071,0.0,0.23666666666666666,1,0.0,0.0,26.0,44.16666666666665,0.5850333958517966,0.0,0.0,0.23666666666666666,0.0,0.0,0.0,0.5
compound,heuristic,adaptive,phi,radioml,5,300,0.8206103673383839,0.24091211523642497,0.0,0.22,1,0.0,0.0,26.0,44.16666666666665,0.6006103673383838,0.0,0.0,0.22,0.0,0.0,0.0,0.5
compound,heuristic,adaptive,phi,radioml,6,300,0.8328883596874556,0.5950882994117888,0.0,0.24333333333333335,8,0.0,0.0,26.0,44.16666666666665,0.5895550263541223,0.0,0.0,0.24333333333333335,0.0,0.0,0.0,0.5
compound,heuristic,adaptive,phi,radioml,7,300,0.8355539751889453,0.6243860345423792,0.0,0.23,15,0.0,0.0,26.0,44.16666666666665,0.6055539751889452,0.0,0.0,0.23,0.0,0.0,0.0,0.5
compound,heuristic,adaptive,phi,radioml,8,300,0.8166682968171132,0.23696990434259982,0.0,0.21333333333333335,6,0.0,0.0,26.0,44.16666666666665,0.6033349634837797,0.0,0.0,0.21333333333333335,0.0,0.0,0.0,0.5
compound,heuristic,adaptive,phi,radioml,9,300,0.8258543372455633,0.20034978452336114,0.0,0.2,1,0.0,0.0,26.0,44.16666666666665,0.6258543372455633,0.0,0.0,0.2,0.0,0.0,0.0,0.5
compound,greedy_twin,adaptive,phi,radioml,0,300,0.9141265109540572,0.8283112262975276,0.06,0.97,1,0.0,0.0,30.046666666666667,56.34329778573075,-0.05587348904594281,0.03333333333333333,0.2633333333333333,0.52,0.0,0.0,0.96,0.5
compound,greedy_twin,adaptive,phi,radioml,1,300,0.9159261800806427,0.7974789007117739,0.056666666666666664,0.9533333333333334,2,0.0,0.0,29.97,53.919053627482015,-0.037407153252690485,0.03,0.3333333333333333,0.5233333333333333,0.0,0.0,0.9066666666666666,0.5
compound,greedy_twin,adaptive,phi,radioml,2,300,0.9161730568435549,0.8077861877065361,0.05333333333333334,0.9433333333333334,1,0.0,0.0,30.016666666666666,55.179403963514105,-0.027160276489778343,0.03333333333333333,0.15,0.56,0.0,0.0,0.9366666666666666,0.5
compound,greedy_twin,adaptive,phi,radioml,3,300,0.9207624345641902,0.830982207886155,0.05333333333333334,0.94,1,0.0,0.0,29.976666666666667,56.386737927407005,-0.01923756543580969,0.04666666666666667,0.22,0.5333333333333333,0.0,0.0,0.9366666666666666,0.5
compound,greedy_twin,adaptive,phi,radioml,4,300,0.9186502518248919,0.8309314635200424,0.06666666666666667,0.96,4,0.0,0.0,29.983333333333334,56.295940822836556,-0.04134974817510825,0.03666666666666667,0.31333333333333335,0.5233333333333333,0.0,0.0,0.9533333333333334,0.5
compound,greedy_twin,adaptive,phi,radioml,5,300,0.9158002154635312,0.8168985586698649,0.07333333333333333,0.9733333333333334,1,0.0,0.0,30.043333333333333,57.904952681318164,-0.05753311786980203,0.03,0.23333333333333334,0.5566666666666666,0.0,0.0,0.9566666666666667,0.5
compound,greedy_twin,adaptive,phi,radioml,6,300,0.9197302539374244,0.8270327425948075,0.08666666666666667,0.9733333333333334,2,0.0,0.0,30.06,57.33036158717736,-0.05360307939590901,0.05333333333333334,0.24333333333333335,0.5433333333333333,0.0,0.0,0.96,0.5
compound,greedy_twin,adaptive,phi,radioml,7,300,0.9181915902567968,0.8311031405758543,0.07333333333333333,0.94,2,0.0,0.0,30.01,55.457437182836145,-0.021808409743203347,0.03666666666666667,0.23333333333333334,0.5033333333333333,0.0,0.0,0.9333333333333333,0.5
compound,greedy_twin,adaptive,phi,radioml,8,300,0.9181945878192734,0.8238422585172649,0.06333333333333334,0.95,3,0.0,0.0,30.023333333333333,56.832024834675295,-0.03180541218072657,0.03333333333333333,0.15,0.52,0.0,0.0,0.9366666666666666,0.5
compound,greedy_twin,adaptive,phi,radioml,9,300,0.9141449461174731,0.8119241021247517,0.07,0.9566666666666667,2,0.0,0.0,30.006666666666668,53.589087425137606,-0.0425217205491935,0.04,0.19,0.54,0.0,0.0,0.9433333333333334,0.5
compound,shield_filter,adaptive,phi,radioml,0,300,0.9148150241019014,0.8239244022686639,0.0,0.9366666666666666,1,0.0,0.0,29.903333333333332,56.29428691247626,-0.02185164256476524,0.0,0.22333333333333333,0.5133333333333333,0.0,0.0,0.9166666666666666,0.5
compound,shield_filter,adaptive,phi,radioml,1,300,0.9151471663607117,0.7974789007117739,0.0,0.9366666666666666,2,0.0,0.0,29.886666666666667,54.1223777447647,-0.02151950030595488,0.0,0.31,0.48,0.0,0.0,0.91,0.5
compound,shield_filter,adaptive,phi,radioml,2,300,0.9166005902367761,0.8223201588867988,0.0,0.92,1,0.0,0.0,29.923333333333332,54.90837951256972,-0.0033994097632240225,0.0,0.25333333333333335,0.5333333333333333,0.0,0.0,0.9166666666666666,0.5
compound,shield_filter,adaptive,phi,radioml,3,300,0.9168514026497981,0.8221296597022018,0.0,0.9266666666666666,1,0.0,0.0,29.91,55.52952138898377,-0.009815264016868526,0.0,0.21333333333333335,0.51,0.0,0.0,0.9166666666666666,0.5
compound,shield_filter,adaptive,phi,radioml,4,300,0.9184078140718949,0.8278998357775572,0.0,0.8833333333333333,4,0.0,0.0,29.88,54.909608888887625,0.03507448073856167,0.0,0.27,0.5166666666666667,0.0,0.0,0.8733333333333333,0.5
compound,shield_filter,adaptive,phi,radioml,5,300,0.91090103461741,0.8037426209056303,0.0,0.9166666666666666,1,0.0,0.0,29.873333333333335,55.94456978643946,-0.005765632049256778,0.0,0.18666666666666668,0.55,0.0,0.0,0.8966666666666666,0.5
compound,shield_filter,adaptive,phi,radioml,6,300,0.9130197068561067,0.7571403978506476,0.0,0.9433333333333334,2,0.0,0.0,29.926666666666666,55.83835908324891,-0.03031362647722695,0.0,0.2633333333333333,0.52,0.0,0.0,0.9366666666666666,0.5
compound,shield_filter,adaptive,phi,radioml,7,300,0.9127023959565306,0.8264994400839161,0.0,0.9033333333333333,2,0.0,0.0,29.85,51.445101397170944,0.009369062623197338,0.0,0.17333333333333334,0.5066666666666667,0.0,0.0,0.8833333333333333,0.5
compound,shield_filter,adaptive,phi,radioml,8,300,0.9170608416386813,0.8219929653754889,0.0,0.9366666666666666,3,0.0,0.0,29.936666666666667,56.38883218927245,-0.01960582502798532,0.0,0.13,0.52,0.0,0.0,0.9333333333333333,0.5
compound,shield_filter,adaptive,phi,radioml,9,300,0.9203796254964725,0.8310060614854313,0.0,0.93,3,0.0,0.0,29.906666666666666,56.18555255155895,-0.009620374503527618,0.0,0.25333333333333335,0.49666666666666665,0.0,0.0,0.91,0.5
compound,shield_repair,adaptive,phi,radioml,0,300,0.912757944053854,0.8227343291423961,0.0,0.9466666666666667,1,0.0,0.17533333333333334,29.923333333333332,56.29428691540372,-0.03390872261281269,0.0,0.18,0.51,0.0,0.0,0.9266666666666666,0.5
compound,shield_repair,adaptive,phi,radioml,1,300,0.9182914190789503,0.8291870093229035,0.0,0.91,2,0.0,0.17933333333333334,29.89,56.21111817837377,0.008291419078950089,0.0,0.27,0.49333333333333335,0.0,0.0,0.8866666666666667,0.5
compound,shield_repair,adaptive,phi,radioml,2,300,0.9165729817499086,0.8145985853790657,0.0,0.9166666666666666,1,0.0,0.17533333333333334,29.916666666666668,55.141531321315796,-9.368491675796638e-05,0.0,0.12,0.54,0.0,0.0,0.9133333333333333,0.5
compound,shield_repair,adaptive,phi,radioml,3,300,0.9202362359823171,0.8294951859773928,0.0,0.94,1,0.0,0.16333333333333333,29.95,56.386737927407005,-0.019763764017683032,0.0,0.21333333333333335,0.53,0.0,0.0,0.94,0.5
compound,shield_repair,adaptive,phi,radioml,4,300,0.9172938807183258,0.8288502716300904,0.0,0.9033333333333333,4,0.0,0.178,29.903333333333332,56.36488598571771,0.01396054738499253,0.0,0.29,0.5066666666666667,0.0,0.0,0.9033333333333333,0.5
compound,shield_repair,adaptive,phi,radioml,5,300,0.9155594444253196,0.8168985586698649,0.0,0.9433333333333334,1,0.0,0.18533333333333332,29.94333333333333,55.36501430992781,-0.02777388890801388,0.0,0.20666666666666667,0.53,0.0,0.0,0.93,0.5
compound,shield_repair,adaptive,phi,radioml,6,300,0.9171657033474765,0.8114421430505672,0.0,0.95,2,0.0,0.182,29.946666666666665,55.83835908335003,-0.03283429665252383,0.0,0.25666666666666665,0.5233333333333333,0.0,0.0,0.9433333333333334,0.5
compound,shield_repair,adaptive,phi,radioml,7,300,0.9201772135692321,0.8288844993250929,0.0,0.9333333333333333,2,0.0,0.17933333333333334,29.916666666666668,56.296698135599144,-0.01315611976410126,0.0,0.24,0.5366666666666666,0.0,0.0,0.9266666666666666,0.5
compound,shield_repair,adaptive,phi,radioml,8,300,0.9142881841052594,0.793529225898247,0.0,0.94,3,0.0,0.172,29.936666666666667,56.23632218162114,-0.02571181589474075,0.0,0.19,0.5,0.0,0.0,0.94,0.5
compound,shield_repair,adaptive,phi,radioml,9,300,0.9208679214297834,0.8310060614854313,0.0,0.9366666666666666,3,0.0,0.17533333333333334,29.94,56.27678242362057,-0.015798745236883398,0.0,0.20666666666666667,0.49666666666666665,0.0,0.0,0.9233333333333333,0.5
narrowband,heuristic,adaptive,phi_plus,radioml,0,300,0.9770977310891268,0.9400787623595629,0.043333333333333335,0.0,1,0.0,0.0,26.0,44.16666666666665,0.9770977310891268,0.0,0.0,0.0,0.0,0.0,0.0,0.5
narrowband,heuristic,adaptive,phi_plus,radioml,1,300,0.977168234410561,0.9357957499474046,0.06666666666666667,0.0,1,0.0,0.0,26.0,44.16666666666665,0.977168234410561,0.0,0.0,0.0,0.0,0.0,0.0,0.5
narrowband,heuristic,adaptive,phi_plus,radioml,2,300,0.9766124207437193,0.9364396206843761,0.06,0.0,1,0.0,0.0,26.0,44.16666666666665,0.9766124207437193,0.0,0.0,0.0,0.0,0.0,0.0,0.5
narrowband,heuristic,adaptive,phi_plus,radioml,3,300,0.9769453085043361,0.9401360858191524,0.06333333333333334,0.0,1,0.0,0.0,26.0,44.16666666666665,0.9769453085043361,0.0,0.0,0.0,0.0,0.0,0.0,0.5
narrowband,heuristic,adaptive,phi_plus,radioml,4,300,0.9744448301439964,0.9419172790303951,0.06,0.0,1,0.0,0.0,26.0,44.16666666666665,0.9744448301439964,0.0,0.0,0.0,0.0,0.0,0.0,0.5
narrowband,heuristic,adaptive,phi_plus,radioml,5,300,0.9768463150909735,0.9350851394717098,0.06333333333333334,0.0,1,0.0,0.0,26.0,44.16666666666665,0.9768463150909735,0.0,0.0,0.0,0.0,0.0,0.0,0.5
narrowband,heuristic,adaptive,phi_plus,radioml,6,300,0.976295129304764,0.9378059874512302,0.07666666666666666,0.0,1,0.0,0.0,26.0,44.16666666666665,0.976295129304764,0.0,0.0,0.0,0.0,0.0,0.0,0.5
narrowband,heuristic,adaptive,phi_plus,radioml,7,300,0.9772239525389996,0.9395231417988055,0.04,0.0,1,0.0,0.0,26.0,44.16666666666665,0.9772239525389996,0.0,0.0,0.0,0.0,0.0,0.0,0.5
narrowband,heuristic,adaptive,phi_plus,radioml,8,300,0.9748380473033452,0.9384627974721415,0.07333333333333333,0.0,1,0.0,0.0,26.0,44.16666666666665,0.9748380473033452,0.0,0.0,0.0,0.0,0.0,0.0,0.5
narrowband,heuristic,adaptive,phi_plus,radioml,9,300,0.9774529905384789,0.9425077834675368,0.08666666666666667,0.0,1,0.0,0.0,26.0,44.16666666666665,0.9774529905384789,0.0,0.0,0.0,0.0,0.0,0.0,0.5
narrowband,greedy_twin,adaptive,phi_plus,radioml,0,300,0.9777394693522932,0.9622561102427419,1.0,0.7066666666666667,1,0.0,0.0,29.673333333333332,57.87020090551188,0.27107280268562645,0.05333333333333334,0.29333333333333333,0.04,0.0,0.0,0.5633333333333334,0.5
narrowband,greedy_twin,adaptive,phi_plus,radioml,1,300,0.9779717478000369,0.9599311457056435,0.9933333333333333,0.5933333333333334,1,0.0,0.0,29.386666666666667,58.88375771678514,0.38463841446670366,0.04,0.2833333333333333,0.04666666666666667,0.0,0.0,0.4033333333333333,0.5
narrowband,greedy_twin,adaptive,phi_plus,radioml,2,300,0.9779268366466901,0.9624392673089176,0.9933333333333333,0.59,1,0.0,0.0,29.436666666666667,56.78869767978185,0.3879268366466901,0.04,0.17,0.023333333333333334,0.0,0.0,0.45666666666666667,0.5
narrowband,greedy_twin,adaptive,phi_plus,radioml,3,300,0.9787206420801305,0.9659650838830878,1.0,0.5533333333333333,1,0.0,0.0,29.503333333333334,56.62382763883019,0.4253873087467972,0.06,0.16,0.03666666666666667,0.0,0.0,0.4633333333333333,0.5
narrowband,greedy_twin,adaptive,phi_plus,radioml,4,300,0.9780911773994285,0.962614176063973,0.9933333333333333,0.5833333333333334,1,0.0,0.0,29.413333333333334,54.57282328949259,0.3947578440660953,0.04,0.19666666666666666,0.03333333333333333,0.0,0.0,0.4633333333333333,0.5
narrowband,greedy_twin,adaptive,phi_plus,radioml,5,300,0.9763486290098047,0.961082182624722,1.0,0.5833333333333334,1,0.0,0.0,29.513333333333332,55.86097952957854,0.39301529567647153,0.04666666666666667,0.22,0.03,0.0,0.0,0.4533333333333333,0.5
narrowband,greedy_twin,adaptive,phi_plus,radioml,6,300,0.9774843356797422,0.9628026767380374,0.9966666666666667,0.5433333333333333,1,0.0,0.0,29.296666666666667,55.54691444091067,0.434151002346409,0.056666666666666664,0.17,0.02666666666666667,0.0,0.0,0.4033333333333333,0.5
narrowband,greedy_twin,adaptive,phi_plus,radioml,7,300,0.9774136199251264,0.9621878341803864,0.9966666666666667,0.5666666666666667,1,0.0,0.0,29.393333333333334,55.94987491725486,0.4107469532584597,0.04666666666666667,0.16666666666666666,0.016666666666666666,0.0,0.0,0.45666666666666667,0.5
narrowband,greedy_twin,adaptive,phi_plus,radioml,8,300,0.9776396184727486,0.963991738407374,0.9966666666666667,0.45,1,0.0,0.0,29.31,56.76643662097521,0.5276396184727484,0.03666666666666667,0.11,0.016666666666666666,0.0,0.0,0.38,0.5
narrowband,greedy_twin,adaptive,phi_plus,radioml,9,300,0.9781480842441802,0.9631224990947788,1.0,0.5266666666666666,1,0.0,0.0,29.44333333333333,55.92879062223728,0.4514814175775136,0.06333333333333334,0.12,0.02666666666666667,0.0,0.0,0.4533333333333333,0.5
narrowband,shield_filter,adaptive,phi_plus,radioml,0,300,0.7034192297952391,0.050885595216166576,0.0,0.0,1,0.29333333333333333,0.0,23.59,39.2813112836138,0.7034192297952391,0.0,0.0,0.0,0.0,0.0,0.0,0.5
narrowband,shield_filter,adaptive,phi_plus,radioml,1,300,0.7326245463559302,0.05356560299588044,0.0,0.0,1,0.26,0.0,23.77,38.00458362232992,0.7326245463559302,0.0,0.0,0.0,0.0,0.0,0.0,0.5
narrowband,shield_filter,adaptive,phi_plus,radioml,2,300,0.7245353364857292,0.053939899346057196,0.0,0.0,1,0.25333333333333335,0.0,23.85,39.83856338888237,0.7245353364857292,0.0,0.0,0.0,0.0,0.0,0.0,0.5
narrowband,shield_filter,adaptive,phi_plus,radioml,3,300,0.7413111729548781,0.05238029997821573,0.0,0.0,2,0.2733333333333333,0.0,23.8,35.76548424142102,0.7413111729548781,0.0,0.0,0.0,0.0,0.0,0.0,0.5
narrowband,shield_filter,adaptive,phi_plus,radioml,4,300,0.7617881874553762,0.052954284409941,0.0,0.0,1,0.23,0.0,24.08,37.05762007458569,0.7617881874553762,0.0,0.0,0.0,0.0,0.0,0.0,0.5
narrowband,shield_filter,adaptive,phi_plus,radioml,5,300,0.7367741138490551,0.05571044385491907,0.0,0.0,1,0.2833333333333333,0.0,23.6,38.67442147623997,0.7367741138490551,0.0,0.0,0.0,0.0,0.0,0.0,0.5
narrowband,shield_filter,adaptive,phi_plus,radioml,6,300,0.7599542562747917,0.054156505297496806,0.0,0.0,1,0.24666666666666667,0.0,23.9,38.20927565373044,0.7599542562747917,0.0,0.0,0.0,0.0,0.0,0.0,0.5
narrowband,shield_filter,adaptive,phi_plus,radioml,7,300,0.7711210379421274,0.05545721395178092,0.0,0.0,1,0.24,0.0,23.85,36.54573445403781,0.7711210379421274,0.0,0.0,0.0,0.0,0.0,0.0,0.5
narrowband,shield_filter,adaptive,phi_plus,radioml,8,300,0.7396130029797425,0.05282142855094413,0.0,0.0,1,0.2833333333333333,0.0,23.84,38.77147112462637,0.7396130029797425,0.0,0.0,0.0,0.0,0.0,0.0,0.5
narrowband,shield_filter,adaptive,phi_plus,radioml,9,300,0.741404281866817,0.05386289665530838,0.0,0.0,1,0.26,0.0,23.74,38.04825842211418,0.741404281866817,0.0,0.0,0.0,0.0,0.0,0.0,0.5
narrowband,shield_repair,adaptive,phi_plus,radioml,0,300,0.9331332550416614,0.7514586917155076,0.0,0.0,1,0.0,0.7606666666666667,24.42,41.45659071996421,0.9331332550416614,0.0,0.0,0.0,0.0,0.0,0.0,0.5
narrowband,shield_repair,adaptive,phi_plus,radioml,1,300,0.9300476753895623,0.7616178483499831,0.0,0.0,1,0.0,0.7646666666666667,24.29,37.573219040947286,0.9300476753895623,0.0,0.0,0.0,0.0,0.0,0.0,0.5
narrowband,shield_repair,adaptive,phi_plus,radioml,2,300,0.927875981356425,0.7451783622542448,0.0,0.0,1,0.0,0.7626666666666667,24.25,37.29769684436459,0.927875981356425,0.0,0.0,0.0,0.0,0.0,0.0,0.5
narrowband,shield_repair,adaptive,phi_plus,radioml,3,300,0.927085517489652,0.7458040589967544,0.0,0.0,1,0.0,0.8013333333333333,24.11,41.311274175828736,0.927085517489652,0.0,0.0,0.0,0.0,0.0,0.0,0.5
narrowband,shield_repair,adaptive,phi_plus,radioml,4,300,0.9286969633121483,0.7301806194030743,0.0,0.0,1,0.0,0.7653333333333333,24.19,37.68621431647033,0.9286969633121483,0.0,0.0,0.0,0.0,0.0,0.0,0.5
narrowband,shield_repair,adaptive,phi_plus,radioml,5,300,0.9251536545936804,0.7268650116866426,0.0,0.0,1,0.0,0.78,24.33,41.06771231470057,0.9251536545936804,0.0,0.0,0.0,0.0,0.0,0.0,0.5
narrowband,shield_repair,adaptive,phi_plus,radioml,6,300,0.9267486839608164,0.7349300311375115,0.0,0.0,1,0.0,0.778,24.09,38.46932504971157,0.9267486839608164,0.0,0.0,0.0,0.0,0.0,0.0,0.5
narrowband,shield_repair,adaptive,phi_plus,radioml,7,300,0.9292861796353509,0.7410724568966459,0.0,0.0,1,0.0,0.7653333333333333,24.15,39.23253584682161,0.9292861796353509,0.0,0.0,0.0,0.0,0.0,0.0,0.5
narrowband,shield_repair,adaptive,phi_plus,radioml,8,300,0.9260619699675088,0.7406255365782649,0.0,0.0,1,0.0,0.7753333333333333,24.18,39.876664320898826,0.9260619699675088,0.0,0.0,0.0,0.0,0.0,0.0,0.5
narrowband,shield_repair,adaptive,phi_plus,radioml,9,300,0.9355952002701639,0.7660397085577992,0.0,0.0,1,0.0,0.7833333333333333,24.42,39.609945875420415,0.9355952002701639,0.0,0.0,0.0,0.0,0.0,0.0,0.5
wideband,heuristic,adaptive,phi_plus,radioml,0,300,0.6837523852132595,0.07622813786969879,0.043333333333333335,0.0,221,0.0,0.0,26.0,44.16666666666665,0.6837523852132595,0.0,0.0,0.0,0.0,0.0,0.0,0.5
wideband,heuristic,adaptive,phi_plus,radioml,1,300,0.7045351389960729,0.10976307366443344,0.06666666666666667,0.0,221,0.0,0.0,26.0,44.16666666666665,0.7045351389960729,0.0,0.0,0.0,0.0,0.0,0.0,0.5
wideband,heuristic,adaptive,phi_plus,radioml,2,300,0.6941842414118305,0.09145034728562829,0.06,0.0,221,0.0,0.0,26.0,44.16666666666665,0.6941842414118305,0.0,0.0,0.0,0.0,0.0,0.0,0.5
wideband,heuristic,adaptive,phi_plus,radioml,3,300,0.6915533366839354,0.08421846617792228,0.06333333333333334,0.0,221,0.0,0.0,26.0,44.16666666666665,0.6915533366839354,0.0,0.0,0.0,0.0,0.0,0.0,0.5
wideband,heuristic,adaptive,phi_plus,radioml,4,300,0.6760647643456625,0.09043232638828115,0.06,0.0,221,0.0,0.0,26.0,44.16666666666665,0.6760647643456625,0.0,0.0,0.0,0.0,0.0,0.0,0.5
wideband,heuristic,adaptive,phi_plus,radioml,5,300,0.6810620199127435,0.08068405411592325,0.06333333333333334,0.0,221,0.0,0.0,26.0,44.16666666666665,0.6810620199127435,0.0,0.0,0.0,0.0,0.0,0.0,0.5
wideband,heuristic,adaptive,phi_plus,radioml,6,300,0.6977761740264331,0.13212770223375966,0.07666666666666666,0.0,221,0.0,0.0,26.0,44.16666666666665,0.6977761740264331,0.0,0.0,0.0,0.0,0.0,0.0,0.5
wideband,heuristic,adaptive,phi_plus,radioml,7,300,0.6977967871881774,0.11666336789310867,0.04,0.0,221,0.0,0.0,26.0,44.16666666666665,0.6977967871881774,0.0,0.0,0.0,0.0,0.0,0.0,0.5
wideband,heuristic,adaptive,phi_plus,radioml,8,300,0.6811370987306463,0.0838169578203727,0.07333333333333333,0.0,221,0.0,0.0,26.0,44.16666666666665,0.6811370987306463,0.0,0.0,0.0,0.0,0.0,0.0,0.5
wideband,heuristic,adaptive,phi_plus,radioml,9,300,0.6798344146582486,0.08173265887445338,0.08666666666666667,0.0,221,0.0,0.0,26.0,44.16666666666665,0.6798344146582486,0.0,0.0,0.0,0.0,0.0,0.0,0.5
wideband,greedy_twin,adaptive,phi_plus,radioml,0,300,0.8363380487393004,0.4526834407487982,1.0,0.9266666666666666,14,0.0,0.0,30.003333333333334,54.72138159877639,-0.09032861792736634,0.07,0.23333333333333334,0.02666666666666667,0.0,0.0,0.9133333333333333,0.5
wideband,greedy_twin,adaptive,phi_plus,radioml,1,300,0.847375295971315,0.4931695989860053,0.9966666666666667,0.9233333333333333,4,0.0,0.0,30.28,56.411504844231416,-0.07595803736201828,0.06,0.3466666666666667,0.06666666666666667,0.0,0.0,0.8966666666666666,0.5
wideband,greedy_twin,adaptive,phi_plus,radioml,2,300,0.8510209407526378,0.5052663726911716,0.9966666666666667,0.8933333333333333,1,0.0,0.0,30.063333333333333,56.13613613329728,-0.042312392580695676,0.043333333333333335,0.26666666666666666,0.03666666666666667,0.0,0.0,0.8833333333333333,0.5
wideband,greedy_twin,adaptive,phi_plus,radioml,3,300,0.8482789162065071,0.5078216687114115,1.0,0.9033333333333333,3,0.0,0.0,29.99,56.92449250291129,-0.05505441712682619,0.03666666666666667,0.14,0.02,0.0,0.0,0.88,0.5
wideband,greedy_twin,adaptive,phi_plus,radioml,4,300,0.8563563547958125,0.5723168018470395,0.9933333333333333,0.9366666666666666,3,0.0,0.0,30.11,56.37025914256451,-0.08031031187085418,0.05333333333333334,0.27666666666666667,0.03333333333333333,0.0,0.0,0.9333333333333333,0.5
wideband,greedy_twin,adaptive,phi_plus,radioml,5,300,0.8368954625809374,0.46530534992053335,0.9966666666666667,0.9233333333333333,2,0.0,0.0,30.183333333333334,59.45161973265194,-0.08643787075239584,0.08,0.25333333333333335,0.03333333333333333,0.0,0.0,0.9033333333333333,0.5
wideband,greedy_twin,adaptive,phi_plus,radioml,6,300,0.8536413647342603,0.486593275172223,1.0,0.94,1,0.0,0.0,30.12,56.36807023391674,-0.08635863526573959,0.05333333333333334,0.24666666666666667,0.04,0.0,0.0,0.92,0.5
wideband,greedy_twin,adaptive,phi_plus,radioml,7,300,0.843661620413645,0.45988635404584083,0.9966666666666667,0.9266666666666666,2,0.0,0.0,30.246666666666666,58.39598013715949,-0.08300504625302157,0.043333333333333335,0.2733333333333333,0.02666666666666667,0.0,0.0,0.9166666666666666,0.5
wideband,greedy_twin,adaptive,phi_plus,radioml,8,300,0.8637547275054762,0.5762878280738857,0.9933333333333333,0.9,2,0.0,0.0,30.09,54.01027126075214,-0.03624527249452381,0.03666666666666667,0.21666666666666667,0.02666666666666667,0.0,0.0,0.8933333333333333,0.5
wideband,greedy_twin,adaptive,phi_plus,radioml,9,300,0.8455778211075602,0.5023578615978727,1.0,0.9266666666666666,4,0.0,0.0,30.023333333333333,56.68600100226288,-0.08108884555910646,0.06333333333333334,0.19666666666666666,0.03333333333333333,0.0,0.0,0.9066666666666666,0.5
wideband,shield_filter,adaptive,phi_plus,radioml,0,300,0.4253238286780679,0.021905242141178016,0.0,0.0,222,0.37,0.0,23.07,36.057707556611916,0.4253238286780679,0.0,0.0,0.0,0.0,0.0,0.0,0.5
wideband,shield_filter,adaptive,phi_plus,radioml,1,300,0.40034174855895105,0.021108792813772148,0.0,0.0,221,0.39,0.0,22.95,37.483999094451406,0.40034174855895105,0.0,0.0,0.0,0.0,0.0,0.0,0.5
wideband,shield_filter,adaptive,phi_plus,radioml,2,300,0.43973729663109357,0.023444676153888618,0.0,0.0,1,0.3566666666666667,0.0,23.31,38.45257063438088,0.43973729663109357,0.0,0.0,0.0,0.0,0.0,0.0,0.5
wideband,shield_filter,adaptive,phi_plus,radioml,3,300,0.43054149242167455,0.021053273511965818,0.0,0.0,33,0.3566666666666667,0.0,23.17,38.25290049264166,0.43054149242167455,0.0,0.0,0.0,0.0,0.0,0.0,0.5
wideband,shield_filter,adaptive,phi_plus,radioml,4,300,0.4240930316170713,0.022501810757317185,0.0,0.0,155,0.3466666666666667,0.0,23.37,38.60945442351186,0.4240930316170713,0.0,0.0,0.0,0.0,0.0,0.0,0.5
wideband,shield_filter,adaptive,phi_plus,radioml,5,300,0.42242176330444,0.019995182646169143,0.0,0.0,196,0.36333333333333334,0.0,23.07,35.81621216022478,0.42242176330444,0.0,0.0,0.0,0.0,0.0,0.0,0.5
wideband,shield_filter,adaptive,phi_plus,radioml,6,300,0.4107498735615565,0.019143755349475884,0.0,0.0,222,0.36,0.0,23.11,36.54376651276744,0.4107498735615565,0.0,0.0,0.0,0.0,0.0,0.0,0.5
wideband,shield_filter,adaptive,phi_plus,radioml,7,300,0.4216419869528063,0.021140167205548892,0.0,0.0,221,0.37,0.0,23.19,37.86452484735973,0.4216419869528063,0.0,0.0,0.0,0.0,0.0,0.0,0.5
wideband,shield_filter,adaptive,phi_plus,radioml,8,300,0.4646521346639461,0.020616964705924862,0.0,0.0,221,0.31,0.0,23.59,36.93127362413001,0.4646521346639461,0.0,0.0,0.0,0.0,0.0,0.0,0.5
wideband,shield_filter,adaptive,phi_plus,radioml,9,300,0.4041933667098188,0.019911746443524003,0.0,0.0,221,0.4,0.0,22.93,36.2099795109597,0.4041933667098188,0.0,0.0,0.0,0.0,0.0,0.0,0.5
wideband,shield_repair,adaptive,phi_plus,radioml,0,300,0.53040493470742,0.019718636650540262,0.0,0.0,221,0.0,0.8226666666666667,24.02,39.0566136803854,0.53040493470742,0.0,0.0,0.0,0.0,0.0,0.0,0.5
wideband,shield_repair,adaptive,phi_plus,radioml,1,300,0.5343861553074194,0.014892089044741012,0.0,0.0,221,0.0,0.8253333333333334,24.09,40.96536344400196,0.5343861553074194,0.0,0.0,0.0,0.0,0.0,0.0,0.5
wideband,shield_repair,adaptive,phi_plus,radioml,2,300,0.5367725694165582,0.018123592134581184,0.0,0.0,221,0.0,0.7953333333333333,23.93,38.21534997518186,0.5367725694165582,0.0,0.0,0.0,0.0,0.0,0.0,0.5
wideband,shield_repair,adaptive,phi_plus,radioml,3,300,0.532323928488745,0.020110688289689174,0.0,0.0,221,0.0,0.836,24.08,39.44244360828153,0.532323928488745,0.0,0.0,0.0,0.0,0.0,0.0,0.5
wideband,shield_repair,adaptive,phi_plus,radioml,4,300,0.5275455145572511,0.015987460311354486,0.0,0.0,221,0.0,0.8226666666666667,23.86,39.48893102146414,0.5275455145572511,0.0,0.0,0.0,0.0,0.0,0.0,0.5
wideband,shield_repair,adaptive,phi_plus,radioml,5,300,0.5448036803161206,0.020714226727411498,0.0,0.0,221,0.0,0.8233333333333334,23.98,37.60709381659447,0.5448036803161206,0.0,0.0,0.0,0.0,0.0,0.0,0.5
wideband,shield_repair,adaptive,phi_plus,radioml,6,300,0.5466923362044063,0.024573243090104863,0.0,0.0,221,0.0,0.8146666666666667,23.92,37.954887130438266,0.5466923362044063,0.0,0.0,0.0,0.0,0.0,0.0,0.5
wideband,shield_repair,adaptive,phi_plus,radioml,7,300,0.5611066368854624,0.0091382143639604,0.0,0.0,222,0.0,0.816,24.13,40.60484057960953,0.5611066368854624,0.0,0.0,0.0,0.0,0.0,0.0,0.5
wideband,shield_repair,adaptive,phi_plus,radioml,8,300,0.5522726603093705,0.014121478234184252,0.0,0.0,221,0.0,0.8073333333333333,24.13,38.4579743476802,0.5522726603093705,0.0,0.0,0.0,0.0,0.0,0.0,0.5
wideband,shield_repair,adaptive,phi_plus,radioml,9,300,0.5521330208182642,0.0224431929237699,0.0,0.0,221,0.0,0.8246666666666667,24.21,39.79088332084716,0.5521330208182642,0.0,0.0,0.0,0.0,0.0,0.0,0.5
bursty,heuristic,adaptive,phi_plus,radioml,0,300,0.9431353020648817,0.9015551622522775,0.04,0.0,1,0.0,0.0,26.0,44.16666666666665,0.9431353020648817,0.0,0.0,0.0,0.0,0.0,0.0,0.5
bursty,heuristic,adaptive,phi_plus,radioml,1,300,0.9496748160856843,0.9045359089309075,0.08,0.0,2,0.0,0.0,26.0,44.16666666666665,0.9496748160856843,0.0,0.0,0.0,0.0,0.0,0.0,0.5
bursty,heuristic,adaptive,phi_plus,radioml,2,300,0.9450964081777945,0.9016706891209736,0.06,0.0,1,0.0,0.0,26.0,44.16666666666665,0.9450964081777945,0.0,0.0,0.0,0.0,0.0,0.0,0.5
bursty,heuristic,adaptive,phi_plus,radioml,3,300,0.9456353280532037,0.9021981019534522,0.07,0.0,1,0.0,0.0,26.0,44.16666666666665,0.9456353280532037,0.0,0.0,0.0,0.0,0.0,0.0,0.5
bursty,heuristic,adaptive,phi_plus,radioml,4,300,0.9455459899388772,0.9044411330915979,0.056666666666666664,0.0,1,0.0,0.0,26.0,44.16666666666665,0.9455459899388772,0.0,0.0,0.0,0.0,0.0,0.0,0.5
bursty,heuristic,adaptive,phi_plus,radioml,5,300,0.9480200730181959,0.9059160618927647,0.05333333333333334,0.0,2,0.0,0.0,26.0,44.16666666666665,0.9480200730181959,0.0,0.0,0.0,0.0,0.0,0.0,0.5
bursty,heuristic,adaptive,phi_plus,radioml,6,300,0.9427994652596529,0.8974475569662005,0.07333333333333333,0.0,1,0.0,0.0,26.0,44.16666666666665,0.9427994652596529,0.0,0.0,0.0,0.0,0.0,0.0,0.5
bursty,heuristic,adaptive,phi_plus,radioml,7,300,0.9458636206004887,0.9004883108809467,0.043333333333333335,0.0,1,0.0,0.0,26.0,44.16666666666665,0.9458636206004887,0.0,0.0,0.0,0.0,0.0,0.0,0.5
bursty,heuristic,adaptive,phi_plus,radioml,8,300,0.943011947414249,0.9019849124826987,0.08333333333333333,0.0,1,0.0,0.0,26.0,44.16666666666665,0.943011947414249,0.0,0.0,0.0,0.0,0.0,0.0,0.5
bursty,heuristic,adaptive,phi_plus,radioml,9,300,0.9444544638725961,0.8999229767454808,0.06333333333333334,0.0,1,0.0,0.0,26.0,44.16666666666665,0.9444544638725961,0.0,0.0,0.0,0.0,0.0,0.0,0.5
bursty,greedy_twin,adaptive,phi_plus,radioml,0,300,0.9660460521816416,0.9311411732207213,0.9933333333333333,0.88,1,0.0,0.0,29.96,56.07096226123211,0.08604605218164156,0.10666666666666667,0.27,0.043333333333333335,0.0,0.0,0.86,0.5
bursty,greedy_twin,adaptive,phi_plus,radioml,1,300,0.9677208275882221,0.9298601470616726,0.9933333333333333,0.87,2,0.0,0.0,30.03,55.94935562131919,0.0977208275882221,0.09,0.36666666666666664,0.05333333333333334,0.0,0.0,0.8166666666666667,0.5
bursty,greedy_twin,adaptive,phi_plus,radioml,2,300,0.9647255259672541,0.92467959467566,0.9933333333333333,0.8233333333333334,1,0.0,0.0,29.92,57.15053569079431,0.14139219263392078,0.09666666666666666,0.18666666666666668,0.03333333333333333,0.0,0.0,0.7733333333333333,0.5
bursty,greedy_twin,adaptive,phi_plus,radioml,3,300,0.9655446095983632,0.9302047708059515,0.9966666666666667,0.9066666666666666,1,0.0,0.0,29.94,56.34181449628191,0.05887794293169639,0.07333333333333333,0.37666666666666665,0.03666666666666667,0.0,0.0,0.8466666666666667,0.5
bursty,greedy_twin,adaptive,phi_plus,radioml,4,300,0.967752896763557,0.9328529147648974,0.9933333333333333,0.8533333333333334,1,0.0,0.0,29.9,57.18879168906981,0.11441956343022379,0.06,0.19666666666666666,0.03,0.0,0.0,0.83,0.5
bursty,greedy_twin,adaptive,phi_plus,radioml,5,300,0.9674081716165248,0.9345814734187446,1.0,0.88,3,0.0,0.0,29.983333333333334,55.662889487328215,0.08740817161652471,0.08333333333333333,0.2,0.056666666666666664,0.0,0.0,0.84,0.5
bursty,greedy_twin,adaptive,phi_plus,radioml,6,300,0.9666781593338207,0.9348769525338579,0.9966666666666667,0.91,1,0.0,0.0,29.99,56.335628744747034,0.056678159333820755,0.11,0.2633333333333333,0.05333333333333334,0.0,0.0,0.8633333333333333,0.5
bursty,greedy_twin,adaptive,phi_plus,radioml,7,300,0.9665181308014286,0.931958587340389,0.9966666666666667,0.83,1,0.0,0.0,29.906666666666666,56.77133868424847,0.1365181308014287,0.09666666666666666,0.26666666666666666,0.05333333333333334,0.0,0.0,0.7833333333333333,0.5
bursty,greedy_twin,adaptive,phi_plus,radioml,8,300,0.9671885520647978,0.9332012105642462,0.9933333333333333,0.8766666666666667,1,0.0,0.0,29.923333333333332,56.303786275809706,0.09052188539813105,0.07333333333333333,0.22333333333333333,0.03,0.0,0.0,0.8533333333333334,0.5
bursty,greedy_twin,adaptive,phi_plus,radioml,9,300,0.9654095710407553,0.9280155918415643,0.9966666666666667,0.89,1,0.0,0.0,30.013333333333332,56.01618866484486,0.07540957104075524,0.09333333333333334,0.25666666666666665,0.043333333333333335,0.0,0.0,0.84,0.5
bursty,shield_filter,adaptive,phi_plus,radioml,0,300,0.8420207228939564,0.35734585908753025,0.0,0.0,6,0.18,0.0,23.62,40.51134967514707,0.8420207228939564,0.0,0.0,0.0,0.0,0.0,0.0,0.5
bursty,shield_filter,adaptive,phi_plus,radioml,1,300,0.8369679379771829,0.31231540881828157,0.0,0.0,6,0.17,0.0,23.4,35.96264831388537,0.8369679379771829,0.0,0.0,0.0,0.0,0.0,0.0,0.5
bursty,shield_filter,adaptive,phi_plus,radioml,2,300,0.8599897956000503,0.4059867813049361,0.0,0.0,2,0.15666666666666668,0.0,23.71,36.90392094791215,0.8599897956000503,0.0,0.0,0.0,0.0,0.0,0.0,0.5
bursty,shield_filter,adaptive,phi_plus,radioml,3,300,0.8744542803465121,0.5330286625364258,0.0,0.0,1,0.17,0.0,23.73,39.46772159883514,0.8744542803465121,0.0,0.0,0.0,0.0,0.0,0.0,0.5
bursty,shield_filter,adaptive,phi_plus,radioml,4,300,0.8416635235007462,0.38078685510452054,0.0,0.0,1,0.16,0.0,23.8,35.6396166767427,0.8416635235007462,0.0,0.0,0.0,0.0,0.0,0.0,0.5
bursty,shield_filter,adaptive,phi_plus,radioml,5,300,0.8392623162850688,0.30942504590358,0.0,0.0,2,0.15,0.0,23.77,39.53618870782864,0.8392623162850688,0.0,0.0,0.0,0.0,0.0,0.0,0.5
bursty,shield_filter,adaptive,phi_plus,radioml,6,300,0.852446619219986,0.42996175103050743,0.0,0.0,1,0.18,0.0,23.64,39.39585094011121,0.852446619219986,0.0,0.0,0.0,0.0,0.0,0.0,0.5
bursty,shield_filter,adaptive,phi_plus,radioml,7,300,0.8705581895075869,0.5104477685348091,0.0,0.0,2,0.16,0.0,23.77,38.99616569009047,0.8705581895075869,0.0,0.0,0.0,0.0,0.0,0.0,0.5
bursty,shield_filter,adaptive,phi_plus,radioml,8,300,0.8574728713751721,0.39260447154250006,0.0,0.0,3,0.21666666666666667,0.0,23.56,38.27178976306679,0.8574728713751721,0.0,0.0,0.0,0.0,0.0,0.0,0.5
bursty,shield_filter,adaptive,phi_plus,radioml,9,300,0.8547514702988926,0.3729359384807398,0.0,0.0,1,0.18333333333333332,0.0,23.63,38.26793198489837,0.8547514702988926,0.0,0.0,0.0,0.0,0.0,0.0,0.5
bursty,shield_repair,adaptive,phi_plus,radioml,0,300,0.8748719944429976,0.4775617278955918,0.0,0.0,7,0.0,0.7,23.96,40.8799234553669,0.8748719944429976,0.0,0.0,0.0,0.0,0.0,0.0,0.5
bursty,shield_repair,adaptive,phi_plus,radioml,1,300,0.8806253310800991,0.5647859005176648,0.0,0.0,2,0.0,0.71,24.01,39.839299615731015,0.8806253310800991,0.0,0.0,0.0,0.0,0.0,0.0,0.5
bursty,shield_repair,adaptive,phi_plus,radioml,2,300,0.8884248068465327,0.6789371623792665,0.0,0.0,2,0.0,0.6886666666666666,23.91,37.279695201414704,0.8884248068465327,0.0,0.0,0.0,0.0,0.0,0.0,0.5
bursty,shield_repair,adaptive,phi_plus,radioml,3,300,0.8741889227070503,0.5573657423607641,0.0,0.0,1,0.0,0.722,24.0,39.132200786865944,0.8741889227070503,0.0,0.0,0.0,0.0,0.0,0.0,0.5
bursty,shield_repair,adaptive,phi_plus,radioml,4,300,0.8735270584550983,0.49104103658670634,0.0,0.0,1,0.0,0.7026666666666667,24.03,39.345284799577016,0.8735270584550983,0.0,0.0,0.0,0.0,0.0,0.0,0.5
bursty,shield_repair,adaptive,phi_plus,radioml,5,300,0.8603135800708291,0.3724247941832672,0.0,0.0,9,0.0,0.722,23.92,39.865813062208055,0.8603135800708291,0.0,0.0,0.0,0.0,0.0,0.0,0.5
bursty,shield_repair,adaptive,phi_plus,radioml,6,300,0.8789803982534873,0.5750962144252728,0.0,0.0,1,0.0,0.7113333333333334,24.04,39.06868010911594,0.8789803982534873,0.0,0.0,0.0,0.0,0.0,0.0,0.5
bursty,shield_repair,adaptive,phi_plus,radioml,7,300,0.8744739926366045,0.5251496442899387,0.0,0.0,2,0.0,0.7046666666666667,23.68,36.42274868494827,0.8744739926366045,0.0,0.0,0.0,0.0,0.0,0.0,0.5
bursty,shield_repair,adaptive,phi_plus,radioml,8,300,0.8785158367858893,0.42767044126552933,0.0,0.0,3,0.0,0.7293333333333333,23.84,39.733601988113655,0.8785158367858893,0.0,0.0,0.0,0.0,0.0,0.0,0.5
bursty,shield_repair,adaptive,phi_plus,radioml,9,300,0.8839698428841875,0.5352515106516207,0.0,0.0,1,0.0,0.7133333333333334,24.07,38.89889988936419,0.8839698428841875,0.0,0.0,0.0,0.0,0.0,0.0,0.5
backhaul,heuristic,adaptive,phi_plus,radioml,0,300,0.9227635829585874,0.8631463142781859,0.07333333333333333,0.0,1,0.0,0.0,26.0,44.16666666666665,0.9227635829585874,0.0,0.0,0.0,0.0,0.0,0.0,0.5
backhaul,heuristic,adaptive,phi_plus,radioml,1,300,0.9203861626777384,0.8595662124011029,0.06,0.0,5,0.0,0.0,26.0,44.16666666666665,0.9203861626777384,0.0,0.0,0.0,0.0,0.0,0.0,0.5
backhaul,heuristic,adaptive,phi_plus,radioml,2,300,0.9218847451030179,0.8549909223628998,0.05333333333333334,0.0,3,0.0,0.0,26.0,44.16666666666665,0.9218847451030179,0.0,0.0,0.0,0.0,0.0,0.0,0.5
backhaul,heuristic,adaptive,phi_plus,radioml,3,300,0.9242169391289636,0.8639563514035462,0.07,0.0,3,0.0,0.0,26.0,44.16666666666665,0.9242169391289636,0.0,0.0,0.0,0.0,0.0,0.0,0.5
backhaul,heuristic,adaptive,phi_plus,radioml,4,300,0.9235600471236338,0.8637839693924376,0.07333333333333333,0.0,2,0.0,0.0,26.0,44.16666666666665,0.9235600471236338,0.0,0.0,0.0,0.0,0.0,0.0,0.5
backhaul,heuristic,adaptive,phi_plus,radioml,5,300,0.9219324388637282,0.8640297908606438,0.07333333333333333,0.0,1,0.0,0.0,26.0,44.16666666666665,0.9219324388637282,0.0,0.0,0.0,0.0,0.0,0.0,0.5
backhaul,heuristic,adaptive,phi_plus,radioml,6,300,0.9216087701493889,0.8584325847033549,0.1,0.0,1,0.0,0.0,26.0,44.16666666666665,0.9216087701493889,0.0,0.0,0.0,0.0,0.0,0.0,0.5
backhaul,heuristic,adaptive,phi_plus,radioml,7,300,0.9206968818540613,0.859140621893217,0.06333333333333334,0.0,3,0.0,0.0,26.0,44.16666666666665,0.9206968818540613,0.0,0.0,0.0,0.0,0.0,0.0,0.5
backhaul,heuristic,adaptive,phi_plus,radioml,8,300,0.9266274001176534,0.8595188131970906,0.06,0.0,2,0.0,0.0,26.0,44.16666666666665,0.9266274001176534,0.0,0.0,0.0,0.0,0.0,0.0,0.5
backhaul,heuristic,adaptive,phi_plus,radioml,9,300,0.9259538205734452,0.8602798174398828,0.08333333333333333,0.0,4,0.0,0.0,26.0,44.16666666666665,0.9259538205734452,0.0,0.0,0.0,0.0,0.0,0.0,0.5
backhaul,greedy_twin,adaptive,phi_plus,radioml,0,300,0.9426903614164817,0.892546913655493,0.9966666666666667,0.87,2,0.0,0.0,29.85333333333333,57.63973361276041,0.07269036141648165,0.08666666666666667,0.22666666666666666,0.04666666666666667,0.0,0.0,0.78,0.5
backhaul,greedy_twin,adaptive,phi_plus,radioml,1,300,0.9428175470127625,0.8920272596948781,0.9866666666666667,0.8233333333333334,1,0.0,0.0,29.833333333333332,56.05701368591746,0.11948421367942916,0.09,0.15333333333333332,0.06333333333333334,0.0,0.0,0.7866666666666666,0.5
backhaul,greedy_twin,adaptive,phi_plus,radioml,2,300,0.9427309372108148,0.89227700480707,0.9933333333333333,0.9066666666666666,1,0.0,0.0,29.933333333333334,56.390428941748105,0.03606427054414825,0.06666666666666667,0.24666666666666667,0.03666666666666667,0.0,0.0,0.89,0.5
backhaul,greedy_twin,adaptive,phi_plus,radioml,3,300,0.9455140618393147,0.892569242671455,0.9933333333333333,0.7833333333333333,1,0.0,0.0,29.743333333333332,56.763448802185486,0.16218072850598142,0.056666666666666664,0.26666666666666666,0.043333333333333335,0.0,0.0,0.7033333333333334,0.5
backhaul,greedy_twin,adaptive,phi_plus,radioml,4,300,0.9422071846913298,0.8916995493073826,0.9866666666666667,0.8733333333333333,1,0.0,0.0,29.823333333333334,54.11995277119859,0.06887385135799637,0.07666666666666666,0.21333333333333335,0.06333333333333334,0.0,0.0,0.8133333333333334,0.5
backhaul,greedy_twin,adaptive,phi_plus,radioml,5,300,0.9454123371164428,0.8922694257502553,1.0,0.9366666666666666,1,0.0,0.0,30.03,56.51404524447758,0.008745670449776324,0.07333333333333333,0.22,0.03,0.0,0.0,0.92,0.5
backhaul,greedy_twin,adaptive,phi_plus,radioml,6,300,0.9420583187588225,0.8916142139339271,1.0,0.81,2,0.0,0.0,29.733333333333334,57.63400936852488,0.1320583187588225,0.08666666666666667,0.24666666666666667,0.06,0.0,0.0,0.68,0.5
backhaul,greedy_twin,adaptive,phi_plus,radioml,7,300,0.9442150424011243,0.8922288930585991,0.9966666666666667,0.8733333333333333,2,0.0,0.0,29.923333333333332,56.35373648886207,0.07088170906779091,0.06666666666666667,0.15333333333333332,0.03666666666666667,0.0,0.0,0.8433333333333334,0.5
backhaul,greedy_twin,adaptive,phi_plus,radioml,8,300,0.9395227961945123,0.8914499048174964,0.9933333333333333,0.8733333333333333,1,0.0,0.0,29.886666666666667,55.96143497453808,0.06618946286117885,0.06,0.20666666666666667,0.03,0.0,0.0,0.81,0.5
backhaul,greedy_twin,adaptive,phi_plus,radioml,9,300,0.9438233890350728,0.891700090695383,1.0,0.91,1,0.0,0.0,29.89,56.01996484457767,0.033823389035072704,0.08333333333333333,0.25,0.05,0.0,0.0,0.8466666666666667,0.5
backhaul,shield_filter,adaptive,phi_plus,radioml,0,300,0.7975489441082008,0.30355799329083705,0.0,0.0,1,0.20333333333333334,0.0,23.87,39.418115028489645,0.7975489441082008,0.0,0.0,0.0,0.0,0.0,0.0,0.5
backhaul,shield_filter,adaptive,phi_plus,radioml,1,300,0.7783398225191419,0.3028339144375089,0.0,0.0,8,0.24,0.0,23.47,35.86334566195171,0.7783398225191419,0.0,0.0,0.0,0.0,0.0,0.0,0.5
backhaul,shield_filter,adaptive,phi_plus,radioml,2,300,0.7775327419506058,0.3027959064057744,0.0,0.0,1,0.25,0.0,23.42,36.931333644844365,0.7775327419506058,0.0,0.0,0.0,0.0,0.0,0.0,0.5
backhaul,shield_filter,adaptive,phi_plus,radioml,3,300,0.7823760044440675,0.30176182490631953,0.0,0.0,5,0.2633333333333333,0.0,23.48,37.682621548045994,0.7823760044440675,0.0,0.0,0.0,0.0,0.0,0.0,0.5
backhaul,shield_filter,adaptive,phi_plus,radioml,4,300,0.786848317136978,0.3071649194013963,0.0,0.0,5,0.27,0.0,23.54,36.137064296626306,0.786848317136978,0.0,0.0,0.0,0.0,0.0,0.0,0.5
backhaul,shield_filter,adaptive,phi_plus,radioml,5,300,0.7726715625253638,0.2965260071641388,0.0,0.0033333333333333335,2,0.3,0.0,23.11,37.105239596843234,0.7693382291920304,0.0,0.0033333333333333335,0.0,0.0,0.0,0.0,0.5
backhaul,shield_filter,adaptive,phi_plus,radioml,6,300,0.7759032628646151,0.3021575218900127,0.0,0.0,5,0.2733333333333333,0.0,23.43,39.68260918534194,0.7759032628646151,0.0,0.0,0.0,0.0,0.0,0.0,0.5
backhaul,shield_filter,adaptive,phi_plus,radioml,7,300,0.8174386121283461,0.3104986612041917,0.0,0.0,1,0.24,0.0,23.73,35.52988218842469,0.8174386121283461,0.0,0.0,0.0,0.0,0.0,0.0,0.5
backhaul,shield_filter,adaptive,phi_plus,radioml,8,300,0.8113367272369509,0.3053601147169573,0.0,0.0,1,0.25333333333333335,0.0,23.503333333333334,36.21675894725662,0.8113367272369509,0.0,0.0,0.0,0.0,0.0,0.0,0.5
backhaul,shield_filter,adaptive,phi_plus,radioml,9,300,0.7909760768525106,0.2981623482688517,0.0,0.0,3,0.27,0.0,23.61,40.29280280498767,0.7909760768525106,0.0,0.0,0.0,0.0,0.0,0.0,0.5
backhaul,shield_repair,adaptive,phi_plus,radioml,0,300,0.8786342531278452,0.6679975637666299,0.0,0.0,12,0.0,0.758,24.16,41.38329090363986,0.8786342531278452,0.0,0.0,0.0,0.0,0.0,0.0,0.5
backhaul,shield_repair,adaptive,phi_plus,radioml,1,300,0.8700990522859012,0.615475537748099,0.0,0.0,6,0.0,0.75,23.89,36.75719594989717,0.8700990522859012,0.0,0.0,0.0,0.0,0.0,0.0,0.5
backhaul,shield_repair,adaptive,phi_plus,radioml,2,300,0.8744522659923898,0.6664375320802493,0.0,0.0,1,0.0,0.74,24.02,36.08904212593356,0.8744522659923898,0.0,0.0,0.0,0.0,0.0,0.0,0.5
backhaul,shield_repair,adaptive,phi_plus,radioml,3,300,0.8771305176305545,0.6378081599268314,0.0,0.0,3,0.0,0.7753333333333333,24.07,39.14352853066868,0.8771305176305545,0.0,0.0,0.0,0.0,0.0,0.0,0.5
backhaul,shield_repair,adaptive,phi_plus,radioml,4,300,0.8724959723853575,0.610225485084146,0.0,0.0,4,0.0,0.7606666666666667,23.86,39.068329846782895,0.8724959723853575,0.0,0.0,0.0,0.0,0.0,0.0,0.5
backhaul,shield_repair,adaptive,phi_plus,radioml,5,300,0.8688737097961607,0.6560579992998146,0.0,0.0,1,0.0,0.7733333333333333,24.24,38.61815442429808,0.8688737097961607,0.0,0.0,0.0,0.0,0.0,0.0,0.5
backhaul,shield_repair,adaptive,phi_plus,radioml,6,300,0.8664616445134308,0.6247502531961797,0.0,0.0,5,0.0,0.752,24.09,40.10342014513972,0.8664616445134308,0.0,0.0,0.0,0.0,0.0,0.0,0.5
backhaul,shield_repair,adaptive,phi_plus,radioml,7,300,0.8704100485386395,0.6297739614290837,0.0,0.0,1,0.0,0.7653333333333333,23.8,35.823686698002945,0.8704100485386395,0.0,0.0,0.0,0.0,0.0,0.0,0.5
backhaul,shield_repair,adaptive,phi_plus,radioml,8,300,0.881497756156636,0.683052170460285,0.0,0.0,1,0.0,0.7713333333333333,24.07,38.779033808885195,0.881497756156636,0.0,0.0,0.0,0.0,0.0,0.0,0.5
backhaul,shield_repair,adaptive,phi_plus,radioml,9,300,0.8744433020202028,0.6363301882413636,0.0,0.0,3,0.0,0.756,24.01,39.1057303934777,0.8744433020202028,0.0,0.0,0.0,0.0,0.0,0.0,0.5
compromised_xapp,heuristic,adaptive,phi_plus,radioml,0,300,0.9844801686396831,0.9471059334733853,0.056666666666666664,0.0,1,0.0,0.0,26.0,44.16666666666665,0.9844801686396831,0.0,0.0,0.0,0.0,0.0,0.0,0.5
compromised_xapp,heuristic,adaptive,phi_plus,radioml,1,300,0.9849570875542029,0.9498698919760615,0.1,0.0,1,0.0,0.0,26.0,44.16666666666665,0.9849570875542029,0.0,0.0,0.0,0.0,0.0,0.0,0.5
compromised_xapp,heuristic,adaptive,phi_plus,radioml,2,300,0.9845561824513197,0.940841825583736,0.05,0.0,1,0.0,0.0,26.0,44.16666666666665,0.9845561824513197,0.0,0.0,0.0,0.0,0.0,0.0,0.5
compromised_xapp,heuristic,adaptive,phi_plus,radioml,3,300,0.9827772632507401,0.9418757465435796,0.06666666666666667,0.0,1,0.0,0.0,26.0,44.16666666666665,0.9827772632507401,0.0,0.0,0.0,0.0,0.0,0.0,0.5
compromised_xapp,heuristic,adaptive,phi_plus,radioml,4,300,0.9838479507025009,0.9465125296784528,0.07,0.0,1,0.0,0.0,26.0,44.16666666666665,0.9838479507025009,0.0,0.0,0.0,0.0,0.0,0.0,0.5
compromised_xapp,heuristic,adaptive,phi_plus,radioml,5,300,0.9831602180800054,0.9436790920717892,0.06,0.0,1,0.0,0.0,26.0,44.16666666666665,0.9831602180800054,0.0,0.0,0.0,0.0,0.0,0.0,0.5
compromised_xapp,heuristic,adaptive,phi_plus,radioml,6,300,0.984374458268422,0.9470749711570334,0.06666666666666667,0.0,1,0.0,0.0,26.0,44.16666666666665,0.984374458268422,0.0,0.0,0.0,0.0,0.0,0.0,0.5
compromised_xapp,heuristic,adaptive,phi_plus,radioml,7,300,0.9838596882449754,0.9439304292088819,0.08333333333333333,0.0,1,0.0,0.0,26.0,44.16666666666665,0.9838596882449754,0.0,0.0,0.0,0.0,0.0,0.0,0.5
compromised_xapp,heuristic,adaptive,phi_plus,radioml,8,300,0.983366637447528,0.9488566920338937,0.09666666666666666,0.0,1,0.0,0.0,26.0,44.16666666666665,0.983366637447528,0.0,0.0,0.0,0.0,0.0,0.0,0.5
compromised_xapp,heuristic,adaptive,phi_plus,radioml,9,300,0.9836637062695179,0.9488642150386901,0.08666666666666667,0.0,1,0.0,0.0,26.0,44.16666666666665,0.9836637062695179,0.0,0.0,0.0,0.0,0.0,0.0,0.5
compromised_xapp,greedy_twin,adaptive,phi_plus,radioml,0,300,0.9788680909183487,0.9679123515711702,1.0,0.86,1,0.0,0.0,29.833333333333332,56.44593239313081,0.11886809091834867,0.04,0.19666666666666666,0.4166666666666667,0.0,0.0,0.7866666666666666,0.5
compromised_xapp,greedy_twin,adaptive,phi_plus,radioml,1,300,0.9784503255357048,0.966569058848311,0.9966666666666667,0.91,1,0.0,0.0,29.836666666666666,56.21227656022123,0.06845032553570467,0.03333333333333333,0.15666666666666668,0.41,0.0,0.0,0.8166666666666667,0.5
compromised_xapp,greedy_twin,adaptive,phi_plus,radioml,2,300,0.9791598361583143,0.967220886546148,0.9966666666666667,0.9366666666666666,1,0.0,0.0,29.92,56.21418657855735,0.042493169491647595,0.04666666666666667,0.24333333333333335,0.43666666666666665,0.0,0.0,0.87,0.5
compromised_xapp,greedy_twin,adaptive,phi_plus,radioml,3,300,0.979268025379162,0.9652369038106,1.0,0.8466666666666667,1,0.0,0.0,29.75,58.69943415239498,0.13260135871249537,0.043333333333333335,0.18333333333333332,0.41333333333333333,0.0,0.0,0.7566666666666667,0.5
compromised_xapp,greedy_twin,adaptive,phi_plus,radioml,4,300,0.9792528940648363,0.966827204603473,0.9966666666666667,0.94,1,0.0,0.0,29.88,59.07183953389361,0.0392528940648364,0.06,0.23666666666666666,0.38333333333333336,0.0,0.0,0.88,0.5
compromised_xapp,greedy_twin,adaptive,phi_plus,radioml,5,300,0.9790887823287149,0.9661521142488783,1.0,0.92,1,0.0,0.0,29.873333333333335,57.04786463891982,0.0590887823287148,0.04,0.21333333333333335,0.4266666666666667,0.0,0.0,0.8466666666666667,0.5
compromised_xapp,greedy_twin,adaptive,phi_plus,radioml,6,300,0.97840892334868,0.9651041268234526,1.0,0.8666666666666667,1,0.0,0.0,29.723333333333333,56.46155209476742,0.11174225668201328,0.06333333333333334,0.15333333333333332,0.4066666666666667,0.0,0.0,0.75,0.5
compromised_xapp,greedy_twin,adaptive,phi_plus,radioml,7,300,0.9796233606234969,0.9643606776868306,0.9933333333333333,0.83,1,0.0,0.0,29.686666666666667,56.88486516845421,0.14962336062349682,0.03666666666666667,0.19666666666666666,0.42333333333333334,0.0,0.0,0.7166666666666667,0.5
compromised_xapp,greedy_twin,adaptive,phi_plus,radioml,8,300,0.9789014853394858,0.9658479467893083,0.9966666666666667,0.9233333333333333,1,0.0,0.0,29.883333333333333,55.97703649013269,0.0555681520061526,0.016666666666666666,0.24,0.43,0.0,0.0,0.8766666666666667,0.5
compromised_xapp,greedy_twin,adaptive,phi_plus,radioml,9,300,0.9784395374251119,0.9654288801094325,1.0,0.9133333333333333,1,0.0,0.0,29.833333333333332,56.91496849838874,0.06510620409177854,0.04666666666666667,0.16333333333333333,0.43333333333333335,0.0,0.0,0.83,0.5
compromised_xapp,shield_filter,adaptive,phi_plus,radioml,0,300,0.5814516421214011,0.2948291787215084,0.0,0.0033333333333333335,10,0.69,0.0,21.67,40.26199528004472,0.5781183087880677,0.0,0.0033333333333333335,0.0,0.0,0.0,0.0,0.5
compromised_xapp,shield_filter,adaptive,phi_plus,radioml,1,300,0.5987989722595679,0.3012651432060411,0.0,0.0033333333333333335,1,0.6366666666666667,0.0,21.82,38.753143941951656,0.5954656389262346,0.0,0.0,0.0033333333333333335,0.0,0.0,0.0,0.5
compromised_xapp,shield_filter,adaptive,phi_plus,radioml,2,300,0.5985892624859286,0.2984122127759649,0.0,0.0033333333333333335,2,0.6533333333333333,0.0,21.74,35.355678076990976,0.5952559291525952,0.0,0.0033333333333333335,0.0,0.0,0.0,0.0,0.5
compromised_xapp,shield_filter,adaptive,phi_plus,radioml,3,300,0.5773405295739035,0.30342270453064113,0.0,0.0,1,0.6966666666666667,0.0,21.59,39.84507386855718,0.5773405295739035,0.0,0.0,0.0,0.0,0.0,0.0,0.5
compromised_xapp,shield_filter,adaptive,phi_plus,radioml,4,300,0.5714682251700506,0.28565429217530436,0.0,0.0,9,0.6766666666666666,0.0,21.75,40.92406832252272,0.5714682251700506,0.0,0.0,0.0,0.0,0.0,0.0,0.5
compromised_xapp,shield_filter,adaptive,phi_plus,radioml,5,300,0.5983455609482881,0.3075086808797494,0.0,0.0,1,0.6633333333333333,0.0,21.75,39.07962036871084,0.5983455609482881,0.0,0.0,0.0,0.0,0.0,0.0,0.5
compromised_xapp,shield_filter,adaptive,phi_plus,radioml,6,300,0.581567063548603,0.301810690538546,0.0,0.0,2,0.6933333333333334,0.0,21.68,40.678455036019024,0.581567063548603,0.0,0.0,0.0,0.0,0.0,0.0,0.5
compromised_xapp,shield_filter,adaptive,phi_plus,radioml,7,300,0.5875639312348524,0.2901854887201607,0.0,0.0033333333333333335,8,0.6833333333333333,0.0,21.55,35.78591690481359,0.5842305979015191,0.0,0.0,0.0,0.0,0.0033333333333333335,0.0,0.5
compromised_xapp,shield_filter,adaptive,phi_plus,radioml,8,300,0.5878527441155337,0.29752554089066724,0.0,0.0,5,0.6933333333333334,0.0,21.64,38.786094783445876,0.5878527441155337,0.0,0.0,0.0,0.0,0.0,0.0,0.5
compromised_xapp,shield_filter,adaptive,phi_plus,radioml,9,300,0.5653370339287042,0.28720335676144837,0.0,0.0,2,0.73,0.0,21.44,36.95544826861242,0.5653370339287042,0.0,0.0,0.0,0.0,0.0,0.0,0.5
compromised_xapp,shield_repair,adaptive,phi_plus,radioml,0,300,0.9071252828741365,0.821068058999604,0.0,0.023333333333333334,4,0.0,0.9153333333333333,20.49,37.94468118565111,0.8837919495408031,0.0,0.0,0.023333333333333334,0.0,0.0,0.0,0.5
compromised_xapp,shield_repair,adaptive,phi_plus,radioml,1,300,0.906836309235077,0.8281870958434557,0.0,0.04666666666666667,1,0.0,0.914,20.14,38.43660717068284,0.8601696425684103,0.0,0.0033333333333333335,0.043333333333333335,0.0,0.0,0.0,0.5
compromised_xapp,shield_repair,adaptive,phi_plus,radioml,2,300,0.9093393475982712,0.8084357877661803,0.0,0.05,2,0.0,0.9113333333333333,20.46,38.61094386532356,0.859339347598271,0.0,0.0,0.05,0.0,0.0,0.0,0.5
compromised_xapp,shield_repair,adaptive,phi_plus,radioml,3,300,0.9023207747743406,0.8121376738920265,0.0,0.03666666666666667,2,0.0,0.9193333333333333,20.17,40.42991354123461,0.8656541081076738,0.0,0.0,0.03666666666666667,0.0,0.0,0.0,0.5
compromised_xapp,shield_repair,adaptive,phi_plus,radioml,4,300,0.9095315618422315,0.8308615253750501,0.0,0.023333333333333334,3,0.0,0.906,20.49,40.214858446238935,0.8861982285088982,0.0,0.0,0.023333333333333334,0.0,0.0,0.0,0.5
compromised_xapp,shield_repair,adaptive,phi_plus,radioml,5,300,0.9062237523555026,0.8322961207573369,0.0,0.03333333333333333,1,0.0,0.9086666666666666,20.45,39.545233013984166,0.8728904190221692,0.0,0.0,0.03333333333333333,0.0,0.0,0.0,0.5
compromised_xapp,shield_repair,adaptive,phi_plus,radioml,6,300,0.9073681474814517,0.8184110923798197,0.0,0.03,2,0.0,0.9046666666666666,20.47,37.999220944100564,0.8773681474814516,0.0,0.0,0.03,0.0,0.0,0.0,0.5
compromised_xapp,shield_repair,adaptive,phi_plus,radioml,7,300,0.907655605495642,0.8317712329800714,0.0,0.03666666666666667,2,0.0,0.91,20.59,38.26906482148611,0.8709889388289753,0.0,0.0,0.03666666666666667,0.0,0.0,0.0,0.5
compromised_xapp,shield_repair,adaptive,phi_plus,radioml,8,300,0.9018999244065857,0.8258600226574312,0.0,0.04666666666666667,1,0.0,0.9173333333333333,20.04,38.744807743282166,0.8552332577399189,0.0,0.0,0.04666666666666667,0.0,0.0,0.0,0.5
compromised_xapp,shield_repair,adaptive,phi_plus,radioml,9,300,0.906901992348715,0.8284480800284871,0.0,0.023333333333333334,2,0.0,0.9133333333333333,20.38,35.56030459835484,0.8835686590153816,0.0,0.0,0.023333333333333334,0.0,0.0,0.0,0.5
compound,heuristic,adaptive,phi_plus,radioml,0,300,0.8263748569002908,0.36059605274524004,0.2633333333333333,0.23666666666666666,33,0.0,0.0,26.0,44.16666666666665,0.5897081902336242,0.0,0.0,0.23666666666666666,0.0,0.0,0.0,0.5
compound,heuristic,adaptive,phi_plus,radioml,1,300,0.8339761307487392,0.44631737380630637,0.25,0.22,22,0.0,0.0,26.0,44.16666666666665,0.6139761307487391,0.0,0.0,0.22,0.0,0.0,0.0,0.5
compound,heuristic,adaptive,phi_plus,radioml,2,300,0.8354970324595781,0.6300985967282331,0.25666666666666665,0.22,10,0.0,0.0,26.0,44.16666666666665,0.615497032459578,0.0,0.0,0.22,0.0,0.0,0.0,0.5
compound,heuristic,adaptive,phi_plus,radioml,3,300,0.8177297505030899,0.21106406376394524,0.21333333333333335,0.21,22,0.0,0.0,26.0,44.16666666666665,0.6077297505030899,0.0,0.0,0.21,0.0,0.0,0.0,0.5
compound,heuristic,adaptive,phi_plus,radioml,4,300,0.8217000625184632,0.298444403688071,0.29333333333333333,0.23666666666666666,1,0.0,0.0,26.0,44.16666666666665,0.5850333958517966,0.0,0.0,0.23666666666666666,0.0,0.0,0.0,0.5
compound,heuristic,adaptive,phi_plus,radioml,5,300,0.8206103673383839,0.24091211523642497,0.25333333333333335,0.22,1,0.0,0.0,26.0,44.16666666666665,0.6006103673383838,0.0,0.0,0.22,0.0,0.0,0.0,0.5
compound,heuristic,adaptive,phi_plus,radioml,6,300,0.8328883596874556,0.5950882994117888,0.27666666666666667,0.24333333333333335,8,0.0,0.0,26.0,44.16666666666665,0.5895550263541223,0.0,0.0,0.24333333333333335,0.0,0.0,0.0,0.5
compound,heuristic,adaptive,phi_plus,radioml,7,300,0.8355539751889453,0.6243860345423792,0.25333333333333335,0.23,15,0.0,0.0,26.0,44.16666666666665,0.6055539751889452,0.0,0.0,0.23,0.0,0.0,0.0,0.5
compound,heuristic,adaptive,phi_plus,radioml,8,300,0.8166682968171132,0.23696990434259982,0.2633333333333333,0.21333333333333335,6,0.0,0.0,26.0,44.16666666666665,0.6033349634837797,0.0,0.0,0.21333333333333335,0.0,0.0,0.0,0.5
compound,heuristic,adaptive,phi_plus,radioml,9,300,0.8258543372455633,0.20034978452336114,0.22,0.2,1,0.0,0.0,26.0,44.16666666666665,0.6258543372455633,0.0,0.0,0.2,0.0,0.0,0.0,0.5
compound,greedy_twin,adaptive,phi_plus,radioml,0,300,0.9141265109540572,0.8283112262975276,1.0,0.97,1,0.0,0.0,30.046666666666667,56.34329778573075,-0.05587348904594281,0.03333333333333333,0.2633333333333333,0.52,0.0,0.0,0.96,0.5
compound,greedy_twin,adaptive,phi_plus,radioml,1,300,0.9159261800806427,0.7974789007117739,0.9966666666666667,0.9533333333333334,2,0.0,0.0,29.97,53.919053627482015,-0.037407153252690485,0.03,0.3333333333333333,0.5233333333333333,0.0,0.0,0.9066666666666666,0.5
compound,greedy_twin,adaptive,phi_plus,radioml,2,300,0.9161730568435549,0.8077861877065361,0.9966666666666667,0.9433333333333334,1,0.0,0.0,30.016666666666666,55.179403963514105,-0.027160276489778343,0.03333333333333333,0.15,0.56,0.0,0.0,0.9366666666666666,0.5
compound,greedy_twin,adaptive,phi_plus,radioml,3,300,0.9207624345641902,0.830982207886155,1.0,0.94,1,0.0,0.0,29.976666666666667,56.386737927407005,-0.01923756543580969,0.04666666666666667,0.22,0.5333333333333333,0.0,0.0,0.9366666666666666,0.5
compound,greedy_twin,adaptive,phi_plus,radioml,4,300,0.9186502518248919,0.8309314635200424,0.9966666666666667,0.96,4,0.0,0.0,29.983333333333334,56.295940822836556,-0.04134974817510825,0.03666666666666667,0.31333333333333335,0.5233333333333333,0.0,0.0,0.9533333333333334,0.5
compound,greedy_twin,adaptive,phi_plus,radioml,5,300,0.9158002154635312,0.8168985586698649,1.0,0.9733333333333334,1,0.0,0.0,30.043333333333333,57.904952681318164,-0.05753311786980203,0.03,0.23333333333333334,0.5566666666666666,0.0,0.0,0.9566666666666667,0.5
compound,greedy_twin,adaptive,phi_plus,radioml,6,300,0.9197302539374244,0.8270327425948075,1.0,0.9733333333333334,2,0.0,0.0,30.06,57.33036158717736,-0.05360307939590901,0.05333333333333334,0.24333333333333335,0.5433333333333333,0.0,0.0,0.96,0.5
compound,greedy_twin,adaptive,phi_plus,radioml,7,300,0.9181915902567968,0.8311031405758543,0.9966666666666667,0.94,2,0.0,0.0,30.01,55.457437182836145,-0.021808409743203347,0.03666666666666667,0.23333333333333334,0.5033333333333333,0.0,0.0,0.9333333333333333,0.5
compound,greedy_twin,adaptive,phi_plus,radioml,8,300,0.9181945878192734,0.8238422585172649,0.9966666666666667,0.95,3,0.0,0.0,30.023333333333333,56.832024834675295,-0.03180541218072657,0.03333333333333333,0.15,0.52,0.0,0.0,0.9366666666666666,0.5
compound,greedy_twin,adaptive,phi_plus,radioml,9,300,0.9141449461174731,0.8119241021247517,1.0,0.9566666666666667,2,0.0,0.0,30.006666666666668,53.589087425137606,-0.0425217205491935,0.04,0.19,0.54,0.0,0.0,0.9433333333333334,0.5
compound,shield_filter,adaptive,phi_plus,radioml,0,300,0.36208169065242896,0.02545488727807888,0.0,0.016666666666666666,44,0.7,0.0,21.53,36.136013822716514,0.3454150239857623,0.0,0.0,0.016666666666666666,0.0,0.0,0.0,0.5
compound,shield_filter,adaptive,phi_plus,radioml,1,300,0.3645359351689575,0.022035886817363366,0.0,0.0033333333333333335,6,0.68,0.0,21.59,41.36337430657715,0.3612026018356242,0.0,0.0,0.0033333333333333335,0.0,0.0,0.0,0.5
compound,shield_filter,adaptive,phi_plus,radioml,2,300,0.3672508329840565,0.02411212191686633,0.0,0.02,16,0.6833333333333333,0.0,21.52,37.097722836414995,0.3472508329840564,0.0,0.006666666666666667,0.013333333333333334,0.0,0.0,0.0,0.5
compound,shield_filter,adaptive,phi_plus,radioml,3,300,0.3549723191602709,0.021123134707974896,0.0,0.0033333333333333335,36,0.7066666666666667,0.0,21.463333333333335,36.01596163689375,0.3516389858269376,0.0,0.0,0.0033333333333333335,0.0,0.0,0.0,0.5
compound,shield_filter,adaptive,phi_plus,radioml,4,300,0.3575591626580416,0.02443249889298269,0.0,0.0033333333333333335,27,0.69,0.0,21.56,37.61931694781398,0.35422582932470825,0.0,0.0,0.0033333333333333335,0.0,0.0,0.0,0.5
compound,shield_filter,adaptive,phi_plus,radioml,5,300,0.35611293026448104,0.026053131555992905,0.0,0.0,11,0.6866666666666666,0.0,21.47,39.649453994637554,0.35611293026448104,0.0,0.0,0.0,0.0,0.0,0.0,0.5
compound,shield_filter,adaptive,phi_plus,radioml,6,300,0.3769173722203991,0.021081051640592603,0.0,0.02,38,0.6733333333333333,0.0,21.69,37.71941564400606,0.3569173722203992,0.0,0.0,0.02,0.0,0.0,0.0,0.5
compound,shield_filter,adaptive,phi_plus,radioml,7,300,0.37670540234388333,0.023547159819327857,0.0,0.013333333333333334,45,0.68,0.0,21.62,40.71210549660187,0.36337206901054997,0.0,0.0,0.013333333333333334,0.0,0.0,0.0,0.5
compound,shield_filter,adaptive,phi_plus,radioml,8,300,0.34980897650623766,0.02583136942673559,0.0,0.006666666666666667,12,0.7533333333333333,0.0,21.293333333333333,38.36426977706227,0.343142309839571,0.0,0.0,0.006666666666666667,0.0,0.0,0.0,0.5
compound,shield_filter,adaptive,phi_plus,radioml,9,300,0.3642776707321262,0.024858947966186744,0.0,0.0,41,0.7,0.0,21.53,39.06790634691532,0.3642776707321262,0.0,0.0,0.0,0.0,0.0,0.0,0.5
compound,shield_repair,adaptive,phi_plus,radioml,0,300,0.41552800380906546,0.02099428711953603,0.0,0.023333333333333334,46,0.0,0.9326666666666666,20.87,40.23455594552791,0.39219467047573225,0.0,0.0,0.023333333333333334,0.0,0.0,0.0,0.5
compound,shield_repair,adaptive,phi_plus,radioml,1,300,0.4506242881235905,0.03028774209059589,0.0,0.03,72,0.0,0.9126666666666666,21.61,40.192225426105516,0.42062428812359054,0.0,0.0,0.03,0.0,0.0,0.0,0.5
compound,shield_repair,adaptive,phi_plus,radioml,2,300,0.42995507124059695,0.0219336524820362,0.0,0.02,9,0.0,0.9093333333333333,21.36,38.459720867626515,0.40995507124059694,0.0,0.0033333333333333335,0.016666666666666666,0.0,0.0,0.0,0.5
compound,shield_repair,adaptive,phi_plus,radioml,3,300,0.4246487400822612,0.02069463087965996,0.0,0.013333333333333334,40,0.0,0.938,21.01,36.340612775339764,0.4113154067489279,0.0,0.0,0.013333333333333334,0.0,0.0,0.0,0.5
compound,shield_repair,adaptive,phi_plus,radioml,4,300,0.4237182240429566,0.049721310774669535,0.0,0.043333333333333335,36,0.0,0.9153333333333333,21.24,39.9727919834443,0.3803848907096233,0.0,0.0,0.043333333333333335,0.0,0.0,0.0,0.5
compound,shield_repair,adaptive,phi_plus,radioml,5,300,0.4437139191157233,0.03029863425842778,0.0,0.03,37,0.0,0.9186666666666666,21.32,37.41838994828374,0.4137139191157232,0.0,0.0,0.03,0.0,0.0,0.0,0.5
compound,shield_repair,adaptive,phi_plus,radioml,6,300,0.4295865790032216,0.029020127181862764,0.0,0.023333333333333334,44,0.0,0.918,21.07,38.67086192402472,0.4062532456698883,0.0,0.0033333333333333335,0.02,0.0,0.0,0.0,0.5
compound,shield_repair,adaptive,phi_plus,radioml,7,300,0.44511763728946147,0.029552359423653588,0.0,0.03333333333333333,31,0.0,0.928,21.23,39.82928219379363,0.41178430395612814,0.0,0.0033333333333333335,0.03,0.0,0.0,0.0,0.5
compound,shield_repair,adaptive,phi_plus,radioml,8,300,0.41628440611531287,0.04022543905673022,0.0,0.06333333333333334,47,0.0,0.9246666666666666,21.1,42.85869125190609,0.35295107278197957,0.0,0.0033333333333333335,0.06,0.0,0.0,0.0,0.5
compound,shield_repair,adaptive,phi_plus,radioml,9,300,0.406086292873568,0.04577818498975904,0.0,0.03,41,0.0,0.9253333333333333,20.87,37.30432793799886,0.3760862928735681,0.0,0.0,0.03,0.0,0.0,0.0,0.5
narrowband,heuristic,naive,phi,radioml,0,300,0.9913542178597652,0.983484823667976,0.0,0.0,1,0.0,0.0,26.0,44.16666666666665,0.9913542178597652,0.0,0.0,0.0,0.0,0.0,0.0,0.8
narrowband,heuristic,naive,phi,radioml,1,300,0.9912425822557731,0.9821039512736915,0.0,0.0,1,0.0,0.0,26.0,44.16666666666665,0.9912425822557731,0.0,0.0,0.0,0.0,0.0,0.0,0.8
narrowband,heuristic,naive,phi,radioml,2,300,0.9912070933676186,0.9823170467922866,0.0,0.0,1,0.0,0.0,26.0,44.16666666666665,0.9912070933676186,0.0,0.0,0.0,0.0,0.0,0.0,0.8
narrowband,heuristic,naive,phi,radioml,3,300,0.9912652019648137,0.9835026010243388,0.0,0.0,1,0.0,0.0,26.0,44.16666666666665,0.9912652019648137,0.0,0.0,0.0,0.0,0.0,0.0,0.8
narrowband,heuristic,naive,phi,radioml,4,300,0.988311763631957,0.9840538062871245,0.0,0.0,1,0.0,0.0,26.0,44.16666666666665,0.988311763631957,0.0,0.0,0.0,0.0,0.0,0.0,0.8
narrowband,heuristic,naive,phi,radioml,5,300,0.991180375248166,0.9818683462861629,0.0,0.0,1,0.0,0.0,26.0,44.16666666666665,0.991180375248166,0.0,0.0,0.0,0.0,0.0,0.0,0.8
narrowband,heuristic,naive,phi,radioml,6,300,0.9911436277255662,0.9827620076167448,0.0,0.0,1,0.0,0.0,26.0,44.16666666666665,0.9911436277255662,0.0,0.0,0.0,0.0,0.0,0.0,0.8
narrowband,heuristic,naive,phi,radioml,7,300,0.9913606411666486,0.9833101692239264,0.0,0.0,1,0.0,0.0,26.0,44.16666666666665,0.9913606411666486,0.0,0.0,0.0,0.0,0.0,0.0,0.8
narrowband,heuristic,naive,phi,radioml,8,300,0.9883808680378763,0.9829731461065723,0.0,0.0,1,0.0,0.0,26.0,44.16666666666665,0.9883808680378763,0.0,0.0,0.0,0.0,0.0,0.0,0.8
narrowband,heuristic,naive,phi,radioml,9,300,0.9914700408515231,0.9842331258123649,0.0,0.0,1,0.0,0.0,26.0,44.16666666666665,0.9914700408515231,0.0,0.0,0.0,0.0,0.0,0.0,0.8
narrowband,greedy_twin,naive,phi,radioml,0,300,0.9868444671373727,0.9739896712306777,0.29,0.39666666666666667,1,0.0,0.0,27.653333333333332,53.96592536120756,0.5901778004707061,0.11,0.24333333333333335,0.1,0.0,0.0,0.08666666666666667,0.8
narrowband,greedy_twin,naive,phi,radioml,1,300,0.987958434613116,0.9736978707420814,0.28,0.38333333333333336,1,0.0,0.0,27.903333333333332,60.86387661702561,0.6046251012797825,0.1,0.24,0.07333333333333333,0.0,0.0,0.12333333333333334,0.8
narrowband,greedy_twin,naive,phi,radioml,2,300,0.9904552011372575,0.9739324013391789,0.30666666666666664,0.48,1,0.0,0.0,28.373333333333335,52.7991061401746,0.5104552011372575,0.09333333333333334,0.2866666666666667,0.07333333333333333,0.0,0.0,0.23333333333333334,0.8
narrowband,greedy_twin,naive,phi,radioml,3,300,0.9891640441312813,0.9736631877421663,0.2633333333333333,0.3566666666666667,1,0.0,0.0,27.913333333333334,57.12864762519179,0.6324973774646145,0.056666666666666664,0.22666666666666666,0.07,0.0,0.0,0.09666666666666666,0.8
narrowband,greedy_twin,naive,phi,radioml,4,300,0.9901778329582028,0.9739641820126925,0.31666666666666665,0.4066666666666667,1,0.0,0.0,27.956666666666667,60.98427868437699,0.5835111662915361,0.09,0.22,0.13,0.0,0.0,0.12,0.8
narrowband,greedy_twin,naive,phi,radioml,5,300,0.9903590287138917,0.9739910746845236,0.2833333333333333,0.37333333333333335,1,0.0,0.0,27.67,52.044978689064756,0.6170256953805584,0.10666666666666667,0.21,0.08,0.0,0.0,0.08,0.8
narrowband,greedy_twin,naive,phi,radioml,6,300,0.9887043911010198,0.9738549709972159,0.2633333333333333,0.4033333333333333,1,0.0,0.0,28.163333333333334,51.44175697053369,0.5853710577676863,0.08666666666666667,0.23333333333333334,0.06,0.0,0.0,0.21666666666666667,0.8
narrowband,greedy_twin,naive,phi,radioml,7,300,0.990293481360104,0.9738669167290825,0.32,0.46,1,0.0,0.0,28.316666666666666,53.682113678813266,0.5302934813601039,0.09,0.24666666666666667,0.09,0.0,0.0,0.20333333333333334,0.8
narrowband,greedy_twin,naive,phi,radioml,8,300,0.9886514587377242,0.9736303015725596,0.29,0.38,1,0.0,0.0,27.92,50.55235946497699,0.6086514587377242,0.09,0.22666666666666666,0.08666666666666667,0.0,0.0,0.13,0.8
narrowband,greedy_twin,naive,phi,radioml,9,300,0.9887121150444798,0.9739276593500917,0.34,0.5133333333333333,1,0.0,0.0,28.48,58.12243871795574,0.4753787817111464,0.1,0.2633333333333333,0.10666666666666667,0.0,0.0,0.3,0.8
narrowband,shield_filter,naive,phi,radioml,0,300,0.9797206420959932,0.9648016723567172,0.0,0.1,1,0.0033333333333333335,0.0,26.24,39.10105408784063,0.8797206420959931,0.0,0.1,0.0,0.0,0.0,0.0,0.8
narrowband,shield_filter,naive,phi,radioml,1,300,0.9835893054583422,0.9646052640642329,0.0,0.09,1,0.0,0.0,26.25,39.89595470330977,0.8935893054583421,0.0,0.09,0.0,0.0,0.0,0.0,0.8
narrowband,shield_filter,naive,phi,radioml,2,300,0.9861545958137754,0.968918598093139,0.0,0.08666666666666667,1,0.0,0.0,26.36,39.63337587962725,0.8994879291471087,0.0,0.08666666666666667,0.0,0.0,0.0,0.0,0.8
narrowband,shield_filter,naive,phi,radioml,3,300,0.9813166081351739,0.9677879204695432,0.0,0.06666666666666667,1,0.0,0.0,26.05,40.06581206334524,0.914649941468507,0.0,0.06666666666666667,0.0,0.0,0.0,0.0,0.8
narrowband,shield_filter,naive,phi,radioml,4,300,0.9846150217986478,0.9723824113406798,0.0,0.06,1,0.0033333333333333335,0.0,26.36,42.43665958256404,0.9246150217986477,0.0,0.06,0.0,0.0,0.0,0.0,0.8
narrowband,shield_filter,naive,phi,radioml,5,300,0.9847642894087054,0.962931375888821,0.0,0.07,1,0.0,0.0,26.34,39.49698413284228,0.9147642894087055,0.0,0.07,0.0,0.0,0.0,0.0,0.8
narrowband,shield_filter,naive,phi,radioml,6,300,0.9835377742983413,0.9715044275483309,0.0,0.05,1,0.0,0.0,26.25,41.26024899022305,0.9335377742983413,0.0,0.05,0.0,0.0,0.0,0.0,0.8
narrowband,shield_filter,naive,phi,radioml,7,300,0.9844538427408105,0.9700377052181102,0.0,0.08333333333333333,1,0.0033333333333333335,0.0,26.52,42.968555551352644,0.901120509407477,0.0,0.08333333333333333,0.0,0.0,0.0,0.0,0.8
narrowband,shield_filter,naive,phi,radioml,8,300,0.9826810884070301,0.9674338059494728,0.0,0.07666666666666666,1,0.0,0.0,26.27,41.61924496895317,0.9060144217403634,0.0,0.07666666666666666,0.0,0.0,0.0,0.0,0.8
narrowband,shield_filter,naive,phi,radioml,9,300,0.9841405564028662,0.9731715659624013,0.0,0.04,1,0.0,0.0,26.36,45.04495004305704,0.9441405564028662,0.0,0.04,0.0,0.0,0.0,0.0,0.8
narrowband,shield_repair,naive,phi,radioml,0,300,0.9862627150611335,0.9737131332064903,0.0,0.11666666666666667,1,0.0,0.3413333333333333,26.68,43.415336876873134,0.8695960483944668,0.0,0.11666666666666667,0.0,0.0,0.0,0.0,0.8
narrowband,shield_repair,naive,phi,radioml,1,300,0.9874998701236569,0.9735597455249794,0.0,0.08666666666666667,1,0.0,0.362,26.65,46.32421399268059,0.9008332034569903,0.0,0.08666666666666667,0.0,0.0,0.0,0.0,0.8
narrowband,shield_repair,naive,phi,radioml,2,300,0.9903456499677634,0.9739379466348863,0.0,0.08666666666666667,1,0.0,0.35533333333333333,26.84,43.980872434411175,0.9036789833010967,0.0,0.08666666666666667,0.0,0.0,0.0,0.0,0.8
narrowband,shield_repair,naive,phi,radioml,3,300,0.9895200721131436,0.9724634273209259,0.0,0.08,1,0.0,0.356,26.61,46.80445791175017,0.9095200721131437,0.0,0.08,0.0,0.0,0.0,0.0,0.8
narrowband,shield_repair,naive,phi,radioml,4,300,0.990133915520254,0.9738476062230671,0.0,0.07666666666666666,1,0.0,0.36133333333333334,26.89,49.40572537867689,0.9134672488535873,0.0,0.07666666666666666,0.0,0.0,0.0,0.0,0.8
narrowband,shield_repair,naive,phi,radioml,5,300,0.9900602299458016,0.9738014281163837,0.0,0.07666666666666666,1,0.0,0.368,26.74,43.950966982494535,0.9133935632791349,0.0,0.07666666666666666,0.0,0.0,0.0,0.0,0.8
narrowband,shield_repair,naive,phi,radioml,6,300,0.9894678817747307,0.9729462246286507,0.0,0.056666666666666664,1,0.0,0.33866666666666667,26.91,45.90753732567707,0.9328012151080639,0.0,0.056666666666666664,0.0,0.0,0.0,0.0,0.8
narrowband,shield_repair,naive,phi,radioml,7,300,0.9904009253290815,0.973874608515796,0.0,0.07333333333333333,1,0.0,0.3606666666666667,27.0,47.80780362421864,0.9170675919957482,0.0,0.07333333333333333,0.0,0.0,0.0,0.0,0.8
narrowband,shield_repair,naive,phi,radioml,8,300,0.9884959047376911,0.9729544230591276,0.0,0.08,1,0.0,0.3586666666666667,26.65,41.843640732446765,0.908495904737691,0.0,0.08,0.0,0.0,0.0,0.0,0.8
narrowband,shield_repair,naive,phi,radioml,9,300,0.9900273483932945,0.9736258681096929,0.0,0.06333333333333334,1,0.0,0.35733333333333334,26.87,46.76714069522381,0.9266940150599612,0.0,0.06333333333333334,0.0,0.0,0.0,0.0,0.8
wideband,heuristic,naive,phi,radioml,0,300,0.7285559560987103,0.018219060042296148,0.0,0.0,2,0.0,0.0,26.0,44.16666666666665,0.7285559560987103,0.0,0.0,0.0,0.0,0.0,0.0,0.8
wideband,heuristic,naive,phi,radioml,1,300,0.7550729002457952,0.03414842325084496,0.0,0.0,10,0.0,0.0,26.0,44.16666666666665,0.7550729002457952,0.0,0.0,0.0,0.0,0.0,0.0,0.8
wideband,heuristic,naive,phi,radioml,2,300,0.7408532825124204,0.02487136858743542,0.0,0.0,6,0.0,0.0,26.0,44.16666666666665,0.7408532825124204,0.0,0.0,0.0,0.0,0.0,0.0,0.8
wideband,heuristic,naive,phi,radioml,3,300,0.7394567468273798,0.021595597008112317,0.0,0.0,8,0.0,0.0,26.0,44.16666666666665,0.7394567468273798,0.0,0.0,0.0,0.0,0.0,0.0,0.8
wideband,heuristic,naive,phi,radioml,4,300,0.716675301463718,0.024398964698421288,0.0,0.0,6,0.0,0.0,26.0,44.16666666666665,0.716675301463718,0.0,0.0,0.0,0.0,0.0,0.0,0.8
wideband,heuristic,naive,phi,radioml,5,300,0.7255548529222879,0.02007049111525383,0.0,0.0,8,0.0,0.0,26.0,44.16666666666665,0.7255548529222879,0.0,0.0,0.0,0.0,0.0,0.0,0.8
wideband,heuristic,naive,phi,radioml,6,300,0.7446329311163195,0.04713804364643715,0.0,0.0,6,0.0,0.0,26.0,44.16666666666665,0.7446329311163195,0.0,0.0,0.0,0.0,0.0,0.0,0.8
wideband,heuristic,naive,phi,radioml,7,300,0.7444874320205914,0.03790744468049807,0.0,0.0,7,0.0,0.0,26.0,44.16666666666665,0.7444874320205914,0.0,0.0,0.0,0.0,0.0,0.0,0.8
wideband,heuristic,naive,phi,radioml,8,300,0.7255414672114623,0.021419828420610975,0.0,0.0,1,0.0,0.0,26.0,44.16666666666665,0.7255414672114623,0.0,0.0,0.0,0.0,0.0,0.0,0.8
wideband,heuristic,naive,phi,radioml,9,300,0.7218814622262062,0.020517819158948444,0.0,0.0,26,0.0,0.0,26.0,44.16666666666665,0.7218814622262062,0.0,0.0,0.0,0.0,0.0,0.0,0.8
wideband,greedy_twin,naive,phi,radioml,0,300,0.8618930881124395,0.42726599298574125,0.44666666666666666,0.8666666666666667,2,0.0,0.0,29.983333333333334,51.9291328011977,-0.004773578554227337,0.15,0.5066666666666667,0.11666666666666667,0.0,0.0,0.75,0.8
wideband,greedy_twin,naive,phi,radioml,1,300,0.8563975431795549,0.19578939269816586,0.44,0.8233333333333334,1,0.0,0.0,30.02,60.8693781981903,0.03306420984622145,0.12,0.4866666666666667,0.11,0.0,0.0,0.7066666666666667,0.8
wideband,greedy_twin,naive,phi,radioml,2,300,0.8534857091356052,0.12359910287966874,0.45,0.8766666666666667,1,0.0,0.0,30.47,52.28246996063301,-0.023180957531061513,0.11,0.49,0.09,0.0,0.0,0.7933333333333333,0.8
wideband,greedy_twin,naive,phi,radioml,3,300,0.8766996306658755,0.4550311595434764,0.4766666666666667,0.8433333333333334,2,0.0,0.0,30.633333333333333,57.135722083724474,0.03336629733254212,0.1,0.5033333333333333,0.12333333333333334,0.0,0.0,0.7566666666666667,0.8
wideband,greedy_twin,naive,phi,radioml,4,300,0.8466987662106286,0.1916355500939476,0.4766666666666667,0.83,1,0.0,0.0,30.05666666666667,61.358111629042476,0.01669876621062854,0.12333333333333334,0.44666666666666666,0.14,0.0,0.0,0.7266666666666667,0.8
wideband,greedy_twin,naive,phi,radioml,5,300,0.8582957772840049,0.1594058428436107,0.4766666666666667,0.8466666666666667,1,0.0,0.0,30.136666666666667,52.05572047617467,0.011629110617338198,0.12,0.4666666666666667,0.11333333333333333,0.0,0.0,0.7266666666666667,0.8
wideband,greedy_twin,naive,phi,radioml,6,300,0.8548361905603387,0.29862403548347,0.43666666666666665,0.8733333333333333,3,0.0,0.0,30.346666666666668,51.44712558882187,-0.01849714277299452,0.12333333333333334,0.4533333333333333,0.09666666666666666,0.0,0.0,0.8133333333333334,0.8
wideband,greedy_twin,naive,phi,radioml,7,300,0.87414516965833,0.39372838998846477,0.48,0.9,3,0.0,0.0,30.47,53.70794453949089,-0.025854830341670052,0.13333333333333333,0.47,0.09,0.0,0.0,0.8366666666666667,0.8
wideband,greedy_twin,naive,phi,radioml,8,300,0.8723410053171556,0.40778828545420903,0.43333333333333335,0.8533333333333334,1,0.0,0.0,30.343333333333334,51.53867757828973,0.01900767198382237,0.08333333333333333,0.48333333333333334,0.11,0.0,0.0,0.79,0.8
wideband,greedy_twin,naive,phi,radioml,9,300,0.8569085045274729,0.19256140321833826,0.4766666666666667,0.9133333333333333,1,0.0,0.0,30.64666666666667,58.138992057053265,-0.056424828805860375,0.11333333333333333,0.48,0.12666666666666668,0.0,0.0,0.85,0.8
wideband,shield_filter,naive,phi,radioml,0,300,0.7694048807862822,0.03597726226668207,0.0,0.23,1,0.0033333333333333335,0.0,27.12,39.101577364722615,0.5394048807862823,0.0,0.23,0.0,0.0,0.0,0.0,0.8
wideband,shield_filter,naive,phi,radioml,1,300,0.7721582407336413,0.02109998546782636,0.0,0.18666666666666668,2,0.0,0.0,27.0,39.89643964400791,0.5854915740669745,0.0,0.18666666666666668,0.0,0.0,0.0,0.0,0.8
wideband,shield_filter,naive,phi,radioml,2,300,0.7697647847854349,0.01148994431008278,0.0,0.15,1,0.0,0.0,27.0,39.12735709746853,0.6197647847854348,0.0,0.15,0.0,0.0,0.0,0.0,0.8
wideband,shield_filter,naive,phi,radioml,3,300,0.7815347667016974,0.008722190396515669,0.0,0.17333333333333334,2,0.0033333333333333335,0.0,27.14,40.06630250010039,0.6082014333683641,0.0,0.17333333333333334,0.0,0.0,0.0,0.0,0.8
wideband,shield_filter,naive,phi,radioml,4,300,0.7724831667538142,0.015493883037261779,0.0,0.15666666666666668,1,0.0033333333333333335,0.0,27.12,42.43831930830852,0.6158165000871475,0.0,0.15666666666666668,0.0,0.0,0.0,0.0,0.8
wideband,shield_filter,naive,phi,radioml,5,300,0.7661450143493946,0.013568841776297134,0.0,0.14666666666666667,1,0.0,0.0,26.94,39.49943878560554,0.6194783476827278,0.0,0.14666666666666667,0.0,0.0,0.0,0.0,0.8
wideband,shield_filter,naive,phi,radioml,6,300,0.7666107979321528,0.01576093864972496,0.0,0.11666666666666667,3,0.0,0.0,27.08,41.26209808095632,0.6499441312654862,0.0,0.11666666666666667,0.0,0.0,0.0,0.0,0.8
wideband,shield_filter,naive,phi,radioml,7,300,0.7758839375547167,0.017252597326333687,0.0,0.14,6,0.0033333333333333335,0.0,27.08,42.97003838920135,0.6358839375547167,0.0,0.14,0.0,0.0,0.0,0.0,0.8
wideband,shield_filter,naive,phi,radioml,8,300,0.7533792029720577,0.010773576289393598,0.0,0.16333333333333333,1,0.006666666666666667,0.0,26.97,41.62124219798592,0.5900458696387243,0.0,0.16333333333333333,0.0,0.0,0.0,0.0,0.8
wideband,shield_filter,naive,phi,radioml,9,300,0.7304223851167359,0.011306271931542954,0.0,0.11333333333333333,1,0.0033333333333333335,0.0,26.91,45.06507817033084,0.6170890517834026,0.0,0.11333333333333333,0.0,0.0,0.0,0.0,0.8
wideband,shield_repair,naive,phi,radioml,0,300,0.8155137264192424,0.2556622728512979,0.0,0.25333333333333335,2,0.0,0.35933333333333334,27.73,43.416419508141075,0.5621803930859091,0.0,0.25333333333333335,0.0,0.0,0.0,0.0,0.8
wideband,shield_repair,naive,phi,radioml,1,300,0.7980665324939373,0.06508022242681226,0.0,0.21333333333333335,2,0.0,0.38066666666666665,27.71,47.887148807447225,0.5847331991606041,0.0,0.21,0.0,0.0,0.0033333333333333335,0.0,0.8
wideband,shield_repair,naive,phi,radioml,2,300,0.799241597074433,0.02411159446883781,0.0,0.17,1,0.0,0.37466666666666665,27.69,43.48140750756046,0.6292415970744331,0.0,0.17,0.0,0.0,0.0,0.0,0.8
wideband,shield_repair,naive,phi,radioml,3,300,0.8235700655399613,0.08237016141737953,0.0,0.19,2,0.0,0.37933333333333336,27.75,48.12638954392496,0.6335700655399612,0.0,0.19,0.0,0.0,0.0,0.0,0.8
wideband,shield_repair,naive,phi,radioml,4,300,0.8089837066203471,0.08163789543804863,0.0,0.17666666666666667,1,0.0,0.38066666666666665,27.89,49.415541431925554,0.6323170399536805,0.0,0.17666666666666667,0.0,0.0,0.0,0.0,0.8
wideband,shield_repair,naive,phi,radioml,5,300,0.80624259030103,0.04623473679090087,0.0,0.18666666666666668,1,0.0,0.39,27.7,43.953730464661135,0.6195759236343631,0.0,0.18666666666666668,0.0,0.0,0.0,0.0,0.8
wideband,shield_repair,naive,phi,radioml,6,300,0.7960596980316265,0.06401599329160462,0.0,0.13666666666666666,3,0.0,0.36533333333333334,27.92,45.913464635783484,0.6593930313649597,0.0,0.13666666666666666,0.0,0.0,0.0033333333333333335,0.0,0.8
wideband,shield_repair,naive,phi,radioml,7,300,0.8232935767783702,0.07798871634030372,0.0,0.16333333333333333,3,0.0,0.37933333333333336,27.87,47.81166276380464,0.6599602434450368,0.0,0.16333333333333333,0.0,0.0,0.0,0.0,0.8
wideband,shield_repair,naive,phi,radioml,8,300,0.8003636366319656,0.06404034992540572,0.0,0.2,1,0.0,0.37666666666666665,27.81,42.089569447095094,0.6003636366319658,0.0,0.2,0.0,0.0,0.0,0.0,0.8
wideband,shield_repair,naive,phi,radioml,9,300,0.7746315723972557,0.05660251937592117,0.0,0.12333333333333334,1,0.0,0.37733333333333335,27.78,46.78742212157907,0.6512982390639224,0.0,0.12333333333333334,0.0,0.0,0.0,0.0,0.8
bursty,heuristic,naive,phi,radioml,0,300,0.9800991985348797,0.9683869192328547,0.0,0.0,1,0.0,0.0,26.0,44.16666666666665,0.9800991985348797,0.0,0.0,0.0,0.0,0.0,0.0,0.8
bursty,heuristic,naive,phi,radioml,1,300,0.9845914890360803,0.9697676039967161,0.0,0.0,1,0.0,0.0,26.0,44.16666666666665,0.9845914890360803,0.0,0.0,0.0,0.0,0.0,0.0,0.8
bursty,heuristic,naive,phi,radioml,2,300,0.9837875483056787,0.9684403802209003,0.0,0.0,1,0.0,0.0,26.0,44.16666666666665,0.9837875483056787,0.0,0.0,0.0,0.0,0.0,0.0,0.8
bursty,heuristic,naive,phi,radioml,3,300,0.9820779742195206,0.9686869402128238,0.0,0.0,1,0.0,0.0,26.0,44.16666666666665,0.9820779742195206,0.0,0.0,0.0,0.0,0.0,0.0,0.8
bursty,heuristic,naive,phi,radioml,4,300,0.9832387597301018,0.9697237283012,0.0,0.0,1,0.0,0.0,26.0,44.16666666666665,0.9832387597301018,0.0,0.0,0.0,0.0,0.0,0.0,0.8
bursty,heuristic,naive,phi,radioml,5,300,0.984498684185313,0.9703916306781744,0.0,0.0,1,0.0,0.0,26.0,44.16666666666665,0.984498684185313,0.0,0.0,0.0,0.0,0.0,0.0,0.8
bursty,heuristic,naive,phi,radioml,6,300,0.9795871675787601,0.9664264499764915,0.0,0.0,1,0.0,0.0,26.0,44.16666666666665,0.9795871675787601,0.0,0.0,0.0,0.0,0.0,0.0,0.8
bursty,heuristic,naive,phi,radioml,7,300,0.9830135738747386,0.9678841560555508,0.0,0.0,1,0.0,0.0,26.0,44.16666666666665,0.9830135738747386,0.0,0.0,0.0,0.0,0.0,0.0,0.8
bursty,heuristic,naive,phi,radioml,8,300,0.981247115364229,0.9685880054832382,0.0,0.0,1,0.0,0.0,26.0,44.16666666666665,0.981247115364229,0.0,0.0,0.0,0.0,0.0,0.0,0.8
bursty,heuristic,naive,phi,radioml,9,300,0.9815446106577241,0.9676150695216018,0.0,0.0,1,0.0,0.0,26.0,44.16666666666665,0.9815446106577241,0.0,0.0,0.0,0.0,0.0,0.0,0.8
bursty,greedy_twin,naive,phi,radioml,0,300,0.9792796977731429,0.9547628375573722,0.43333333333333335,0.5766666666666667,1,0.0,0.0,28.48,48.67935623427869,0.4026130311064763,0.11666666666666667,0.3333333333333333,0.13666666666666666,0.0,0.0,0.32666666666666666,0.8
bursty,greedy_twin,naive,phi,radioml,1,300,0.9761131402875399,0.9591183119897518,0.47,0.5766666666666667,1,0.0,0.0,28.516666666666666,65.87023836578561,0.3994464736208732,0.15333333333333332,0.3466666666666667,0.13333333333333333,0.0,0.0,0.29333333333333333,0.8
bursty,greedy_twin,naive,phi,radioml,2,300,0.9767843696490172,0.9525519628503938,0.49666666666666665,0.73,1,0.0,0.0,29.286666666666665,49.78998651814468,0.24678436964901732,0.15333333333333332,0.42,0.12,0.0,0.0,0.5133333333333333,0.8
bursty,greedy_twin,naive,phi,radioml,3,300,0.9752724905639817,0.9502151392262431,0.42333333333333334,0.57,1,0.0,0.0,28.43,57.99744498150035,0.4052724905639817,0.13333333333333333,0.3433333333333333,0.11,0.0,0.0,0.31,0.8
bursty,greedy_twin,naive,phi,radioml,4,300,0.9767740670112225,0.9598567002624101,0.47333333333333333,0.65,1,0.0,0.0,28.786666666666665,57.98872433389725,0.3267740670112224,0.14666666666666667,0.3566666666666667,0.12666666666666668,0.0,0.0,0.43333333333333335,0.8
bursty,greedy_twin,naive,phi,radioml,5,300,0.97882533266631,0.9637773590901474,0.5066666666666667,0.73,1,0.0,0.0,29.18,48.394346708034575,0.24882533266630996,0.11,0.3933333333333333,0.12333333333333334,0.0,0.0,0.5433333333333333,0.8
bursty,greedy_twin,naive,phi,radioml,6,300,0.9793515441399302,0.961547681530472,0.5033333333333333,0.71,1,0.0,0.0,29.19,49.7204969123549,0.26935154413993034,0.13,0.4033333333333333,0.11666666666666667,0.0,0.0,0.53,0.8
bursty,greedy_twin,naive,phi,radioml,7,300,0.9774279071075347,0.9617960699225181,0.49333333333333335,0.65,1,0.0,0.0,28.716666666666665,54.94768107009629,0.32742790710753467,0.12,0.37333333333333335,0.16,0.0,0.0,0.4033333333333333,0.8
bursty,greedy_twin,naive,phi,radioml,8,300,0.9818782179292697,0.9615581841766241,0.44666666666666666,0.6,1,0.0,0.0,28.583333333333332,54.49203561330493,0.38187821792926957,0.10333333333333333,0.36333333333333334,0.10666666666666667,0.0,0.0,0.36666666666666664,0.8
bursty,greedy_twin,naive,phi,radioml,9,300,0.9791833980395237,0.9583868270801567,0.43333333333333335,0.6166666666666667,1,0.0,0.0,28.67,46.068030982924256,0.36251673137285695,0.11333333333333333,0.37666666666666665,0.12,0.0,0.0,0.41333333333333333,0.8
bursty,shield_filter,naive,phi,radioml,0,300,0.9628247645559522,0.8938535129302377,0.0,0.016666666666666666,1,0.0,0.0,25.12,41.16802386146058,0.9461580978892855,0.0,0.016666666666666666,0.0,0.0,0.0,0.0,0.8
bursty,shield_filter,naive,phi,radioml,1,300,0.9616057423727596,0.918862807747557,0.0,0.02,1,0.0,0.0,24.98,37.97088104025502,0.9416057423727596,0.0,0.02,0.0,0.0,0.0,0.0,0.8
bursty,shield_filter,naive,phi,radioml,2,300,0.9655913149187404,0.9361437938418219,0.0,0.023333333333333334,1,0.0033333333333333335,0.0,24.86,39.083348015249584,0.9422579815854071,0.0,0.023333333333333334,0.0,0.0,0.0,0.0,0.8
bursty,shield_filter,naive,phi,radioml,3,300,0.9625157416849652,0.8369596064937679,0.0,0.016666666666666666,1,0.0,0.0,24.77,42.582308025433264,0.9458490750182985,0.0,0.016666666666666666,0.0,0.0,0.0,0.0,0.8
bursty,shield_filter,naive,phi,radioml,4,300,0.9638518092899524,0.929993732097335,0.0,0.02,1,0.0,0.0,24.94,42.299706753447595,0.9438518092899525,0.0,0.02,0.0,0.0,0.0,0.0,0.8
bursty,shield_filter,naive,phi,radioml,5,300,0.9640859165818951,0.8837592845736508,0.0,0.01,1,0.0,0.0,24.91,39.08437268743106,0.9540859165818951,0.0,0.01,0.0,0.0,0.0,0.0,0.8
bursty,shield_filter,naive,phi,radioml,6,300,0.9669276517098621,0.9446712913979942,0.0,0.016666666666666666,1,0.0033333333333333335,0.0,24.88,42.60200373221114,0.9502609850431954,0.0,0.016666666666666666,0.0,0.0,0.0,0.0,0.8
bursty,shield_filter,naive,phi,radioml,7,300,0.966551447425021,0.9442591195172498,0.0,0.016666666666666666,1,0.0,0.0,24.92,37.825902498056216,0.9498847807583544,0.0,0.016666666666666666,0.0,0.0,0.0,0.0,0.8
bursty,shield_filter,naive,phi,radioml,8,300,0.9690546354368471,0.9417533276004156,0.0,0.006666666666666667,1,0.0033333333333333335,0.0,24.74,36.935394930490894,0.9623879687701805,0.0,0.006666666666666667,0.0,0.0,0.0,0.0,0.8
bursty,shield_filter,naive,phi,radioml,9,300,0.9632147456552821,0.9045558163044787,0.0,0.016666666666666666,1,0.0,0.0,24.97,38.2459738357246,0.9465480789886154,0.0,0.016666666666666666,0.0,0.0,0.0,0.0,0.8
bursty,shield_repair,naive,phi,radioml,0,300,0.9780971840911172,0.9504659964019274,0.0,0.056666666666666664,1,0.0,0.35933333333333334,26.27,46.47518941257819,0.9214305174244506,0.0,0.056666666666666664,0.0,0.0,0.0,0.0,0.8
bursty,shield_repair,naive,phi,radioml,1,300,0.975485476452787,0.9540459598212659,0.0,0.06333333333333334,1,0.0,0.3566666666666667,26.22,46.59252261823326,0.9121521431194537,0.0,0.06333333333333334,0.0,0.0,0.0,0.0,0.8
bursty,shield_repair,naive,phi,radioml,2,300,0.974656941904941,0.9548613244057695,0.0,0.10666666666666667,1,0.0,0.362,26.29,42.69512413065605,0.8679902752382744,0.0,0.10666666666666667,0.0,0.0,0.0,0.0,0.8
bursty,shield_repair,naive,phi,radioml,3,300,0.9714550103682769,0.9469182776752004,0.0,0.056666666666666664,1,0.0,0.3413333333333333,26.01,49.53312090634241,0.9147883437016101,0.0,0.056666666666666664,0.0,0.0,0.0,0.0,0.8
bursty,shield_repair,naive,phi,radioml,4,300,0.9754890976013773,0.9482463987540005,0.0,0.05,1,0.0,0.3566666666666667,26.34,48.99361648074825,0.9254890976013773,0.0,0.05,0.0,0.0,0.0,0.0,0.8
bursty,shield_repair,naive,phi,radioml,5,300,0.9779970057398544,0.95515100484475,0.0,0.08,1,0.0,0.38266666666666665,26.57,45.83674667075779,0.8979970057398543,0.0,0.08,0.0,0.0,0.0,0.0,0.8
bursty,shield_repair,naive,phi,radioml,6,300,0.9789618987908087,0.9587155488785908,0.0,0.07333333333333333,1,0.0,0.36333333333333334,26.51,44.852226153922025,0.9056285654574754,0.0,0.07333333333333333,0.0,0.0,0.0,0.0,0.8
bursty,shield_repair,naive,phi,radioml,7,300,0.976862240820714,0.9577609872704119,0.0,0.05333333333333334,1,0.0,0.352,26.13,45.310481452220635,0.9235289074873807,0.0,0.05333333333333334,0.0,0.0,0.0,0.0,0.8
bursty,shield_repair,naive,phi,radioml,8,300,0.9805155709346294,0.9527204094950746,0.0,0.09333333333333334,1,0.0,0.33666666666666667,26.3,44.578053252243556,0.887182237601296,0.0,0.09333333333333334,0.0,0.0,0.0,0.0,0.8
bursty,shield_repair,naive,phi,radioml,9,300,0.9784438788526608,0.9545096856255649,0.0,0.08666666666666667,1,0.0,0.3406666666666667,26.12,42.2887544100977,0.8917772121859943,0.0,0.08666666666666667,0.0,0.0,0.0,0.0,0.8
backhaul,heuristic,naive,phi,radioml,0,300,0.9538456693230326,0.9042585146641448,0.0,0.0,1,0.0,0.0,26.0,44.16666666666665,0.9538456693230326,0.0,0.0,0.0,0.0,0.0,0.0,0.8
backhaul,heuristic,naive,phi,radioml,1,300,0.9510319365225822,0.9030798775787902,0.0,0.0,1,0.0,0.0,26.0,44.16666666666665,0.9510319365225822,0.0,0.0,0.0,0.0,0.0,0.0,0.8
backhaul,heuristic,naive,phi,radioml,2,300,0.9535054681171996,0.9014900355637266,0.0,0.0,1,0.0,0.0,26.0,44.16666666666665,0.9535054681171996,0.0,0.0,0.0,0.0,0.0,0.0,0.8
backhaul,heuristic,naive,phi,radioml,3,300,0.9543861378973398,0.9045171843641384,0.0,0.0,1,0.0,0.0,26.0,44.16666666666665,0.9543861378973398,0.0,0.0,0.0,0.0,0.0,0.0,0.8
backhaul,heuristic,naive,phi,radioml,4,300,0.954018251810255,0.9044622868343632,0.0,0.0,1,0.0,0.0,26.0,44.16666666666665,0.954018251810255,0.0,0.0,0.0,0.0,0.0,0.0,0.8
backhaul,heuristic,naive,phi,radioml,5,300,0.9532056577287202,0.9045404868132233,0.0,0.0,1,0.0,0.0,26.0,44.16666666666665,0.9532056577287202,0.0,0.0,0.0,0.0,0.0,0.0,0.8
backhaul,heuristic,naive,phi,radioml,6,300,0.9533241823554571,0.9026946966059957,0.0,0.0,1,0.0,0.0,26.0,44.16666666666665,0.9533241823554571,0.0,0.0,0.0,0.0,0.0,0.0,0.8
backhaul,heuristic,naive,phi,radioml,7,300,0.9519306311211839,0.9029355764664247,0.0,0.0,2,0.0,0.0,26.0,44.16666666666665,0.9519306311211839,0.0,0.0,0.0,0.0,0.0,0.0,0.8
backhaul,heuristic,naive,phi,radioml,8,300,0.9570979711124655,0.9030639270586575,0.0,0.0,1,0.0,0.0,26.0,44.16666666666665,0.9570979711124655,0.0,0.0,0.0,0.0,0.0,0.0,0.8
backhaul,heuristic,naive,phi,radioml,9,300,0.95697438715328,0.9033194478400352,0.0,0.0,1,0.0,0.0,26.0,44.16666666666665,0.95697438715328,0.0,0.0,0.0,0.0,0.0,0.0,0.8
backhaul,greedy_twin,naive,phi,radioml,0,300,0.9530677109614171,0.9111533813480615,0.38666666666666666,0.61,1,0.0,0.0,28.676666666666666,56.29115426644912,0.34306771096141714,0.10666666666666667,0.38333333333333336,0.13,0.0,0.0,0.31333333333333335,0.8
backhaul,greedy_twin,naive,phi,radioml,1,300,0.9529785358971726,0.9114252662151958,0.34,0.4766666666666667,1,0.0,0.0,27.98,49.07451337121306,0.47631186923050584,0.11666666666666667,0.24333333333333335,0.09333333333333334,0.0,0.0,0.23,0.8
backhaul,greedy_twin,naive,phi,radioml,2,300,0.9525824982279762,0.9116765875955058,0.39,0.5533333333333333,1,0.0,0.0,28.51,58.68734463386444,0.3992491648946428,0.13666666666666666,0.32,0.11666666666666667,0.0,0.0,0.27,0.8
backhaul,greedy_twin,naive,phi,radioml,3,300,0.9531572357420562,0.9115543191429102,0.37333333333333335,0.5233333333333333,1,0.0,0.0,28.36,49.07539807703729,0.4298239024087229,0.11,0.33,0.11666666666666667,0.0,0.0,0.24,0.8
backhaul,greedy_twin,naive,phi,radioml,4,300,0.9527145859466627,0.9114413475429666,0.39666666666666667,0.5966666666666667,1,0.0,0.0,28.676666666666666,58.66064077871897,0.356047919279996,0.11333333333333333,0.33,0.14,0.0,0.0,0.35333333333333333,0.8
backhaul,greedy_twin,naive,phi,radioml,5,300,0.9512956029621684,0.9114263944725742,0.36,0.52,1,0.0,0.0,28.37,56.77597777609989,0.43129560296216835,0.11666666666666667,0.27666666666666667,0.12666666666666668,0.0,0.0,0.2633333333333333,0.8
backhaul,greedy_twin,naive,phi,radioml,6,300,0.9532533367529148,0.9117044454104831,0.36333333333333334,0.5633333333333334,1,0.0,0.0,28.5,47.07952963916426,0.38992000341958155,0.11,0.30666666666666664,0.11666666666666667,0.0,0.0,0.33,0.8
backhaul,greedy_twin,naive,phi,radioml,7,300,0.9540302681625059,0.9120962052890773,0.4033333333333333,0.5733333333333334,1,0.0,0.0,28.593333333333334,56.885595351618576,0.38069693482917255,0.11666666666666667,0.31,0.12,0.0,0.0,0.29,0.8
backhaul,greedy_twin,naive,phi,radioml,8,300,0.9514266872050231,0.9115066546831776,0.41,0.5766666666666667,1,0.0,0.0,28.666666666666668,51.743518132874776,0.37476002053835616,0.13666666666666666,0.33,0.15333333333333332,0.0,0.0,0.31,0.8
backhaul,greedy_twin,naive,phi,radioml,9,300,0.9549439066564979,0.9117425704376267,0.38,0.58,1,0.0,0.0,28.59,52.4888674028775,0.37494390665649774,0.1,0.35333333333333333,0.11333333333333333,0.0,0.0,0.3333333333333333,0.8
backhaul,shield_filter,naive,phi,radioml,0,300,0.9383250921921634,0.8929356250908443,0.0,0.13666666666666666,1,0.006666666666666667,0.0,25.75,36.59745174987192,0.8016584255254966,0.0,0.13666666666666666,0.0,0.0,0.0,0.0,0.8
backhaul,shield_filter,naive,phi,radioml,1,300,0.9394947403366469,0.9108344675343476,0.0,0.043333333333333335,1,0.016666666666666666,0.0,25.61,38.40364484244417,0.8961614070033136,0.0,0.043333333333333335,0.0,0.0,0.0,0.0,0.8
backhaul,shield_filter,naive,phi,radioml,2,300,0.9421846929358844,0.9109081915623851,0.0,0.08333333333333333,1,0.006666666666666667,0.0,25.77,40.33439451191923,0.8588513596025511,0.0,0.08333333333333333,0.0,0.0,0.0,0.0,0.8
backhaul,shield_filter,naive,phi,radioml,3,300,0.9425027416996677,0.9099217621598595,0.0,0.07666666666666666,1,0.006666666666666667,0.0,25.64,38.294974367403945,0.8658360750330011,0.0,0.07666666666666666,0.0,0.0,0.0,0.0,0.8
backhaul,shield_filter,naive,phi,radioml,4,300,0.9430395736656165,0.9096743565553226,0.0,0.07666666666666666,1,0.0,0.0,25.93,43.93938025396798,0.8663729069989499,0.0,0.07666666666666666,0.0,0.0,0.0,0.0,0.8
backhaul,shield_filter,naive,phi,radioml,5,300,0.9400595548718892,0.8941653948115934,0.0,0.04666666666666667,1,0.006666666666666667,0.0,25.81,40.88678918567917,0.8933928882052226,0.0,0.04666666666666667,0.0,0.0,0.0,0.0,0.8
backhaul,shield_filter,naive,phi,radioml,6,300,0.9397996090590387,0.9036263817322802,0.0,0.056666666666666664,1,0.01,0.0,25.66,41.57353944576284,0.8831329423923721,0.0,0.056666666666666664,0.0,0.0,0.0,0.0,0.8
backhaul,shield_filter,naive,phi,radioml,7,300,0.9367551980120273,0.7750105492887096,0.0,0.05,1,0.01,0.0,25.69,40.39285377705414,0.8867551980120273,0.0,0.05,0.0,0.0,0.0,0.0,0.8
backhaul,shield_filter,naive,phi,radioml,8,300,0.9389601839793766,0.7858843036254359,0.0,0.043333333333333335,1,0.0033333333333333335,0.0,25.72,39.0578215324567,0.8956268506460433,0.0,0.043333333333333335,0.0,0.0,0.0,0.0,0.8
backhaul,shield_filter,naive,phi,radioml,9,300,0.9389349398263327,0.9086134179572876,0.0,0.08,1,0.016666666666666666,0.0,25.62,39.96248850913319,0.8589349398263327,0.0,0.08,0.0,0.0,0.0,0.0,0.8
backhaul,shield_repair,naive,phi,radioml,0,300,0.953290068743788,0.91042207530097,0.0,0.18,1,0.0,0.3913333333333333,26.8,42.970444611565405,0.773290068743788,0.0,0.18,0.0,0.0,0.0,0.0,0.8
backhaul,shield_repair,naive,phi,radioml,1,300,0.9525640108915202,0.910025377531972,0.0,0.06333333333333334,1,0.0,0.414,26.62,44.49922471980354,0.8892306775581867,0.0,0.06333333333333334,0.0,0.0,0.0,0.0,0.8
backhaul,shield_repair,naive,phi,radioml,2,300,0.9531091975213,0.911825159915876,0.0,0.11333333333333333,1,0.0,0.4166666666666667,26.84,49.707852874551925,0.8397758641879668,0.0,0.11333333333333333,0.0,0.0,0.0,0.0,0.8
backhaul,shield_repair,naive,phi,radioml,3,300,0.9528718478514959,0.9114491129778627,0.0,0.13666666666666666,1,0.0,0.4,26.79,40.16894126633778,0.8162051811848293,0.0,0.13666666666666666,0.0,0.0,0.0,0.0,0.8
backhaul,shield_repair,naive,phi,radioml,4,300,0.9529127593522637,0.9068787100661592,0.0,0.12333333333333334,1,0.0,0.424,26.91,47.26209635635579,0.8295794260189303,0.0,0.12333333333333334,0.0,0.0,0.0,0.0,0.8
backhaul,shield_repair,naive,phi,radioml,5,300,0.9533101566128906,0.9116210239624802,0.0,0.09333333333333334,1,0.0,0.39066666666666666,26.76,41.94744968502538,0.8599768232795574,0.0,0.09333333333333334,0.0,0.0,0.0,0.0,0.8
backhaul,shield_repair,naive,phi,radioml,6,300,0.9539864791265152,0.9118489603419502,0.0,0.09333333333333334,1,0.0,0.3993333333333333,26.92,46.69010604575966,0.8606531457931819,0.0,0.09333333333333334,0.0,0.0,0.0,0.0,0.8
backhaul,shield_repair,naive,phi,radioml,7,300,0.95347008456906,0.9108995742791338,0.0,0.07666666666666666,1,0.0,0.412,26.84,45.560992917541355,0.8768034179023932,0.0,0.07666666666666666,0.0,0.0,0.0,0.0,0.8
backhaul,shield_repair,naive,phi,radioml,8,300,0.9518330142690652,0.9116357833010368,0.0,0.06666666666666667,1,0.0,0.408,26.6,46.0512781953979,0.8851663476023983,0.0,0.06666666666666667,0.0,0.0,0.0,0.0,0.8
backhaul,shield_repair,naive,phi,radioml,9,300,0.9555726613676658,0.9117425704376267,0.0,0.14,2,0.0,0.37533333333333335,26.76,43.70797854401387,0.8155726613676658,0.0,0.14,0.0,0.0,0.0,0.0,0.8
compromised_xapp,heuristic,naive,phi,radioml,0,300,0.9923610919509129,0.9855823586424853,0.0,0.0,1,0.0,0.0,26.0,44.16666666666665,0.9923610919509129,0.0,0.0,0.0,0.0,0.0,0.0,0.8
compromised_xapp,heuristic,naive,phi,radioml,1,300,0.9924677737357636,0.9863495019226609,0.0,0.0,1,0.0,0.0,26.0,44.16666666666665,0.9924677737357636,0.0,0.0,0.0,0.0,0.0,0.0,0.8
compromised_xapp,heuristic,naive,phi,radioml,2,300,0.9923028734912643,0.9837227231092879,0.0,0.0,1,0.0,0.0,26.0,44.16666666666665,0.9923028734912643,0.0,0.0,0.0,0.0,0.0,0.0,0.8
compromised_xapp,heuristic,naive,phi,radioml,3,300,0.9912505714301051,0.9840410199033035,0.0,0.0,1,0.0,0.0,26.0,44.16666666666665,0.9912505714301051,0.0,0.0,0.0,0.0,0.0,0.0,0.8
compromised_xapp,heuristic,naive,phi,radioml,4,300,0.9922129657099936,0.9854133732250284,0.0,0.0,1,0.0,0.0,26.0,44.16666666666665,0.9922129657099936,0.0,0.0,0.0,0.0,0.0,0.0,0.8
compromised_xapp,heuristic,naive,phi,radioml,5,300,0.9913582971017252,0.9845856502243182,0.0,0.0,1,0.0,0.0,26.0,44.16666666666665,0.9913582971017252,0.0,0.0,0.0,0.0,0.0,0.0,0.8
compromised_xapp,heuristic,naive,phi,radioml,6,300,0.9923320914192012,0.9855736066467515,0.0,0.0,1,0.0,0.0,26.0,44.16666666666665,0.9923320914192012,0.0,0.0,0.0,0.0,0.0,0.0,0.8
compromised_xapp,heuristic,naive,phi,radioml,7,300,0.9922128790309707,0.9846601839410308,0.0,0.0,1,0.0,0.0,26.0,44.16666666666665,0.9922128790309707,0.0,0.0,0.0,0.0,0.0,0.0,0.8
compromised_xapp,heuristic,naive,phi,radioml,8,300,0.9916347983127803,0.9860718826144917,0.0,0.0,1,0.0,0.0,26.0,44.16666666666665,0.9916347983127803,0.0,0.0,0.0,0.0,0.0,0.0,0.8
compromised_xapp,heuristic,naive,phi,radioml,9,300,0.9911737388388844,0.9860742726117377,0.0,0.0,1,0.0,0.0,26.0,44.16666666666665,0.9911737388388844,0.0,0.0,0.0,0.0,0.0,0.0,0.8
compromised_xapp,greedy_twin,naive,phi,radioml,0,300,0.991250354661421,0.9739977065637577,0.46,0.6066666666666667,1,0.0,0.0,28.536666666666665,46.916127568112145,0.3845836879947544,0.14333333333333334,0.24666666666666667,0.16333333333333333,0.0,0.0,0.32,0.8
compromised_xapp,greedy_twin,naive,phi,radioml,1,300,0.9896508835800446,0.973925313270906,0.42,0.5366666666666666,1,0.0,0.0,28.266666666666666,55.24229602911546,0.45298421691337787,0.14,0.23,0.13333333333333333,0.0,0.0,0.20666666666666667,0.8
compromised_xapp,greedy_twin,naive,phi,radioml,2,300,0.991391452563057,0.9739931423556358,0.49,0.6366666666666667,1,0.0,0.0,28.76,55.88129063126423,0.3547247858963906,0.16,0.29,0.19666666666666666,0.0,0.0,0.30666666666666664,0.8
compromised_xapp,greedy_twin,naive,phi,radioml,3,300,0.9910972886063962,0.9739990723063909,0.4766666666666667,0.5833333333333334,1,0.0,0.0,28.333333333333332,49.408416927366574,0.40776395527306275,0.17333333333333334,0.24333333333333335,0.18,0.0,0.0,0.19,0.8
compromised_xapp,greedy_twin,naive,phi,radioml,4,300,0.9910007657382561,0.9738911284633062,0.48333333333333334,0.63,1,0.0,0.0,28.563333333333333,48.422429090620284,0.36100076573825624,0.16333333333333333,0.2833333333333333,0.16333333333333333,0.0,0.0,0.30666666666666664,0.8
compromised_xapp,greedy_twin,naive,phi,radioml,5,300,0.990853978351818,0.9760572362020017,0.5,0.63,1,0.0,0.0,28.63,50.32032502788432,0.36085397835181815,0.14666666666666667,0.25,0.18333333333333332,0.0,0.0,0.30333333333333334,0.8
compromised_xapp,greedy_twin,naive,phi,radioml,6,300,0.991244753288133,0.9739839993973627,0.48,0.6133333333333333,1,0.0,0.0,28.83,56.55532752958422,0.3779114199547997,0.14666666666666667,0.2733333333333333,0.16666666666666666,0.0,0.0,0.31,0.8
compromised_xapp,greedy_twin,naive,phi,radioml,7,300,0.9909821578921418,0.9739521219278958,0.52,0.6833333333333333,1,0.0,0.0,28.973333333333333,55.680566440764466,0.30764882455880854,0.19666666666666666,0.2966666666666667,0.19333333333333333,0.0,0.0,0.37666666666666665,0.8
compromised_xapp,greedy_twin,naive,phi,radioml,8,300,0.9901263534880275,0.9739183595164067,0.48,0.5766666666666667,1,0.0,0.0,28.216666666666665,50.19498320220948,0.4134596868213608,0.18333333333333332,0.24666666666666667,0.19333333333333333,0.0,0.0,0.18333333333333332,0.8
compromised_xapp,greedy_twin,naive,phi,radioml,9,300,0.9895070297915619,0.973919489321056,0.5,0.6833333333333333,1,0.0,0.0,28.893333333333334,48.09815352215748,0.30617369645822873,0.15666666666666668,0.31,0.19333333333333333,0.0,0.0,0.3933333333333333,0.8
compromised_xapp,shield_filter,naive,phi,radioml,0,300,0.9548408022187094,0.779116216023114,0.0,0.056666666666666664,1,0.02,0.0,26.46,40.5227766333856,0.8981741355520427,0.0,0.04,0.016666666666666666,0.0,0.0,0.0,0.8
compromised_xapp,shield_filter,naive,phi,radioml,1,300,0.951793299527944,0.7789002939482923,0.0,0.06666666666666667,1,0.02666666666666667,0.0,26.35,39.75212924743796,0.8851266328612772,0.0,0.05333333333333334,0.016666666666666666,0.0,0.0,0.0,0.8
compromised_xapp,shield_filter,naive,phi,radioml,2,300,0.9689534785898198,0.7791300989474542,0.0,0.11,1,0.006666666666666667,0.0,26.67,41.305561234264005,0.8589534785898199,0.0,0.09666666666666666,0.013333333333333334,0.0,0.0,0.0,0.8
compromised_xapp,shield_filter,naive,phi,radioml,3,300,0.9412535713397538,0.7187536240565312,0.0,0.11666666666666667,1,0.04,0.0,26.29,39.71109120361735,0.8245869046730872,0.0,0.09666666666666666,0.02,0.0,0.0,0.0,0.8
compromised_xapp,shield_filter,naive,phi,radioml,4,300,0.9537353203354512,0.77887998843049,0.0,0.11333333333333333,1,0.02666666666666667,0.0,26.47,40.835966442704276,0.8404019870021178,0.0,0.10333333333333333,0.013333333333333334,0.0,0.0,0.0,0.8
compromised_xapp,shield_filter,naive,phi,radioml,5,300,0.951936515209325,0.7788864264484888,0.0,0.04666666666666667,1,0.03,0.0,26.24,41.90548606905944,0.9052698485426584,0.0,0.03,0.02,0.0,0.0,0.0,0.8
compromised_xapp,shield_filter,naive,phi,radioml,6,300,0.9674326587202134,0.779119362920889,0.0,0.08666666666666667,1,0.01,0.0,26.44,40.49839764613402,0.8807659920535468,0.0,0.07,0.016666666666666666,0.0,0.0,0.0,0.8
compromised_xapp,shield_filter,naive,phi,radioml,7,300,0.9539861150631562,0.778884706967784,0.0,0.09333333333333334,1,0.023333333333333334,0.0,26.45,37.400257115776355,0.8606527817298231,0.0,0.07,0.023333333333333334,0.0,0.0,0.0,0.8
compromised_xapp,shield_filter,naive,phi,radioml,8,300,0.9667596036696751,0.7791199788960644,0.0,0.10666666666666667,1,0.006666666666666667,0.0,26.39,40.07333137435344,0.8600929370030084,0.0,0.1,0.006666666666666667,0.0,0.0,0.0,0.8
compromised_xapp,shield_filter,naive,phi,radioml,9,300,0.9273532659630109,0.40271675277601554,0.0,0.1,1,0.05333333333333334,0.0,25.98,41.98079463825847,0.8273532659630108,0.0,0.07666666666666666,0.023333333333333334,0.0,0.0,0.0,0.8
compromised_xapp,shield_repair,naive,phi,radioml,0,300,0.991450695609574,0.977291259657118,0.0,0.19,1,0.0,0.476,26.97,42.015808540714474,0.801450695609574,0.0,0.07333333333333333,0.12333333333333334,0.0,0.0,0.0,0.8
compromised_xapp,shield_repair,naive,phi,radioml,1,300,0.9894129886458336,0.976648321958714,0.0,0.15333333333333332,1,0.0,0.4673333333333333,26.9,47.59064540073917,0.8360796553125003,0.0,0.07333333333333333,0.08666666666666667,0.0,0.0,0.0,0.8
compromised_xapp,shield_repair,naive,phi,radioml,2,300,0.9908566703532665,0.979060201980819,0.0,0.21,1,0.0,0.49666666666666665,27.14,46.8481205895886,0.7808566703532667,0.0,0.11333333333333333,0.10333333333333333,0.0,0.0,0.0,0.8
compromised_xapp,shield_repair,naive,phi,radioml,3,300,0.9904378243833253,0.9788688152993835,0.0,0.15,1,0.0,0.48533333333333334,26.99,43.37923558363069,0.8404378243833255,0.0,0.08,0.08,0.0,0.0,0.0,0.8
compromised_xapp,shield_repair,naive,phi,radioml,4,300,0.9911307029625893,0.9739511254981212,0.0,0.22,1,0.0,0.4826666666666667,27.07,42.351284732209756,0.7711307029625893,0.0,0.12666666666666668,0.10666666666666667,0.0,0.0,0.0,0.8
compromised_xapp,shield_repair,naive,phi,radioml,5,300,0.9907963013462163,0.973926838849668,0.0,0.15,1,0.0,0.48133333333333334,27.07,44.15486996350752,0.8407963013462163,0.0,0.02666666666666667,0.12333333333333334,0.0,0.0,0.0,0.8
compromised_xapp,shield_repair,naive,phi,radioml,6,300,0.9906501892649809,0.9739694076008631,0.0,0.21333333333333335,1,0.0,0.4633333333333333,27.25,48.040155804274875,0.7773168559316478,0.0,0.09,0.13333333333333333,0.0,0.0,0.0,0.8
compromised_xapp,shield_repair,naive,phi,radioml,7,300,0.9910331948874959,0.9738017702475344,0.0,0.19333333333333333,1,0.0,0.4726666666666667,27.19,42.739487539679814,0.7976998615541624,0.0,0.05333333333333334,0.14333333333333334,0.0,0.0,0.0,0.8
compromised_xapp,shield_repair,naive,phi,radioml,8,300,0.9899126531410957,0.9733680502316772,0.0,0.25333333333333335,1,0.0,0.4746666666666667,27.05,44.38096943258654,0.7365793198077625,0.0,0.14333333333333334,0.14,0.0,0.0,0.0,0.8
compromised_xapp,shield_repair,naive,phi,radioml,9,300,0.9909863503402901,0.9737904030129152,0.0,0.22666666666666666,1,0.0,0.494,27.15,45.734716036602215,0.7643196836736235,0.0,0.12333333333333334,0.11666666666666667,0.0,0.0,0.0,0.8
compound,heuristic,naive,phi,radioml,0,300,0.8768215906267791,0.30554892118214927,0.0,0.23666666666666666,2,0.0,0.0,26.0,44.16666666666665,0.6401549239601125,0.0,0.0,0.23666666666666666,0.0,0.0,0.0,0.8
compound,heuristic,naive,phi,radioml,1,300,0.8874678972555277,0.4388450131378622,0.0,0.22,3,0.0,0.0,26.0,44.16666666666665,0.6674678972555279,0.0,0.0,0.22,0.0,0.0,0.0,0.8
compound,heuristic,naive,phi,radioml,2,300,0.8903801337352957,0.7071212591380002,0.0,0.22,2,0.0,0.0,26.0,44.16666666666665,0.6703801337352955,0.0,0.0,0.22,0.0,0.0,0.0,0.8
compound,heuristic,naive,phi,radioml,3,300,0.8652414049243408,0.11599526453093925,0.0,0.21,4,0.0,0.0,26.0,44.16666666666665,0.6552414049243408,0.0,0.0,0.21,0.0,0.0,0.0,0.8
compound,heuristic,naive,phi,radioml,4,300,0.8703024780197384,0.2186958476446974,0.0,0.23666666666666666,1,0.0,0.0,26.0,44.16666666666665,0.6336358113530717,0.0,0.0,0.23666666666666666,0.0,0.0,0.0,0.8
compound,heuristic,naive,phi,radioml,5,300,0.870963802989057,0.13824310816056049,0.0,0.22,1,0.0,0.0,26.0,44.16666666666665,0.6509638029890568,0.0,0.0,0.22,0.0,0.0,0.0,0.8
compound,heuristic,naive,phi,radioml,6,300,0.8845889638059221,0.651987170189325,0.0,0.24333333333333335,1,0.0,0.0,26.0,44.16666666666665,0.6412556304725888,0.0,0.0,0.24333333333333335,0.0,0.0,0.0,0.8
compound,heuristic,naive,phi,radioml,7,300,0.8886914010290803,0.7061544545426612,0.0,0.23,6,0.0,0.0,26.0,44.16666666666665,0.6586914010290803,0.0,0.0,0.23,0.0,0.0,0.0,0.8
compound,heuristic,naive,phi,radioml,8,300,0.8660786542565347,0.14018917183966725,0.0,0.21333333333333335,2,0.0,0.0,26.0,44.16666666666665,0.6527453209232014,0.0,0.0,0.21333333333333335,0.0,0.0,0.0,0.8
compound,heuristic,naive,phi,radioml,9,300,0.8740676752310587,0.1014857905014363,0.0,0.2,1,0.0,0.0,26.0,44.16666666666665,0.6740676752310587,0.0,0.0,0.2,0.0,0.0,0.0,0.8
compound,greedy_twin,naive,phi,radioml,0,300,0.9199615968971319,0.6969095676690792,0.6233333333333333,0.8933333333333333,3,0.0,0.0,30.563333333333333,51.145651712140854,0.026628263563798285,0.16333333333333333,0.45,0.37666666666666665,0.013333333333333334,0.0,0.8166666666666667,0.8
compound,greedy_twin,naive,phi,radioml,1,300,0.9109991917355406,0.6952563839095495,0.6166666666666667,0.8733333333333333,2,0.0,0.0,30.206666666666667,55.847079936309264,0.03766585840220726,0.17,0.39666666666666667,0.4,0.013333333333333334,0.0,0.7533333333333333,0.8
compound,greedy_twin,naive,phi,radioml,2,300,0.9105926675980108,0.6713642509423452,0.7,0.96,2,0.0,0.0,31.276666666666667,50.36433327507758,-0.049407332401989294,0.17666666666666667,0.51,0.4266666666666667,0.023333333333333334,0.0,0.9,0.8
compound,greedy_twin,naive,phi,radioml,3,300,0.9086385126712806,0.6829812066363848,0.6233333333333333,0.92,1,0.0,0.0,31.016666666666666,46.57095529166971,-0.011361487328719395,0.17,0.5366666666666666,0.36666666666666664,0.01,0.0,0.85,0.8
compound,greedy_twin,naive,phi,radioml,4,300,0.9159031469303099,0.6986805585322964,0.62,0.91,2,0.0,0.0,30.49,45.28189465626783,0.005903146930310029,0.18,0.4633333333333333,0.4033333333333333,0.0,0.0,0.8066666666666666,0.8
compound,greedy_twin,naive,phi,radioml,5,300,0.9230480742124068,0.6954191535426887,0.6433333333333333,0.92,1,0.0,0.0,30.94,59.765016331951415,0.003048074212406678,0.15666666666666668,0.5533333333333333,0.3566666666666667,0.01,0.0,0.8333333333333334,0.8
compound,greedy_twin,naive,phi,radioml,6,300,0.9071551828356768,0.6864551862267332,0.6233333333333333,0.9266666666666666,1,0.0,0.0,30.713333333333335,54.269796046002284,-0.01951148383099,0.12666666666666668,0.4866666666666667,0.41333333333333333,0.02,0.0,0.8366666666666667,0.8
compound,greedy_twin,naive,phi,radioml,7,300,0.9312953083824236,0.7288821618170803,0.65,0.97,2,0.0,0.0,31.073333333333334,45.942320705087184,-0.03870469161757653,0.2,0.5233333333333333,0.36333333333333334,0.006666666666666667,0.0,0.9366666666666666,0.8
compound,greedy_twin,naive,phi,radioml,8,300,0.9218413286852317,0.7036447359224179,0.64,0.88,2,0.0,0.0,30.716666666666665,50.08619663699944,0.04184132868523175,0.16333333333333333,0.5433333333333333,0.37,0.013333333333333334,0.0,0.8033333333333333,0.8
compound,greedy_twin,naive,phi,radioml,9,300,0.9253002629666234,0.7167739770287662,0.6566666666666666,0.9366666666666666,1,0.0,0.0,31.266666666666666,53.22164277680944,-0.011366403700043406,0.16333333333333333,0.56,0.41,0.006666666666666667,0.0,0.9033333333333333,0.8
compound,shield_filter,naive,phi,radioml,0,300,0.7447435054070753,0.013293166965617125,0.0,0.18333333333333332,3,0.09,0.0,25.72,37.975826221561164,0.561410172073742,0.0,0.056666666666666664,0.14333333333333334,0.0,0.006666666666666667,0.0,0.8
compound,shield_filter,naive,phi,radioml,1,300,0.7245557608291786,0.009080062931255505,0.0,0.19333333333333333,4,0.12,0.0,25.65,37.805806000010826,0.5312224274958453,0.0,0.02666666666666667,0.16,0.0,0.013333333333333334,0.0,0.8
compound,shield_filter,naive,phi,radioml,2,300,0.7242178653484181,0.012917681824644927,0.0,0.22333333333333333,2,0.1,0.0,25.84,40.46265571846255,0.5008845320150848,0.0,0.043333333333333335,0.2,0.0,0.0033333333333333335,0.0,0.8
compound,shield_filter,naive,phi,radioml,3,300,0.7411911210066019,0.00947328161157866,0.0,0.24333333333333335,8,0.08666666666666667,0.0,25.82,39.72811376865249,0.4978577876732686,0.0,0.09666666666666666,0.16333333333333333,0.0,0.0,0.0,0.8
compound,shield_filter,naive,phi,radioml,4,300,0.7317972339284152,0.007107553471154423,0.0,0.20666666666666667,4,0.11333333333333333,0.0,25.64,39.7349422718998,0.5251305672617486,0.0,0.08,0.15666666666666668,0.0,0.0033333333333333335,0.0,0.8
compound,shield_filter,naive,phi,radioml,5,300,0.7263319789984475,0.007868847193655416,0.0,0.21,1,0.11666666666666667,0.0,25.62,36.32315757928422,0.5163319789984474,0.0,0.11666666666666667,0.11333333333333333,0.0,0.013333333333333334,0.0,0.8
compound,shield_filter,naive,phi,radioml,6,300,0.7310995204825995,0.013694146000103177,0.0,0.23666666666666666,1,0.10666666666666667,0.0,25.77,43.706594304799,0.4944328538159328,0.0,0.09,0.16333333333333333,0.0,0.0033333333333333335,0.0,0.8
compound,shield_filter,naive,phi,radioml,7,300,0.749517690610754,0.013352323836169994,0.0,0.21,6,0.09,0.0,25.96,39.84687069064771,0.539517690610754,0.0,0.09666666666666666,0.14666666666666667,0.0,0.0033333333333333335,0.0,0.8
compound,shield_filter,naive,phi,radioml,8,300,0.7123727000552323,0.007970237043962637,0.0,0.21666666666666667,2,0.11333333333333333,0.0,25.65,37.87506569932559,0.49570603338856567,0.0,0.11,0.13666666666666666,0.0,0.013333333333333334,0.0,0.8
compound,shield_filter,naive,phi,radioml,9,300,0.7125655576676576,0.010861439561400298,0.0,0.23333333333333334,1,0.08333333333333333,0.0,25.83,42.427208204644785,0.4792322243343242,0.0,0.06333333333333334,0.18333333333333332,0.0,0.03,0.0,0.8
compound,shield_repair,naive,phi,radioml,0,300,0.9069074209943001,0.6796963240344793,0.0,0.36333333333333334,3,0.0,0.5246666666666666,27.73,44.75555308087016,0.5435740876609668,0.0,0.12,0.31,0.0,0.0,0.0,0.8
compound,shield_repair,naive,phi,radioml,1,300,0.9162992843748653,0.7678648940999399,0.0,0.37666666666666665,4,0.0,0.558,27.71,45.1207444816755,0.5396326177081986,0.0,0.06333333333333334,0.3433333333333333,0.0,0.0,0.0,0.8
compound,shield_repair,naive,phi,radioml,2,300,0.9032944634430821,0.6771349771459662,0.0,0.4166666666666667,2,0.0,0.5386666666666666,28.01,44.705734658149645,0.48662779677641527,0.0,0.08333333333333333,0.37333333333333335,0.0,0.0,0.0,0.8
compound,shield_repair,naive,phi,radioml,3,300,0.8973557586039641,0.6706858382585215,0.0,0.37,1,0.0,0.5413333333333333,27.8,41.762892573287424,0.5273557586039641,0.0,0.15333333333333332,0.2866666666666667,0.0,0.0,0.0,0.8
compound,shield_repair,naive,phi,radioml,4,300,0.8962978500647562,0.6777861208120717,0.0,0.38,2,0.0,0.5333333333333333,27.59,38.618236882652965,0.5162978500647561,0.0,0.18,0.30666666666666664,0.0,0.0,0.0,0.8
compound,shield_repair,naive,phi,radioml,5,300,0.9171638148919082,0.73212922959314,0.0,0.4166666666666667,1,0.0,0.54,27.89,44.305298154375876,0.5004971482252413,0.0,0.22,0.29333333333333333,0.0,0.0,0.0,0.8
compound,shield_repair,naive,phi,radioml,6,300,0.8962593055714602,0.7025840253535599,0.0,0.4266666666666667,1,0.0,0.5413333333333333,27.85,48.22105044879933,0.4695926389047936,0.0,0.18,0.32666666666666666,0.0,0.0,0.0,0.8
compound,shield_repair,naive,phi,radioml,7,300,0.9050787611895885,0.6729334955845306,0.0,0.41,2,0.0,0.546,27.87,41.85608527170661,0.4950787611895884,0.0,0.17333333333333334,0.31,0.0,0.0,0.0,0.8
compound,shield_repair,naive,phi,radioml,8,300,0.9007735253869873,0.688166341835445,0.0,0.46,2,0.0,0.5653333333333334,27.77,39.92708079541046,0.44077352538698733,0.0,0.24333333333333335,0.3233333333333333,0.0,0.0,0.0,0.8
compound,shield_repair,naive,phi,radioml,9,300,0.9038176776195613,0.6957933156872655,0.0,0.43333333333333335,1,0.0,0.5533333333333333,27.9,41.52311182857024,0.47048434428622804,0.0,0.17666666666666667,0.37,0.0,0.0,0.0,0.8
narrowband,heuristic,adaptive,phi,radioml,0,300,0.9913542178597652,0.983484823667976,0.0,0.0,1,0.0,0.0,26.0,44.16666666666665,0.9913542178597652,0.0,0.0,0.0,0.0,0.0,0.0,0.8
narrowband,heuristic,adaptive,phi,radioml,1,300,0.9912425822557731,0.9821039512736915,0.0,0.0,1,0.0,0.0,26.0,44.16666666666665,0.9912425822557731,0.0,0.0,0.0,0.0,0.0,0.0,0.8
narrowband,heuristic,adaptive,phi,radioml,2,300,0.9912070933676186,0.9823170467922866,0.0,0.0,1,0.0,0.0,26.0,44.16666666666665,0.9912070933676186,0.0,0.0,0.0,0.0,0.0,0.0,0.8
narrowband,heuristic,adaptive,phi,radioml,3,300,0.9912652019648137,0.9835026010243388,0.0,0.0,1,0.0,0.0,26.0,44.16666666666665,0.9912652019648137,0.0,0.0,0.0,0.0,0.0,0.0,0.8
narrowband,heuristic,adaptive,phi,radioml,4,300,0.988311763631957,0.9840538062871245,0.0,0.0,1,0.0,0.0,26.0,44.16666666666665,0.988311763631957,0.0,0.0,0.0,0.0,0.0,0.0,0.8
narrowband,heuristic,adaptive,phi,radioml,5,300,0.991180375248166,0.9818683462861629,0.0,0.0,1,0.0,0.0,26.0,44.16666666666665,0.991180375248166,0.0,0.0,0.0,0.0,0.0,0.0,0.8
narrowband,heuristic,adaptive,phi,radioml,6,300,0.9911436277255662,0.9827620076167448,0.0,0.0,1,0.0,0.0,26.0,44.16666666666665,0.9911436277255662,0.0,0.0,0.0,0.0,0.0,0.0,0.8
narrowband,heuristic,adaptive,phi,radioml,7,300,0.9913606411666486,0.9833101692239264,0.0,0.0,1,0.0,0.0,26.0,44.16666666666665,0.9913606411666486,0.0,0.0,0.0,0.0,0.0,0.0,0.8
narrowband,heuristic,adaptive,phi,radioml,8,300,0.9883808680378763,0.9829731461065723,0.0,0.0,1,0.0,0.0,26.0,44.16666666666665,0.9883808680378763,0.0,0.0,0.0,0.0,0.0,0.0,0.8
narrowband,heuristic,adaptive,phi,radioml,9,300,0.9914700408515231,0.9842331258123649,0.0,0.0,1,0.0,0.0,26.0,44.16666666666665,0.9914700408515231,0.0,0.0,0.0,0.0,0.0,0.0,0.8
narrowband,greedy_twin,adaptive,phi,radioml,0,300,0.9833766278307886,0.9722061541678215,0.07333333333333333,0.44666666666666666,1,0.0,0.0,29.106666666666666,51.57260975132776,0.5367099611641218,0.04666666666666667,0.24,0.023333333333333334,0.0,0.0,0.27,0.8
narrowband,greedy_twin,adaptive,phi,radioml,1,300,0.9846404651788765,0.9727861955702681,0.07666666666666666,0.43333333333333335,1,0.0,0.0,29.05,58.65240458549154,0.5513071318455431,0.02666666666666667,0.26,0.04,0.0,0.0,0.20333333333333334,0.8
narrowband,greedy_twin,adaptive,phi,radioml,2,300,0.9838043925797272,0.9726891977142956,0.05333333333333334,0.3933333333333333,1,0.0,0.0,29.11,56.76223018111487,0.5904710592463939,0.03333333333333333,0.13333333333333333,0.016666666666666666,0.0,0.0,0.25666666666666665,0.8
narrowband,greedy_twin,adaptive,phi,radioml,3,300,0.9842310557450648,0.9731561108299404,0.08,0.51,1,0.0,0.0,29.28,55.384759504502036,0.4742310557450646,0.056666666666666664,0.16333333333333333,0.023333333333333334,0.0,0.0,0.38,0.8
narrowband,greedy_twin,adaptive,phi,radioml,4,300,0.9845928588261118,0.9731966307855238,0.05333333333333334,0.3566666666666667,1,0.0,0.0,28.94333333333333,54.55900727841514,0.6279261921594451,0.03,0.15333333333333332,0.023333333333333334,0.0,0.0,0.20333333333333334,0.8
narrowband,greedy_twin,adaptive,phi,radioml,5,300,0.9820723749486323,0.9722473894871642,0.07,0.47,1,0.0,0.0,29.19333333333333,55.78056486584971,0.5120723749486322,0.03333333333333333,0.18666666666666668,0.023333333333333334,0.0,0.0,0.34,0.8
narrowband,greedy_twin,adaptive,phi,radioml,6,300,0.9843505535669239,0.9722708270132,0.06,0.31666666666666665,1,0.0,0.0,28.79,50.587700079845305,0.6676838869002573,0.04,0.14333333333333334,0.016666666666666666,0.0,0.0,0.15333333333333332,0.8
narrowband,greedy_twin,adaptive,phi,radioml,7,300,0.9842257673260761,0.9730640207547901,0.05,0.35,1,0.0,0.0,29.03,57.747710792660115,0.634225767326076,0.03666666666666667,0.15333333333333332,0.0033333333333333335,0.0,0.0,0.24333333333333335,0.8
narrowband,greedy_twin,adaptive,phi,radioml,8,300,0.9836113288779408,0.9719217506674741,0.05333333333333334,0.33,1,0.0,0.0,29.02,56.42703118613524,0.6536113288779405,0.03,0.09666666666666666,0.006666666666666667,0.0,0.0,0.25333333333333335,0.8
narrowband,greedy_twin,adaptive,phi,radioml,9,300,0.98409454285456,0.9732331060158129,0.09333333333333334,0.41,1,0.0,0.0,29.19,56.46315836760362,0.57409454285456,0.06333333333333334,0.13,0.02666666666666667,0.0,0.0,0.31,0.8
narrowband,shield_filter,adaptive,phi,radioml,0,300,0.9839695557943613,0.9727681367662133,0.0,0.30333333333333334,1,0.0,0.0,28.836666666666666,50.092902994335894,0.6806362224610281,0.0,0.21333333333333335,0.0,0.0,0.0,0.11,0.8
narrowband,shield_filter,adaptive,phi,radioml,1,300,0.9843556180887297,0.9727528702407479,0.0,0.33,1,0.0,0.0,28.863333333333333,54.342842810407475,0.6543556180887297,0.0,0.23666666666666666,0.0,0.0,0.0,0.11,0.8
narrowband,shield_filter,adaptive,phi,radioml,2,300,0.9837738304651857,0.9726626445510569,0.0,0.3466666666666667,1,0.0,0.0,29.06,56.35095795876204,0.6371071637985192,0.0,0.12333333333333334,0.0,0.0,0.0,0.22666666666666666,0.8
narrowband,shield_filter,adaptive,phi,radioml,3,300,0.984604146064213,0.9734915236540708,0.0,0.39,1,0.0,0.0,29.09,55.145043959874585,0.594604146064213,0.0,0.14333333333333334,0.0,0.0,0.0,0.27,0.8
narrowband,shield_filter,adaptive,phi,radioml,4,300,0.984604839400497,0.9732179991917825,0.0,0.25333333333333335,1,0.0,0.0,28.803333333333335,54.52178803093487,0.7312715060671635,0.0,0.14,0.0,0.0,0.0,0.11333333333333333,0.8
narrowband,shield_filter,adaptive,phi,radioml,5,300,0.9820206793434866,0.9720335470540835,0.0,0.32666666666666666,1,0.0,0.0,28.95,54.18365482080231,0.6553540126768198,0.0,0.15666666666666668,0.0,0.0,0.0,0.18666666666666668,0.8
narrowband,shield_filter,adaptive,phi,radioml,6,300,0.9845776297817088,0.9720426497053554,0.0,0.24333333333333335,1,0.0,0.0,28.726666666666667,50.251503978510904,0.7412442964483755,0.0,0.13333333333333333,0.0,0.0,0.0,0.11333333333333333,0.8
narrowband,shield_filter,adaptive,phi,radioml,7,300,0.9839967942893058,0.9730486551894073,0.0,0.25666666666666665,1,0.0,0.0,28.87,56.328035824195865,0.7273301276226392,0.0,0.13333333333333333,0.0,0.0,0.0,0.14666666666666667,0.8
narrowband,shield_filter,adaptive,phi,radioml,8,300,0.9833655968654795,0.9718305193369251,0.0,0.21666666666666667,1,0.0,0.0,28.893333333333334,56.083199775322235,0.7666989301988127,0.0,0.07666666666666666,0.0,0.0,0.0,0.16666666666666666,0.8
narrowband,shield_filter,adaptive,phi,radioml,9,300,0.9842186275545063,0.973023584655476,0.0,0.23,1,0.0,0.0,28.926666666666666,56.147459293415,0.7542186275545063,0.0,0.09,0.0,0.0,0.0,0.14333333333333334,0.8
narrowband,shield_repair,adaptive,phi,radioml,0,300,0.9837714337075287,0.9720898556695106,0.0,0.4066666666666667,1,0.0,0.172,28.94333333333333,50.34796266958589,0.5771047670408622,0.0,0.21666666666666667,0.0,0.0,0.0,0.22,0.8
narrowband,shield_repair,adaptive,phi,radioml,1,300,0.9844786082738152,0.9726140877913174,0.0,0.3233333333333333,1,0.0,0.17933333333333334,28.866666666666667,54.208326021902174,0.6611452749404818,0.0,0.23666666666666666,0.0,0.0,0.0,0.10333333333333333,0.8
narrowband,shield_repair,adaptive,phi,radioml,2,300,0.9836871184861241,0.9726546581359132,0.0,0.33666666666666667,1,0.0,0.168,28.986666666666668,56.21380214783441,0.6470204518194574,0.0,0.11333333333333333,0.0,0.0,0.0,0.22666666666666666,0.8
narrowband,shield_repair,adaptive,phi,radioml,3,300,0.9844579056880267,0.9732082606856763,0.0,0.39666666666666667,1,0.0,0.18066666666666667,29.106666666666666,54.55336251449668,0.5877912390213601,0.0,0.14666666666666667,0.0,0.0,0.0,0.27666666666666667,0.8
narrowband,shield_repair,adaptive,phi,radioml,4,300,0.9843940031362899,0.9730737938688204,0.0,0.29333333333333333,1,0.0,0.16666666666666666,28.883333333333333,54.541687803957174,0.6910606698029566,0.0,0.14666666666666667,0.0,0.0,0.0,0.14666666666666667,0.8
narrowband,shield_repair,adaptive,phi,radioml,5,300,0.9820769040140848,0.9720335470540835,0.0,0.36,1,0.0,0.18466666666666667,28.99,54.62400337047337,0.6220769040140846,0.0,0.16,0.0,0.0,0.0,0.21666666666666667,0.8
narrowband,shield_repair,adaptive,phi,radioml,6,300,0.9843260811761841,0.9720426497053554,0.0,0.25,1,0.0,0.16066666666666668,28.773333333333333,50.5280762445832,0.7343260811761841,0.0,0.13333333333333333,0.0,0.0,0.0,0.12,0.8
narrowband,shield_repair,adaptive,phi,radioml,7,300,0.9840932711009649,0.9730478496239063,0.0,0.28,1,0.0,0.184,28.9,55.91416342686548,0.7040932711009651,0.0,0.13333333333333333,0.0,0.0,0.0,0.16666666666666666,0.8
narrowband,shield_repair,adaptive,phi,radioml,8,300,0.9832678683624412,0.9712256492425276,0.0,0.23,1,0.0,0.17466666666666666,28.92,56.08524333409156,0.7532678683624414,0.0,0.07666666666666666,0.0,0.0,0.0,0.18333333333333332,0.8
narrowband,shield_repair,adaptive,phi,radioml,9,300,0.9842353314853214,0.9730757971521975,0.0,0.26,1,0.0,0.17733333333333334,28.993333333333332,56.31144386150975,0.7242353314853214,0.0,0.09,0.0,0.0,0.0,0.17333333333333334,0.8
wideband,heuristic,adaptive,phi,radioml,0,300,0.7285559560987103,0.018219060042296148,0.0,0.0,2,0.0,0.0,26.0,44.16666666666665,0.7285559560987103,0.0,0.0,0.0,0.0,0.0,0.0,0.8
wideband,heuristic,adaptive,phi,radioml,1,300,0.7550729002457952,0.03414842325084496,0.0,0.0,10,0.0,0.0,26.0,44.16666666666665,0.7550729002457952,0.0,0.0,0.0,0.0,0.0,0.0,0.8
wideband,heuristic,adaptive,phi,radioml,2,300,0.7408532825124204,0.02487136858743542,0.0,0.0,6,0.0,0.0,26.0,44.16666666666665,0.7408532825124204,0.0,0.0,0.0,0.0,0.0,0.0,0.8
wideband,heuristic,adaptive,phi,radioml,3,300,0.7394567468273798,0.021595597008112317,0.0,0.0,8,0.0,0.0,26.0,44.16666666666665,0.7394567468273798,0.0,0.0,0.0,0.0,0.0,0.0,0.8
wideband,heuristic,adaptive,phi,radioml,4,300,0.716675301463718,0.024398964698421288,0.0,0.0,6,0.0,0.0,26.0,44.16666666666665,0.716675301463718,0.0,0.0,0.0,0.0,0.0,0.0,0.8
wideband,heuristic,adaptive,phi,radioml,5,300,0.7255548529222879,0.02007049111525383,0.0,0.0,8,0.0,0.0,26.0,44.16666666666665,0.7255548529222879,0.0,0.0,0.0,0.0,0.0,0.0,0.8
wideband,heuristic,adaptive,phi,radioml,6,300,0.7446329311163195,0.04713804364643715,0.0,0.0,6,0.0,0.0,26.0,44.16666666666665,0.7446329311163195,0.0,0.0,0.0,0.0,0.0,0.0,0.8
wideband,heuristic,adaptive,phi,radioml,7,300,0.7444874320205914,0.03790744468049807,0.0,0.0,7,0.0,0.0,26.0,44.16666666666665,0.7444874320205914,0.0,0.0,0.0,0.0,0.0,0.0,0.8
wideband,heuristic,adaptive,phi,radioml,8,300,0.7255414672114623,0.021419828420610975,0.0,0.0,1,0.0,0.0,26.0,44.16666666666665,0.7255414672114623,0.0,0.0,0.0,0.0,0.0,0.0,0.8
wideband,heuristic,adaptive,phi,radioml,9,300,0.7218814622262062,0.020517819158948444,0.0,0.0,26,0.0,0.0,26.0,44.16666666666665,0.7218814622262062,0.0,0.0,0.0,0.0,0.0,0.0,0.8
wideband,greedy_twin,adaptive,phi,radioml,0,300,0.8910236934612735,0.37926336745649564,0.09666666666666666,0.91,1,0.0,0.0,29.953333333333333,56.052210496764005,-0.01897630653872639,0.06,0.10666666666666667,0.013333333333333334,0.0,0.0,0.9033333333333333,0.8
wideband,greedy_twin,adaptive,phi,radioml,1,300,0.8996536635843833,0.5405866374379179,0.14,0.8333333333333334,1,0.0,0.0,30.053333333333335,54.96507375071038,0.06632033025104983,0.05333333333333334,0.29333333333333333,0.05333333333333334,0.0,0.0,0.8066666666666666,0.8
wideband,greedy_twin,adaptive,phi,radioml,2,300,0.9021957058253084,0.5293893642487327,0.09,0.9233333333333333,1,0.0,0.0,30.006666666666668,59.18626711370759,-0.02113762750802497,0.03,0.29333333333333333,0.02666666666666667,0.0,0.0,0.9066666666666666,0.8
wideband,greedy_twin,adaptive,phi,radioml,3,300,0.8840605543238153,0.3911495958846231,0.1,0.8866666666666667,1,0.0,0.0,29.97,55.371576982643596,-0.0026061123428513435,0.04,0.16,0.03,0.0,0.0,0.86,0.8
wideband,greedy_twin,adaptive,phi,radioml,4,300,0.9000572667974011,0.5540042157810121,0.12,0.8666666666666667,1,0.0,0.0,29.97,57.711770547021395,0.0333906001307342,0.056666666666666664,0.31666666666666665,0.05,0.0,0.0,0.85,0.8
wideband,greedy_twin,adaptive,phi,radioml,5,300,0.8818455424924823,0.4112272424888073,0.09,0.9133333333333333,2,0.0,0.0,30.066666666666666,57.11962592443075,-0.03148779084085118,0.03,0.25,0.043333333333333335,0.0,0.0,0.8966666666666666,0.8
wideband,greedy_twin,adaptive,phi,radioml,6,300,0.8978843486556358,0.49989635338480604,0.10333333333333333,0.8333333333333334,1,0.0,0.0,29.776666666666667,53.84934799518505,0.0645510153223025,0.043333333333333335,0.22666666666666666,0.04,0.0,0.0,0.77,0.8
wideband,greedy_twin,adaptive,phi,radioml,7,300,0.8909483063006369,0.5087942325840623,0.10333333333333333,0.86,2,0.0,0.0,29.963333333333335,56.35841023208465,0.030948306300636906,0.05333333333333334,0.25333333333333335,0.03,0.0,0.0,0.8466666666666667,0.8
wideband,greedy_twin,adaptive,phi,radioml,8,300,0.9162692191394143,0.6430875854367594,0.07333333333333333,0.8733333333333333,1,0.0,0.0,30.086666666666666,56.694307948068115,0.04293588580608103,0.02,0.23666666666666666,0.02666666666666667,0.0,0.0,0.8666666666666667,0.8
wideband,greedy_twin,adaptive,phi,radioml,9,300,0.8855897668387887,0.4872631422986294,0.11333333333333333,0.9033333333333333,4,0.0,0.0,29.963333333333335,56.122331091105224,-0.017743566494544654,0.06,0.21,0.016666666666666666,0.0,0.0,0.8733333333333333,0.8
wideband,shield_filter,adaptive,phi,radioml,0,300,0.886603612215604,0.3527133393529479,0.0,0.7966666666666666,1,0.0,0.0,29.676666666666666,54.57266421929943,0.08993694554893733,0.0,0.1,0.0,0.0,0.0,0.7866666666666666,0.8
wideband,shield_filter,adaptive,phi,radioml,1,300,0.8733884712707642,0.236197454949344,0.0,0.7933333333333333,1,0.0,0.0,29.6,56.29736234497117,0.0800551379374309,0.0,0.25333333333333335,0.0,0.0,0.0,0.7333333333333333,0.8
wideband,shield_filter,adaptive,phi,radioml,2,300,0.9042150414822968,0.5701150043337228,0.0,0.83,1,0.0,0.0,29.64666666666667,52.69654775556205,0.0742150414822969,0.0,0.21,0.0,0.0,0.0,0.8133333333333334,0.8
wideband,shield_filter,adaptive,phi,radioml,3,300,0.875346198531275,0.4053937534225593,0.0,0.7866666666666666,1,0.0,0.0,29.626666666666665,51.61740081241238,0.08867953186460831,0.0,0.18,0.0,0.0,0.0,0.7566666666666667,0.8
wideband,shield_filter,adaptive,phi,radioml,4,300,0.8918956440087417,0.5705050194574779,0.0,0.71,1,0.0,0.0,29.60333333333333,55.94505610973561,0.18189564400874175,0.0,0.21666666666666667,0.0,0.0,0.0,0.7033333333333334,0.8
wideband,shield_filter,adaptive,phi,radioml,5,300,0.8706698822838072,0.36053593786292315,0.0,0.78,2,0.0,0.0,29.64,54.636003838775665,0.09066988228380703,0.0,0.15666666666666668,0.0,0.0,0.0,0.7533333333333333,0.8
wideband,shield_filter,adaptive,phi,radioml,6,300,0.882975119857396,0.44076203187152585,0.0,0.7133333333333334,1,0.0,0.0,29.51,53.42963909713342,0.16964178652406267,0.0,0.17333333333333334,0.0,0.0,0.0,0.6466666666666666,0.8
wideband,shield_filter,adaptive,phi,radioml,7,300,0.8641480483361645,0.3519283023280357,0.0,0.7066666666666667,2,0.0,0.0,29.563333333333333,54.59560567297568,0.1574813816694977,0.0,0.14333333333333334,0.0,0.0,0.0,0.6833333333333333,0.8
wideband,shield_filter,adaptive,phi,radioml,8,300,0.9105112934648116,0.6394345354106784,0.0,0.8066666666666666,1,0.0,0.0,29.69333333333333,54.083842134679124,0.10384462679814495,0.0,0.13333333333333333,0.0,0.0,0.0,0.8,0.8
wideband,shield_filter,adaptive,phi,radioml,9,300,0.8832038246637103,0.4188081196335254,0.0,0.7466666666666667,4,0.0,0.0,29.59,55.438785529977544,0.1365371579970435,0.0,0.14666666666666667,0.0,0.0,0.0,0.7066666666666667,0.8
wideband,shield_repair,adaptive,phi,radioml,0,300,0.8872748983064347,0.3861479233199578,0.0,0.8733333333333333,1,0.0,0.18333333333333332,29.763333333333332,54.71964183499699,0.013941564973101223,0.0,0.07333333333333333,0.0,0.0,0.0,0.8733333333333333,0.8
wideband,shield_repair,adaptive,phi,radioml,1,300,0.8659153325246196,0.18037994413809397,0.0,0.7633333333333333,1,0.0,0.18866666666666668,29.546666666666667,55.756850502204344,0.1025819991912863,0.0,0.22,0.0,0.0,0.0,0.7133333333333334,0.8
wideband,shield_repair,adaptive,phi,radioml,2,300,0.9065784342070342,0.5904558812707353,0.0,0.8366666666666667,1,0.0,0.17466666666666666,29.67,55.264655027058005,0.0699117675403676,0.0,0.21,0.0,0.0,0.0,0.82,0.8
wideband,shield_repair,adaptive,phi,radioml,3,300,0.8761394264275695,0.47004481609424476,0.0,0.7933333333333333,1,0.0,0.16333333333333333,29.623333333333335,51.965091369424144,0.08280609309423616,0.0,0.12333333333333334,0.0,0.0,0.0,0.7733333333333333,0.8
wideband,shield_repair,adaptive,phi,radioml,4,300,0.8938663633171294,0.5840836908901602,0.0,0.7666666666666667,1,0.0,0.17466666666666666,29.676666666666666,56.14080788423329,0.12719969665046282,0.0,0.22,0.0,0.0,0.0,0.7566666666666667,0.8
wideband,shield_repair,adaptive,phi,radioml,5,300,0.8776725735191365,0.3854228103071901,0.0,0.8566666666666667,2,0.0,0.19466666666666665,29.726666666666667,56.12800560792062,0.021005906852469964,0.0,0.1,0.0,0.0,0.0,0.83,0.8
wideband,shield_repair,adaptive,phi,radioml,6,300,0.8991676390856386,0.4849680340366047,0.0,0.7533333333333333,1,0.0,0.17533333333333334,29.53,53.84161723926229,0.14583430575230522,0.0,0.16,0.0,0.0,0.0,0.7033333333333334,0.8
wideband,shield_repair,adaptive,phi,radioml,7,300,0.8840980193711385,0.4141191906851753,0.0,0.77,2,0.0,0.19266666666666668,29.64,56.26613144505553,0.11409801937113861,0.0,0.18,0.0,0.0,0.0,0.76,0.8
wideband,shield_repair,adaptive,phi,radioml,8,300,0.8954713959266324,0.5348880053153455,0.0,0.85,1,0.0,0.18533333333333332,29.716666666666665,52.91412458396092,0.04547139592663239,0.0,0.07666666666666666,0.0,0.0,0.0,0.8466666666666667,0.8
wideband,shield_repair,adaptive,phi,radioml,9,300,0.871874210496418,0.3478510339892889,0.0,0.81,4,0.0,0.18266666666666667,29.683333333333334,56.332943964597455,0.06187421049641799,0.0,0.26,0.0,0.0,0.0,0.79,0.8
bursty,heuristic,adaptive,phi,radioml,0,300,0.9800991985348797,0.9683869192328547,0.0,0.0,1,0.0,0.0,26.0,44.16666666666665,0.9800991985348797,0.0,0.0,0.0,0.0,0.0,0.0,0.8
bursty,heuristic,adaptive,phi,radioml,1,300,0.9845914890360803,0.9697676039967161,0.0,0.0,1,0.0,0.0,26.0,44.16666666666665,0.9845914890360803,0.0,0.0,0.0,0.0,0.0,0.0,0.8
bursty,heuristic,adaptive,phi,radioml,2,300,0.9837875483056787,0.9684403802209003,0.0,0.0,1,0.0,0.0,26.0,44.16666666666665,0.9837875483056787,0.0,0.0,0.0,0.0,0.0,0.0,0.8
bursty,heuristic,adaptive,phi,radioml,3,300,0.9820779742195206,0.9686869402128238,0.0,0.0,1,0.0,0.0,26.0,44.16666666666665,0.9820779742195206,0.0,0.0,0.0,0.0,0.0,0.0,0.8
bursty,heuristic,adaptive,phi,radioml,4,300,0.9832387597301018,0.9697237283012,0.0,0.0,1,0.0,0.0,26.0,44.16666666666665,0.9832387597301018,0.0,0.0,0.0,0.0,0.0,0.0,0.8
bursty,heuristic,adaptive,phi,radioml,5,300,0.984498684185313,0.9703916306781744,0.0,0.0,1,0.0,0.0,26.0,44.16666666666665,0.984498684185313,0.0,0.0,0.0,0.0,0.0,0.0,0.8
bursty,heuristic,adaptive,phi,radioml,6,300,0.9795871675787601,0.9664264499764915,0.0,0.0,1,0.0,0.0,26.0,44.16666666666665,0.9795871675787601,0.0,0.0,0.0,0.0,0.0,0.0,0.8
bursty,heuristic,adaptive,phi,radioml,7,300,0.9830135738747386,0.9678841560555508,0.0,0.0,1,0.0,0.0,26.0,44.16666666666665,0.9830135738747386,0.0,0.0,0.0,0.0,0.0,0.0,0.8
bursty,heuristic,adaptive,phi,radioml,8,300,0.981247115364229,0.9685880054832382,0.0,0.0,1,0.0,0.0,26.0,44.16666666666665,0.981247115364229,0.0,0.0,0.0,0.0,0.0,0.0,0.8
bursty,heuristic,adaptive,phi,radioml,9,300,0.9815446106577241,0.9676150695216018,0.0,0.0,1,0.0,0.0,26.0,44.16666666666665,0.9815446106577241,0.0,0.0,0.0,0.0,0.0,0.0,0.8
bursty,greedy_twin,adaptive,phi,radioml,0,300,0.9792087302219881,0.9700526470887434,0.10666666666666667,0.72,1,0.0,0.0,29.626666666666665,54.62408986335505,0.25920873022198804,0.07,0.25333333333333335,0.03,0.0,0.0,0.6266666666666667,0.8
bursty,greedy_twin,adaptive,phi,radioml,1,300,0.9782333769645074,0.9665901143666229,0.12666666666666668,0.78,1,0.0,0.0,29.706666666666667,55.8932655035715,0.19823337696450755,0.07,0.33666666666666667,0.05333333333333334,0.0,0.0,0.66,0.8
bursty,greedy_twin,adaptive,phi,radioml,2,300,0.9761759041544467,0.9653674781111028,0.11666666666666667,0.7,1,0.0,0.0,29.593333333333334,55.618866422987644,0.27617590415444654,0.06333333333333334,0.22666666666666666,0.03666666666666667,0.0,0.0,0.61,0.8
bursty,greedy_twin,adaptive,phi,radioml,3,300,0.9784136005390034,0.9680829058754847,0.09666666666666666,0.81,1,0.0,0.0,29.636666666666667,56.228310649513425,0.16841360053900356,0.06333333333333334,0.35,0.03,0.0,0.0,0.68,0.8
bursty,greedy_twin,adaptive,phi,radioml,4,300,0.9790957126306218,0.9696188588653242,0.08333333333333333,0.7266666666666667,1,0.0,0.0,29.653333333333332,56.57925853403432,0.2524290459639551,0.05,0.17333333333333334,0.023333333333333334,0.0,0.0,0.6466666666666666,0.8
bursty,greedy_twin,adaptive,phi,radioml,5,300,0.9793099105935495,0.9674521345231516,0.11,0.7266666666666667,1,0.0,0.0,29.696666666666665,55.08308383017284,0.2526432439268829,0.06333333333333334,0.17,0.043333333333333335,0.0,0.0,0.6566666666666666,0.8
bursty,greedy_twin,adaptive,phi,radioml,6,300,0.9791413087658424,0.9695005036441934,0.16,0.7333333333333333,1,0.0,0.0,29.62,54.353054842909316,0.24580797543250915,0.09,0.25,0.06,0.0,0.0,0.6533333333333333,0.8
bursty,greedy_twin,adaptive,phi,radioml,7,300,0.9790531535545798,0.9680110994872296,0.13333333333333333,0.7566666666666667,1,0.0,0.0,29.64666666666667,56.21105287484699,0.2223864868879131,0.09,0.24333333333333335,0.04,0.0,0.0,0.6533333333333333,0.8
bursty,greedy_twin,adaptive,phi,radioml,8,300,0.9787454199286569,0.968201218977397,0.10666666666666667,0.72,1,0.0,0.0,29.65,55.05369741662477,0.25874541992865707,0.07,0.19666666666666666,0.023333333333333334,0.0,0.0,0.6566666666666666,0.8
bursty,greedy_twin,adaptive,phi,radioml,9,300,0.9785376889771811,0.9679417183102734,0.12666666666666668,0.7766666666666666,1,0.0,0.0,29.716666666666665,55.916202332573434,0.2018710223105145,0.06666666666666667,0.22666666666666666,0.04,0.0,0.0,0.6866666666666666,0.8
bursty,shield_filter,adaptive,phi,radioml,0,300,0.978946813361199,0.9699480443753992,0.0,0.5333333333333333,1,0.0,0.0,29.29,54.603534040657465,0.4456134800278656,0.0,0.21666666666666667,0.0,0.0,0.0,0.4033333333333333,0.8
bursty,shield_filter,adaptive,phi,radioml,1,300,0.9790100516738376,0.9666336054435765,0.0,0.6166666666666667,1,0.0,0.0,29.386666666666667,55.891007255897236,0.36234338500717095,0.0,0.3,0.0,0.0,0.0,0.47333333333333333,0.8
bursty,shield_filter,adaptive,phi,radioml,2,300,0.97627764419179,0.9653674781111028,0.0,0.44,1,0.0,0.0,29.216666666666665,53.30281825208351,0.5362776441917899,0.0,0.18,0.0,0.0,0.0,0.31333333333333335,0.8
bursty,shield_filter,adaptive,phi,radioml,3,300,0.978754188924709,0.9678907909460738,0.0,0.6966666666666667,1,0.0,0.0,29.433333333333334,56.06129371295112,0.28208752225804234,0.0,0.33,0.0,0.0,0.0,0.5533333333333333,0.8
bursty,shield_filter,adaptive,phi,radioml,4,300,0.9785457330360904,0.9696327600807501,0.0,0.5433333333333333,1,0.0,0.0,29.41,56.17523021181917,0.435212399702757,0.0,0.15,0.0,0.0,0.0,0.4666666666666667,0.8
bursty,shield_filter,adaptive,phi,radioml,5,300,0.9794431224172296,0.967879337123994,0.0,0.5366666666666666,1,0.0,0.0,29.386666666666667,55.1339139449779,0.4427764557505629,0.0,0.14333333333333334,0.0,0.0,0.0,0.48,0.8
bursty,shield_filter,adaptive,phi,radioml,6,300,0.9788058717472118,0.9687935802997548,0.0,0.5066666666666667,1,0.0,0.0,29.22,54.2898941854159,0.47213920508054513,0.0,0.18666666666666668,0.0,0.0,0.0,0.4266666666666667,0.8
bursty,shield_filter,adaptive,phi,radioml,7,300,0.9790533546830528,0.9677929133600569,0.0,0.5333333333333333,1,0.0,0.0,29.346666666666668,55.288906316390616,0.4457200213497195,0.0,0.20333333333333334,0.0,0.0,0.0,0.45666666666666667,0.8
bursty,shield_filter,adaptive,phi,radioml,8,300,0.9788868723619779,0.9676200964130078,0.0,0.7,1,0.0,0.0,29.573333333333334,55.09921424379641,0.2788868723619781,0.0,0.17666666666666667,0.0,0.0,0.0,0.6533333333333333,0.8
bursty,shield_filter,adaptive,phi,radioml,9,300,0.9787677358094443,0.9679417183102734,0.0,0.6133333333333333,1,0.0,0.0,29.433333333333334,56.28026272420316,0.36543440247611114,0.0,0.19333333333333333,0.0,0.0,0.0,0.5133333333333333,0.8
bursty,shield_repair,adaptive,phi,radioml,0,300,0.9787700135870142,0.9699480443753992,0.0,0.6133333333333333,1,0.0,0.16866666666666666,29.406666666666666,54.598859845521055,0.36543668025368076,0.0,0.22666666666666666,0.0,0.0,0.0,0.49,0.8
bursty,shield_repair,adaptive,phi,radioml,1,300,0.9787931775484875,0.9668062214993411,0.0,0.6966666666666667,1,0.0,0.18266666666666667,29.516666666666666,55.89322526522799,0.2821265108818207,0.0,0.31666666666666665,0.0,0.0,0.0,0.59,0.8
bursty,shield_repair,adaptive,phi,radioml,2,300,0.9761592613714951,0.9653674781111028,0.0,0.5366666666666666,1,0.0,0.16,29.35333333333333,54.43332430903698,0.43949259470482843,0.0,0.18333333333333332,0.0,0.0,0.0,0.42,0.8
bursty,shield_repair,adaptive,phi,radioml,3,300,0.9783702271429134,0.9673561264464509,0.0,0.72,1,0.0,0.16266666666666665,29.52,56.06680580150401,0.2583702271429134,0.0,0.34,0.0,0.0,0.0,0.6133333333333333,0.8
bursty,shield_repair,adaptive,phi,radioml,4,300,0.9789230923808843,0.969639092324662,0.0,0.5966666666666667,1,0.0,0.18,29.45,56.1341981624298,0.3822564257142176,0.0,0.15,0.0,0.0,0.0,0.5166666666666667,0.8
bursty,shield_repair,adaptive,phi,radioml,5,300,0.9796611195271706,0.9684058707137393,0.0,0.6033333333333334,1,0.0,0.18533333333333332,29.486666666666668,55.280652965142416,0.37632778619383744,0.0,0.14333333333333334,0.0,0.0,0.0,0.5466666666666666,0.8
bursty,shield_repair,adaptive,phi,radioml,6,300,0.9790230058352594,0.967939225845744,0.0,0.5333333333333333,1,0.0,0.178,29.29,54.27871584345344,0.4456896725019259,0.0,0.18666666666666668,0.0,0.0,0.0,0.4533333333333333,0.8
bursty,shield_repair,adaptive,phi,radioml,7,300,0.9785136271160582,0.9671326122050508,0.0,0.5933333333333334,1,0.0,0.17866666666666667,29.46,55.64705270728148,0.3851802937827249,0.0,0.20666666666666667,0.0,0.0,0.0,0.5166666666666667,0.8
bursty,shield_repair,adaptive,phi,radioml,8,300,0.9788048335937461,0.967532419233993,0.0,0.7066666666666667,1,0.0,0.168,29.566666666666666,55.099217136356486,0.2721381669270796,0.0,0.17666666666666667,0.0,0.0,0.0,0.6533333333333333,0.8
bursty,shield_repair,adaptive,phi,radioml,9,300,0.9790094153730676,0.9678845620085169,0.0,0.6533333333333333,1,0.0,0.168,29.5,55.92495252048488,0.32567608203973414,0.0,0.19666666666666666,0.0,0.0,0.0,0.5733333333333334,0.8
backhaul,heuristic,adaptive,phi,radioml,0,300,0.9538456693230326,0.9042585146641448,0.0,0.0,1,0.0,0.0,26.0,44.16666666666665,0.9538456693230326,0.0,0.0,0.0,0.0,0.0,0.0,0.8
backhaul,heuristic,adaptive,phi,radioml,1,300,0.9510319365225822,0.9030798775787902,0.0,0.0,1,0.0,0.0,26.0,44.16666666666665,0.9510319365225822,0.0,0.0,0.0,0.0,0.0,0.0,0.8
backhaul,heuristic,adaptive,phi,radioml,2,300,0.9535054681171996,0.9014900355637266,0.0,0.0,1,0.0,0.0,26.0,44.16666666666665,0.9535054681171996,0.0,0.0,0.0,0.0,0.0,0.0,0.8
backhaul,heuristic,adaptive,phi,radioml,3,300,0.9543861378973398,0.9045171843641384,0.0,0.0,1,0.0,0.0,26.0,44.16666666666665,0.9543861378973398,0.0,0.0,0.0,0.0,0.0,0.0,0.8
backhaul,heuristic,adaptive,phi,radioml,4,300,0.954018251810255,0.9044622868343632,0.0,0.0,1,0.0,0.0,26.0,44.16666666666665,0.954018251810255,0.0,0.0,0.0,0.0,0.0,0.0,0.8
backhaul,heuristic,adaptive,phi,radioml,5,300,0.9532056577287202,0.9045404868132233,0.0,0.0,1,0.0,0.0,26.0,44.16666666666665,0.9532056577287202,0.0,0.0,0.0,0.0,0.0,0.0,0.8
backhaul,heuristic,adaptive,phi,radioml,6,300,0.9533241823554571,0.9026946966059957,0.0,0.0,1,0.0,0.0,26.0,44.16666666666665,0.9533241823554571,0.0,0.0,0.0,0.0,0.0,0.0,0.8
backhaul,heuristic,adaptive,phi,radioml,7,300,0.9519306311211839,0.9029355764664247,0.0,0.0,2,0.0,0.0,26.0,44.16666666666665,0.9519306311211839,0.0,0.0,0.0,0.0,0.0,0.0,0.8
backhaul,heuristic,adaptive,phi,radioml,8,300,0.9570979711124655,0.9030639270586575,0.0,0.0,1,0.0,0.0,26.0,44.16666666666665,0.9570979711124655,0.0,0.0,0.0,0.0,0.0,0.0,0.8
backhaul,heuristic,adaptive,phi,radioml,9,300,0.95697438715328,0.9033194478400352,0.0,0.0,1,0.0,0.0,26.0,44.16666666666665,0.95697438715328,0.0,0.0,0.0,0.0,0.0,0.0,0.8
backhaul,greedy_twin,adaptive,phi,radioml,0,300,0.9486575120042972,0.8959469123010674,0.09,0.5733333333333334,2,0.0,0.0,29.39,53.73778467785247,0.3753241786709638,0.056666666666666664,0.14666666666666667,0.03666666666666667,0.0,0.0,0.4666666666666667,0.8
backhaul,greedy_twin,adaptive,phi,radioml,1,300,0.951062109637361,0.8959385201008379,0.13333333333333333,0.7633333333333333,3,0.0,0.0,29.69333333333333,59.016188198138316,0.18772877630402773,0.08333333333333333,0.17333333333333334,0.04666666666666667,0.0,0.0,0.6866666666666666,0.8
backhaul,greedy_twin,adaptive,phi,radioml,2,300,0.9492585722377537,0.8959725939444826,0.08333333333333333,0.6633333333333333,1,0.0,0.0,29.56,54.50856528347709,0.2859252389044202,0.056666666666666664,0.15666666666666668,0.03666666666666667,0.0,0.0,0.6066666666666667,0.8
backhaul,greedy_twin,adaptive,phi,radioml,3,300,0.9506812104273831,0.8958984728697827,0.09333333333333334,0.64,1,0.0,0.0,29.456666666666667,57.34310441618927,0.3106812104273831,0.06666666666666667,0.24,0.03666666666666667,0.0,0.0,0.49333333333333335,0.8
backhaul,greedy_twin,adaptive,phi,radioml,4,300,0.9501570612248997,0.8958371520548041,0.11333333333333333,0.6666666666666666,1,0.0,0.0,29.623333333333335,58.557865686335596,0.2834903945582328,0.06666666666666667,0.17666666666666667,0.04666666666666667,0.0,0.0,0.5966666666666667,0.8
backhaul,greedy_twin,adaptive,phi,radioml,5,300,0.9512891092312122,0.895931805749059,0.10666666666666667,0.7766666666666666,1,0.0,0.0,29.80666666666667,59.39967773653155,0.1746224425645456,0.05,0.26666666666666666,0.023333333333333334,0.0,0.0,0.7266666666666667,0.8
backhaul,greedy_twin,adaptive,phi,radioml,6,300,0.9498575006555211,0.8959041181055518,0.11,0.5633333333333334,2,0.0,0.0,29.23,57.515357479472705,0.38652416732218775,0.07666666666666666,0.20333333333333334,0.043333333333333335,0.0,0.0,0.39,0.8
backhaul,greedy_twin,adaptive,phi,radioml,7,300,0.9489679704197772,0.8959247542942531,0.11333333333333333,0.7533333333333333,1,0.0,0.0,29.673333333333332,56.11868041791722,0.19563463708644396,0.056666666666666664,0.16333333333333333,0.04,0.0,0.0,0.69,0.8
backhaul,greedy_twin,adaptive,phi,radioml,8,300,0.9467446442881514,0.8958753437835242,0.07333333333333333,0.6333333333333333,1,0.0,0.0,29.57,55.13404252544336,0.3134113109548179,0.043333333333333335,0.10333333333333333,0.016666666666666666,0.0,0.0,0.5666666666666667,0.8
backhaul,greedy_twin,adaptive,phi,radioml,9,300,0.9498624553052184,0.8959431362583454,0.11666666666666667,0.86,2,0.0,0.0,29.776666666666667,56.10255805238568,0.08986245530521854,0.08,0.20666666666666667,0.03333333333333333,0.0,0.0,0.7633333333333333,0.8
backhaul,shield_filter,adaptive,phi,radioml,0,300,0.9480609929139677,0.8959056398913385,0.0,0.36666666666666664,1,0.0,0.0,29.236666666666668,55.11963747180751,0.5813943262473011,0.0,0.12333333333333334,0.0,0.0,0.0,0.2733333333333333,0.8
backhaul,shield_filter,adaptive,phi,radioml,1,300,0.9504859152729173,0.895962315223012,0.0,0.5866666666666667,3,0.0,0.0,29.47,56.36130996714481,0.3638192486062506,0.0,0.12333333333333334,0.0,0.0,0.0,0.5333333333333333,0.8
backhaul,shield_filter,adaptive,phi,radioml,2,300,0.9473283811309036,0.8959303225253227,0.0,0.5466666666666666,1,0.0,0.0,29.436666666666667,55.964774638109446,0.40066171446423693,0.0,0.14,0.0,0.0,0.0,0.49,0.8
backhaul,shield_filter,adaptive,phi,radioml,3,300,0.9513687262883718,0.8959216113652123,0.0,0.5066666666666667,1,0.0,0.0,29.293333333333333,53.78292124000728,0.44470205962170517,0.0,0.19333333333333333,0.0,0.0,0.0,0.39,0.8
backhaul,shield_filter,adaptive,phi,radioml,4,300,0.9508129386630024,0.895958651790804,0.0,0.5233333333333333,1,0.0,0.0,29.37,56.303737553114715,0.42747960532966905,0.0,0.13333333333333333,0.0,0.0,0.0,0.4266666666666667,0.8
backhaul,shield_filter,adaptive,phi,radioml,5,300,0.9530445142923424,0.8959577789518666,0.0,0.55,1,0.0,0.0,29.403333333333332,56.142368482365065,0.4030445142923422,0.0,0.16333333333333333,0.0,0.0,0.0,0.47,0.8
backhaul,shield_filter,adaptive,phi,radioml,6,300,0.9524393797604602,0.8959928139994855,0.0,0.49666666666666665,2,0.0,0.0,29.19333333333333,54.0971394018279,0.4557727130937936,0.0,0.23333333333333334,0.0,0.0,0.0,0.3566666666666667,0.8
backhaul,shield_filter,adaptive,phi,radioml,7,300,0.949874051598479,0.895927264028059,0.0,0.51,1,0.0,0.0,29.32,53.70841562646667,0.43987405159847914,0.0,0.17,0.0,0.0,0.0,0.42333333333333334,0.8
backhaul,shield_filter,adaptive,phi,radioml,8,300,0.9481954527444733,0.8959196414488579,0.0,0.4666666666666667,1,0.0,0.0,29.35333333333333,55.788557621655215,0.4815287860778064,0.0,0.10666666666666667,0.0,0.0,0.0,0.3933333333333333,0.8
backhaul,shield_filter,adaptive,phi,radioml,9,300,0.9497758934516598,0.8959070016558541,0.0,0.71,1,0.0,0.0,29.513333333333332,53.964174353294695,0.23977589345165967,0.0,0.18,0.0,0.0,0.0,0.6166666666666667,0.8
backhaul,shield_repair,adaptive,phi,radioml,0,300,0.948156685883234,0.8958704580857858,0.0,0.5166666666666667,1,0.0,0.21266666666666667,29.376666666666665,55.01542701986569,0.43149001921656727,0.0,0.13666666666666666,0.0,0.0,0.0,0.44333333333333336,0.8
backhaul,shield_repair,adaptive,phi,radioml,1,300,0.9498109573430262,0.895869821109866,0.0,0.58,3,0.0,0.216,29.486666666666668,56.04553665693116,0.36981095734302616,0.0,0.15,0.0,0.0,0.0,0.5233333333333333,0.8
backhaul,shield_repair,adaptive,phi,radioml,2,300,0.9486319635298069,0.8959299432967929,0.0,0.5833333333333334,1,0.0,0.21866666666666668,29.376666666666665,55.274797097705445,0.36529863019647363,0.0,0.18666666666666668,0.0,0.0,0.0,0.47333333333333333,0.8
backhaul,shield_repair,adaptive,phi,radioml,3,300,0.9503673983076755,0.8958956031379284,0.0,0.5666666666666667,3,0.0,0.206,29.38,53.484187841525795,0.3837007316410087,0.0,0.23,0.0,0.0,0.0,0.45,0.8
backhaul,shield_repair,adaptive,phi,radioml,4,300,0.950191179329635,0.8959277362287833,0.0,0.58,2,0.0,0.21266666666666667,29.44333333333333,56.31189818232762,0.37019117932963486,0.0,0.14,0.0,0.0,0.0,0.4866666666666667,0.8
backhaul,shield_repair,adaptive,phi,radioml,5,300,0.9533071966082983,0.895935335501991,0.0,0.61,1,0.0,0.20733333333333334,29.493333333333332,56.33621200785921,0.3433071966082986,0.0,0.16666666666666666,0.0,0.0,0.0,0.5333333333333333,0.8
backhaul,shield_repair,adaptive,phi,radioml,6,300,0.9511312115051656,0.8959658943522057,0.0,0.4766666666666667,2,0.0,0.20666666666666667,29.15,53.5112737133676,0.4744645448384989,0.0,0.24333333333333335,0.0,0.0,0.0,0.31666666666666665,0.8
backhaul,shield_repair,adaptive,phi,radioml,7,300,0.9478177008023624,0.8958716821931544,0.0,0.5166666666666667,1,0.0,0.20333333333333334,29.446666666666665,55.89847586693552,0.43115103413569583,0.0,0.14,0.0,0.0,0.0,0.4633333333333333,0.8
backhaul,shield_repair,adaptive,phi,radioml,8,300,0.9475129127286652,0.8958753437835242,0.0,0.49,1,0.0,0.21266666666666667,29.363333333333333,55.779615406852365,0.45751291272866507,0.0,0.10666666666666667,0.0,0.0,0.0,0.41,0.8
backhaul,shield_repair,adaptive,phi,radioml,9,300,0.9511081471469301,0.895870893730424,0.0,0.6833333333333333,2,0.0,0.216,29.52,55.80956014037291,0.2677748138135969,0.0,0.18,0.0,0.0,0.0,0.57,0.8
compromised_xapp,heuristic,adaptive,phi,radioml,0,300,0.9923610919509129,0.9855823586424853,0.0,0.0,1,0.0,0.0,26.0,44.16666666666665,0.9923610919509129,0.0,0.0,0.0,0.0,0.0,0.0,0.8
compromised_xapp,heuristic,adaptive,phi,radioml,1,300,0.9924677737357636,0.9863495019226609,0.0,0.0,1,0.0,0.0,26.0,44.16666666666665,0.9924677737357636,0.0,0.0,0.0,0.0,0.0,0.0,0.8
compromised_xapp,heuristic,adaptive,phi,radioml,2,300,0.9923028734912643,0.9837227231092879,0.0,0.0,1,0.0,0.0,26.0,44.16666666666665,0.9923028734912643,0.0,0.0,0.0,0.0,0.0,0.0,0.8
compromised_xapp,heuristic,adaptive,phi,radioml,3,300,0.9912505714301051,0.9840410199033035,0.0,0.0,1,0.0,0.0,26.0,44.16666666666665,0.9912505714301051,0.0,0.0,0.0,0.0,0.0,0.0,0.8
compromised_xapp,heuristic,adaptive,phi,radioml,4,300,0.9922129657099936,0.9854133732250284,0.0,0.0,1,0.0,0.0,26.0,44.16666666666665,0.9922129657099936,0.0,0.0,0.0,0.0,0.0,0.0,0.8
compromised_xapp,heuristic,adaptive,phi,radioml,5,300,0.9913582971017252,0.9845856502243182,0.0,0.0,1,0.0,0.0,26.0,44.16666666666665,0.9913582971017252,0.0,0.0,0.0,0.0,0.0,0.0,0.8
compromised_xapp,heuristic,adaptive,phi,radioml,6,300,0.9923320914192012,0.9855736066467515,0.0,0.0,1,0.0,0.0,26.0,44.16666666666665,0.9923320914192012,0.0,0.0,0.0,0.0,0.0,0.0,0.8
compromised_xapp,heuristic,adaptive,phi,radioml,7,300,0.9922128790309707,0.9846601839410308,0.0,0.0,1,0.0,0.0,26.0,44.16666666666665,0.9922128790309707,0.0,0.0,0.0,0.0,0.0,0.0,0.8
compromised_xapp,heuristic,adaptive,phi,radioml,8,300,0.9916347983127803,0.9860718826144917,0.0,0.0,1,0.0,0.0,26.0,44.16666666666665,0.9916347983127803,0.0,0.0,0.0,0.0,0.0,0.0,0.8
compromised_xapp,heuristic,adaptive,phi,radioml,9,300,0.9911737388388844,0.9860742726117377,0.0,0.0,1,0.0,0.0,26.0,44.16666666666665,0.9911737388388844,0.0,0.0,0.0,0.0,0.0,0.0,0.8
compromised_xapp,greedy_twin,adaptive,phi,radioml,0,300,0.9809026170055213,0.9717458243862463,0.06666666666666667,0.8466666666666667,1,0.0,0.0,29.753333333333334,56.0304762789691,0.13423595033885458,0.043333333333333335,0.18666666666666668,0.44,0.0,0.0,0.7466666666666667,0.8
compromised_xapp,greedy_twin,adaptive,phi,radioml,1,300,0.9814915580509311,0.9724793331986343,0.06,0.8633333333333333,1,0.0,0.0,29.713333333333335,55.83758916371117,0.11815822471759774,0.03,0.15,0.3933333333333333,0.0,0.0,0.74,0.8
compromised_xapp,greedy_twin,adaptive,phi,radioml,2,300,0.9819361773457649,0.9731840626782035,0.07,0.9,1,0.0,0.0,29.8,56.60399800354648,0.08193617734576494,0.05,0.22666666666666666,0.44666666666666666,0.0,0.0,0.8133333333333334,0.8
compromised_xapp,greedy_twin,adaptive,phi,radioml,3,300,0.9818218945427013,0.9727962759061737,0.06333333333333334,0.85,1,0.0,0.0,29.68,55.819230745464566,0.13182189454270113,0.03666666666666667,0.18,0.4166666666666667,0.0,0.0,0.73,0.8
compromised_xapp,greedy_twin,adaptive,phi,radioml,4,300,0.98179340437862,0.9724942716308653,0.07666666666666666,0.88,1,0.0,0.0,29.73,58.432014763653164,0.10179340437861996,0.056666666666666664,0.22333333333333333,0.38666666666666666,0.0,0.0,0.7433333333333333,0.8
compromised_xapp,greedy_twin,adaptive,phi,radioml,5,300,0.9818888625800124,0.9731689214906241,0.06333333333333334,0.87,1,0.0,0.0,29.746666666666666,57.04783468526067,0.11188886258001242,0.043333333333333335,0.21,0.4266666666666667,0.0,0.0,0.7433333333333333,0.8
compromised_xapp,greedy_twin,adaptive,phi,radioml,6,300,0.9823309197894083,0.9729681279932928,0.08,0.7766666666666666,1,0.0,0.0,29.533333333333335,56.355174358065526,0.20566425312274175,0.06666666666666667,0.26666666666666666,0.4,0.0,0.0,0.6366666666666667,0.8
compromised_xapp,greedy_twin,adaptive,phi,radioml,7,300,0.9820331664049065,0.9730626556141884,0.05,0.8266666666666667,1,0.0,0.0,29.65,55.13162480292553,0.15536649973823974,0.04,0.19333333333333333,0.4266666666666667,0.0,0.0,0.7,0.8
compromised_xapp,greedy_twin,adaptive,phi,radioml,8,300,0.9817388588560512,0.973090238290597,0.03333333333333333,0.91,1,0.0,0.0,29.79,52.43139821757364,0.0717388588560511,0.02666666666666667,0.23333333333333334,0.43333333333333335,0.0,0.0,0.8466666666666667,0.8
compromised_xapp,greedy_twin,adaptive,phi,radioml,9,300,0.9815793489537725,0.9733507560360706,0.07,0.84,1,0.0,0.0,29.626666666666665,54.239042348121146,0.14157934895377247,0.05,0.15,0.4266666666666667,0.0,0.0,0.6633333333333333,0.8
compromised_xapp,shield_filter,adaptive,phi,radioml,0,300,0.9813529044605487,0.9731500670075778,0.0,0.78,1,0.0,0.0,29.626666666666665,56.0304762256842,0.20135290446054857,0.0,0.17666666666666667,0.42,0.0,0.0,0.6866666666666666,0.8
compromised_xapp,shield_filter,adaptive,phi,radioml,1,300,0.9814650586993973,0.9725272035501824,0.0,0.7966666666666666,1,0.0,0.0,29.606666666666666,55.465654790916005,0.18479839203273069,0.0,0.13333333333333333,0.37,0.0,0.0,0.6766666666666666,0.8
compromised_xapp,shield_filter,adaptive,phi,radioml,2,300,0.9820616398353845,0.9734639904717934,0.0,0.8633333333333333,1,0.0,0.0,29.71,55.74140113611449,0.11872830650205105,0.0,0.21333333333333335,0.43333333333333335,0.0,0.0,0.7666666666666667,0.8
compromised_xapp,shield_filter,adaptive,phi,radioml,3,300,0.9820269606235253,0.9730955367039128,0.0,0.7966666666666666,1,0.0,0.0,29.6,55.0612073758458,0.1853602939568587,0.0,0.17,0.3933333333333333,0.0,0.0,0.6466666666666666,0.8
compromised_xapp,shield_filter,adaptive,phi,radioml,4,300,0.9820575736565172,0.9726689683954921,0.0,0.8,1,0.0,0.0,29.6,55.89191778182418,0.18205757365651729,0.0,0.21333333333333335,0.3566666666666667,0.0,0.0,0.6466666666666666,0.8
compromised_xapp,shield_filter,adaptive,phi,radioml,5,300,0.9821050818884554,0.9733591474297508,0.0,0.8333333333333334,1,0.0,0.0,29.623333333333335,56.26509739472895,0.14877174855512199,0.0,0.19666666666666666,0.42,0.0,0.0,0.7,0.8
compromised_xapp,shield_filter,adaptive,phi,radioml,6,300,0.9823320021818298,0.9729681279932928,0.0,0.7666666666666667,1,0.0,0.0,29.53,56.04670601678552,0.21566533551516306,0.0,0.2633333333333333,0.39,0.0,0.0,0.6466666666666666,0.8
compromised_xapp,shield_filter,adaptive,phi,radioml,7,300,0.9820597274001744,0.9730175016984497,0.0,0.7933333333333333,1,0.0,0.0,29.59,56.2341857627692,0.1887263940668412,0.0,0.18,0.4066666666666667,0.0,0.0,0.6666666666666666,0.8
compromised_xapp,shield_filter,adaptive,phi,radioml,8,300,0.981693202913742,0.973090238290597,0.0,0.9033333333333333,1,0.0,0.0,29.78,52.43139821757364,0.07835986958040857,0.0,0.23,0.42333333333333334,0.0,0.0,0.8466666666666667,0.8
compromised_xapp,shield_filter,adaptive,phi,radioml,9,300,0.9814343289038702,0.9730702001877681,0.0,0.7933333333333333,1,0.0,0.0,29.593333333333334,54.239042100664214,0.1881009955705368,0.0,0.14333333333333334,0.4033333333333333,0.0,0.0,0.6566666666666666,0.8
compromised_xapp,shield_repair,adaptive,phi,radioml,0,300,0.9812253411496964,0.9723892969817356,0.0,0.8266666666666667,1,0.0,0.13333333333333333,29.676666666666666,56.03047620821923,0.15455867448302968,0.0,0.17666666666666667,0.4166666666666667,0.0,0.0,0.7333333333333333,0.8
compromised_xapp,shield_repair,adaptive,phi,radioml,1,300,0.9812837209943821,0.9720915317828387,0.0,0.8,1,0.0,0.14266666666666666,29.616666666666667,55.465654790916005,0.18128372099438209,0.0,0.13333333333333333,0.38333333333333336,0.0,0.0,0.6733333333333333,0.8
compromised_xapp,shield_repair,adaptive,phi,radioml,2,300,0.9819941451201324,0.9734545369569122,0.0,0.87,1,0.0,0.14933333333333335,29.72,55.53828166660826,0.11199414512013227,0.0,0.21333333333333335,0.44333333333333336,0.0,0.0,0.77,0.8
compromised_xapp,shield_repair,adaptive,phi,radioml,3,300,0.9819773811446635,0.9730849642477508,0.0,0.81,1,0.0,0.14133333333333334,29.616666666666667,54.91383821385953,0.17197738114466338,0.0,0.17,0.4033333333333333,0.0,0.0,0.6733333333333333,0.8
compromised_xapp,shield_repair,adaptive,phi,radioml,4,300,0.9820040151420198,0.9724775370475703,0.0,0.83,1,0.0,0.16333333333333333,29.63,55.89191779353407,0.15200401514201994,0.0,0.21333333333333335,0.37666666666666665,0.0,0.0,0.6833333333333333,0.8
compromised_xapp,shield_repair,adaptive,phi,radioml,5,300,0.9821069706029035,0.9728839903309425,0.0,0.8533333333333334,1,0.0,0.154,29.69333333333333,56.37329510609725,0.12877363726957022,0.0,0.19666666666666666,0.4266666666666667,0.0,0.0,0.75,0.8
compromised_xapp,shield_repair,adaptive,phi,radioml,6,300,0.9823209692057036,0.9732861843110124,0.0,0.7633333333333333,1,0.0,0.13733333333333334,29.546666666666667,55.44106794785262,0.21898763587237008,0.0,0.2633333333333333,0.3933333333333333,0.0,0.0,0.63,0.8
compromised_xapp,shield_repair,adaptive,phi,radioml,7,300,0.9819681134990383,0.973047535460421,0.0,0.82,1,0.0,0.14,29.62,54.41792061704799,0.16196811349903845,0.0,0.18,0.42,0.0,0.0,0.7,0.8
compromised_xapp,shield_repair,adaptive,phi,radioml,8,300,0.9813079544822199,0.9723381625401435,0.0,0.9033333333333333,1,0.0,0.132,29.773333333333333,52.38971677219573,0.07797462114888636,0.0,0.23,0.42333333333333334,0.0,0.0,0.8466666666666667,0.8
compromised_xapp,shield_repair,adaptive,phi,radioml,9,300,0.981500837318517,0.9731322582078202,0.0,0.8066666666666666,1,0.0,0.14333333333333334,29.613333333333333,54.23904097326798,0.17483417065185033,0.0,0.14666666666666667,0.42,0.0,0.0,0.6733333333333333,0.8
compound,heuristic,adaptive,phi,radioml,0,300,0.8768215906267791,0.30554892118214927,0.0,0.23666666666666666,2,0.0,0.0,26.0,44.16666666666665,0.6401549239601125,0.0,0.0,0.23666666666666666,0.0,0.0,0.0,0.8
compound,heuristic,adaptive,phi,radioml,1,300,0.8874678972555277,0.4388450131378622,0.0,0.22,3,0.0,0.0,26.0,44.16666666666665,0.6674678972555279,0.0,0.0,0.22,0.0,0.0,0.0,0.8
compound,heuristic,adaptive,phi,radioml,2,300,0.8903801337352957,0.7071212591380002,0.0,0.22,2,0.0,0.0,26.0,44.16666666666665,0.6703801337352955,0.0,0.0,0.22,0.0,0.0,0.0,0.8
compound,heuristic,adaptive,phi,radioml,3,300,0.8652414049243408,0.11599526453093925,0.0,0.21,4,0.0,0.0,26.0,44.16666666666665,0.6552414049243408,0.0,0.0,0.21,0.0,0.0,0.0,0.8
compound,heuristic,adaptive,phi,radioml,4,300,0.8703024780197384,0.2186958476446974,0.0,0.23666666666666666,1,0.0,0.0,26.0,44.16666666666665,0.6336358113530717,0.0,0.0,0.23666666666666666,0.0,0.0,0.0,0.8
compound,heuristic,adaptive,phi,radioml,5,300,0.870963802989057,0.13824310816056049,0.0,0.22,1,0.0,0.0,26.0,44.16666666666665,0.6509638029890568,0.0,0.0,0.22,0.0,0.0,0.0,0.8
compound,heuristic,adaptive,phi,radioml,6,300,0.8845889638059221,0.651987170189325,0.0,0.24333333333333335,1,0.0,0.0,26.0,44.16666666666665,0.6412556304725888,0.0,0.0,0.24333333333333335,0.0,0.0,0.0,0.8
compound,heuristic,adaptive,phi,radioml,7,300,0.8886914010290803,0.7061544545426612,0.0,0.23,6,0.0,0.0,26.0,44.16666666666665,0.6586914010290803,0.0,0.0,0.23,0.0,0.0,0.0,0.8
compound,heuristic,adaptive,phi,radioml,8,300,0.8660786542565347,0.14018917183966725,0.0,0.21333333333333335,2,0.0,0.0,26.0,44.16666666666665,0.6527453209232014,0.0,0.0,0.21333333333333335,0.0,0.0,0.0,0.8
compound,heuristic,adaptive,phi,radioml,9,300,0.8740676752310587,0.1014857905014363,0.0,0.2,1,0.0,0.0,26.0,44.16666666666665,0.6740676752310587,0.0,0.0,0.2,0.0,0.0,0.0,0.8
compound,greedy_twin,adaptive,phi,radioml,0,300,0.9434461519815165,0.8805090946067557,0.07,0.96,1,0.0,0.0,30.05,53.18629835383705,-0.016553848018483464,0.043333333333333335,0.29,0.5066666666666667,0.0,0.0,0.95,0.8
compound,greedy_twin,adaptive,phi,radioml,1,300,0.944959470376241,0.8845858386467742,0.056666666666666664,0.9366666666666666,2,0.0,0.0,29.89666666666667,54.78031041403398,0.008292803709574281,0.02666666666666667,0.39666666666666667,0.51,0.0,0.0,0.8666666666666667,0.8
compound,greedy_twin,adaptive,phi,radioml,2,300,0.941859766908878,0.8809303200755133,0.03666666666666667,0.94,1,0.0,0.0,30.0,55.900123555875346,0.0018597669088779155,0.02,0.18333333333333332,0.5433333333333333,0.0,0.0,0.93,0.8
compound,greedy_twin,adaptive,phi,radioml,3,300,0.9430036917455997,0.8823772421579898,0.04666666666666667,0.9466666666666667,1,0.0,0.0,29.936666666666667,56.534281042122586,-0.003662974921066852,0.03333333333333333,0.22,0.5433333333333333,0.0,0.0,0.9266666666666666,0.8
compound,greedy_twin,adaptive,phi,radioml,4,300,0.9460113995743021,0.8864754863908848,0.06333333333333334,0.9333333333333333,1,0.0,0.0,29.933333333333334,54.90960869767944,0.012678066240968958,0.03666666666666667,0.2966666666666667,0.55,0.0,0.0,0.92,0.8
compound,greedy_twin,adaptive,phi,radioml,5,300,0.9448324598026127,0.8822136080856088,0.06,0.9566666666666667,1,0.0,0.0,30.006666666666668,54.99715523808688,-0.01183420686405403,0.023333333333333334,0.31666666666666665,0.5166666666666667,0.0,0.0,0.92,0.8
compound,greedy_twin,adaptive,phi,radioml,6,300,0.9470441534360975,0.8829484433305818,0.07666666666666666,0.9166666666666666,2,0.0,0.0,29.906666666666666,57.513650143687144,0.0303774867694308,0.043333333333333335,0.19,0.51,0.0,0.0,0.9,0.8
compound,greedy_twin,adaptive,phi,radioml,7,300,0.9424372380655359,0.8816329486937918,0.07333333333333333,0.94,2,0.0,0.0,29.983333333333334,56.959222482543495,0.002437238065535977,0.043333333333333335,0.23666666666666666,0.5366666666666666,0.0,0.0,0.9133333333333333,0.8
compound,greedy_twin,adaptive,phi,radioml,8,300,0.9454748457419576,0.8831668195842383,0.05333333333333334,0.9366666666666666,1,0.0,0.0,29.94333333333333,55.672745085469174,0.008808179075290964,0.02666666666666667,0.26,0.54,0.0,0.0,0.9066666666666666,0.8
compound,greedy_twin,adaptive,phi,radioml,9,300,0.9442828810670703,0.8852783893022077,0.06333333333333334,0.9533333333333334,2,0.0,0.0,30.01,56.09358856990865,-0.009050452266262884,0.04,0.17,0.5,0.0,0.0,0.93,0.8
compound,shield_filter,adaptive,phi,radioml,0,300,0.9415846861697871,0.8817950330072025,0.0,0.9033333333333333,1,0.0,0.0,29.86,56.29428694634965,0.038251352836453645,0.0,0.24333333333333335,0.5,0.0,0.0,0.88,0.8
compound,shield_filter,adaptive,phi,radioml,1,300,0.9445837593157717,0.8798897176998686,0.0,0.88,2,0.0,0.0,29.796666666666667,54.24074402953754,0.06458375931577166,0.0,0.26,0.49,0.0,0.0,0.82,0.8
compound,shield_filter,adaptive,phi,radioml,2,300,0.9331076294074342,0.8756986117060095,0.0,0.91,1,0.0,0.0,29.903333333333332,54.705251606101,0.023107629407433983,0.0,0.23666666666666666,0.5333333333333333,0.0,0.0,0.9033333333333333,0.8
compound,shield_filter,adaptive,phi,radioml,3,300,0.9433756976009712,0.8833858594188392,0.0,0.9233333333333333,1,0.0,0.0,29.886666666666667,55.52952056701193,0.020042364267637728,0.0,0.20666666666666667,0.52,0.0,0.0,0.9,0.8
compound,shield_filter,adaptive,phi,radioml,4,300,0.9477127125127037,0.8851582019445519,0.0,0.86,1,0.0,0.0,29.84,56.26186055383776,0.08771271251270389,0.0,0.26666666666666666,0.5133333333333333,0.0,0.0,0.8466666666666667,0.8
compound,shield_filter,adaptive,phi,radioml,5,300,0.9443375334597062,0.8818593208403738,0.0,0.91,1,0.0,0.0,29.866666666666667,54.36375321345736,0.034337533459706006,0.0,0.3,0.49666666666666665,0.0,0.0,0.88,0.8
compound,shield_filter,adaptive,phi,radioml,6,300,0.941178379733893,0.8568207110310864,0.0,0.9,2,0.0,0.0,29.83,55.838359083246104,0.041178379733892836,0.0,0.23333333333333334,0.51,0.0,0.0,0.89,0.8
compound,shield_filter,adaptive,phi,radioml,7,300,0.9395398474040731,0.8812822818698128,0.0,0.9,2,0.0,0.0,29.84,49.24510139849452,0.03953984740407298,0.0,0.25,0.5033333333333333,0.0,0.0,0.8833333333333333,0.8
compound,shield_filter,adaptive,phi,radioml,8,300,0.9448101820619108,0.8831668195842383,0.0,0.93,1,0.0,0.0,29.886666666666667,54.998178602114066,0.014810182061910785,0.0,0.25,0.5466666666666666,0.0,0.0,0.9,0.8
compound,shield_filter,adaptive,phi,radioml,9,300,0.9444376455228204,0.8862932691559549,0.0,0.91,2,0.0,0.0,29.886666666666667,56.11792590911056,0.03443764552282053,0.0,0.22666666666666666,0.5166666666666667,0.0,0.0,0.89,0.8
compound,shield_repair,adaptive,phi,radioml,0,300,0.9406220060856327,0.8817950330072025,0.0,0.95,1,0.0,0.178,29.91,56.29428690936448,-0.009377993914367166,0.0,0.21333333333333335,0.51,0.0,0.0,0.9266666666666666,0.8
compound,shield_repair,adaptive,phi,radioml,1,300,0.9439966428099058,0.8835078085454976,0.0,0.8766666666666667,2,0.0,0.18133333333333335,29.836666666666666,55.88078943567288,0.06732997614323921,0.0,0.24666666666666667,0.4866666666666667,0.0,0.0,0.8466666666666667,0.8
compound,shield_repair,adaptive,phi,radioml,2,300,0.9380769243346871,0.8823003865473442,0.0,0.9133333333333333,1,0.0,0.18733333333333332,29.91,54.41759086808018,0.024743591001353805,0.0,0.21,0.5433333333333333,0.0,0.0,0.91,0.8
compound,shield_repair,adaptive,phi,radioml,3,300,0.9359027581290342,0.8736183395022248,0.0,0.9233333333333333,1,0.0,0.17733333333333334,29.916666666666668,55.495341908933604,0.012569424795701006,0.0,0.2833333333333333,0.5266666666666666,0.0,0.0,0.9133333333333333,0.8
compound,shield_repair,adaptive,phi,radioml,4,300,0.9421726209752662,0.8798656516145515,0.0,0.8733333333333333,1,0.0,0.18733333333333332,29.833333333333332,52.75634441286635,0.06883928764193291,0.0,0.21333333333333335,0.49,0.0,0.0,0.8466666666666667,0.8
compound,shield_repair,adaptive,phi,radioml,5,300,0.94436371534201,0.8822136080856088,0.0,0.9266666666666666,1,0.0,0.17866666666666667,29.893333333333334,53.37572954417416,0.01769704867534322,0.0,0.30333333333333334,0.5,0.0,0.0,0.8966666666666666,0.8
compound,shield_repair,adaptive,phi,radioml,6,300,0.9411260382518357,0.8768373923523881,0.0,0.8933333333333333,2,0.0,0.178,29.843333333333334,55.654365718702024,0.047792704918502356,0.0,0.23666666666666666,0.48333333333333334,0.0,0.0,0.88,0.8
compound,shield_repair,adaptive,phi,radioml,7,300,0.9421696130761142,0.8790912054188953,0.0,0.9233333333333333,2,0.0,0.184,29.886666666666667,55.55166298655765,0.01883627974278084,0.0,0.22333333333333333,0.53,0.0,0.0,0.89,0.8
compound,shield_repair,adaptive,phi,radioml,8,300,0.944530438168206,0.8820245115235844,0.0,0.93,1,0.0,0.17533333333333334,29.886666666666667,54.99791511008819,0.014530438168205876,0.0,0.25,0.5466666666666666,0.0,0.0,0.91,0.8
compound,shield_repair,adaptive,phi,radioml,9,300,0.944717912761162,0.886587137401583,0.0,0.9366666666666666,2,0.0,0.17666666666666667,29.916666666666668,53.5890874252968,0.008051246094495342,0.0,0.23333333333333334,0.5266666666666666,0.0,0.0,0.9233333333333333,0.8
narrowband,heuristic,adaptive,phi_plus,radioml,0,300,0.9913542178597652,0.983484823667976,0.043333333333333335,0.0,1,0.0,0.0,26.0,44.16666666666665,0.9913542178597652,0.0,0.0,0.0,0.0,0.0,0.0,0.8
narrowband,heuristic,adaptive,phi_plus,radioml,1,300,0.9912425822557731,0.9821039512736915,0.06666666666666667,0.0,1,0.0,0.0,26.0,44.16666666666665,0.9912425822557731,0.0,0.0,0.0,0.0,0.0,0.0,0.8
narrowband,heuristic,adaptive,phi_plus,radioml,2,300,0.9912070933676186,0.9823170467922866,0.06,0.0,1,0.0,0.0,26.0,44.16666666666665,0.9912070933676186,0.0,0.0,0.0,0.0,0.0,0.0,0.8
narrowband,heuristic,adaptive,phi_plus,radioml,3,300,0.9912652019648137,0.9835026010243388,0.06333333333333334,0.0,1,0.0,0.0,26.0,44.16666666666665,0.9912652019648137,0.0,0.0,0.0,0.0,0.0,0.0,0.8
narrowband,heuristic,adaptive,phi_plus,radioml,4,300,0.988311763631957,0.9840538062871245,0.06,0.0,1,0.0,0.0,26.0,44.16666666666665,0.988311763631957,0.0,0.0,0.0,0.0,0.0,0.0,0.8
narrowband,heuristic,adaptive,phi_plus,radioml,5,300,0.991180375248166,0.9818683462861629,0.06333333333333334,0.0,1,0.0,0.0,26.0,44.16666666666665,0.991180375248166,0.0,0.0,0.0,0.0,0.0,0.0,0.8
narrowband,heuristic,adaptive,phi_plus,radioml,6,300,0.9911436277255662,0.9827620076167448,0.07666666666666666,0.0,1,0.0,0.0,26.0,44.16666666666665,0.9911436277255662,0.0,0.0,0.0,0.0,0.0,0.0,0.8
narrowband,heuristic,adaptive,phi_plus,radioml,7,300,0.9913606411666486,0.9833101692239264,0.04,0.0,1,0.0,0.0,26.0,44.16666666666665,0.9913606411666486,0.0,0.0,0.0,0.0,0.0,0.0,0.8
narrowband,heuristic,adaptive,phi_plus,radioml,8,300,0.9883808680378763,0.9829731461065723,0.07333333333333333,0.0,1,0.0,0.0,26.0,44.16666666666665,0.9883808680378763,0.0,0.0,0.0,0.0,0.0,0.0,0.8
narrowband,heuristic,adaptive,phi_plus,radioml,9,300,0.9914700408515231,0.9842331258123649,0.08666666666666667,0.0,1,0.0,0.0,26.0,44.16666666666665,0.9914700408515231,0.0,0.0,0.0,0.0,0.0,0.0,0.8
narrowband,greedy_twin,adaptive,phi_plus,radioml,0,300,0.9833766278307886,0.9722061541678215,0.9866666666666667,0.44666666666666666,1,0.0,0.0,29.106666666666666,51.57260975132776,0.5367099611641218,0.04666666666666667,0.24,0.023333333333333334,0.0,0.0,0.27,0.8
narrowband,greedy_twin,adaptive,phi_plus,radioml,1,300,0.9846404651788765,0.9727861955702681,0.9866666666666667,0.43333333333333335,1,0.0,0.0,29.05,58.65240458549154,0.5513071318455431,0.02666666666666667,0.26,0.04,0.0,0.0,0.20333333333333334,0.8
narrowband,greedy_twin,adaptive,phi_plus,radioml,2,300,0.9838043925797272,0.9726891977142956,0.9866666666666667,0.3933333333333333,1,0.0,0.0,29.11,56.76223018111487,0.5904710592463939,0.03333333333333333,0.13333333333333333,0.016666666666666666,0.0,0.0,0.25666666666666665,0.8
narrowband,greedy_twin,adaptive,phi_plus,radioml,3,300,0.9842310557450648,0.9731561108299404,0.9966666666666667,0.51,1,0.0,0.0,29.28,55.384759504502036,0.4742310557450646,0.056666666666666664,0.16333333333333333,0.023333333333333334,0.0,0.0,0.38,0.8
narrowband,greedy_twin,adaptive,phi_plus,radioml,4,300,0.9845928588261118,0.9731966307855238,0.99,0.3566666666666667,1,0.0,0.0,28.94333333333333,54.55900727841514,0.6279261921594451,0.03,0.15333333333333332,0.023333333333333334,0.0,0.0,0.20333333333333334,0.8
narrowband,greedy_twin,adaptive,phi_plus,radioml,5,300,0.9820723749486323,0.9722473894871642,0.9966666666666667,0.47,1,0.0,0.0,29.19333333333333,55.78056486584971,0.5120723749486322,0.03333333333333333,0.18666666666666668,0.023333333333333334,0.0,0.0,0.34,0.8
narrowband,greedy_twin,adaptive,phi_plus,radioml,6,300,0.9843505535669239,0.9722708270132,0.9833333333333333,0.31666666666666665,1,0.0,0.0,28.79,50.587700079845305,0.6676838869002573,0.04,0.14333333333333334,0.016666666666666666,0.0,0.0,0.15333333333333332,0.8
narrowband,greedy_twin,adaptive,phi_plus,radioml,7,300,0.9842257673260761,0.9730640207547901,0.9933333333333333,0.35,1,0.0,0.0,29.03,57.747710792660115,0.634225767326076,0.03666666666666667,0.15333333333333332,0.0033333333333333335,0.0,0.0,0.24333333333333335,0.8
narrowband,greedy_twin,adaptive,phi_plus,radioml,8,300,0.9836113288779408,0.9719217506674741,0.9933333333333333,0.33,1,0.0,0.0,29.02,56.42703118613524,0.6536113288779405,0.03,0.09666666666666666,0.006666666666666667,0.0,0.0,0.25333333333333335,0.8
narrowband,greedy_twin,adaptive,phi_plus,radioml,9,300,0.98409454285456,0.9732331060158129,0.9966666666666667,0.41,1,0.0,0.0,29.19,56.46315836760362,0.57409454285456,0.06333333333333334,0.13,0.02666666666666667,0.0,0.0,0.31,0.8
narrowband,shield_filter,adaptive,phi_plus,radioml,0,300,0.7068490839690466,0.009177180159792773,0.0,0.0033333333333333335,1,0.3,0.0,23.61,39.2813112836138,0.7035157506357133,0.0,0.0,0.0,0.0,0.0033333333333333335,0.0,0.8
narrowband,shield_filter,adaptive,phi_plus,radioml,1,300,0.7408594918202535,0.01005330513278806,0.0,0.0,1,0.26,0.0,23.77,38.00458362232992,0.7408594918202535,0.0,0.0,0.0,0.0,0.0,0.0,0.8
narrowband,shield_filter,adaptive,phi_plus,radioml,2,300,0.7336778602480158,0.010164467759139754,0.0,0.0,1,0.25666666666666665,0.0,23.81,39.675232314207896,0.7336778602480158,0.0,0.0,0.0,0.0,0.0,0.0,0.8
narrowband,shield_filter,adaptive,phi_plus,radioml,3,300,0.7500704215345855,0.009677427545891036,0.0,0.0,2,0.26666666666666666,0.0,23.84,37.28696218270102,0.7500704215345855,0.0,0.0,0.0,0.0,0.0,0.0,0.8
narrowband,shield_filter,adaptive,phi_plus,radioml,4,300,0.7721060505092604,0.01001175116920731,0.0,0.0,1,0.22666666666666666,0.0,24.13,37.50337694202408,0.7721060505092604,0.0,0.0,0.0,0.0,0.0,0.0,0.8
narrowband,shield_filter,adaptive,phi_plus,radioml,5,300,0.7441055294477555,0.010729719374694587,0.0,0.0033333333333333335,1,0.2833333333333333,0.0,23.62,38.688514896461626,0.7407721961144221,0.0,0.0,0.0,0.0,0.0033333333333333335,0.0,0.8
narrowband,shield_filter,adaptive,phi_plus,radioml,6,300,0.7611354589325519,0.010803782609872496,0.0,0.0,1,0.25333333333333335,0.0,23.84,38.20927565373042,0.7611354589325519,0.0,0.0,0.0,0.0,0.0,0.0,0.8
narrowband,shield_filter,adaptive,phi_plus,radioml,7,300,0.7806395438831102,0.01064855888845117,0.0,0.0,1,0.24,0.0,23.86,36.54573445403781,0.7806395438831102,0.0,0.0,0.0,0.0,0.0,0.0,0.8
narrowband,shield_filter,adaptive,phi_plus,radioml,8,300,0.7469415526207145,0.009814243451150033,0.0,0.0,1,0.2833333333333333,0.0,23.83,38.702525679101,0.7469415526207145,0.0,0.0,0.0,0.0,0.0,0.0,0.8
narrowband,shield_filter,adaptive,phi_plus,radioml,9,300,0.751288136179039,0.010140182955470239,0.0,0.0,1,0.26,0.0,23.74,38.04825842211418,0.751288136179039,0.0,0.0,0.0,0.0,0.0,0.0,0.8
narrowband,shield_repair,adaptive,phi_plus,radioml,0,300,0.9669465900185492,0.8404967523035941,0.0,0.0,1,0.0,0.7606666666666667,24.4,41.456592584796404,0.9669465900185492,0.0,0.0,0.0,0.0,0.0,0.0,0.8
narrowband,shield_repair,adaptive,phi_plus,radioml,1,300,0.9643411277733183,0.8247053314831181,0.0,0.0,1,0.0,0.7626666666666667,24.25,37.573219040947286,0.9643411277733183,0.0,0.0,0.0,0.0,0.0,0.0,0.8
narrowband,shield_repair,adaptive,phi_plus,radioml,2,300,0.9637415112931013,0.8336865927412229,0.0,0.0,1,0.0,0.7613333333333333,24.22,37.29769684436455,0.9637415112931013,0.0,0.0,0.0,0.0,0.0,0.0,0.8
narrowband,shield_repair,adaptive,phi_plus,radioml,3,300,0.9628168751900864,0.8504237516964843,0.0,0.0,1,0.0,0.792,24.14,39.95828031001055,0.9628168751900864,0.0,0.0,0.0,0.0,0.0,0.0,0.8
narrowband,shield_repair,adaptive,phi_plus,radioml,4,300,0.9628152450907111,0.8304120037152969,0.0,0.0,1,0.0,0.766,24.26,37.68972774286627,0.9628152450907111,0.0,0.0,0.0,0.0,0.0,0.0,0.8
narrowband,shield_repair,adaptive,phi_plus,radioml,5,300,0.9595890380024381,0.8030060499979672,0.0,0.0,1,0.0,0.7873333333333333,24.16,38.3316606774532,0.9595890380024381,0.0,0.0,0.0,0.0,0.0,0.0,0.8
narrowband,shield_repair,adaptive,phi_plus,radioml,6,300,0.9623223350409243,0.8164760085919724,0.0,0.0,1,0.0,0.778,24.11,38.319194289626864,0.9623223350409243,0.0,0.0,0.0,0.0,0.0,0.0,0.8
narrowband,shield_repair,adaptive,phi_plus,radioml,7,300,0.9650481817247393,0.8354694870027328,0.0,0.0,1,0.0,0.764,24.13,39.2316600359441,0.9650481817247393,0.0,0.0,0.0,0.0,0.0,0.0,0.8
narrowband,shield_repair,adaptive,phi_plus,radioml,8,300,0.962645731624585,0.8411442181610488,0.0,0.0,1,0.0,0.7793333333333333,24.19,39.859477223067536,0.962645731624585,0.0,0.0,0.0,0.0,0.0,0.0,0.8
narrowband,shield_repair,adaptive,phi_plus,radioml,9,300,0.9691795143959626,0.8640912191826,0.0,0.0,1,0.0,0.7833333333333333,24.41,39.609945875420415,0.9691795143959626,0.0,0.0,0.0,0.0,0.0,0.0,0.8
wideband,heuristic,adaptive,phi_plus,radioml,0,300,0.7285559560987103,0.018219060042296148,0.043333333333333335,0.0,2,0.0,0.0,26.0,44.16666666666665,0.7285559560987103,0.0,0.0,0.0,0.0,0.0,0.0,0.8
wideband,heuristic,adaptive,phi_plus,radioml,1,300,0.7550729002457952,0.03414842325084496,0.06666666666666667,0.0,10,0.0,0.0,26.0,44.16666666666665,0.7550729002457952,0.0,0.0,0.0,0.0,0.0,0.0,0.8
wideband,heuristic,adaptive,phi_plus,radioml,2,300,0.7408532825124204,0.02487136858743542,0.06,0.0,6,0.0,0.0,26.0,44.16666666666665,0.7408532825124204,0.0,0.0,0.0,0.0,0.0,0.0,0.8
wideband,heuristic,adaptive,phi_plus,radioml,3,300,0.7394567468273798,0.021595597008112317,0.06333333333333334,0.0,8,0.0,0.0,26.0,44.16666666666665,0.7394567468273798,0.0,0.0,0.0,0.0,0.0,0.0,0.8
wideband,heuristic,adaptive,phi_plus,radioml,4,300,0.716675301463718,0.024398964698421288,0.06,0.0,6,0.0,0.0,26.0,44.16666666666665,0.716675301463718,0.0,0.0,0.0,0.0,0.0,0.0,0.8
wideband,heuristic,adaptive,phi_plus,radioml,5,300,0.7255548529222879,0.02007049111525383,0.06333333333333334,0.0,8,0.0,0.0,26.0,44.16666666666665,0.7255548529222879,0.0,0.0,0.0,0.0,0.0,0.0,0.8
wideband,heuristic,adaptive,phi_plus,radioml,6,300,0.7446329311163195,0.04713804364643715,0.07666666666666666,0.0,6,0.0,0.0,26.0,44.16666666666665,0.7446329311163195,0.0,0.0,0.0,0.0,0.0,0.0,0.8
wideband,heuristic,adaptive,phi_plus,radioml,7,300,0.7444874320205914,0.03790744468049807,0.04,0.0,7,0.0,0.0,26.0,44.16666666666665,0.7444874320205914,0.0,0.0,0.0,0.0,0.0,0.0,0.8
wideband,heuristic,adaptive,phi_plus,radioml,8,300,0.7255414672114623,0.021419828420610975,0.07333333333333333,0.0,1,0.0,0.0,26.0,44.16666666666665,0.7255414672114623,0.0,0.0,0.0,0.0,0.0,0.0,0.8
wideband,heuristic,adaptive,phi_plus,radioml,9,300,0.7218814622262062,0.020517819158948444,0.08666666666666667,0.0,26,0.0,0.0,26.0,44.16666666666665,0.7218814622262062,0.0,0.0,0.0,0.0,0.0,0.0,0.8
wideband,greedy_twin,adaptive,phi_plus,radioml,0,300,0.8910236934612735,0.37926336745649564,0.9933333333333333,0.91,1,0.0,0.0,29.953333333333333,56.052210496764005,-0.01897630653872639,0.06,0.10666666666666667,0.013333333333333334,0.0,0.0,0.9033333333333333,0.8
wideband,greedy_twin,adaptive,phi_plus,radioml,1,300,0.8996536635843833,0.5405866374379179,0.99,0.8333333333333334,1,0.0,0.0,30.053333333333335,54.96507375071038,0.06632033025104983,0.05333333333333334,0.29333333333333333,0.05333333333333334,0.0,0.0,0.8066666666666666,0.8
wideband,greedy_twin,adaptive,phi_plus,radioml,2,300,0.9021957058253084,0.5293893642487327,0.9933333333333333,0.9233333333333333,1,0.0,0.0,30.006666666666668,59.18626711370759,-0.02113762750802497,0.03,0.29333333333333333,0.02666666666666667,0.0,0.0,0.9066666666666666,0.8
wideband,greedy_twin,adaptive,phi_plus,radioml,3,300,0.8840605543238153,0.3911495958846231,0.9866666666666667,0.8866666666666667,1,0.0,0.0,29.97,55.371576982643596,-0.0026061123428513435,0.04,0.16,0.03,0.0,0.0,0.86,0.8
wideband,greedy_twin,adaptive,phi_plus,radioml,4,300,0.9000572667974011,0.5540042157810121,0.9933333333333333,0.8666666666666667,1,0.0,0.0,29.97,57.711770547021395,0.0333906001307342,0.056666666666666664,0.31666666666666665,0.05,0.0,0.0,0.85,0.8
wideband,greedy_twin,adaptive,phi_plus,radioml,5,300,0.8818455424924823,0.4112272424888073,1.0,0.9133333333333333,2,0.0,0.0,30.066666666666666,57.11962592443075,-0.03148779084085118,0.03,0.25,0.043333333333333335,0.0,0.0,0.8966666666666666,0.8
wideband,greedy_twin,adaptive,phi_plus,radioml,6,300,0.8978843486556358,0.49989635338480604,0.99,0.8333333333333334,1,0.0,0.0,29.776666666666667,53.84934799518505,0.0645510153223025,0.043333333333333335,0.22666666666666666,0.04,0.0,0.0,0.77,0.8
wideband,greedy_twin,adaptive,phi_plus,radioml,7,300,0.8909483063006369,0.5087942325840623,0.99,0.86,2,0.0,0.0,29.963333333333335,56.35841023208465,0.030948306300636906,0.05333333333333334,0.25333333333333335,0.03,0.0,0.0,0.8466666666666667,0.8
wideband,greedy_twin,adaptive,phi_plus,radioml,8,300,0.9162692191394143,0.6430875854367594,0.9966666666666667,0.8733333333333333,1,0.0,0.0,30.086666666666666,56.694307948068115,0.04293588580608103,0.02,0.23666666666666666,0.02666666666666667,0.0,0.0,0.8666666666666667,0.8
wideband,greedy_twin,adaptive,phi_plus,radioml,9,300,0.8855897668387887,0.4872631422986294,0.9966666666666667,0.9033333333333333,4,0.0,0.0,29.963333333333335,56.122331091105224,-0.017743566494544654,0.06,0.21,0.016666666666666666,0.0,0.0,0.8733333333333333,0.8
wideband,shield_filter,adaptive,phi_plus,radioml,0,300,0.4510687498055199,0.0024993645826187844,0.0,0.0,221,0.3333333333333333,0.0,23.43,38.554606841610365,0.4510687498055199,0.0,0.0,0.0,0.0,0.0,0.0,0.8
wideband,shield_filter,adaptive,phi_plus,radioml,1,300,0.4381091169905841,0.0021546273693757337,0.0,0.0,4,0.33,0.0,23.35,37.05809841458275,0.4381091169905841,0.0,0.0,0.0,0.0,0.0,0.0,0.8
wideband,shield_filter,adaptive,phi_plus,radioml,2,300,0.46091557733715915,0.0025905778345279252,0.0,0.0,1,0.33,0.0,23.45,40.719611817022304,0.46091557733715915,0.0,0.0,0.0,0.0,0.0,0.0,0.8
wideband,shield_filter,adaptive,phi_plus,radioml,3,300,0.45503995975093375,0.002384942127713252,0.0,0.0,221,0.32666666666666666,0.0,23.39,38.25431069382181,0.45503995975093375,0.0,0.0,0.0,0.0,0.0,0.0,0.8
wideband,shield_filter,adaptive,phi_plus,radioml,4,300,0.4202746735298032,0.0023938309871467073,0.0,0.0,66,0.37666666666666665,0.0,23.24,38.60934906082543,0.4202746735298032,0.0,0.0,0.0,0.0,0.0,0.0,0.8
wideband,shield_filter,adaptive,phi_plus,radioml,5,300,0.4354365601215833,0.002273479062442031,0.0,0.0,39,0.36666666666666664,0.0,23.14,37.026257603396125,0.4354365601215833,0.0,0.0,0.0,0.0,0.0,0.0,0.8
wideband,shield_filter,adaptive,phi_plus,radioml,6,300,0.42491962457974075,0.0018066915381300004,0.0,0.0,84,0.33666666666666667,0.0,23.18,36.142687052227615,0.42491962457974075,0.0,0.0,0.0,0.0,0.0,0.0,0.8
wideband,shield_filter,adaptive,phi_plus,radioml,7,300,0.4701233303383382,0.002400523038730484,0.0,0.0,143,0.30333333333333334,0.0,23.46,40.11552650664276,0.4701233303383382,0.0,0.0,0.0,0.0,0.0,0.0,0.8
wideband,shield_filter,adaptive,phi_plus,radioml,8,300,0.45703633995785,0.002386320548897476,0.0,0.0,1,0.3466666666666667,0.0,23.36,36.58365028456061,0.45703633995785,0.0,0.0,0.0,0.0,0.0,0.0,0.8
wideband,shield_filter,adaptive,phi_plus,radioml,9,300,0.40654718704952286,0.002437590074825431,0.0,0.0,221,0.39,0.0,23.07,39.0560782696933,0.40654718704952286,0.0,0.0,0.0,0.0,0.0,0.0,0.8
wideband,shield_repair,adaptive,phi_plus,radioml,0,300,0.5410945493258232,0.0020284412149716123,0.0,0.0,39,0.0,0.824,23.93,40.34103200550716,0.5410945493258232,0.0,0.0,0.0,0.0,0.0,0.0,0.8
wideband,shield_repair,adaptive,phi_plus,radioml,1,300,0.5524074293336977,0.0023098403550884257,0.0,0.0,31,0.0,0.8133333333333334,24.12,39.40280451161073,0.5524074293336977,0.0,0.0,0.0,0.0,0.0,0.0,0.8
wideband,shield_repair,adaptive,phi_plus,radioml,2,300,0.5447542644252074,0.0017687750722818335,0.0,0.0,33,0.0,0.798,23.8,38.869123041335484,0.5447542644252074,0.0,0.0,0.0,0.0,0.0,0.0,0.8
wideband,shield_repair,adaptive,phi_plus,radioml,3,300,0.575896873064622,0.0019182581553242083,0.0,0.0,11,0.0,0.824,23.89,39.559084407454804,0.575896873064622,0.0,0.0,0.0,0.0,0.0,0.0,0.8
wideband,shield_repair,adaptive,phi_plus,radioml,4,300,0.5755438266069614,0.001322950833541958,0.0,0.0,4,0.0,0.8113333333333334,24.06,40.677269803973175,0.5755438266069614,0.0,0.0,0.0,0.0,0.0,0.0,0.8
wideband,shield_repair,adaptive,phi_plus,radioml,5,300,0.5394550158381127,0.0013403830905085775,0.0,0.0,67,0.0,0.8146666666666667,23.89,36.35127708153067,0.5394550158381127,0.0,0.0,0.0,0.0,0.0,0.0,0.8
wideband,shield_repair,adaptive,phi_plus,radioml,6,300,0.529140993269035,0.0013085728035496765,0.0,0.0,10,0.0,0.806,23.74,40.52581097414434,0.529140993269035,0.0,0.0,0.0,0.0,0.0,0.0,0.8
wideband,shield_repair,adaptive,phi_plus,radioml,7,300,0.5332905098851404,0.00044835192185399835,0.0,0.0033333333333333335,4,0.0,0.8246666666666667,23.39,40.60373101943748,0.5299571765518071,0.0,0.0,0.0,0.0,0.0033333333333333335,0.0,0.8
wideband,shield_repair,adaptive,phi_plus,radioml,8,300,0.5627482113750233,0.0003653721767205998,0.0,0.0,14,0.0,0.8193333333333334,23.72,37.6289662499944,0.5627482113750233,0.0,0.0,0.0,0.0,0.0,0.0,0.8
wideband,shield_repair,adaptive,phi_plus,radioml,9,300,0.5558973235164143,0.0003442315563539854,0.0,0.0,18,0.0,0.82,23.65,39.91457377939453,0.5558973235164143,0.0,0.0,0.0,0.0,0.0,0.0,0.8
bursty,heuristic,adaptive,phi_plus,radioml,0,300,0.9800991985348797,0.9683869192328547,0.04,0.0,1,0.0,0.0,26.0,44.16666666666665,0.9800991985348797,0.0,0.0,0.0,0.0,0.0,0.0,0.8
bursty,heuristic,adaptive,phi_plus,radioml,1,300,0.9845914890360803,0.9697676039967161,0.08,0.0,1,0.0,0.0,26.0,44.16666666666665,0.9845914890360803,0.0,0.0,0.0,0.0,0.0,0.0,0.8
bursty,heuristic,adaptive,phi_plus,radioml,2,300,0.9837875483056787,0.9684403802209003,0.06,0.0,1,0.0,0.0,26.0,44.16666666666665,0.9837875483056787,0.0,0.0,0.0,0.0,0.0,0.0,0.8
bursty,heuristic,adaptive,phi_plus,radioml,3,300,0.9820779742195206,0.9686869402128238,0.07,0.0,1,0.0,0.0,26.0,44.16666666666665,0.9820779742195206,0.0,0.0,0.0,0.0,0.0,0.0,0.8
bursty,heuristic,adaptive,phi_plus,radioml,4,300,0.9832387597301018,0.9697237283012,0.056666666666666664,0.0,1,0.0,0.0,26.0,44.16666666666665,0.9832387597301018,0.0,0.0,0.0,0.0,0.0,0.0,0.8
bursty,heuristic,adaptive,phi_plus,radioml,5,300,0.984498684185313,0.9703916306781744,0.05333333333333334,0.0,1,0.0,0.0,26.0,44.16666666666665,0.984498684185313,0.0,0.0,0.0,0.0,0.0,0.0,0.8
bursty,heuristic,adaptive,phi_plus,radioml,6,300,0.9795871675787601,0.9664264499764915,0.07333333333333333,0.0,1,0.0,0.0,26.0,44.16666666666665,0.9795871675787601,0.0,0.0,0.0,0.0,0.0,0.0,0.8
bursty,heuristic,adaptive,phi_plus,radioml,7,300,0.9830135738747386,0.9678841560555508,0.043333333333333335,0.0,1,0.0,0.0,26.0,44.16666666666665,0.9830135738747386,0.0,0.0,0.0,0.0,0.0,0.0,0.8
bursty,heuristic,adaptive,phi_plus,radioml,8,300,0.981247115364229,0.9685880054832382,0.08333333333333333,0.0,1,0.0,0.0,26.0,44.16666666666665,0.981247115364229,0.0,0.0,0.0,0.0,0.0,0.0,0.8
bursty,heuristic,adaptive,phi_plus,radioml,9,300,0.9815446106577241,0.9676150695216018,0.06333333333333334,0.0,1,0.0,0.0,26.0,44.16666666666665,0.9815446106577241,0.0,0.0,0.0,0.0,0.0,0.0,0.8
bursty,greedy_twin,adaptive,phi_plus,radioml,0,300,0.9792087302219881,0.9700526470887434,0.9833333333333333,0.72,1,0.0,0.0,29.626666666666665,54.62408986335505,0.25920873022198804,0.07,0.25333333333333335,0.03,0.0,0.0,0.6266666666666667,0.8
bursty,greedy_twin,adaptive,phi_plus,radioml,1,300,0.9782333769645074,0.9665901143666229,0.9833333333333333,0.78,1,0.0,0.0,29.706666666666667,55.8932655035715,0.19823337696450755,0.07,0.33666666666666667,0.05333333333333334,0.0,0.0,0.66,0.8
bursty,greedy_twin,adaptive,phi_plus,radioml,2,300,0.9761759041544467,0.9653674781111028,0.9733333333333334,0.7,1,0.0,0.0,29.593333333333334,55.618866422987644,0.27617590415444654,0.06333333333333334,0.22666666666666666,0.03666666666666667,0.0,0.0,0.61,0.8
bursty,greedy_twin,adaptive,phi_plus,radioml,3,300,0.9784136005390034,0.9680829058754847,0.9866666666666667,0.81,1,0.0,0.0,29.636666666666667,56.228310649513425,0.16841360053900356,0.06333333333333334,0.35,0.03,0.0,0.0,0.68,0.8
bursty,greedy_twin,adaptive,phi_plus,radioml,4,300,0.9790957126306218,0.9696188588653242,0.9833333333333333,0.7266666666666667,1,0.0,0.0,29.653333333333332,56.57925853403432,0.2524290459639551,0.05,0.17333333333333334,0.023333333333333334,0.0,0.0,0.6466666666666666,0.8
bursty,greedy_twin,adaptive,phi_plus,radioml,5,300,0.9793099105935495,0.9674521345231516,0.99,0.7266666666666667,1,0.0,0.0,29.696666666666665,55.08308383017284,0.2526432439268829,0.06333333333333334,0.17,0.043333333333333335,0.0,0.0,0.6566666666666666,0.8
bursty,greedy_twin,adaptive,phi_plus,radioml,6,300,0.9791413087658424,0.9695005036441934,0.9733333333333334,0.7333333333333333,1,0.0,0.0,29.62,54.353054842909316,0.24580797543250915,0.09,0.25,0.06,0.0,0.0,0.6533333333333333,0.8
bursty,greedy_twin,adaptive,phi_plus,radioml,7,300,0.9790531535545798,0.9680110994872296,0.98,0.7566666666666667,1,0.0,0.0,29.64666666666667,56.21105287484699,0.2223864868879131,0.09,0.24333333333333335,0.04,0.0,0.0,0.6533333333333333,0.8
bursty,greedy_twin,adaptive,phi_plus,radioml,8,300,0.9787454199286569,0.968201218977397,0.9833333333333333,0.72,1,0.0,0.0,29.65,55.05369741662477,0.25874541992865707,0.07,0.19666666666666666,0.023333333333333334,0.0,0.0,0.6566666666666666,0.8
bursty,greedy_twin,adaptive,phi_plus,radioml,9,300,0.9785376889771811,0.9679417183102734,0.9866666666666667,0.7766666666666666,1,0.0,0.0,29.716666666666665,55.916202332573434,0.2018710223105145,0.06666666666666667,0.22666666666666666,0.04,0.0,0.0,0.6866666666666666,0.8
bursty,shield_filter,adaptive,phi_plus,radioml,0,300,0.8912853164798622,0.3026430222265067,0.0,0.0,4,0.18,0.0,23.63,40.511131348213226,0.8912853164798622,0.0,0.0,0.0,0.0,0.0,0.0,0.8
bursty,shield_filter,adaptive,phi_plus,radioml,1,300,0.8819335906276876,0.2218304488337732,0.0,0.0,1,0.17,0.0,23.4,35.94546121625642,0.8819335906276876,0.0,0.0,0.0,0.0,0.0,0.0,0.8
bursty,shield_filter,adaptive,phi_plus,radioml,2,300,0.9073981149915932,0.3543399272593987,0.0,0.0,1,0.15666666666666668,0.0,23.69,36.90104005430079,0.9073981149915932,0.0,0.0,0.0,0.0,0.0,0.0,0.8
bursty,shield_filter,adaptive,phi_plus,radioml,3,300,0.9331641652571864,0.6009231687623432,0.0,0.0,1,0.17,0.0,23.75,39.467721598316444,0.9331641652571864,0.0,0.0,0.0,0.0,0.0,0.0,0.8
bursty,shield_filter,adaptive,phi_plus,radioml,4,300,0.8873054128545516,0.3165786312753807,0.0,0.0,1,0.22,0.0,23.64,37.92621160238731,0.8873054128545516,0.0,0.0,0.0,0.0,0.0,0.0,0.8
bursty,shield_filter,adaptive,phi_plus,radioml,5,300,0.8952311186716422,0.3079968821256486,0.0,0.0,1,0.16,0.0,23.72,38.71296983731932,0.8952311186716422,0.0,0.0,0.0,0.0,0.0,0.0,0.8
bursty,shield_filter,adaptive,phi_plus,radioml,6,300,0.9057405108583858,0.39383335559949995,0.0,0.0,1,0.17666666666666667,0.0,23.65,38.89876035261565,0.9057405108583858,0.0,0.0,0.0,0.0,0.0,0.0,0.8
bursty,shield_filter,adaptive,phi_plus,radioml,7,300,0.8932389996869116,0.30734864691690084,0.0,0.0,1,0.14333333333333334,0.0,23.76,35.593740489264036,0.8932389996869116,0.0,0.0,0.0,0.0,0.0,0.0,0.8
bursty,shield_filter,adaptive,phi_plus,radioml,8,300,0.9092031859369979,0.3415030597695209,0.0,0.0,2,0.22333333333333333,0.0,23.51,38.498579014770925,0.9092031859369979,0.0,0.0,0.0,0.0,0.0,0.0,0.8
bursty,shield_filter,adaptive,phi_plus,radioml,9,300,0.9075635444359489,0.3828048522816195,0.0,0.0,1,0.2,0.0,23.54,38.71177935429546,0.9075635444359489,0.0,0.0,0.0,0.0,0.0,0.0,0.8
bursty,shield_repair,adaptive,phi_plus,radioml,0,300,0.9162357020716269,0.43561865256884336,0.0,0.0,1,0.0,0.7006666666666667,23.88,39.969947926968075,0.9162357020716269,0.0,0.0,0.0,0.0,0.0,0.0,0.8
bursty,shield_repair,adaptive,phi_plus,radioml,1,300,0.92488076379231,0.5826801867316496,0.0,0.0,1,0.0,0.716,23.78,38.19054035323101,0.92488076379231,0.0,0.0,0.0,0.0,0.0,0.0,0.8
bursty,shield_repair,adaptive,phi_plus,radioml,2,300,0.9329184688888417,0.6952025316224295,0.0,0.0,1,0.0,0.6913333333333334,23.93,38.129027924670346,0.9329184688888417,0.0,0.0,0.0,0.0,0.0,0.0,0.8
bursty,shield_repair,adaptive,phi_plus,radioml,3,300,0.9254619409060545,0.5315946997427891,0.0,0.0,1,0.0,0.7333333333333333,23.71,39.13490304313283,0.9254619409060545,0.0,0.0,0.0,0.0,0.0,0.0,0.8
bursty,shield_repair,adaptive,phi_plus,radioml,4,300,0.9170370783677534,0.43189146384823734,0.0,0.0,1,0.0,0.704,24.04,40.18575083229528,0.9170370783677534,0.0,0.0,0.0,0.0,0.0,0.0,0.8
bursty,shield_repair,adaptive,phi_plus,radioml,5,300,0.912741993114616,0.40666005950238265,0.0,0.0,4,0.0,0.7146666666666667,23.86,39.8579206232184,0.912741993114616,0.0,0.0,0.0,0.0,0.0,0.0,0.8
bursty,shield_repair,adaptive,phi_plus,radioml,6,300,0.9260782154845227,0.620500748176239,0.0,0.0,1,0.0,0.7046666666666667,23.93,38.32476608310765,0.9260782154845227,0.0,0.0,0.0,0.0,0.0,0.0,0.8
bursty,shield_repair,adaptive,phi_plus,radioml,7,300,0.9261935835994992,0.6205941946634126,0.0,0.0,1,0.0,0.7046666666666667,23.67,37.04719449109529,0.9261935835994992,0.0,0.0,0.0,0.0,0.0,0.0,0.8
bursty,shield_repair,adaptive,phi_plus,radioml,8,300,0.9331791809547788,0.6083012503624474,0.0,0.0,2,0.0,0.7313333333333333,23.85,39.664333705480765,0.9331791809547788,0.0,0.0,0.0,0.0,0.0,0.0,0.8
bursty,shield_repair,adaptive,phi_plus,radioml,9,300,0.9303566417986707,0.5634966197046297,0.0,0.0,1,0.0,0.7126666666666667,24.07,38.89889988935483,0.9303566417986707,0.0,0.0,0.0,0.0,0.0,0.0,0.8
backhaul,heuristic,adaptive,phi_plus,radioml,0,300,0.9538456693230326,0.9042585146641448,0.07333333333333333,0.0,1,0.0,0.0,26.0,44.16666666666665,0.9538456693230326,0.0,0.0,0.0,0.0,0.0,0.0,0.8
backhaul,heuristic,adaptive,phi_plus,radioml,1,300,0.9510319365225822,0.9030798775787902,0.06,0.0,1,0.0,0.0,26.0,44.16666666666665,0.9510319365225822,0.0,0.0,0.0,0.0,0.0,0.0,0.8
backhaul,heuristic,adaptive,phi_plus,radioml,2,300,0.9535054681171996,0.9014900355637266,0.05333333333333334,0.0,1,0.0,0.0,26.0,44.16666666666665,0.9535054681171996,0.0,0.0,0.0,0.0,0.0,0.0,0.8
backhaul,heuristic,adaptive,phi_plus,radioml,3,300,0.9543861378973398,0.9045171843641384,0.07,0.0,1,0.0,0.0,26.0,44.16666666666665,0.9543861378973398,0.0,0.0,0.0,0.0,0.0,0.0,0.8
backhaul,heuristic,adaptive,phi_plus,radioml,4,300,0.954018251810255,0.9044622868343632,0.07333333333333333,0.0,1,0.0,0.0,26.0,44.16666666666665,0.954018251810255,0.0,0.0,0.0,0.0,0.0,0.0,0.8
backhaul,heuristic,adaptive,phi_plus,radioml,5,300,0.9532056577287202,0.9045404868132233,0.07333333333333333,0.0,1,0.0,0.0,26.0,44.16666666666665,0.9532056577287202,0.0,0.0,0.0,0.0,0.0,0.0,0.8
backhaul,heuristic,adaptive,phi_plus,radioml,6,300,0.9533241823554571,0.9026946966059957,0.1,0.0,1,0.0,0.0,26.0,44.16666666666665,0.9533241823554571,0.0,0.0,0.0,0.0,0.0,0.0,0.8
backhaul,heuristic,adaptive,phi_plus,radioml,7,300,0.9519306311211839,0.9029355764664247,0.06333333333333334,0.0,2,0.0,0.0,26.0,44.16666666666665,0.9519306311211839,0.0,0.0,0.0,0.0,0.0,0.0,0.8
backhaul,heuristic,adaptive,phi_plus,radioml,8,300,0.9570979711124655,0.9030639270586575,0.06,0.0,1,0.0,0.0,26.0,44.16666666666665,0.9570979711124655,0.0,0.0,0.0,0.0,0.0,0.0,0.8
backhaul,heuristic,adaptive,phi_plus,radioml,9,300,0.95697438715328,0.9033194478400352,0.08333333333333333,0.0,1,0.0,0.0,26.0,44.16666666666665,0.95697438715328,0.0,0.0,0.0,0.0,0.0,0.0,0.8
backhaul,greedy_twin,adaptive,phi_plus,radioml,0,300,0.9486575120042972,0.8959469123010674,0.9833333333333333,0.5733333333333334,2,0.0,0.0,29.39,53.73778467785247,0.3753241786709638,0.056666666666666664,0.14666666666666667,0.03666666666666667,0.0,0.0,0.4666666666666667,0.8
backhaul,greedy_twin,adaptive,phi_plus,radioml,1,300,0.951062109637361,0.8959385201008379,0.9933333333333333,0.7633333333333333,3,0.0,0.0,29.69333333333333,59.016188198138316,0.18772877630402773,0.08333333333333333,0.17333333333333334,0.04666666666666667,0.0,0.0,0.6866666666666666,0.8
backhaul,greedy_twin,adaptive,phi_plus,radioml,2,300,0.9492585722377537,0.8959725939444826,0.9866666666666667,0.6633333333333333,1,0.0,0.0,29.56,54.50856528347709,0.2859252389044202,0.056666666666666664,0.15666666666666668,0.03666666666666667,0.0,0.0,0.6066666666666667,0.8
backhaul,greedy_twin,adaptive,phi_plus,radioml,3,300,0.9506812104273831,0.8958984728697827,0.98,0.64,1,0.0,0.0,29.456666666666667,57.34310441618927,0.3106812104273831,0.06666666666666667,0.24,0.03666666666666667,0.0,0.0,0.49333333333333335,0.8
backhaul,greedy_twin,adaptive,phi_plus,radioml,4,300,0.9501570612248997,0.8958371520548041,0.99,0.6666666666666666,1,0.0,0.0,29.623333333333335,58.557865686335596,0.2834903945582328,0.06666666666666667,0.17666666666666667,0.04666666666666667,0.0,0.0,0.5966666666666667,0.8
backhaul,greedy_twin,adaptive,phi_plus,radioml,5,300,0.9512891092312122,0.895931805749059,0.99,0.7766666666666666,1,0.0,0.0,29.80666666666667,59.39967773653155,0.1746224425645456,0.05,0.26666666666666666,0.023333333333333334,0.0,0.0,0.7266666666666667,0.8
backhaul,greedy_twin,adaptive,phi_plus,radioml,6,300,0.9498575006555211,0.8959041181055518,0.99,0.5633333333333334,2,0.0,0.0,29.23,57.515357479472705,0.38652416732218775,0.07666666666666666,0.20333333333333334,0.043333333333333335,0.0,0.0,0.39,0.8
backhaul,greedy_twin,adaptive,phi_plus,radioml,7,300,0.9489679704197772,0.8959247542942531,0.9866666666666667,0.7533333333333333,1,0.0,0.0,29.673333333333332,56.11868041791722,0.19563463708644396,0.056666666666666664,0.16333333333333333,0.04,0.0,0.0,0.69,0.8
backhaul,greedy_twin,adaptive,phi_plus,radioml,8,300,0.9467446442881514,0.8958753437835242,0.99,0.6333333333333333,1,0.0,0.0,29.57,55.13404252544336,0.3134113109548179,0.043333333333333335,0.10333333333333333,0.016666666666666666,0.0,0.0,0.5666666666666667,0.8
backhaul,greedy_twin,adaptive,phi_plus,radioml,9,300,0.9498624553052184,0.8959431362583454,0.9966666666666667,0.86,2,0.0,0.0,29.776666666666667,56.10255805238568,0.08986245530521854,0.08,0.20666666666666667,0.03333333333333333,0.0,0.0,0.7633333333333333,0.8
backhaul,shield_filter,adaptive,phi_plus,radioml,0,300,0.8334534384182597,0.33162945666579624,0.0,0.0,1,0.20333333333333334,0.0,23.86,39.29307069235593,0.8334534384182597,0.0,0.0,0.0,0.0,0.0,0.0,0.8
backhaul,shield_filter,adaptive,phi_plus,radioml,1,300,0.8163880621848391,0.3325878240699774,0.0,0.0,2,0.25333333333333335,0.0,23.37,35.859995230002205,0.8163880621848391,0.0,0.0,0.0,0.0,0.0,0.0,0.8
backhaul,shield_filter,adaptive,phi_plus,radioml,2,300,0.8151874934572862,0.33250224271217194,0.0,0.0,1,0.23,0.0,23.57,37.96299545151301,0.8151874934572862,0.0,0.0,0.0,0.0,0.0,0.0,0.8
backhaul,shield_filter,adaptive,phi_plus,radioml,3,300,0.8170180559848735,0.32842697738657856,0.0,0.0,1,0.2633333333333333,0.0,23.51,37.68262154804619,0.8170180559848735,0.0,0.0,0.0,0.0,0.0,0.0,0.8
backhaul,shield_filter,adaptive,phi_plus,radioml,4,300,0.8280860901027765,0.3346086017049087,0.0,0.0,1,0.27,0.0,23.53,36.137064296379556,0.8280860901027765,0.0,0.0,0.0,0.0,0.0,0.0,0.8
backhaul,shield_filter,adaptive,phi_plus,radioml,5,300,0.8102680252330478,0.3273762833364202,0.0,0.0033333333333333335,1,0.29333333333333333,0.0,23.14,37.56174495981651,0.8069346918997143,0.0,0.0033333333333333335,0.0,0.0,0.0,0.0,0.8
backhaul,shield_filter,adaptive,phi_plus,radioml,6,300,0.8332937653325213,0.3328972778657805,0.0,0.0,2,0.24,0.0,23.54,39.6822326023857,0.8332937653325213,0.0,0.0,0.0,0.0,0.0,0.0,0.8
backhaul,shield_filter,adaptive,phi_plus,radioml,7,300,0.8580890228512745,0.3364241286664791,0.0,0.0,1,0.24,0.0,23.74,35.52988218842469,0.8580890228512745,0.0,0.0,0.0,0.0,0.0,0.0,0.8
backhaul,shield_filter,adaptive,phi_plus,radioml,8,300,0.8513446824531712,0.3333169294700084,0.0,0.0,1,0.25333333333333335,0.0,23.5,36.27634451374935,0.8513446824531712,0.0,0.0,0.0,0.0,0.0,0.0,0.8
backhaul,shield_filter,adaptive,phi_plus,radioml,9,300,0.8301963149529417,0.32908297231383604,0.0,0.0,1,0.27,0.0,23.61,40.29280280498767,0.8301963149529417,0.0,0.0,0.0,0.0,0.0,0.0,0.8
backhaul,shield_repair,adaptive,phi_plus,radioml,0,300,0.9080308236112611,0.6945330904657211,0.0,0.0,2,0.0,0.762,24.39,41.28307618134647,0.9080308236112611,0.0,0.0,0.0,0.0,0.0,0.0,0.8
backhaul,shield_repair,adaptive,phi_plus,radioml,1,300,0.908791674067169,0.6805065258946068,0.0,0.0,1,0.0,0.7506666666666667,23.94,36.75719652944737,0.908791674067169,0.0,0.0,0.0,0.0,0.0,0.0,0.8
backhaul,shield_repair,adaptive,phi_plus,radioml,2,300,0.9155323830952538,0.694540642608337,0.0,0.0,1,0.0,0.746,24.02,36.0797861689274,0.9155323830952538,0.0,0.0,0.0,0.0,0.0,0.0,0.8
backhaul,shield_repair,adaptive,phi_plus,radioml,3,300,0.9098336861086347,0.6946198510036838,0.0,0.0,1,0.0,0.768,23.99,40.879696796893334,0.9098336861086347,0.0,0.0,0.0,0.0,0.0,0.0,0.8
backhaul,shield_repair,adaptive,phi_plus,radioml,4,300,0.9114077209058187,0.6945610178629008,0.0,0.0,2,0.0,0.76,24.0,39.07023049938888,0.9114077209058187,0.0,0.0,0.0,0.0,0.0,0.0,0.8
backhaul,shield_repair,adaptive,phi_plus,radioml,5,300,0.8975898348441227,0.6747481896035278,0.0,0.0,1,0.0,0.7653333333333333,24.1,38.01676488697228,0.8975898348441227,0.0,0.0,0.0,0.0,0.0,0.0,0.8
backhaul,shield_repair,adaptive,phi_plus,radioml,6,300,0.9026986832877598,0.6871273965721564,0.0,0.0,1,0.0,0.7486666666666667,24.17,40.10579183760169,0.9026986832877598,0.0,0.0,0.0,0.0,0.0,0.0,0.8
backhaul,shield_repair,adaptive,phi_plus,radioml,7,300,0.9058583511128144,0.6829066193052178,0.0,0.0,1,0.0,0.7686666666666667,23.87,38.267818577945455,0.9058583511128144,0.0,0.0,0.0,0.0,0.0,0.0,0.8
backhaul,shield_repair,adaptive,phi_plus,radioml,8,300,0.9243992417510807,0.6948201474399767,0.0,0.0,1,0.0,0.7786666666666666,24.07,38.18322502929198,0.9243992417510807,0.0,0.0,0.0,0.0,0.0,0.0,0.8
backhaul,shield_repair,adaptive,phi_plus,radioml,9,300,0.9128885059951436,0.6949386859524117,0.0,0.0,1,0.0,0.7586666666666667,24.06,38.09869180647337,0.9128885059951436,0.0,0.0,0.0,0.0,0.0,0.0,0.8
compromised_xapp,heuristic,adaptive,phi_plus,radioml,0,300,0.9923610919509129,0.9855823586424853,0.056666666666666664,0.0,1,0.0,0.0,26.0,44.16666666666665,0.9923610919509129,0.0,0.0,0.0,0.0,0.0,0.0,0.8
compromised_xapp,heuristic,adaptive,phi_plus,radioml,1,300,0.9924677737357636,0.9863495019226609,0.1,0.0,1,0.0,0.0,26.0,44.16666666666665,0.9924677737357636,0.0,0.0,0.0,0.0,0.0,0.0,0.8
compromised_xapp,heuristic,adaptive,phi_plus,radioml,2,300,0.9923028734912643,0.9837227231092879,0.05,0.0,1,0.0,0.0,26.0,44.16666666666665,0.9923028734912643,0.0,0.0,0.0,0.0,0.0,0.0,0.8
compromised_xapp,heuristic,adaptive,phi_plus,radioml,3,300,0.9912505714301051,0.9840410199033035,0.06666666666666667,0.0,1,0.0,0.0,26.0,44.16666666666665,0.9912505714301051,0.0,0.0,0.0,0.0,0.0,0.0,0.8
compromised_xapp,heuristic,adaptive,phi_plus,radioml,4,300,0.9922129657099936,0.9854133732250284,0.07,0.0,1,0.0,0.0,26.0,44.16666666666665,0.9922129657099936,0.0,0.0,0.0,0.0,0.0,0.0,0.8
compromised_xapp,heuristic,adaptive,phi_plus,radioml,5,300,0.9913582971017252,0.9845856502243182,0.06,0.0,1,0.0,0.0,26.0,44.16666666666665,0.9913582971017252,0.0,0.0,0.0,0.0,0.0,0.0,0.8
compromised_xapp,heuristic,adaptive,phi_plus,radioml,6,300,0.9923320914192012,0.9855736066467515,0.06666666666666667,0.0,1,0.0,0.0,26.0,44.16666666666665,0.9923320914192012,0.0,0.0,0.0,0.0,0.0,0.0,0.8
compromised_xapp,heuristic,adaptive,phi_plus,radioml,7,300,0.9922128790309707,0.9846601839410308,0.08333333333333333,0.0,1,0.0,0.0,26.0,44.16666666666665,0.9922128790309707,0.0,0.0,0.0,0.0,0.0,0.0,0.8
compromised_xapp,heuristic,adaptive,phi_plus,radioml,8,300,0.9916347983127803,0.9860718826144917,0.09666666666666666,0.0,1,0.0,0.0,26.0,44.16666666666665,0.9916347983127803,0.0,0.0,0.0,0.0,0.0,0.0,0.8
compromised_xapp,heuristic,adaptive,phi_plus,radioml,9,300,0.9911737388388844,0.9860742726117377,0.08666666666666667,0.0,1,0.0,0.0,26.0,44.16666666666665,0.9911737388388844,0.0,0.0,0.0,0.0,0.0,0.0,0.8
compromised_xapp,greedy_twin,adaptive,phi_plus,radioml,0,300,0.9809026170055213,0.9717458243862463,0.9966666666666667,0.8466666666666667,1,0.0,0.0,29.753333333333334,56.0304762789691,0.13423595033885458,0.043333333333333335,0.18666666666666668,0.44,0.0,0.0,0.7466666666666667,0.8
compromised_xapp,greedy_twin,adaptive,phi_plus,radioml,1,300,0.9814915580509311,0.9724793331986343,0.9966666666666667,0.8633333333333333,1,0.0,0.0,29.713333333333335,55.83758916371117,0.11815822471759774,0.03,0.15,0.3933333333333333,0.0,0.0,0.74,0.8
compromised_xapp,greedy_twin,adaptive,phi_plus,radioml,2,300,0.9819361773457649,0.9731840626782035,0.9966666666666667,0.9,1,0.0,0.0,29.8,56.60399800354648,0.08193617734576494,0.05,0.22666666666666666,0.44666666666666666,0.0,0.0,0.8133333333333334,0.8
compromised_xapp,greedy_twin,adaptive,phi_plus,radioml,3,300,0.9818218945427013,0.9727962759061737,1.0,0.85,1,0.0,0.0,29.68,55.819230745464566,0.13182189454270113,0.03666666666666667,0.18,0.4166666666666667,0.0,0.0,0.73,0.8
compromised_xapp,greedy_twin,adaptive,phi_plus,radioml,4,300,0.98179340437862,0.9724942716308653,0.9933333333333333,0.88,1,0.0,0.0,29.73,58.432014763653164,0.10179340437861996,0.056666666666666664,0.22333333333333333,0.38666666666666666,0.0,0.0,0.7433333333333333,0.8
compromised_xapp,greedy_twin,adaptive,phi_plus,radioml,5,300,0.9818888625800124,0.9731689214906241,0.9966666666666667,0.87,1,0.0,0.0,29.746666666666666,57.04783468526067,0.11188886258001242,0.043333333333333335,0.21,0.4266666666666667,0.0,0.0,0.7433333333333333,0.8
compromised_xapp,greedy_twin,adaptive,phi_plus,radioml,6,300,0.9823309197894083,0.9729681279932928,0.9933333333333333,0.7766666666666666,1,0.0,0.0,29.533333333333335,56.355174358065526,0.20566425312274175,0.06666666666666667,0.26666666666666666,0.4,0.0,0.0,0.6366666666666667,0.8
compromised_xapp,greedy_twin,adaptive,phi_plus,radioml,7,300,0.9820331664049065,0.9730626556141884,0.9933333333333333,0.8266666666666667,1,0.0,0.0,29.65,55.13162480292553,0.15536649973823974,0.04,0.19333333333333333,0.4266666666666667,0.0,0.0,0.7,0.8
compromised_xapp,greedy_twin,adaptive,phi_plus,radioml,8,300,0.9817388588560512,0.973090238290597,0.9933333333333333,0.91,1,0.0,0.0,29.79,52.43139821757364,0.0717388588560511,0.02666666666666667,0.23333333333333334,0.43333333333333335,0.0,0.0,0.8466666666666667,0.8
compromised_xapp,greedy_twin,adaptive,phi_plus,radioml,9,300,0.9815793489537725,0.9733507560360706,0.9966666666666667,0.84,1,0.0,0.0,29.626666666666665,54.239042348121146,0.14157934895377247,0.05,0.15,0.4266666666666667,0.0,0.0,0.6633333333333333,0.8
compromised_xapp,shield_filter,adaptive,phi_plus,radioml,0,300,0.568725157569499,0.19768422776244296,0.0,0.0033333333333333335,10,0.6666666666666666,0.0,21.76,40.26199528033216,0.5653918242361657,0.0,0.0033333333333333335,0.0,0.0,0.0,0.0,0.8
compromised_xapp,shield_filter,adaptive,phi_plus,radioml,1,300,0.5894603582024351,0.20746494682808428,0.0,0.0,1,0.6166666666666667,0.0,21.96,36.7489211145414,0.5894603582024351,0.0,0.0,0.0,0.0,0.0,0.0,0.8
compromised_xapp,shield_filter,adaptive,phi_plus,radioml,2,300,0.5762765054590079,0.20406497801589388,0.0,0.0033333333333333335,2,0.6533333333333333,0.0,21.74,35.355678076990976,0.5729431721256746,0.0,0.0033333333333333335,0.0,0.0,0.0,0.0,0.8
compromised_xapp,shield_filter,adaptive,phi_plus,radioml,3,300,0.5509490502174176,0.20165695392571867,0.0,0.0,1,0.7033333333333334,0.0,21.59,39.286389593158724,0.5509490502174176,0.0,0.0,0.0,0.0,0.0,0.0,0.8
compromised_xapp,shield_filter,adaptive,phi_plus,radioml,4,300,0.557839465018364,0.19022291451823237,0.0,0.0,9,0.66,0.0,21.86,40.95976609904759,0.557839465018364,0.0,0.0,0.0,0.0,0.0,0.0,0.8
compromised_xapp,shield_filter,adaptive,phi_plus,radioml,5,300,0.5757834043858284,0.2155030573710729,0.0,0.0,1,0.6633333333333333,0.0,21.74,39.01615560075133,0.5757834043858284,0.0,0.0,0.0,0.0,0.0,0.0,0.8
compromised_xapp,shield_filter,adaptive,phi_plus,radioml,6,300,0.5568755243472864,0.20830726419608478,0.0,0.0,2,0.6933333333333334,0.0,21.68,40.678455036019024,0.5568755243472864,0.0,0.0,0.0,0.0,0.0,0.0,0.8
compromised_xapp,shield_filter,adaptive,phi_plus,radioml,7,300,0.5697242262624004,0.19395236652662848,0.0,0.0033333333333333335,8,0.6833333333333333,0.0,21.63,38.483076386070245,0.5663908929290671,0.0,0.0,0.0033333333333333335,0.0,0.0,0.0,0.8
compromised_xapp,shield_filter,adaptive,phi_plus,radioml,8,300,0.5757860090408585,0.21784862430453075,0.0,0.0,5,0.68,0.0,21.72,38.15376478022912,0.5757860090408585,0.0,0.0,0.0,0.0,0.0,0.0,0.8
compromised_xapp,shield_filter,adaptive,phi_plus,radioml,9,300,0.5408114447977342,0.19034179403483723,0.0,0.0,2,0.73,0.0,21.43,36.95544826861242,0.5408114447977342,0.0,0.0,0.0,0.0,0.0,0.0,0.8
compromised_xapp,shield_repair,adaptive,phi_plus,radioml,0,300,0.9566148439917146,0.9134992865420982,0.0,0.02,1,0.0,0.92,20.44,37.91292094460301,0.9366148439917146,0.0,0.0,0.02,0.0,0.0,0.0,0.8
compromised_xapp,shield_repair,adaptive,phi_plus,radioml,1,300,0.9597222462785495,0.9197268786522024,0.0,0.043333333333333335,1,0.0,0.914,20.07,38.43660716604655,0.9163889129452162,0.0,0.0,0.043333333333333335,0.0,0.0,0.0,0.8
compromised_xapp,shield_repair,adaptive,phi_plus,radioml,2,300,0.9598436704229172,0.9032819121705029,0.0,0.05,1,0.0,0.9106666666666666,20.48,38.61094386532356,0.9098436704229171,0.0,0.0,0.05,0.0,0.0,0.0,0.8
compromised_xapp,shield_repair,adaptive,phi_plus,radioml,3,300,0.954118594540643,0.9099679075558773,0.0,0.03666666666666667,1,0.0,0.9206666666666666,20.22,40.3048692051009,0.9174519278739762,0.0,0.0,0.03666666666666667,0.0,0.0,0.0,0.8
compromised_xapp,shield_repair,adaptive,phi_plus,radioml,4,300,0.9585646606036513,0.9156494974066265,0.0,0.023333333333333334,1,0.0,0.9093333333333333,20.43,40.261179712873826,0.9352313272703181,0.0,0.0,0.023333333333333334,0.0,0.0,0.0,0.8
compromised_xapp,shield_repair,adaptive,phi_plus,radioml,5,300,0.9566902603778786,0.9224142415670961,0.0,0.03333333333333333,1,0.0,0.9086666666666666,20.41,39.545233013984166,0.9233569270445453,0.0,0.0,0.03333333333333333,0.0,0.0,0.0,0.8
compromised_xapp,shield_repair,adaptive,phi_plus,radioml,6,300,0.9592862021240706,0.9130480983730044,0.0,0.03,1,0.0,0.9046666666666666,20.37,37.896670453340036,0.9292862021240705,0.0,0.0,0.03,0.0,0.0,0.0,0.8
compromised_xapp,shield_repair,adaptive,phi_plus,radioml,7,300,0.9573222804316401,0.9224223689593173,0.0,0.03666666666666667,1,0.0,0.91,20.59,38.26906482148611,0.9206556137649735,0.0,0.0,0.03666666666666667,0.0,0.0,0.0,0.8
compromised_xapp,shield_repair,adaptive,phi_plus,radioml,8,300,0.9539903519718732,0.9148586703770314,0.0,0.04666666666666667,1,0.0,0.9186666666666666,20.03,38.744807743282166,0.9073236853052066,0.0,0.0,0.04666666666666667,0.0,0.0,0.0,0.8
compromised_xapp,shield_repair,adaptive,phi_plus,radioml,9,300,0.9590422677074351,0.9236918001311868,0.0,0.016666666666666666,1,0.0,0.9146666666666666,20.21,35.56023657197586,0.9423756010407685,0.0,0.0033333333333333335,0.013333333333333334,0.0,0.0,0.0,0.8
compound,heuristic,adaptive,phi_plus,radioml,0,300,0.8768215906267791,0.30554892118214927,0.2633333333333333,0.23666666666666666,2,0.0,0.0,26.0,44.16666666666665,0.6401549239601125,0.0,0.0,0.23666666666666666,0.0,0.0,0.0,0.8
compound,heuristic,adaptive,phi_plus,radioml,1,300,0.8874678972555277,0.4388450131378622,0.25,0.22,3,0.0,0.0,26.0,44.16666666666665,0.6674678972555279,0.0,0.0,0.22,0.0,0.0,0.0,0.8
compound,heuristic,adaptive,phi_plus,radioml,2,300,0.8903801337352957,0.7071212591380002,0.25666666666666665,0.22,2,0.0,0.0,26.0,44.16666666666665,0.6703801337352955,0.0,0.0,0.22,0.0,0.0,0.0,0.8
compound,heuristic,adaptive,phi_plus,radioml,3,300,0.8652414049243408,0.11599526453093925,0.21333333333333335,0.21,4,0.0,0.0,26.0,44.16666666666665,0.6552414049243408,0.0,0.0,0.21,0.0,0.0,0.0,0.8
compound,heuristic,adaptive,phi_plus,radioml,4,300,0.8703024780197384,0.2186958476446974,0.29333333333333333,0.23666666666666666,1,0.0,0.0,26.0,44.16666666666665,0.6336358113530717,0.0,0.0,0.23666666666666666,0.0,0.0,0.0,0.8
compound,heuristic,adaptive,phi_plus,radioml,5,300,0.870963802989057,0.13824310816056049,0.25333333333333335,0.22,1,0.0,0.0,26.0,44.16666666666665,0.6509638029890568,0.0,0.0,0.22,0.0,0.0,0.0,0.8
compound,heuristic,adaptive,phi_plus,radioml,6,300,0.8845889638059221,0.651987170189325,0.27666666666666667,0.24333333333333335,1,0.0,0.0,26.0,44.16666666666665,0.6412556304725888,0.0,0.0,0.24333333333333335,0.0,0.0,0.0,0.8
compound,heuristic,adaptive,phi_plus,radioml,7,300,0.8886914010290803,0.7061544545426612,0.25333333333333335,0.23,6,0.0,0.0,26.0,44.16666666666665,0.6586914010290803,0.0,0.0,0.23,0.0,0.0,0.0,0.8
compound,heuristic,adaptive,phi_plus,radioml,8,300,0.8660786542565347,0.14018917183966725,0.2633333333333333,0.21333333333333335,2,0.0,0.0,26.0,44.16666666666665,0.6527453209232014,0.0,0.0,0.21333333333333335,0.0,0.0,0.0,0.8
compound,heuristic,adaptive,phi_plus,radioml,9,300,0.8740676752310587,0.1014857905014363,0.22,0.2,1,0.0,0.0,26.0,44.16666666666665,0.6740676752310587,0.0,0.0,0.2,0.0,0.0,0.0,0.8
compound,greedy_twin,adaptive,phi_plus,radioml,0,300,0.9434461519815165,0.8805090946067557,0.9933333333333333,0.96,1,0.0,0.0,30.05,53.18629835383705,-0.016553848018483464,0.043333333333333335,0.29,0.5066666666666667,0.0,0.0,0.95,0.8
compound,greedy_twin,adaptive,phi_plus,radioml,1,300,0.944959470376241,0.8845858386467742,0.99,0.9366666666666666,2,0.0,0.0,29.89666666666667,54.78031041403398,0.008292803709574281,0.02666666666666667,0.39666666666666667,0.51,0.0,0.0,0.8666666666666667,0.8
compound,greedy_twin,adaptive,phi_plus,radioml,2,300,0.941859766908878,0.8809303200755133,0.9966666666666667,0.94,1,0.0,0.0,30.0,55.900123555875346,0.0018597669088779155,0.02,0.18333333333333332,0.5433333333333333,0.0,0.0,0.93,0.8
compound,greedy_twin,adaptive,phi_plus,radioml,3,300,0.9430036917455997,0.8823772421579898,1.0,0.9466666666666667,1,0.0,0.0,29.936666666666667,56.534281042122586,-0.003662974921066852,0.03333333333333333,0.22,0.5433333333333333,0.0,0.0,0.9266666666666666,0.8
compound,greedy_twin,adaptive,phi_plus,radioml,4,300,0.9460113995743021,0.8864754863908848,0.9966666666666667,0.9333333333333333,1,0.0,0.0,29.933333333333334,54.90960869767944,0.012678066240968958,0.03666666666666667,0.2966666666666667,0.55,0.0,0.0,0.92,0.8
compound,greedy_twin,adaptive,phi_plus,radioml,5,300,0.9448324598026127,0.8822136080856088,0.9966666666666667,0.9566666666666667,1,0.0,0.0,30.006666666666668,54.99715523808688,-0.01183420686405403,0.023333333333333334,0.31666666666666665,0.5166666666666667,0.0,0.0,0.92,0.8
compound,greedy_twin,adaptive,phi_plus,radioml,6,300,0.9470441534360975,0.8829484433305818,0.9966666666666667,0.9166666666666666,2,0.0,0.0,29.906666666666666,57.513650143687144,0.0303774867694308,0.043333333333333335,0.19,0.51,0.0,0.0,0.9,0.8
compound,greedy_twin,adaptive,phi_plus,radioml,7,300,0.9424372380655359,0.8816329486937918,0.9966666666666667,0.94,2,0.0,0.0,29.983333333333334,56.959222482543495,0.002437238065535977,0.043333333333333335,0.23666666666666666,0.5366666666666666,0.0,0.0,0.9133333333333333,0.8
compound,greedy_twin,adaptive,phi_plus,radioml,8,300,0.9454748457419576,0.8831668195842383,0.9966666666666667,0.9366666666666666,1,0.0,0.0,29.94333333333333,55.672745085469174,0.008808179075290964,0.02666666666666667,0.26,0.54,0.0,0.0,0.9066666666666666,0.8
compound,greedy_twin,adaptive,phi_plus,radioml,9,300,0.9442828810670703,0.8852783893022077,1.0,0.9533333333333334,2,0.0,0.0,30.01,56.09358856990865,-0.009050452266262884,0.04,0.17,0.5,0.0,0.0,0.93,0.8
compound,shield_filter,adaptive,phi_plus,radioml,0,300,0.3398745738758374,0.005952529325962623,0.0,0.016666666666666666,23,0.7033333333333334,0.0,21.5,36.1305159233291,0.32320790720917075,0.0,0.0,0.016666666666666666,0.0,0.0,0.0,0.8
compound,shield_filter,adaptive,phi_plus,radioml,1,300,0.33872037012885603,0.004564284686393642,0.0,0.0033333333333333335,6,0.69,0.0,21.48,39.40540543122539,0.33538703679552273,0.0,0.0,0.0033333333333333335,0.0,0.0,0.0,0.8
compound,shield_filter,adaptive,phi_plus,radioml,2,300,0.35175614730402266,0.005370548436175015,0.0,0.02,16,0.6833333333333333,0.0,21.52,37.097722836414995,0.3317561473040227,0.0,0.006666666666666667,0.013333333333333334,0.0,0.0,0.0,0.8
compound,shield_filter,adaptive,phi_plus,radioml,3,300,0.33002113277809986,0.004720371718481283,0.0,0.013333333333333334,39,0.7166666666666667,0.0,21.42,37.27935817504677,0.31668779944476655,0.0,0.01,0.006666666666666667,0.0,0.0,0.0,0.8
compound,shield_filter,adaptive,phi_plus,radioml,4,300,0.33656732434864345,0.005866323927871929,0.0,0.0033333333333333335,14,0.7,0.0,21.52,37.61931694781398,0.3332339910153101,0.0,0.0,0.0033333333333333335,0.0,0.0,0.0,0.8
compound,shield_filter,adaptive,phi_plus,radioml,5,300,0.3402141217028537,0.006124148393077471,0.0,0.0,11,0.6866666666666666,0.0,21.48,39.649453994637554,0.3402141217028537,0.0,0.0,0.0,0.0,0.0,0.0,0.8
compound,shield_filter,adaptive,phi_plus,radioml,6,300,0.35165647012314255,0.004985691727985157,0.0,0.0033333333333333335,35,0.6833333333333333,0.0,21.66,38.52833870146941,0.34832313678980925,0.0,0.0,0.0033333333333333335,0.0,0.0,0.0,0.8
compound,shield_filter,adaptive,phi_plus,radioml,7,300,0.3654849425092785,0.005159391168052231,0.0,0.013333333333333334,20,0.68,0.0,21.62,40.71210549660187,0.3521516091759452,0.0,0.0,0.013333333333333334,0.0,0.0,0.0,0.8
compound,shield_filter,adaptive,phi_plus,radioml,8,300,0.33609872793790035,0.005653028759416869,0.0,0.006666666666666667,12,0.7466666666666667,0.0,21.35333333333333,39.22225149238315,0.32943206127123376,0.0,0.0,0.006666666666666667,0.0,0.0,0.0,0.8
compound,shield_filter,adaptive,phi_plus,radioml,9,300,0.3327889389666211,0.004970681604385199,0.0,0.0033333333333333335,1,0.7066666666666667,0.0,21.41,36.90817828109878,0.3294556056332878,0.0,0.0,0.0033333333333333335,0.0,0.0,0.0,0.8
compound,shield_repair,adaptive,phi_plus,radioml,0,300,0.37561094257242744,0.0017459213932843798,0.0,0.03666666666666667,7,0.0,0.9226666666666666,20.88,41.88626988819218,0.3389442759057607,0.0,0.0,0.03666666666666667,0.0,0.0,0.0,0.8
compound,shield_repair,adaptive,phi_plus,radioml,1,300,0.41286227710610074,0.0012586642128974428,0.0,0.023333333333333334,8,0.0,0.9246666666666666,21.37,38.83321054745284,0.3895289437727674,0.0,0.0,0.023333333333333334,0.0,0.0,0.0,0.8
compound,shield_repair,adaptive,phi_plus,radioml,2,300,0.39029607262264426,0.0013764706389480684,0.0,0.02666666666666667,9,0.0,0.918,21.13,38.67236771760006,0.36362940595597754,0.0,0.0033333333333333335,0.023333333333333334,0.0,0.0,0.0,0.8
compound,shield_repair,adaptive,phi_plus,radioml,3,300,0.4024334713092032,0.0014153988901841107,0.0,0.013333333333333334,8,0.0,0.9313333333333333,21.12,37.6950970447493,0.3891001379758699,0.0,0.0,0.013333333333333334,0.0,0.0,0.0,0.8
compound,shield_repair,adaptive,phi_plus,radioml,4,300,0.3953496391388511,0.005346644691789187,0.0,0.03666666666666667,14,0.0,0.9146666666666666,21.32,40.09608577674164,0.35868297247218445,0.0,0.0,0.03666666666666667,0.0,0.0,0.0,0.8
compound,shield_repair,adaptive,phi_plus,radioml,5,300,0.40324915036103526,0.0026264729020263346,0.0,0.03333333333333333,18,0.0,0.9206666666666666,21.11,37.496975454520836,0.36991581702770193,0.0,0.0,0.03333333333333333,0.0,0.0,0.0,0.8
compound,shield_repair,adaptive,phi_plus,radioml,6,300,0.3818845353581306,0.002247846087111106,0.0,0.02,13,0.0,0.9193333333333333,20.9,38.69964329006649,0.3618845353581306,0.0,0.0033333333333333335,0.016666666666666666,0.0,0.0,0.0,0.8
compound,shield_repair,adaptive,phi_plus,radioml,7,300,0.4140643770076665,0.00269214139165313,0.0,0.03666666666666667,7,0.0,0.9233333333333333,21.12,39.99360974013285,0.37739771034099984,0.0,0.0033333333333333335,0.03333333333333333,0.0,0.0,0.0,0.8
compound,shield_repair,adaptive,phi_plus,radioml,8,300,0.40326506623811337,0.004593822099220607,0.0,0.05,12,0.0,0.9233333333333333,21.03,39.210727221656065,0.3532650662381134,0.0,0.0033333333333333335,0.04666666666666667,0.0,0.0,0.0,0.8
compound,shield_repair,adaptive,phi_plus,radioml,9,300,0.3757579017929518,0.002537812459864447,0.0,0.03,1,0.0,0.9313333333333333,20.84,35.62149106051058,0.34575790179295185,0.0,0.0,0.03,0.0,0.0,0.0,0.8
narrowband,heuristic,naive,phi,radioml,0,300,0.9934226737149788,0.9931569134100258,0.0,0.0,1,0.0,0.0,26.0,44.16666666666665,0.9934226737149788,0.0,0.0,0.0,0.0,0.0,0.0,1.4
narrowband,heuristic,naive,phi,radioml,1,300,0.9934067536529608,0.993073747476761,0.0,0.0,1,0.0,0.0,26.0,44.16666666666665,0.9934067536529608,0.0,0.0,0.0,0.0,0.0,0.0,1.4
narrowband,heuristic,naive,phi,radioml,2,300,0.993416345452164,0.9930872006790583,0.0,0.0,1,0.0,0.0,26.0,44.16666666666665,0.993416345452164,0.0,0.0,0.0,0.0,0.0,0.0,1.4
narrowband,heuristic,naive,phi,radioml,3,300,0.993415619227892,0.9931579096104075,0.0,0.0,1,0.0,0.0,26.0,44.16666666666665,0.993415619227892,0.0,0.0,0.0,0.0,0.0,0.0,1.4
narrowband,heuristic,naive,phi,radioml,4,300,0.9901533402387177,0.9931887007344886,0.0,0.0,1,0.0,0.0,26.0,44.16666666666665,0.9901533402387177,0.0,0.0,0.0,0.0,0.0,0.0,1.4
narrowband,heuristic,naive,phi,radioml,5,300,0.9934090867775751,0.993058830534851,0.0,0.0,1,0.0,0.0,26.0,44.16666666666665,0.9934090867775751,0.0,0.0,0.0,0.0,0.0,0.0,1.4
narrowband,heuristic,naive,phi,radioml,6,300,0.9934111015436493,0.9931144732685937,0.0,0.0,1,0.0,0.0,26.0,44.16666666666665,0.9934111015436493,0.0,0.0,0.0,0.0,0.0,0.0,1.4
narrowband,heuristic,naive,phi,radioml,7,300,0.9934225173103781,0.9931468761398515,0.0,0.0,1,0.0,0.0,26.0,44.16666666666665,0.9934225173103781,0.0,0.0,0.0,0.0,0.0,0.0,1.4
narrowband,heuristic,naive,phi,radioml,8,300,0.9901592118853549,0.9931271123206569,0.0,0.0,1,0.0,0.0,26.0,44.16666666666665,0.9901592118853549,0.0,0.0,0.0,0.0,0.0,0.0,1.4
narrowband,heuristic,naive,phi,radioml,9,300,0.993429614029936,0.9931983766705597,0.0,0.0,1,0.0,0.0,26.0,44.16666666666665,0.993429614029936,0.0,0.0,0.0,0.0,0.0,0.0,1.4
narrowband,greedy_twin,naive,phi,radioml,0,300,0.9891410460030742,0.988273188728503,0.23333333333333334,0.3,1,0.0,0.0,26.94,46.483524821936875,0.6891410460030742,0.09333333333333334,0.17333333333333334,0.08333333333333333,0.0,0.0,0.02,1.4
narrowband,greedy_twin,naive,phi,radioml,1,300,0.9918179183573297,0.9890683252980486,0.23333333333333334,0.3,1,0.0,0.0,27.19333333333333,51.12882156222396,0.6918179183573298,0.08666666666666667,0.16666666666666666,0.07,0.0,0.0,0.03,1.4
narrowband,greedy_twin,naive,phi,radioml,2,300,0.9922575244779269,0.9739999989588589,0.2733333333333333,0.4033333333333333,1,0.0,0.0,27.726666666666667,42.772300311732934,0.5889241911445937,0.09,0.22666666666666666,0.07333333333333333,0.0,0.0,0.13666666666666666,1.4
narrowband,greedy_twin,naive,phi,radioml,3,300,0.9926349685044841,0.9908690949861995,0.21,0.2633333333333333,1,0.0,0.0,27.23,49.496054100786885,0.7293016351711508,0.04666666666666667,0.17,0.05333333333333334,0.0,0.0,0.02666666666666667,1.4
narrowband,greedy_twin,naive,phi,radioml,4,300,0.9923999561574588,0.9868340280684731,0.26666666666666666,0.33,1,0.0,0.0,27.55666666666667,58.44444639565803,0.6623999561574588,0.07333333333333333,0.18666666666666668,0.10666666666666667,0.0,0.0,0.056666666666666664,1.4
narrowband,greedy_twin,naive,phi,radioml,5,300,0.9924932123874026,0.990165342896162,0.2633333333333333,0.3433333333333333,1,0.0,0.0,27.363333333333333,52.051552079825655,0.6491598790540694,0.11,0.18333333333333332,0.07,0.0,0.0,0.07,1.4
narrowband,greedy_twin,naive,phi,radioml,6,300,0.9912473023161507,0.9907494870618989,0.22333333333333333,0.28,1,0.0,0.0,27.466666666666665,45.039692416416756,0.7112473023161509,0.07666666666666666,0.17666666666666667,0.06666666666666667,0.0,0.0,0.05333333333333334,1.4
narrowband,greedy_twin,naive,phi,radioml,7,300,0.9926448398354821,0.9919509438212227,0.25666666666666665,0.36333333333333334,1,0.0,0.0,27.633333333333333,46.91419640085722,0.6293115065021487,0.06666666666666667,0.2,0.07333333333333333,0.0,0.0,0.10333333333333333,1.4
narrowband,greedy_twin,naive,phi,radioml,8,300,0.9919356793286537,0.9739999977026637,0.27,0.33666666666666667,1,0.0,0.0,27.61,42.49647692601877,0.655269012661987,0.09333333333333334,0.20333333333333334,0.07666666666666666,0.0,0.0,0.08,1.4
narrowband,greedy_twin,naive,phi,radioml,9,300,0.9922984000740085,0.973999999978688,0.2866666666666667,0.38666666666666666,1,0.0,0.0,27.88,55.21667307767785,0.6056317334073417,0.09,0.21333333333333335,0.09,0.0,0.0,0.12333333333333334,1.4
narrowband,shield_filter,naive,phi,radioml,0,300,0.9849026489066578,0.9900608047017022,0.0,0.08,1,0.0033333333333333335,0.0,26.17,39.502647045664126,0.9049026489066578,0.0,0.08,0.0,0.0,0.0,0.0,1.4
narrowband,shield_filter,naive,phi,radioml,1,300,0.9885283729975629,0.9898145337780692,0.0,0.07666666666666666,1,0.0,0.0,26.16,38.58556383150786,0.9118617063308962,0.0,0.07666666666666666,0.0,0.0,0.0,0.0,1.4
narrowband,shield_filter,naive,phi,radioml,2,300,0.9895895010413173,0.9916969444229157,0.0,0.07666666666666666,1,0.0,0.0,26.24,39.12966859288587,0.9129228343746504,0.0,0.07666666666666666,0.0,0.0,0.0,0.0,1.4
narrowband,shield_filter,naive,phi,radioml,3,300,0.9867508552578758,0.9903337387669806,0.0,0.06,1,0.0,0.0,26.03,39.82552026805508,0.9267508552578757,0.0,0.06,0.0,0.0,0.0,0.0,1.4
narrowband,shield_filter,naive,phi,radioml,4,300,0.9888062020683255,0.992082860107253,0.0,0.06,1,0.0033333333333333335,0.0,26.32,41.61050106255294,0.9288062020683255,0.0,0.06,0.0,0.0,0.0,0.0,1.4
narrowband,shield_filter,naive,phi,radioml,5,300,0.9873927212588381,0.9899290678845727,0.0,0.06666666666666667,1,0.0,0.0,26.25,39.41907707303316,0.9207260545921715,0.0,0.06666666666666667,0.0,0.0,0.0,0.0,1.4
narrowband,shield_filter,naive,phi,radioml,6,300,0.9876299080041224,0.9915126521764496,0.0,0.05,1,0.0,0.0,26.21,38.0148912811608,0.9376299080041224,0.0,0.05,0.0,0.0,0.0,0.0,1.4
narrowband,shield_filter,naive,phi,radioml,7,300,0.9887951151734219,0.991359090192013,0.0,0.08666666666666667,1,0.0033333333333333335,0.0,26.43,42.97668549843139,0.902128448506755,0.0,0.08666666666666667,0.0,0.0,0.0,0.0,1.4
narrowband,shield_filter,naive,phi,radioml,8,300,0.9876482479500782,0.9895234403498467,0.0,0.07,1,0.0,0.0,26.22,41.595603427135075,0.9176482479500783,0.0,0.07,0.0,0.0,0.0,0.0,1.4
narrowband,shield_filter,naive,phi,radioml,9,300,0.9883841604683196,0.9916647859919602,0.0,0.04,1,0.0,0.0,26.28,45.96721512542516,0.9483841604683196,0.0,0.04,0.0,0.0,0.0,0.0,1.4
narrowband,shield_repair,naive,phi,radioml,0,300,0.9893466325020411,0.9905690990297019,0.0,0.09666666666666666,1,0.0,0.3413333333333333,26.51,38.30679341467199,0.8926799658353745,0.0,0.09666666666666666,0.0,0.0,0.0,0.0,1.4
narrowband,shield_repair,naive,phi,radioml,1,300,0.992631826016952,0.9913388351438095,0.0,0.07666666666666666,1,0.0,0.362,26.43,43.54428996015488,0.9159651593502851,0.0,0.07666666666666666,0.0,0.0,0.0,0.0,1.4
narrowband,shield_repair,naive,phi,radioml,2,300,0.99238773154631,0.9897708638891871,0.0,0.07666666666666666,1,0.0,0.35533333333333333,26.59,40.78166119726757,0.9157210648796433,0.0,0.07666666666666666,0.0,0.0,0.0,0.0,1.4
narrowband,shield_repair,naive,phi,radioml,3,300,0.9923049930575675,0.9864840317003417,0.0,0.07,1,0.0,0.356,26.47,45.00550850864779,0.9223049930575674,0.0,0.07,0.0,0.0,0.0,0.0,1.4
narrowband,shield_repair,naive,phi,radioml,4,300,0.9925193758100697,0.9913567965911193,0.0,0.07666666666666666,1,0.0,0.36133333333333334,26.69,48.834979377226794,0.915852709143403,0.0,0.07666666666666666,0.0,0.0,0.0,0.0,1.4
narrowband,shield_repair,naive,phi,radioml,5,300,0.9927082749240267,0.9908541346680643,0.0,0.07,1,0.0,0.368,26.45,44.401049588568995,0.9227082749240266,0.0,0.07,0.0,0.0,0.0,0.0,1.4
narrowband,shield_repair,naive,phi,radioml,6,300,0.9925614749428614,0.9903682601838443,0.0,0.05333333333333334,1,0.0,0.33866666666666667,26.67,42.57025330291335,0.9392281416095281,0.0,0.05333333333333334,0.0,0.0,0.0,0.0,1.4
narrowband,shield_repair,naive,phi,radioml,7,300,0.9925659281808896,0.9900932902795039,0.0,0.07333333333333333,1,0.0,0.3606666666666667,26.75,46.16381215808966,0.9192325948475563,0.0,0.07333333333333333,0.0,0.0,0.0,0.0,1.4
narrowband,shield_repair,naive,phi,radioml,8,300,0.9922289233192843,0.9857137049495593,0.0,0.07666666666666666,1,0.0,0.3586666666666667,26.48,41.76135309435634,0.9155622566526176,0.0,0.07666666666666666,0.0,0.0,0.0,0.0,1.4
narrowband,shield_repair,naive,phi,radioml,9,300,0.9923238287679494,0.9879051639028493,0.0,0.06333333333333334,1,0.0,0.35733333333333334,26.74,46.87518290544092,0.9289904954346162,0.0,0.06333333333333334,0.0,0.0,0.0,0.0,1.4
wideband,heuristic,naive,phi,radioml,0,300,0.7747454234986613,0.0009369488077590337,0.0,0.0,2,0.0,0.0,26.0,44.16666666666665,0.7747454234986613,0.0,0.0,0.0,0.0,0.0,0.0,1.4
wideband,heuristic,naive,phi,radioml,1,300,0.8057528757177416,0.0029034707194747463,0.0,0.0,1,0.0,0.0,26.0,44.16666666666665,0.8057528757177416,0.0,0.0,0.0,0.0,0.0,0.0,1.4
wideband,heuristic,naive,phi,radioml,2,300,0.7848186088689609,0.0016337452393894506,0.0,0.0,2,0.0,0.0,26.0,44.16666666666665,0.7848186088689609,0.0,0.0,0.0,0.0,0.0,0.0,1.4
wideband,heuristic,naive,phi,radioml,3,300,0.7895817181544108,0.0012688805605250663,0.0,0.0,6,0.0,0.0,26.0,44.16666666666665,0.7895817181544108,0.0,0.0,0.0,0.0,0.0,0.0,1.4
wideband,heuristic,naive,phi,radioml,4,300,0.7557089348915288,0.001578815834629612,0.0,0.0,2,0.0,0.0,26.0,44.16666666666665,0.7557089348915288,0.0,0.0,0.0,0.0,0.0,0.0,1.4
wideband,heuristic,naive,phi,radioml,5,300,0.7697617901609687,0.0011133491652197548,0.0,0.0,3,0.0,0.0,26.0,44.16666666666665,0.7697617901609687,0.0,0.0,0.0,0.0,0.0,0.0,1.4
wideband,heuristic,naive,phi,radioml,6,300,0.7898510713443221,0.00519123809230173,0.0,0.0,2,0.0,0.0,26.0,44.16666666666665,0.7898510713443221,0.0,0.0,0.0,0.0,0.0,0.0,1.4
wideband,heuristic,naive,phi,radioml,7,300,0.7894661549821,0.00349138685874865,0.0,0.0,1,0.0,0.0,26.0,44.16666666666665,0.7894661549821,0.0,0.0,0.0,0.0,0.0,0.0,1.4
wideband,heuristic,naive,phi,radioml,8,300,0.7720291513098521,0.0012504872664347542,0.0,0.0,1,0.0,0.0,26.0,44.16666666666665,0.7720291513098521,0.0,0.0,0.0,0.0,0.0,0.0,1.4
wideband,heuristic,naive,phi,radioml,9,300,0.7647604510268307,0.00115802730410664,0.0,0.0,4,0.0,0.0,26.0,44.16666666666665,0.7647604510268307,0.0,0.0,0.0,0.0,0.0,0.0,1.4
wideband,greedy_twin,naive,phi,radioml,0,300,0.8670020289863388,0.021531998640798244,0.3933333333333333,0.8133333333333334,2,0.0,0.0,29.456666666666667,46.50665422525545,0.053668695653005576,0.13333333333333333,0.45,0.09666666666666666,0.0,0.0,0.6833333333333333,1.4
wideband,greedy_twin,naive,phi,radioml,1,300,0.8557405003702098,0.002053032126822096,0.39,0.7666666666666667,1,0.0,0.0,29.39666666666667,50.86216085657113,0.0890738337035432,0.12,0.43666666666666665,0.09666666666666666,0.0,0.0,0.6266666666666667,1.4
wideband,greedy_twin,naive,phi,radioml,2,300,0.8516076406823739,0.0005526162600710363,0.4033333333333333,0.7833333333333333,1,0.0,0.0,29.72,47.04588398195942,0.06827430734904048,0.10333333333333333,0.43333333333333335,0.08666666666666667,0.0,0.0,0.6533333333333333,1.4
wideband,greedy_twin,naive,phi,radioml,3,300,0.8768703919271589,0.013506394016804374,0.4033333333333333,0.7366666666666667,2,0.0,0.0,29.753333333333334,48.48786816280544,0.14020372526049224,0.09333333333333334,0.4266666666666667,0.09333333333333334,0.0,0.0,0.6366666666666667,1.4
wideband,greedy_twin,naive,phi,radioml,4,300,0.8527648603451881,0.002387476476913473,0.43,0.7466666666666667,1,0.0,0.0,29.486666666666668,58.387463231126354,0.10609819367852143,0.1,0.41,0.12333333333333334,0.0,0.0,0.6233333333333333,1.4
wideband,greedy_twin,naive,phi,radioml,5,300,0.8625856215081045,0.0021957255284858618,0.45,0.8266666666666667,4,0.0,0.0,29.84,51.91888754254709,0.03591895484143778,0.11666666666666667,0.43666666666666665,0.10333333333333333,0.0,0.0,0.6933333333333334,1.4
wideband,greedy_twin,naive,phi,radioml,6,300,0.8472843824155389,0.004306555943255751,0.41,0.7666666666666667,3,0.0,0.0,29.64,49.24604415632844,0.08061771574887229,0.11666666666666667,0.39666666666666667,0.10333333333333333,0.0,0.0033333333333333335,0.65,1.4
wideband,greedy_twin,naive,phi,radioml,7,300,0.874387794428161,0.009770830350662257,0.41333333333333333,0.7866666666666666,3,0.0,0.0,29.76,50.15376700571984,0.0877211277614942,0.11,0.42333333333333334,0.06333333333333334,0.0,0.0,0.7,1.4
wideband,greedy_twin,naive,phi,radioml,8,300,0.8849956352938616,0.02236393628313532,0.42,0.8133333333333334,1,0.0,0.0,29.983333333333334,42.50366338212262,0.07166230196052825,0.1,0.4633333333333333,0.1,0.0,0.0,0.74,1.4
wideband,greedy_twin,naive,phi,radioml,9,300,0.8692630817093396,0.004409907749297952,0.43333333333333335,0.8166666666666667,1,0.0,0.0,30.11,55.21823365146149,0.052596415042673005,0.11333333333333333,0.43333333333333335,0.11,0.0,0.0,0.7066666666666667,1.4
wideband,shield_filter,naive,phi,radioml,0,300,0.7862714589379608,0.0011454842998626232,0.0,0.21333333333333335,1,0.0033333333333333335,0.0,27.07,39.185628071712955,0.5729381256046274,0.0,0.21333333333333335,0.0,0.0,0.0,0.0,1.4
wideband,shield_filter,naive,phi,radioml,1,300,0.7754428444993748,0.000713077281931187,0.0,0.19333333333333333,2,0.0,0.0,26.99,38.5866758921024,0.5821095111660415,0.0,0.19333333333333333,0.0,0.0,0.0,0.0,1.4
wideband,shield_filter,naive,phi,radioml,2,300,0.771919704439007,0.0001989350337198371,0.0,0.14333333333333334,1,0.0,0.0,26.86,39.12665652114841,0.6285863711056737,0.0,0.14333333333333334,0.0,0.0,0.0,0.0,1.4
wideband,shield_filter,naive,phi,radioml,3,300,0.7995615662581359,0.00021503484017372209,0.0,0.16666666666666666,2,0.0033333333333333335,0.0,27.13,40.63086177912592,0.6328948995914692,0.0,0.16666666666666666,0.0,0.0,0.0,0.0,1.4
wideband,shield_filter,naive,phi,radioml,4,300,0.7814247175256394,0.0004672796893141187,0.0,0.15,1,0.0033333333333333335,0.0,26.97,41.61096901613775,0.6314247175256393,0.0,0.15,0.0,0.0,0.0,0.0,1.4
wideband,shield_filter,naive,phi,radioml,5,300,0.763521632962985,0.000521197253930065,0.0,0.13666666666666666,4,0.0,0.0,26.86,39.42097326408629,0.6268549662963183,0.0,0.13333333333333333,0.0,0.0,0.0033333333333333335,0.0,1.4
wideband,shield_filter,naive,phi,radioml,6,300,0.7623792030472081,0.0004992253563406707,0.0,0.10666666666666667,3,0.0,0.0,26.95,41.262076911996765,0.6557125363805414,0.0,0.10666666666666667,0.0,0.0,0.0,0.0,1.4
wideband,shield_filter,naive,phi,radioml,7,300,0.7879983859721643,0.0007141296021296611,0.0,0.14,5,0.0033333333333333335,0.0,27.05,42.978173259737176,0.6479983859721642,0.0,0.14,0.0,0.0,0.0033333333333333335,0.0,1.4
wideband,shield_filter,naive,phi,radioml,8,300,0.7603531606040309,0.00026345266904000776,0.0,0.15666666666666668,1,0.006666666666666667,0.0,26.87,41.595660697560334,0.6036864939373642,0.0,0.15666666666666668,0.0,0.0,0.0,0.0,1.4
wideband,shield_filter,naive,phi,radioml,9,300,0.7467155500919982,0.0004011853171352844,0.0,0.12,1,0.0033333333333333335,0.0,26.89,45.96721339503808,0.6267155500919982,0.0,0.11333333333333333,0.0,0.0,0.006666666666666667,0.0,1.4
wideband,shield_repair,naive,phi,radioml,0,300,0.8265757994237124,0.006566568059086099,0.0,0.24,2,0.0,0.362,27.55,38.323433509208826,0.5865757994237123,0.0,0.24,0.0,0.0,0.0,0.0,1.4
wideband,shield_repair,naive,phi,radioml,1,300,0.7945457755766779,0.00089324930591751,0.0,0.21333333333333335,2,0.0,0.38666666666666666,27.39,43.28346086096595,0.5812124422433445,0.0,0.21333333333333335,0.0,0.0,0.0,0.0,1.4
wideband,shield_repair,naive,phi,radioml,2,300,0.774496301290901,0.00015347263882747116,0.0,0.16333333333333333,1,0.0,0.37733333333333335,27.28,42.27822439205976,0.6111629679575677,0.0,0.16333333333333333,0.0,0.0,0.0,0.0,1.4
wideband,shield_repair,naive,phi,radioml,3,300,0.8294486786817795,0.001989303170234543,0.0,0.18333333333333332,2,0.0,0.38066666666666665,27.52,44.40064303745723,0.6461153453484462,0.0,0.18333333333333332,0.0,0.0,0.0,0.0,1.4
wideband,shield_repair,naive,phi,radioml,4,300,0.7986241944364476,0.00019029996056009222,0.0,0.16333333333333333,1,0.0,0.38533333333333336,27.4,48.74716597521832,0.6352908611031143,0.0,0.16333333333333333,0.0,0.0,0.0,0.0,1.4
wideband,shield_repair,naive,phi,radioml,5,300,0.7906055390734944,0.0005550168446436333,0.0,0.16,4,0.0,0.39266666666666666,27.34,43.18329165150815,0.6306055390734944,0.0,0.16,0.0,0.0,0.0,0.0,1.4
wideband,shield_repair,naive,phi,radioml,6,300,0.7865390051219955,0.0007161440192899474,0.0,0.13333333333333333,3,0.0,0.37466666666666665,27.46,45.87330647972762,0.6532056717886622,0.0,0.12,0.0,0.0,0.016666666666666666,0.0,1.4
wideband,shield_repair,naive,phi,radioml,7,300,0.8103387390775874,0.0007076192271617891,0.0,0.16333333333333333,3,0.0,0.38066666666666665,27.46,46.164951043759984,0.647005405744254,0.0,0.16333333333333333,0.0,0.0,0.0,0.0,1.4
wideband,shield_repair,naive,phi,radioml,8,300,0.7976376358856249,0.0011034891753864133,0.0,0.18666666666666668,1,0.0,0.38,27.4,41.59486696017053,0.6109709692189581,0.0,0.18333333333333332,0.0,0.0,0.0033333333333333335,0.0,1.4
wideband,shield_repair,naive,phi,radioml,9,300,0.7848601458852831,0.0011016077490106364,0.0,0.12666666666666668,1,0.0,0.38,27.69,47.24029470817375,0.6581934792186165,0.0,0.12333333333333334,0.0,0.0,0.0033333333333333335,0.0,1.4
bursty,heuristic,naive,phi,radioml,0,300,0.9883293268732212,0.9918201558379469,0.0,0.0,1,0.0,0.0,26.0,44.16666666666665,0.9883293268732212,0.0,0.0,0.0,0.0,0.0,0.0,1.4
bursty,heuristic,naive,phi,radioml,1,300,0.9924309423544476,0.9919801528633797,0.0,0.0,1,0.0,0.0,26.0,44.16666666666665,0.9924309423544476,0.0,0.0,0.0,0.0,0.0,0.0,1.4
bursty,heuristic,naive,phi,radioml,2,300,0.9930257007470457,0.9918263338013751,0.0,0.0,1,0.0,0.0,26.0,44.16666666666665,0.9930257007470457,0.0,0.0,0.0,0.0,0.0,0.0,1.4
bursty,heuristic,naive,phi,radioml,3,300,0.9903601718990209,0.9918553825897761,0.0,0.0,1,0.0,0.0,26.0,44.16666666666665,0.9903601718990209,0.0,0.0,0.0,0.0,0.0,0.0,1.4
bursty,heuristic,naive,phi,radioml,4,300,0.9923804539173242,0.9919750737219524,0.0,0.0,1,0.0,0.0,26.0,44.16666666666665,0.9923804539173242,0.0,0.0,0.0,0.0,0.0,0.0,1.4
bursty,heuristic,naive,phi,radioml,5,300,0.9930349353119476,0.9920493495421675,0.0,0.0,1,0.0,0.0,26.0,44.16666666666665,0.9930349353119476,0.0,0.0,0.0,0.0,0.0,0.0,1.4
bursty,heuristic,naive,phi,radioml,6,300,0.9883124368050358,0.9915803271095189,0.0,0.0,1,0.0,0.0,26.0,44.16666666666665,0.9883124368050358,0.0,0.0,0.0,0.0,0.0,0.0,1.4
bursty,heuristic,naive,phi,radioml,7,300,0.9922135542267955,0.9917600593771286,0.0,0.0,1,0.0,0.0,26.0,44.16666666666665,0.9922135542267955,0.0,0.0,0.0,0.0,0.0,0.0,1.4
bursty,heuristic,naive,phi,radioml,8,300,0.9904202651301698,0.9918438844620672,0.0,0.0,1,0.0,0.0,26.0,44.16666666666665,0.9904202651301698,0.0,0.0,0.0,0.0,0.0,0.0,1.4
bursty,heuristic,naive,phi,radioml,9,300,0.9905109458170744,0.9917273066810606,0.0,0.0,1,0.0,0.0,26.0,44.16666666666665,0.9905109458170744,0.0,0.0,0.0,0.0,0.0,0.0,1.4
bursty,greedy_twin,naive,phi,radioml,0,300,0.9885978691214745,0.973996401883241,0.33,0.37,1,0.0,0.0,27.076666666666668,47.06600709807552,0.6185978691214745,0.10333333333333333,0.20666666666666667,0.10333333333333333,0.0,0.0,0.056666666666666664,1.4
bursty,greedy_twin,naive,phi,radioml,1,300,0.9850623822551134,0.9739915590061594,0.33,0.36333333333333334,1,0.0,0.0,26.913333333333334,42.96860621472031,0.62172904892178,0.10666666666666667,0.2,0.11,0.0,0.0,0.07,1.4
bursty,greedy_twin,naive,phi,radioml,2,300,0.9842521545869293,0.9739964798969559,0.37666666666666665,0.46,1,0.0,0.0,27.673333333333332,42.319223517826806,0.5242521545869293,0.12666666666666668,0.2866666666666667,0.10333333333333333,0.0,0.0,0.13333333333333333,1.4
bursty,greedy_twin,naive,phi,radioml,3,300,0.9854659554453753,0.97399937108709,0.2833333333333333,0.32,1,0.0,0.0,26.85,48.129253334347865,0.6654659554453755,0.11,0.2,0.07666666666666666,0.0,0.0,0.05333333333333334,1.4
bursty,greedy_twin,naive,phi,radioml,4,300,0.9858426663728752,0.9739975670840642,0.3433333333333333,0.41333333333333333,1,0.0,0.0,27.363333333333333,52.62378987890356,0.5725093330395418,0.11666666666666667,0.23333333333333334,0.09666666666666666,0.0,0.0,0.12333333333333334,1.4
bursty,greedy_twin,naive,phi,radioml,5,300,0.9875127634522494,0.9739937764145915,0.38666666666666666,0.45666666666666667,1,0.0,0.0,27.64666666666667,46.29973380030892,0.5308460967855828,0.10333333333333333,0.26,0.10333333333333333,0.0,0.0,0.14,1.4
bursty,greedy_twin,naive,phi,radioml,6,300,0.9884483920242155,0.9739927000171125,0.36666666666666664,0.42,1,0.0,0.0,27.51,49.02695693056676,0.5684483920242156,0.1,0.2633333333333333,0.1,0.0,0.0,0.13666666666666666,1.4
bursty,greedy_twin,naive,phi,radioml,7,300,0.9881188466950647,0.9739775815437224,0.36666666666666664,0.4533333333333333,1,0.0,0.0,27.276666666666667,52.44529882494144,0.5347855133617313,0.09666666666666666,0.24666666666666667,0.13333333333333333,0.0,0.0,0.15333333333333332,1.4
bursty,greedy_twin,naive,phi,radioml,8,300,0.9907831532822352,0.9739996979568142,0.33,0.36333333333333334,1,0.0,0.0,27.18,49.950872111385785,0.6274498199489019,0.07666666666666666,0.24333333333333335,0.08,0.0,0.0,0.08666666666666667,1.4
bursty,greedy_twin,naive,phi,radioml,9,300,0.989610680135475,0.9739713438083506,0.33,0.38666666666666666,1,0.0,0.0,27.37,44.29650090374929,0.6029440134688083,0.08333333333333333,0.25,0.11,0.0,0.0,0.11666666666666667,1.4
bursty,shield_filter,naive,phi,radioml,0,300,0.9793958885797603,0.9730888197800606,0.0,0.013333333333333334,1,0.0,0.0,25.07,41.11148996623524,0.9660625552464269,0.0,0.013333333333333334,0.0,0.0,0.0,0.0,1.4
bursty,shield_filter,naive,phi,radioml,1,300,0.9771768252296056,0.9739139561457464,0.0,0.01,1,0.0,0.0,24.93,37.200185170615875,0.9671768252296056,0.0,0.01,0.0,0.0,0.0,0.0,1.4
bursty,shield_filter,naive,phi,radioml,2,300,0.9808215384848536,0.9749183650131509,0.0,0.023333333333333334,1,0.0033333333333333335,0.0,24.82,39.08305894812996,0.9574882051515203,0.0,0.023333333333333334,0.0,0.0,0.0,0.0,1.4
bursty,shield_filter,naive,phi,radioml,3,300,0.9789636858324525,0.9736609839865674,0.0,0.016666666666666666,1,0.0,0.0,24.8,40.55449750925904,0.9622970191657858,0.0,0.016666666666666666,0.0,0.0,0.0,0.0,1.4
bursty,shield_filter,naive,phi,radioml,4,300,0.9789335246995684,0.9739999580600462,0.0,0.016666666666666666,1,0.0,0.0,24.95,41.88517725681443,0.9622668580329018,0.0,0.016666666666666666,0.0,0.0,0.0,0.0,1.4
bursty,shield_filter,naive,phi,radioml,5,300,0.9788165096707853,0.9728221093684999,0.0,0.01,1,0.0,0.0,24.9,39.078417502150366,0.9688165096707853,0.0,0.01,0.0,0.0,0.0,0.0,1.4
bursty,shield_filter,naive,phi,radioml,6,300,0.9799382085811315,0.9739991683104744,0.0,0.016666666666666666,1,0.0033333333333333335,0.0,24.87,42.25826737728578,0.9632715419144648,0.0,0.016666666666666666,0.0,0.0,0.0,0.0,1.4
bursty,shield_filter,naive,phi,radioml,7,300,0.9806131161757932,0.973987343027418,0.0,0.013333333333333334,1,0.0033333333333333335,0.0,24.86,39.12515502674436,0.9672797828424597,0.0,0.013333333333333334,0.0,0.0,0.0,0.0,1.4
bursty,shield_filter,naive,phi,radioml,8,300,0.9842842462936607,0.9739188813410454,0.0,0.0,1,0.0033333333333333335,0.0,24.68,36.85203697845561,0.9842842462936607,0.0,0.0,0.0,0.0,0.0,0.0,1.4
bursty,shield_filter,naive,phi,radioml,9,300,0.9805411034577461,0.9736349821409738,0.0,0.013333333333333334,1,0.0,0.0,24.96,39.01377290547861,0.9672077701244128,0.0,0.013333333333333334,0.0,0.0,0.0,0.0,1.4
bursty,shield_repair,naive,phi,radioml,0,300,0.988332180294677,0.9739910669092324,0.0,0.03333333333333333,1,0.0,0.3606666666666667,25.74,47.74231695073827,0.9549988469613436,0.0,0.03333333333333333,0.0,0.0,0.0,0.0,1.4
bursty,shield_repair,naive,phi,radioml,1,300,0.9879198419484286,0.9738596809269173,0.0,0.043333333333333335,1,0.0,0.35733333333333334,25.65,43.12857134047441,0.9445865086150953,0.0,0.043333333333333335,0.0,0.0,0.0,0.0,1.4
bursty,shield_repair,naive,phi,radioml,2,300,0.9827553140389272,0.9733971261086741,0.0,0.12333333333333334,1,0.0,0.362,25.93,38.96081294548512,0.859421980705594,0.0,0.12333333333333334,0.0,0.0,0.0,0.0,1.4
bursty,shield_repair,naive,phi,radioml,3,300,0.9821794779529988,0.973838372593891,0.0,0.03666666666666667,1,0.0,0.3406666666666667,25.6,47.35770243101554,0.945512811286332,0.0,0.03666666666666667,0.0,0.0,0.0,0.0,1.4
bursty,shield_repair,naive,phi,radioml,4,300,0.9857012234863413,0.9739781812133683,0.0,0.04666666666666667,1,0.0,0.3566666666666667,25.9,47.651567004887035,0.9390345568196746,0.0,0.04666666666666667,0.0,0.0,0.0,0.0,1.4
bursty,shield_repair,naive,phi,radioml,5,300,0.987938391861652,0.9739392747688553,0.0,0.05333333333333334,1,0.0,0.382,26.05,45.68290621572131,0.9346050585283187,0.0,0.05333333333333334,0.0,0.0,0.0,0.0,1.4
bursty,shield_repair,naive,phi,radioml,6,300,0.9898353176859452,0.9739917429756086,0.0,0.05333333333333334,1,0.0,0.36333333333333334,25.67,43.25966188855684,0.9365019843526117,0.0,0.05333333333333334,0.0,0.0,0.0,0.0,1.4
bursty,shield_repair,naive,phi,radioml,7,300,0.9884125419088078,0.9739321141576229,0.0,0.03,1,0.0,0.3526666666666667,25.49,40.859708214428274,0.9584125419088078,0.0,0.03,0.0,0.0,0.0,0.0,1.4
bursty,shield_repair,naive,phi,radioml,8,300,0.9907552577495443,0.9739941232895142,0.0,0.056666666666666664,1,0.0,0.33666666666666667,25.55,41.60545960207429,0.9340885910828777,0.0,0.056666666666666664,0.0,0.0,0.0,0.0,1.4
bursty,shield_repair,naive,phi,radioml,9,300,0.9901388956666892,0.9739704836213386,0.0,0.06666666666666667,1,0.0,0.3406666666666667,25.7,40.43288437891998,0.9234722290000226,0.0,0.06666666666666667,0.0,0.0,0.0,0.0,1.4
backhaul,heuristic,naive,phi,radioml,0,300,0.9599099754176211,0.9136723686336494,0.0,0.0,1,0.0,0.0,26.0,44.16666666666665,0.9599099754176211,0.0,0.0,0.0,0.0,0.0,0.0,1.4
backhaul,heuristic,naive,phi,radioml,1,300,0.9569982926900629,0.9135986511791344,0.0,0.0,1,0.0,0.0,26.0,44.16666666666665,0.9569982926900629,0.0,0.0,0.0,0.0,0.0,0.0,1.4
backhaul,heuristic,naive,phi,radioml,2,300,0.9598793459037221,0.91348895419041,0.0,0.0,1,0.0,0.0,26.0,44.16666666666665,0.9598793459037221,0.0,0.0,0.0,0.0,0.0,0.0,1.4
backhaul,heuristic,naive,phi,radioml,3,300,0.9601831504045756,0.9136876669202157,0.0,0.0,1,0.0,0.0,26.0,44.16666666666665,0.9601831504045756,0.0,0.0,0.0,0.0,0.0,0.0,1.4
backhaul,heuristic,naive,phi,radioml,4,300,0.9599140853230106,0.9136844361304413,0.0,0.0,1,0.0,0.0,26.0,44.16666666666665,0.9599140853230106,0.0,0.0,0.0,0.0,0.0,0.0,1.4
backhaul,heuristic,naive,phi,radioml,5,300,0.9593707615685079,0.9136890291347096,0.0,0.0,1,0.0,0.0,26.0,44.16666666666665,0.9593707615685079,0.0,0.0,0.0,0.0,0.0,0.0,1.4
backhaul,heuristic,naive,phi,radioml,6,300,0.959625758316112,0.9135731507161193,0.0,0.0,1,0.0,0.0,26.0,44.16666666666665,0.959625758316112,0.0,0.0,0.0,0.0,0.0,0.0,1.4
backhaul,heuristic,naive,phi,radioml,7,300,0.9580504382666133,0.9135891335643875,0.0,0.0,1,0.0,0.0,26.0,44.16666666666665,0.9580504382666133,0.0,0.0,0.0,0.0,0.0,0.0,1.4
backhaul,heuristic,naive,phi,radioml,8,300,0.9630834181270156,0.9135976136248508,0.0,0.0,1,0.0,0.0,26.0,44.16666666666665,0.9630834181270156,0.0,0.0,0.0,0.0,0.0,0.0,1.4
backhaul,heuristic,naive,phi,radioml,9,300,0.9630814859996271,0.9136141690904508,0.0,0.0,1,0.0,0.0,26.0,44.16666666666665,0.9630814859996271,0.0,0.0,0.0,0.0,0.0,0.0,1.4
backhaul,greedy_twin,naive,phi,radioml,0,300,0.9603652314933193,0.9139713676968841,0.29,0.4166666666666667,1,0.0,0.0,27.593333333333334,46.98955005812606,0.5436985648266527,0.08,0.2833333333333333,0.10333333333333333,0.0,0.0,0.04666666666666667,1.4
backhaul,greedy_twin,naive,phi,radioml,1,300,0.9586676685430416,0.9139682719957659,0.2866666666666667,0.35,1,0.0,0.0,27.22,43.59327810193653,0.6086676685430416,0.11,0.18333333333333332,0.08,0.0,0.0,0.1,1.4
backhaul,greedy_twin,naive,phi,radioml,2,300,0.9578094332962401,0.9139730050472312,0.29333333333333333,0.37666666666666665,1,0.0,0.0,27.19333333333333,47.414187731526034,0.5811427666295734,0.10666666666666667,0.21,0.11,0.0,0.0,0.056666666666666664,1.4
backhaul,greedy_twin,naive,phi,radioml,3,300,0.958330250430026,0.9139715446612671,0.2966666666666667,0.37,1,0.0,0.0,27.366666666666667,49.72245742489761,0.588330250430026,0.07333333333333333,0.24,0.11333333333333333,0.0,0.0,0.04666666666666667,1.4
backhaul,greedy_twin,naive,phi,radioml,4,300,0.9574195326129705,0.9139700463746715,0.3433333333333333,0.4266666666666667,1,0.0,0.0,27.69,54.91405293516416,0.5307528659463039,0.09,0.24,0.14333333333333334,0.0,0.0,0.10333333333333333,1.4
backhaul,greedy_twin,naive,phi,radioml,5,300,0.956134746633438,0.9139636565081565,0.2966666666666667,0.38,1,0.0,0.0,27.413333333333334,44.01257274122138,0.5761347466334379,0.11333333333333333,0.19666666666666666,0.1,0.0,0.0,0.1,1.4
backhaul,greedy_twin,naive,phi,radioml,6,300,0.9597135185908566,0.9139761435843603,0.29333333333333333,0.41,1,0.0,0.0,27.58,46.965832537166996,0.5497135185908567,0.09,0.22,0.09666666666666666,0.0,0.0,0.14333333333333334,1.4
backhaul,greedy_twin,naive,phi,radioml,7,300,0.9583217783363367,0.9139715934430852,0.3333333333333333,0.4033333333333333,1,0.0,0.0,27.596666666666668,51.386214237961916,0.5549884450030033,0.10333333333333333,0.22333333333333333,0.10666666666666667,0.0,0.0,0.07333333333333333,1.4
backhaul,greedy_twin,naive,phi,radioml,8,300,0.9555301403593853,0.9139701041713555,0.33,0.4166666666666667,1,0.0,0.0,27.75,49.97306482405589,0.5388634736927187,0.10666666666666667,0.25333333333333335,0.12,0.0,0.0,0.12333333333333334,1.4
backhaul,greedy_twin,naive,phi,radioml,9,300,0.9599503063114827,0.9139725309396357,0.3,0.4033333333333333,1,0.0,0.0,27.776666666666667,51.267911408116696,0.5566169729781494,0.07666666666666666,0.27,0.08333333333333333,0.0,0.0,0.11,1.4
backhaul,shield_filter,naive,phi,radioml,0,300,0.9472597520740534,0.913945178889667,0.0,0.12,1,0.006666666666666667,0.0,25.73,36.93662681239473,0.8272597520740534,0.0,0.12,0.0,0.0,0.0,0.0,1.4
backhaul,shield_filter,naive,phi,radioml,1,300,0.9472288297640443,0.9139494019455695,0.0,0.04,1,0.016666666666666666,0.0,25.66,38.40406186449027,0.9072288297640444,0.0,0.04,0.0,0.0,0.0,0.0,1.4
backhaul,shield_filter,naive,phi,radioml,2,300,0.950200637584813,0.9139601530136695,0.0,0.07333333333333333,1,0.006666666666666667,0.0,25.71,40.221021427119986,0.8768673042514795,0.0,0.07333333333333333,0.0,0.0,0.0,0.0,1.4
backhaul,shield_filter,naive,phi,radioml,3,300,0.9503351495792868,0.9139574350857271,0.0,0.07333333333333333,1,0.006666666666666667,0.0,25.57,41.273955681256155,0.8770018162459534,0.0,0.07333333333333333,0.0,0.0,0.0,0.0,1.4
backhaul,shield_filter,naive,phi,radioml,4,300,0.9517147234532187,0.9139258605464733,0.0,0.056666666666666664,1,0.0,0.0,25.8,42.13774723770843,0.895048056786552,0.0,0.056666666666666664,0.0,0.0,0.0,0.0,1.4
backhaul,shield_filter,naive,phi,radioml,5,300,0.9463411372750367,0.912654696971192,0.0,0.04,1,0.006666666666666667,0.0,25.72,40.257099022398826,0.9063411372750367,0.0,0.04,0.0,0.0,0.0,0.0,1.4
backhaul,shield_filter,naive,phi,radioml,6,300,0.9481828145660344,0.9136476206594573,0.0,0.05333333333333334,1,0.01,0.0,25.65,41.355228729208314,0.894849481232701,0.0,0.05333333333333334,0.0,0.0,0.0,0.0,1.4
backhaul,shield_filter,naive,phi,radioml,7,300,0.9447332463946121,0.7791690772918548,0.0,0.04666666666666667,1,0.01,0.0,25.63,39.71983754150151,0.8980665797279453,0.0,0.04666666666666667,0.0,0.0,0.0,0.0,1.4
backhaul,shield_filter,naive,phi,radioml,8,300,0.9485413274541137,0.9135820217117961,0.0,0.04,1,0.0033333333333333335,0.0,25.66,38.975821156703056,0.9085413274541138,0.0,0.04,0.0,0.0,0.0,0.0,1.4
backhaul,shield_filter,naive,phi,radioml,9,300,0.9479831778675293,0.9138857511843701,0.0,0.06333333333333334,1,0.016666666666666666,0.0,25.47,39.48384065829676,0.884649844534196,0.0,0.06333333333333334,0.0,0.0,0.0,0.0,1.4
backhaul,shield_repair,naive,phi,radioml,0,300,0.9600882163862507,0.9139492146615023,0.0,0.15333333333333332,1,0.0,0.392,26.32,41.09191819413612,0.8067548830529173,0.0,0.15333333333333332,0.0,0.0,0.0,0.0,1.4
backhaul,shield_repair,naive,phi,radioml,1,300,0.9598838655296864,0.9139406314292672,0.0,0.06,1,0.0,0.41533333333333333,26.29,41.82035962036157,0.8998838655296864,0.0,0.06,0.0,0.0,0.0,0.0,1.4
backhaul,shield_repair,naive,phi,radioml,2,300,0.9585083791516803,0.9139703441490034,0.0,0.09666666666666666,1,0.0,0.41933333333333334,26.49,45.49907646840555,0.8618417124850134,0.0,0.09666666666666666,0.0,0.0,0.0,0.0,1.4
backhaul,shield_repair,naive,phi,radioml,3,300,0.9577587589257501,0.913939988601929,0.0,0.10333333333333333,1,0.0,0.4013333333333333,26.41,41.98706973964275,0.8544254255924169,0.0,0.10333333333333333,0.0,0.0,0.0,0.0,1.4
backhaul,shield_repair,naive,phi,radioml,4,300,0.9582620273380318,0.9138489859285507,0.0,0.09333333333333334,1,0.0,0.42533333333333334,26.36,43.998564386149525,0.8649286940046983,0.0,0.09333333333333334,0.0,0.0,0.0,0.0,1.4
backhaul,shield_repair,naive,phi,radioml,5,300,0.9580047743347071,0.9139636565081565,0.0,0.08666666666666667,1,0.0,0.39266666666666666,26.32,39.38282535117425,0.8713381076680404,0.0,0.08666666666666667,0.0,0.0,0.0,0.0,1.4
backhaul,shield_repair,naive,phi,radioml,6,300,0.9590783880062518,0.9139595400083098,0.0,0.07666666666666666,1,0.0,0.4013333333333333,26.4,42.805860068948405,0.8824117213395853,0.0,0.07666666666666666,0.0,0.0,0.0,0.0,1.4
backhaul,shield_repair,naive,phi,radioml,7,300,0.9593058687845056,0.9139577090363711,0.0,0.06,1,0.0,0.412,26.4,43.902412047556965,0.8993058687845055,0.0,0.06,0.0,0.0,0.0,0.0,1.4
backhaul,shield_repair,naive,phi,radioml,8,300,0.9573970551269567,0.9139720491999668,0.0,0.06,1,0.0,0.4086666666666667,26.2,45.01164077915013,0.8973970551269567,0.0,0.06,0.0,0.0,0.0,0.0,1.4
backhaul,shield_repair,naive,phi,radioml,9,300,0.9602684212164724,0.9139589943365942,0.0,0.11666666666666667,2,0.0,0.376,26.46,43.07938802293224,0.8436017545498057,0.0,0.11666666666666667,0.0,0.0,0.0,0.0,1.4
compromised_xapp,heuristic,naive,phi,radioml,0,300,0.9934483896412442,0.9932668281334899,0.0,0.0,1,0.0,0.0,26.0,44.16666666666665,0.9934483896412442,0.0,0.0,0.0,0.0,0.0,0.0,1.4
compromised_xapp,heuristic,naive,phi,radioml,1,300,0.9934544478407941,0.9933019561485915,0.0,0.0,1,0.0,0.0,26.0,44.16666666666665,0.9934544478407941,0.0,0.0,0.0,0.0,0.0,0.0,1.4
compromised_xapp,heuristic,naive,phi,radioml,2,300,0.9934425070034882,0.9931703825092734,0.0,0.0,1,0.0,0.0,26.0,44.16666666666665,0.9934425070034882,0.0,0.0,0.0,0.0,0.0,0.0,1.4
compromised_xapp,heuristic,naive,phi,radioml,3,300,0.9928892256741726,0.9931879932453331,0.0,0.0,1,0.0,0.0,26.0,44.16666666666665,0.9928892256741726,0.0,0.0,0.0,0.0,0.0,0.0,1.4
compromised_xapp,heuristic,naive,phi,radioml,4,300,0.9934432724795246,0.9932587202024952,0.0,0.0,1,0.0,0.0,26.0,44.16666666666665,0.9934432724795246,0.0,0.0,0.0,0.0,0.0,0.0,1.4
compromised_xapp,heuristic,naive,phi,radioml,5,300,0.9928562087760345,0.9932170940143807,0.0,0.0,1,0.0,0.0,26.0,44.16666666666665,0.9928562087760345,0.0,0.0,0.0,0.0,0.0,0.0,1.4
compromised_xapp,heuristic,naive,phi,radioml,6,300,0.9934491373712371,0.9932664139275617,0.0,0.0,1,0.0,0.0,26.0,44.16666666666665,0.9934491373712371,0.0,0.0,0.0,0.0,0.0,0.0,1.4
compromised_xapp,heuristic,naive,phi,radioml,7,300,0.9934446981261446,0.9932209448553635,0.0,0.0,1,0.0,0.0,26.0,44.16666666666665,0.9934446981261446,0.0,0.0,0.0,0.0,0.0,0.0,1.4
compromised_xapp,heuristic,naive,phi,radioml,8,300,0.993132598205922,0.9932895437436849,0.0,0.0,1,0.0,0.0,26.0,44.16666666666665,0.993132598205922,0.0,0.0,0.0,0.0,0.0,0.0,1.4
compromised_xapp,heuristic,naive,phi,radioml,9,300,0.9923792936882401,0.9932896788197764,0.0,0.0,1,0.0,0.0,26.0,44.16666666666665,0.9923792936882401,0.0,0.0,0.0,0.0,0.0,0.0,1.4
compromised_xapp,greedy_twin,naive,phi,radioml,0,300,0.9926194401826925,0.9921092899628299,0.42,0.5266666666666666,1,0.0,0.0,28.223333333333333,45.97412583690873,0.465952773516026,0.13,0.21333333333333335,0.14666666666666667,0.0,0.0,0.23333333333333334,1.4
compromised_xapp,greedy_twin,naive,phi,radioml,1,300,0.9914875166521459,0.9739999948303617,0.4,0.49,1,0.0,0.0,27.963333333333335,53.78853445193523,0.5014875166521457,0.13333333333333333,0.20333333333333334,0.14,0.0,0.0,0.15333333333333332,1.4
compromised_xapp,greedy_twin,naive,phi,radioml,2,300,0.9927550161113236,0.9925080412768867,0.44333333333333336,0.53,1,0.0,0.0,28.2,49.250824243232486,0.4627550161113236,0.14333333333333334,0.23666666666666666,0.17666666666666667,0.0,0.0,0.16666666666666666,1.4
compromised_xapp,greedy_twin,naive,phi,radioml,3,300,0.9926857617944582,0.9919274053810495,0.43333333333333335,0.51,1,0.0,0.0,27.953333333333333,49.713508821945226,0.4826857617944584,0.15666666666666668,0.2,0.16,0.0,0.0,0.13666666666666666,1.4
compromised_xapp,greedy_twin,naive,phi,radioml,4,300,0.9925458185513111,0.9917403140849547,0.4533333333333333,0.5933333333333334,1,0.0,0.0,28.356666666666666,41.419911201465816,0.39921248521797764,0.15333333333333332,0.26666666666666666,0.15666666666666668,0.0,0.0,0.2833333333333333,1.4
compromised_xapp,greedy_twin,naive,phi,radioml,5,300,0.991984094719132,0.9923969858929318,0.47,0.59,1,0.0,0.0,28.536666666666665,48.967720260720164,0.4019840947191319,0.13666666666666666,0.24333333333333335,0.15666666666666668,0.0,0.0,0.2966666666666667,1.4
compromised_xapp,greedy_twin,naive,phi,radioml,6,300,0.992492598699953,0.99059234416712,0.44333333333333336,0.5433333333333333,1,0.0,0.0,28.4,51.63840721626909,0.4491592653666197,0.13333333333333333,0.24,0.15666666666666668,0.0,0.0,0.23,1.4
compromised_xapp,greedy_twin,naive,phi,radioml,7,300,0.9923071605119134,0.97399999988033,0.47333333333333333,0.6033333333333334,1,0.0,0.0,28.45,45.190453991835234,0.3889738271785799,0.18,0.25666666666666665,0.18333333333333332,0.0,0.0,0.25666666666666665,1.4
compromised_xapp,greedy_twin,naive,phi,radioml,8,300,0.9918681140814741,0.9739999979739418,0.4666666666666667,0.56,1,0.0,0.0,27.966666666666665,41.90888927846156,0.43186811408147413,0.18,0.22333333333333333,0.19,0.0,0.0,0.16666666666666666,1.4
compromised_xapp,greedy_twin,naive,phi,radioml,9,300,0.9922310015319852,0.9739999995307145,0.4666666666666667,0.6033333333333334,1,0.0,0.0,28.45,46.49252417472567,0.38889766819865185,0.14333333333333334,0.2733333333333333,0.18666666666666668,0.0,0.0,0.2633333333333333,1.4
compromised_xapp,shield_filter,naive,phi,radioml,0,300,0.9569645812194206,0.779199842242048,0.0,0.04666666666666667,1,0.02,0.0,26.37,40.17796570222104,0.910297914552754,0.0,0.03,0.016666666666666666,0.0,0.0,0.0,1.4
compromised_xapp,shield_filter,naive,phi,radioml,1,300,0.952361552515971,0.7791992206319257,0.0,0.06,1,0.02666666666666667,0.0,26.25,39.00612761679579,0.8923615525159709,0.0,0.043333333333333335,0.016666666666666666,0.0,0.0,0.0,1.4
compromised_xapp,shield_filter,naive,phi,radioml,2,300,0.973714757369338,0.7791999667110089,0.0,0.1,1,0.006666666666666667,0.0,26.57,39.055987415444136,0.8737147573693378,0.0,0.08666666666666667,0.013333333333333334,0.0,0.0,0.0,1.4
compromised_xapp,shield_filter,naive,phi,radioml,3,300,0.9427336535293841,0.76152816687585,0.0,0.11,1,0.04,0.0,26.18,41.36830646944463,0.8327336535293841,0.0,0.08666666666666667,0.023333333333333334,0.0,0.0,0.0,1.4
compromised_xapp,shield_filter,naive,phi,radioml,4,300,0.9540515070359161,0.7791990630324516,0.0,0.11,1,0.02666666666666667,0.0,26.46,41.227576811627266,0.8440515070359162,0.0,0.09666666666666666,0.016666666666666666,0.0,0.0,0.0,1.4
compromised_xapp,shield_filter,naive,phi,radioml,5,300,0.9476696284526398,0.7785824760632438,0.0,0.03666666666666667,1,0.03333333333333333,0.0,26.16,41.89348066124323,0.9110029617859732,0.0,0.02666666666666667,0.013333333333333334,0.0,0.0,0.0,1.4
compromised_xapp,shield_filter,naive,phi,radioml,6,300,0.9712134234691838,0.7791999268618884,0.0,0.08333333333333333,1,0.01,0.0,26.37,41.30640993016349,0.8878800901358503,0.0,0.06333333333333334,0.02,0.0,0.0,0.0,1.4
compromised_xapp,shield_filter,naive,phi,radioml,7,300,0.9552943656026966,0.7791990946617975,0.0,0.08666666666666667,1,0.023333333333333334,0.0,26.32,38.77533149426328,0.8686276989360299,0.0,0.06,0.02666666666666667,0.0,0.0,0.0,1.4
compromised_xapp,shield_filter,naive,phi,radioml,8,300,0.9696685280519337,0.7791999409445182,0.0,0.10333333333333333,1,0.006666666666666667,0.0,26.39,40.11284771569118,0.8663351947186004,0.0,0.09666666666666666,0.006666666666666667,0.0,0.0,0.0,1.4
compromised_xapp,shield_filter,naive,phi,radioml,9,300,0.9294465997759094,0.42052919081129614,0.0,0.08666666666666667,1,0.05,0.0,25.85,41.181105570691784,0.8427799331092427,0.0,0.06666666666666667,0.02,0.0,0.0,0.0,1.4
compromised_xapp,shield_repair,naive,phi,radioml,0,300,0.9920831969091207,0.9923734956755045,0.0,0.17666666666666667,1,0.0,0.476,26.82,41.23781103504528,0.815416530242454,0.0,0.06,0.12,0.0,0.0,0.0,1.4
compromised_xapp,shield_repair,naive,phi,radioml,1,300,0.9926930235028084,0.9919355745467028,0.0,0.14666666666666667,1,0.0,0.4673333333333333,26.7,42.69669458934109,0.8460263568361417,0.0,0.06666666666666667,0.08666666666666667,0.0,0.0,0.0,1.4
compromised_xapp,shield_repair,naive,phi,radioml,2,300,0.9923289984244419,0.9925119280671337,0.0,0.18333333333333332,1,0.0,0.49666666666666665,26.89,40.146868784815936,0.8089956650911084,0.0,0.1,0.09,0.0,0.0,0.0,1.4
compromised_xapp,shield_repair,naive,phi,radioml,3,300,0.9928083650050157,0.9919492936012189,0.0,0.14333333333333334,1,0.0,0.48533333333333334,26.83,43.58053268569652,0.8494750316716824,0.0,0.06666666666666667,0.08333333333333333,0.0,0.0,0.0,1.4
compromised_xapp,shield_repair,naive,phi,radioml,4,300,0.9927799487575074,0.9926179794595152,0.0,0.20666666666666667,1,0.0,0.4826666666666667,26.86,42.67043128826303,0.7861132820908407,0.0,0.11,0.11,0.0,0.0,0.0,1.4
compromised_xapp,shield_repair,naive,phi,radioml,5,300,0.9924948547888341,0.9894063660267715,0.0,0.12666666666666668,1,0.0,0.4826666666666667,26.99,44.442388519501975,0.8658281881221676,0.0,0.023333333333333334,0.10333333333333333,0.0,0.0,0.0,1.4
compromised_xapp,shield_repair,naive,phi,radioml,6,300,0.9924653297300055,0.99059234416712,0.0,0.20666666666666667,1,0.0,0.464,27.01,46.93425005288573,0.7857986630633389,0.0,0.09,0.13333333333333333,0.0,0.0,0.0,1.4
compromised_xapp,shield_repair,naive,phi,radioml,7,300,0.9922332007078114,0.9739996762603859,0.0,0.17333333333333334,1,0.0,0.4726666666666667,26.97,41.54313998433476,0.8188998673744782,0.0,0.043333333333333335,0.13333333333333333,0.0,0.0,0.0,1.4
compromised_xapp,shield_repair,naive,phi,radioml,8,300,0.9916621215599546,0.9739998279181559,0.0,0.23,1,0.0,0.4746666666666667,26.89,43.223125122533105,0.7616621215599546,0.0,0.13666666666666666,0.12,0.0,0.0,0.0,1.4
compromised_xapp,shield_repair,naive,phi,radioml,9,300,0.9924246339627181,0.9887171494478327,0.0,0.20666666666666667,1,0.0,0.494,26.98,45.013103344238594,0.7857579672960514,0.0,0.11,0.11,0.0,0.0,0.0,1.4
compound,heuristic,naive,phi,radioml,0,300,0.9029788678089475,0.2071842869090369,0.0,0.23666666666666666,1,0.0,0.0,26.0,44.16666666666665,0.666312201142281,0.0,0.0,0.23666666666666666,0.0,0.0,0.0,1.4
compound,heuristic,naive,phi,radioml,1,300,0.9148199488456811,0.42554746832806234,0.0,0.22,1,0.0,0.0,26.0,44.16666666666665,0.6948199488456811,0.0,0.0,0.22,0.0,0.0,0.0,1.4
compound,heuristic,naive,phi,radioml,2,300,0.9201787187791246,0.8189219512521728,0.0,0.22,1,0.0,0.0,26.0,44.16666666666665,0.7001787187791245,0.0,0.0,0.22,0.0,0.0,0.0,1.4
compound,heuristic,naive,phi,radioml,3,300,0.8886687052537199,0.030163768459162184,0.0,0.21,3,0.0,0.0,26.0,44.16666666666665,0.6786687052537199,0.0,0.0,0.21,0.0,0.0,0.0,1.4
compound,heuristic,naive,phi,radioml,4,300,0.8944411696258476,0.10724115889989518,0.0,0.23666666666666666,1,0.0,0.0,26.0,44.16666666666665,0.6577745029591809,0.0,0.0,0.23666666666666666,0.0,0.0,0.0,1.4
compound,heuristic,naive,phi,radioml,5,300,0.89809607954769,0.03933654876700893,0.0,0.22,1,0.0,0.0,26.0,44.16666666666665,0.67809607954769,0.0,0.0,0.22,0.0,0.0,0.0,1.4
compound,heuristic,naive,phi,radioml,6,300,0.9119168688355217,0.7474829681289037,0.0,0.24333333333333335,1,0.0,0.0,26.0,44.16666666666665,0.6685835355021884,0.0,0.0,0.24333333333333335,0.0,0.0,0.0,1.4
compound,heuristic,naive,phi,radioml,7,300,0.9164079251300166,0.8167523021541122,0.0,0.23,4,0.0,0.0,26.0,44.16666666666665,0.6864079251300166,0.0,0.0,0.23,0.0,0.0,0.0,1.4
compound,heuristic,naive,phi,radioml,8,300,0.8936942963703601,0.0405954394488295,0.0,0.21333333333333335,1,0.0,0.0,26.0,44.16666666666665,0.6803609630370269,0.0,0.0,0.21333333333333335,0.0,0.0,0.0,1.4
compound,heuristic,naive,phi,radioml,9,300,0.8989051603687954,0.021666333722898706,0.0,0.2,1,0.0,0.0,26.0,44.16666666666665,0.6989051603687955,0.0,0.0,0.2,0.0,0.0,0.0,1.4
compound,greedy_twin,naive,phi,radioml,0,300,0.9303130207768965,0.7154621966906035,0.5766666666666667,0.83,1,0.0,0.0,30.006666666666668,48.547888633638316,0.10031302077689631,0.16,0.39666666666666667,0.36,0.016666666666666666,0.0,0.7233333333333334,1.4
compound,greedy_twin,naive,phi,radioml,1,300,0.9255381980531039,0.7153769042720325,0.5766666666666667,0.8333333333333334,2,0.0,0.0,29.836666666666666,47.80318854378804,0.09220486471977063,0.15333333333333332,0.36333333333333334,0.4,0.02,0.0,0.6833333333333333,1.4
compound,greedy_twin,naive,phi,radioml,2,300,0.9252913294143585,0.6856908967792015,0.66,0.91,1,0.0,0.0,30.553333333333335,50.09766200806132,0.015291329414358597,0.16333333333333333,0.43666666666666665,0.43666666666666665,0.02,0.0,0.79,1.4
compound,greedy_twin,naive,phi,radioml,3,300,0.917918317903462,0.6952837469336307,0.5766666666666667,0.8633333333333333,1,0.0,0.0,30.34,47.63439526757406,0.05458498457012866,0.15666666666666668,0.47,0.3466666666666667,0.006666666666666667,0.0,0.7233333333333334,1.4
compound,greedy_twin,naive,phi,radioml,4,300,0.9202499997773776,0.7148889057132124,0.5666666666666667,0.8933333333333333,2,0.0,0.0,30.003333333333334,44.985587141816616,0.026916666444044293,0.15333333333333332,0.42,0.4033333333333333,0.0033333333333333335,0.0,0.78,1.4
compound,greedy_twin,naive,phi,radioml,5,300,0.9285070843207831,0.7037478538200503,0.5933333333333334,0.89,1,0.0,0.0,30.41,51.006834363114216,0.038507084320783064,0.15666666666666668,0.5133333333333333,0.33,0.0033333333333333335,0.0,0.7833333333333333,1.4
compound,greedy_twin,naive,phi,radioml,6,300,0.9248864998735515,0.7130932420382085,0.5633333333333334,0.86,1,0.0,0.0,29.966666666666665,46.87873162725487,0.06488649987355152,0.12333333333333334,0.42,0.39,0.02,0.0,0.7233333333333334,1.4
compound,greedy_twin,naive,phi,radioml,7,300,0.9436304738775072,0.775578846142835,0.6066666666666667,0.9066666666666666,1,0.0,0.0,30.386666666666667,44.09117735293281,0.03696380721084054,0.19333333333333333,0.47,0.36,0.0033333333333333335,0.0,0.82,1.4
compound,greedy_twin,naive,phi,radioml,8,300,0.9345874161277107,0.7164421356532665,0.61,0.8633333333333333,2,0.0,0.0,30.246666666666666,45.61343515116246,0.07125408279437716,0.18333333333333332,0.5066666666666667,0.37,0.013333333333333334,0.0,0.7633333333333333,1.4
compound,greedy_twin,naive,phi,radioml,9,300,0.9399106428912561,0.7787180214081582,0.6233333333333333,0.8933333333333333,1,0.0,0.0,30.723333333333333,53.15177582288179,0.046577309557922886,0.16666666666666666,0.51,0.4166666666666667,0.006666666666666667,0.0,0.8033333333333333,1.4
compound,shield_filter,naive,phi,radioml,0,300,0.7660837485747698,0.0005390270955281945,0.0,0.18333333333333332,1,0.09,0.0,25.72,37.92941287826064,0.5827504152414364,0.0,0.056666666666666664,0.14666666666666667,0.0,0.0,0.0,1.4
compound,shield_filter,naive,phi,radioml,1,300,0.7414433640165815,0.0004621826575123634,0.0,0.19333333333333333,2,0.12,0.0,25.68,37.52925834889194,0.5481100306832482,0.0,0.02666666666666667,0.16,0.0,0.013333333333333334,0.0,1.4
compound,shield_filter,naive,phi,radioml,2,300,0.7445719870604846,0.0006310716435302486,0.0,0.22666666666666666,1,0.1,0.0,25.85,41.07786251100603,0.5179053203938179,0.0,0.043333333333333335,0.20333333333333334,0.0,0.0033333333333333335,0.0,1.4
compound,shield_filter,naive,phi,radioml,3,300,0.7590450040872028,0.0006097194920114987,0.0,0.24333333333333335,1,0.08666666666666667,0.0,25.8,41.16288055460849,0.5157116707538695,0.0,0.1,0.16,0.0,0.0,0.0,1.4
compound,shield_filter,naive,phi,radioml,4,300,0.7469573011903954,0.00029124447709385554,0.0,0.21333333333333335,4,0.10666666666666667,0.0,25.63,39.467557885470285,0.5336239678570621,0.0,0.08,0.16333333333333333,0.0,0.0033333333333333335,0.0,1.4
compound,shield_filter,naive,phi,radioml,5,300,0.7311970146600102,0.0003124993268874525,0.0,0.20333333333333334,1,0.12,0.0,25.58,36.54876904052048,0.5278636813266769,0.0,0.11666666666666667,0.11,0.0,0.01,0.0,1.4
compound,shield_filter,naive,phi,radioml,6,300,0.7469584514057555,0.0008155458755284931,0.0,0.24,1,0.10333333333333333,0.0,25.84,44.641912329669566,0.5069584514057555,0.0,0.09333333333333334,0.16666666666666666,0.0,0.0033333333333333335,0.0,1.4
compound,shield_filter,naive,phi,radioml,7,300,0.7642243278608959,0.0006408130343274607,0.0,0.21,1,0.09666666666666666,0.0,25.92,39.88579983483312,0.5542243278608959,0.0,0.09666666666666666,0.14666666666666667,0.0,0.006666666666666667,0.0,1.4
compound,shield_filter,naive,phi,radioml,8,300,0.7245980348431563,0.00041169125009164634,0.0,0.22333333333333333,2,0.11333333333333333,0.0,25.63,37.87506569932559,0.501264701509823,0.0,0.11,0.14,0.0,0.02,0.0,1.4
compound,shield_filter,naive,phi,radioml,9,300,0.7245578917792436,0.000577687704411772,0.0,0.24333333333333335,1,0.08333333333333333,0.0,25.75,42.370346933319794,0.4812245584459102,0.0,0.06333333333333334,0.19,0.0,0.03,0.0,1.4
compound,shield_repair,naive,phi,radioml,0,300,0.9179026186005815,0.6945661871654641,0.0,0.3566666666666667,1,0.0,0.5273333333333333,27.54,41.49595816553296,0.5612359519339148,0.0,0.12333333333333334,0.30333333333333334,0.0,0.0,0.0,1.4
compound,shield_repair,naive,phi,radioml,1,300,0.9387444883321454,0.7791653721740953,0.0,0.36666666666666664,2,0.0,0.558,27.64,42.403737365619286,0.5720778216654785,0.0,0.06333333333333334,0.3333333333333333,0.0,0.0,0.0,1.4
compound,shield_repair,naive,phi,radioml,2,300,0.9194935620221086,0.7147549987373722,0.0,0.41,1,0.0,0.5413333333333333,27.89,44.93176011710625,0.5094935620221086,0.0,0.07666666666666666,0.37333333333333335,0.0,0.0,0.0,1.4
compound,shield_repair,naive,phi,radioml,3,300,0.9117368054151459,0.6925931734686006,0.0,0.37333333333333335,1,0.0,0.542,27.68,43.1194623822914,0.5384034720818127,0.0,0.15,0.2866666666666667,0.0,0.0,0.0,1.4
compound,shield_repair,naive,phi,radioml,4,300,0.907474849102834,0.6890217887245681,0.0,0.38,1,0.0,0.5353333333333333,27.42,40.00026262182306,0.5274748491028342,0.0,0.16666666666666666,0.31666666666666665,0.0,0.0,0.0,1.4
compound,shield_repair,naive,phi,radioml,5,300,0.9336196326973379,0.7728592308252327,0.0,0.41,1,0.0,0.5466666666666666,27.77,38.743977200290026,0.5236196326973381,0.0,0.22,0.29333333333333333,0.0,0.0,0.0,1.4
compound,shield_repair,naive,phi,radioml,6,300,0.9089188356209165,0.6948793176419686,0.0,0.42333333333333334,1,0.0,0.5433333333333333,27.7,48.03339227847982,0.4855855022875829,0.0,0.18,0.32666666666666666,0.0,0.0,0.0,1.4
compound,shield_repair,naive,phi,radioml,7,300,0.9195516733604232,0.6812658646227195,0.0,0.4033333333333333,1,0.0,0.546,27.66,41.812889509583876,0.5162183400270899,0.0,0.17333333333333334,0.30333333333333334,0.0,0.0,0.0,1.4
compound,shield_repair,naive,phi,radioml,8,300,0.9186074878214526,0.7161462224081143,0.0,0.45,2,0.0,0.566,27.71,39.48406990351867,0.4686074878214527,0.0,0.24333333333333335,0.31,0.0,0.0,0.0,1.4
compound,shield_repair,naive,phi,radioml,9,300,0.9224466466662905,0.7158738615698411,0.0,0.43,1,0.0,0.5526666666666666,27.8,41.24995808844594,0.4924466466662905,0.0,0.17666666666666667,0.36333333333333334,0.0,0.0,0.0,1.4
narrowband,heuristic,adaptive,phi,radioml,0,300,0.9934226737149788,0.9931569134100258,0.0,0.0,1,0.0,0.0,26.0,44.16666666666665,0.9934226737149788,0.0,0.0,0.0,0.0,0.0,0.0,1.4
narrowband,heuristic,adaptive,phi,radioml,1,300,0.9934067536529608,0.993073747476761,0.0,0.0,1,0.0,0.0,26.0,44.16666666666665,0.9934067536529608,0.0,0.0,0.0,0.0,0.0,0.0,1.4
narrowband,heuristic,adaptive,phi,radioml,2,300,0.993416345452164,0.9930872006790583,0.0,0.0,1,0.0,0.0,26.0,44.16666666666665,0.993416345452164,0.0,0.0,0.0,0.0,0.0,0.0,1.4
narrowband,heuristic,adaptive,phi,radioml,3,300,0.993415619227892,0.9931579096104075,0.0,0.0,1,0.0,0.0,26.0,44.16666666666665,0.993415619227892,0.0,0.0,0.0,0.0,0.0,0.0,1.4
narrowband,heuristic,adaptive,phi,radioml,4,300,0.9901533402387177,0.9931887007344886,0.0,0.0,1,0.0,0.0,26.0,44.16666666666665,0.9901533402387177,0.0,0.0,0.0,0.0,0.0,0.0,1.4
narrowband,heuristic,adaptive,phi,radioml,5,300,0.9934090867775751,0.993058830534851,0.0,0.0,1,0.0,0.0,26.0,44.16666666666665,0.9934090867775751,0.0,0.0,0.0,0.0,0.0,0.0,1.4
narrowband,heuristic,adaptive,phi,radioml,6,300,0.9934111015436493,0.9931144732685937,0.0,0.0,1,0.0,0.0,26.0,44.16666666666665,0.9934111015436493,0.0,0.0,0.0,0.0,0.0,0.0,1.4
narrowband,heuristic,adaptive,phi,radioml,7,300,0.9934225173103781,0.9931468761398515,0.0,0.0,1,0.0,0.0,26.0,44.16666666666665,0.9934225173103781,0.0,0.0,0.0,0.0,0.0,0.0,1.4
narrowband,heuristic,adaptive,phi,radioml,8,300,0.9901592118853549,0.9931271123206569,0.0,0.0,1,0.0,0.0,26.0,44.16666666666665,0.9901592118853549,0.0,0.0,0.0,0.0,0.0,0.0,1.4
narrowband,heuristic,adaptive,phi,radioml,9,300,0.993429614029936,0.9931983766705597,0.0,0.0,1,0.0,0.0,26.0,44.16666666666665,0.993429614029936,0.0,0.0,0.0,0.0,0.0,0.0,1.4
narrowband,greedy_twin,adaptive,phi,radioml,0,300,0.9844115837774264,0.9739585715491758,0.07333333333333333,0.36,1,0.0,0.0,28.863333333333333,51.55713950736256,0.6244115837774263,0.05,0.23333333333333334,0.016666666666666666,0.0,0.0,0.15666666666666668,1.4
narrowband,greedy_twin,adaptive,phi,radioml,1,300,0.9858236485555013,0.9739889416396241,0.056666666666666664,0.32666666666666666,1,0.0,0.0,28.703333333333333,51.85539439431794,0.6591569818888346,0.023333333333333334,0.23333333333333334,0.03666666666666667,0.0,0.0,0.1,1.4
narrowband,greedy_twin,adaptive,phi,radioml,2,300,0.9852818318978412,0.9739887071402032,0.05,0.26,1,0.0,0.0,28.716666666666665,53.0675227136486,0.7252818318978413,0.03333333333333333,0.12,0.016666666666666666,0.0,0.0,0.11666666666666667,1.4
narrowband,greedy_twin,adaptive,phi,radioml,3,300,0.9849432276831775,0.9739857677364351,0.08666666666666667,0.42333333333333334,1,0.0,0.0,29.116666666666667,55.12102333018664,0.5616098943498444,0.06,0.16333333333333333,0.03333333333333333,0.0,0.0,0.28,1.4
narrowband,greedy_twin,adaptive,phi,radioml,4,300,0.9855871904580871,0.9739898819865584,0.04666666666666667,0.22,1,0.0,0.0,28.733333333333334,53.60820317049358,0.7655871904580871,0.03333333333333333,0.14666666666666667,0.02,0.0,0.0,0.05333333333333334,1.4
narrowband,greedy_twin,adaptive,phi,radioml,5,300,0.9840958755415526,0.9739847290915841,0.06,0.33666666666666667,1,0.0,0.0,28.923333333333332,53.757460643775225,0.6474292088748859,0.02666666666666667,0.17333333333333334,0.023333333333333334,0.0,0.0,0.18666666666666668,1.4
narrowband,greedy_twin,adaptive,phi,radioml,6,300,0.9854997149747574,0.9739812715458488,0.056666666666666664,0.26666666666666666,1,0.0,0.0,28.546666666666667,45.93492501161117,0.7188330483080908,0.04,0.14333333333333334,0.013333333333333334,0.0,0.0,0.1,1.4
narrowband,greedy_twin,adaptive,phi,radioml,7,300,0.9848191619498436,0.9739933807112262,0.06333333333333334,0.36,1,0.0,0.0,28.866666666666667,52.95539127715267,0.6248191619498437,0.043333333333333335,0.12,0.013333333333333334,0.0,0.0,0.26,1.4
narrowband,greedy_twin,adaptive,phi,radioml,8,300,0.9846525451290491,0.9739656231682922,0.05,0.2633333333333333,1,0.0,0.0,28.85,54.759366787172084,0.7213192117957159,0.02666666666666667,0.08666666666666667,0.006666666666666667,0.0,0.0,0.16666666666666666,1.4
narrowband,greedy_twin,adaptive,phi,radioml,9,300,0.985307846212271,0.9739935920135283,0.08,0.2833333333333333,1,0.0,0.0,28.916666666666668,56.25365972018083,0.7019745128789375,0.05333333333333334,0.12,0.02666666666666667,0.0,0.0,0.16666666666666666,1.4
narrowband,shield_filter,adaptive,phi,radioml,0,300,0.9849284589988216,0.9739700524697401,0.0,0.26666666666666666,1,0.0,0.0,28.663333333333334,49.87426913121817,0.718261792332155,0.0,0.21666666666666667,0.0,0.0,0.0,0.07666666666666666,1.4
narrowband,shield_filter,adaptive,phi,radioml,1,300,0.9858701510782112,0.9739893726682817,0.0,0.26666666666666666,1,0.0,0.0,28.596666666666668,51.99250139523387,0.7192034844115444,0.0,0.22666666666666666,0.0,0.0,0.0,0.056666666666666664,1.4
narrowband,shield_filter,adaptive,phi,radioml,2,300,0.985477339305725,0.9739896876848064,0.0,0.20333333333333334,1,0.0,0.0,28.62,52.49532879223361,0.7821440059723916,0.0,0.11333333333333333,0.0,0.0,0.0,0.09333333333333334,1.4
narrowband,shield_filter,adaptive,phi,radioml,3,300,0.9855308844642668,0.9739957286466884,0.0,0.2866666666666667,1,0.0,0.0,28.926666666666666,54.915681981218356,0.6988642177976001,0.0,0.13666666666666666,0.0,0.0,0.0,0.17666666666666667,1.4
narrowband,shield_filter,adaptive,phi,radioml,4,300,0.9856510390501202,0.9739915832742918,0.0,0.16666666666666666,1,0.0,0.0,28.66,53.604689885601715,0.8189843723834535,0.0,0.14,0.0,0.0,0.0,0.02666666666666667,1.4
narrowband,shield_filter,adaptive,phi,radioml,5,300,0.9841460588714108,0.9739897180771188,0.0,0.20666666666666667,1,0.0,0.0,28.72,52.286689046835036,0.7774793922047442,0.0,0.14666666666666667,0.0,0.0,0.0,0.07,1.4
narrowband,shield_filter,adaptive,phi,radioml,6,300,0.9858843378308004,0.9739891772760128,0.0,0.17333333333333334,1,0.0,0.0,28.466666666666665,45.86043330389103,0.8125510044974671,0.0,0.13333333333333333,0.0,0.0,0.0,0.043333333333333335,1.4
narrowband,shield_filter,adaptive,phi,radioml,7,300,0.9850109838819431,0.9739934264120925,0.0,0.23666666666666666,1,0.0,0.0,28.733333333333334,52.86471682919762,0.7483443172152763,0.0,0.10333333333333333,0.0,0.0,0.0,0.16,1.4
narrowband,shield_filter,adaptive,phi,radioml,8,300,0.9849202982026161,0.9739794664863519,0.0,0.14333333333333334,1,0.0,0.0,28.706666666666667,54.75872292838287,0.8415869648692827,0.0,0.07,0.0,0.0,0.0,0.08333333333333333,1.4
narrowband,shield_filter,adaptive,phi,radioml,9,300,0.9854896000095685,0.9739944106511885,0.0,0.16333333333333333,1,0.0,0.0,28.743333333333332,56.128609781015854,0.8221562666762352,0.0,0.09,0.0,0.0,0.0,0.07333333333333333,1.4
narrowband,shield_repair,adaptive,phi,radioml,0,300,0.9846567359721659,0.9739642536018907,0.0,0.2866666666666667,1,0.0,0.172,28.686666666666667,50.077504504498116,0.6979900693054993,0.0,0.21666666666666667,0.0,0.0,0.0,0.09666666666666666,1.4
narrowband,shield_repair,adaptive,phi,radioml,1,300,0.9859319122452088,0.9739882609746778,0.0,0.26666666666666666,1,0.0,0.17933333333333334,28.583333333333332,51.61873311025939,0.7192652455785422,0.0,0.22666666666666666,0.0,0.0,0.0,0.056666666666666664,1.4
narrowband,shield_repair,adaptive,phi,radioml,2,300,0.9852633390602709,0.973976657952519,0.0,0.21,1,0.0,0.168,28.573333333333334,52.35822197414225,0.7752633390602708,0.0,0.10333333333333333,0.0,0.0,0.0,0.11,1.4
narrowband,shield_repair,adaptive,phi,radioml,3,300,0.9852053068104135,0.9739885311094001,0.0,0.35,1,0.0,0.18066666666666667,29.016666666666666,54.32400095261695,0.6352053068104137,0.0,0.14333333333333334,0.0,0.0,0.0,0.24333333333333335,1.4
narrowband,shield_repair,adaptive,phi,radioml,4,300,0.9855873584978541,0.9739917507066719,0.0,0.17666666666666667,1,0.0,0.16666666666666666,28.68,53.60351891704501,0.8089206918311874,0.0,0.14333333333333334,0.0,0.0,0.0,0.03333333333333333,1.4
narrowband,shield_repair,adaptive,phi,radioml,5,300,0.9841401887432395,0.9739783988190309,0.0,0.22333333333333333,1,0.0,0.18466666666666667,28.766666666666666,52.85434540691026,0.7608068554099061,0.0,0.15,0.0,0.0,0.0,0.08333333333333333,1.4
narrowband,shield_repair,adaptive,phi,radioml,6,300,0.9855014474584762,0.9739766165421895,0.0,0.18,1,0.0,0.16066666666666668,28.523333333333333,50.06623243836946,0.8055014474584763,0.0,0.13333333333333333,0.0,0.0,0.0,0.05,1.4
narrowband,shield_repair,adaptive,phi,radioml,7,300,0.9847566084402596,0.9739933690442545,0.0,0.25666666666666665,1,0.0,0.188,28.743333333333332,52.847220417785174,0.7280899417735931,0.0,0.10333333333333333,0.0,0.0,0.0,0.18,1.4
narrowband,shield_repair,adaptive,phi,radioml,8,300,0.9846551990379346,0.9739653540414266,0.0,0.15333333333333332,1,0.0,0.17466666666666666,28.73,54.75872292911056,0.8313218657046013,0.0,0.07333333333333333,0.0,0.0,0.0,0.09,1.4
narrowband,shield_repair,adaptive,phi,radioml,9,300,0.985308798277955,0.9739931596661248,0.0,0.20333333333333334,1,0.0,0.17733333333333334,28.84,56.128648788704766,0.7819754649446217,0.0,0.09,0.0,0.0,0.0,0.11333333333333333,1.4
wideband,heuristic,adaptive,phi,radioml,0,300,0.7747454234986613,0.0009369488077590337,0.0,0.0,2,0.0,0.0,26.0,44.16666666666665,0.7747454234986613,0.0,0.0,0.0,0.0,0.0,0.0,1.4
wideband,heuristic,adaptive,phi,radioml,1,300,0.8057528757177416,0.0029034707194747463,0.0,0.0,1,0.0,0.0,26.0,44.16666666666665,0.8057528757177416,0.0,0.0,0.0,0.0,0.0,0.0,1.4
wideband,heuristic,adaptive,phi,radioml,2,300,0.7848186088689609,0.0016337452393894506,0.0,0.0,2,0.0,0.0,26.0,44.16666666666665,0.7848186088689609,0.0,0.0,0.0,0.0,0.0,0.0,1.4
wideband,heuristic,adaptive,phi,radioml,3,300,0.7895817181544108,0.0012688805605250663,0.0,0.0,6,0.0,0.0,26.0,44.16666666666665,0.7895817181544108,0.0,0.0,0.0,0.0,0.0,0.0,1.4
wideband,heuristic,adaptive,phi,radioml,4,300,0.7557089348915288,0.001578815834629612,0.0,0.0,2,0.0,0.0,26.0,44.16666666666665,0.7557089348915288,0.0,0.0,0.0,0.0,0.0,0.0,1.4
wideband,heuristic,adaptive,phi,radioml,5,300,0.7697617901609687,0.0011133491652197548,0.0,0.0,3,0.0,0.0,26.0,44.16666666666665,0.7697617901609687,0.0,0.0,0.0,0.0,0.0,0.0,1.4
wideband,heuristic,adaptive,phi,radioml,6,300,0.7898510713443221,0.00519123809230173,0.0,0.0,2,0.0,0.0,26.0,44.16666666666665,0.7898510713443221,0.0,0.0,0.0,0.0,0.0,0.0,1.4
wideband,heuristic,adaptive,phi,radioml,7,300,0.7894661549821,0.00349138685874865,0.0,0.0,1,0.0,0.0,26.0,44.16666666666665,0.7894661549821,0.0,0.0,0.0,0.0,0.0,0.0,1.4
wideband,heuristic,adaptive,phi,radioml,8,300,0.7720291513098521,0.0012504872664347542,0.0,0.0,1,0.0,0.0,26.0,44.16666666666665,0.7720291513098521,0.0,0.0,0.0,0.0,0.0,0.0,1.4
wideband,heuristic,adaptive,phi,radioml,9,300,0.7647604510268307,0.00115802730410664,0.0,0.0,4,0.0,0.0,26.0,44.16666666666665,0.7647604510268307,0.0,0.0,0.0,0.0,0.0,0.0,1.4
wideband,greedy_twin,adaptive,phi,radioml,0,300,0.9044253644904233,0.22634691654740552,0.09666666666666666,0.84,1,0.0,0.0,29.876666666666665,51.6822423711053,0.06442536449042344,0.04666666666666667,0.15666666666666668,0.02,0.0,0.0,0.82,1.4
wideband,greedy_twin,adaptive,phi,radioml,1,300,0.9093681999341512,0.26652418340402445,0.12,0.7366666666666667,1,0.0,0.0,29.69,54.60647851623054,0.17270153326748452,0.04,0.22666666666666666,0.05333333333333334,0.0,0.0,0.6733333333333333,1.4
wideband,greedy_twin,adaptive,phi,radioml,2,300,0.9034340485739276,0.34277444941993346,0.12666666666666668,0.7466666666666667,1,0.0,0.0,29.753333333333334,58.75107109060613,0.15676738190726114,0.06666666666666667,0.21,0.043333333333333335,0.0,0.0,0.7166666666666667,1.4
wideband,greedy_twin,adaptive,phi,radioml,3,300,0.8947305196593974,0.05223822573436439,0.11666666666666667,0.87,1,0.0,0.0,29.89666666666667,55.17539117306056,0.024730519659397477,0.056666666666666664,0.16,0.04,0.0,0.0,0.8266666666666667,1.4
wideband,greedy_twin,adaptive,phi,radioml,4,300,0.9182323888635244,0.5185502290600029,0.14333333333333334,0.8166666666666667,1,0.0,0.0,29.876666666666665,56.045330785533885,0.10156572219685764,0.07333333333333333,0.29,0.056666666666666664,0.0,0.0,0.7866666666666666,1.4
wideband,greedy_twin,adaptive,phi,radioml,5,300,0.900306331742493,0.10513861479072935,0.11333333333333333,0.7733333333333333,1,0.0,0.0,29.826666666666668,53.62972141097232,0.1269729984091597,0.04666666666666667,0.2966666666666667,0.04,0.0,0.0,0.7433333333333333,1.4
wideband,greedy_twin,adaptive,phi,radioml,6,300,0.9116221157858452,0.42193988794427084,0.08666666666666667,0.6866666666666666,1,0.0,0.0,29.483333333333334,52.86332490898469,0.22495544911917856,0.04,0.24,0.03,0.0,0.0,0.6066666666666667,1.4
wideband,greedy_twin,adaptive,phi,radioml,7,300,0.906149899803462,0.2363104084598731,0.08,0.7066666666666667,2,0.0,0.0,29.666666666666668,54.312625835651836,0.19948323313679533,0.03,0.22666666666666666,0.02666666666666667,0.0,0.0,0.67,1.4
wideband,greedy_twin,adaptive,phi,radioml,8,300,0.9188875093842966,0.6161797132637508,0.09666666666666666,0.91,1,0.0,0.0,30.026666666666667,53.55767501722842,0.008887509384296525,0.043333333333333335,0.25333333333333335,0.023333333333333334,0.0,0.0,0.8966666666666666,1.4
wideband,greedy_twin,adaptive,phi,radioml,9,300,0.8774745173156199,0.011160163576550053,0.09333333333333334,0.6766666666666666,1,0.0,0.0,29.55666666666667,53.70306437140261,0.20080785064895318,0.056666666666666664,0.13333333333333333,0.013333333333333334,0.0,0.0,0.6133333333333333,1.4
wideband,shield_filter,adaptive,phi,radioml,0,300,0.899965928265925,0.22634691654740552,0.0,0.7233333333333334,1,0.0,0.0,29.523333333333333,50.202682526013106,0.1766325949325917,0.0,0.11,0.0,0.0,0.0,0.71,1.4
wideband,shield_filter,adaptive,phi,radioml,1,300,0.8771765556635046,0.018584198501715714,0.0,0.49666666666666665,1,0.0,0.0,29.223333333333333,51.90035526915682,0.3805098889968379,0.0,0.15333333333333332,0.0,0.0,0.0,0.45666666666666667,1.4
wideband,shield_filter,adaptive,phi,radioml,2,300,0.8809014196077597,0.038499085069904015,0.0,0.5766666666666667,1,0.0,0.0,29.303333333333335,51.665213212726144,0.30423475294109303,0.0,0.20333333333333334,0.0,0.0,0.0,0.5066666666666667,1.4
wideband,shield_filter,adaptive,phi,radioml,3,300,0.8788113288461945,0.0526092597007582,0.0,0.73,1,0.0,0.0,29.593333333333334,55.283698683274416,0.14881132884619455,0.0,0.23333333333333334,0.0,0.0,0.0,0.72,1.4
wideband,shield_filter,adaptive,phi,radioml,4,300,0.910483689522176,0.35773534832635734,0.0,0.65,1,0.0,0.0,29.416666666666668,55.80336500675161,0.2604836895221758,0.0,0.23666666666666666,0.0,0.0,0.0,0.6333333333333333,1.4
wideband,shield_filter,adaptive,phi,radioml,5,300,0.8797760245915364,0.07982239731309865,0.0,0.59,1,0.0,0.0,29.44333333333333,54.35267160206537,0.28977602459153623,0.0,0.15333333333333332,0.0,0.0,0.0,0.56,1.4
wideband,shield_filter,adaptive,phi,radioml,6,300,0.9117150618423314,0.42193988794427084,0.0,0.6566666666666666,1,0.0,0.0,29.243333333333332,49.180562451880114,0.25504839517566474,0.0,0.19,0.0,0.0,0.0,0.5933333333333334,1.4
wideband,shield_filter,adaptive,phi,radioml,7,300,0.878822818824403,0.07987194357062379,0.0,0.6366666666666667,2,0.0,0.0,29.336666666666666,50.91709093828691,0.2421561521577364,0.0,0.18333333333333332,0.0,0.0,0.0,0.6033333333333334,1.4
wideband,shield_filter,adaptive,phi,radioml,8,300,0.9148932927250579,0.40379805973416155,0.0,0.7066666666666667,1,0.0,0.0,29.513333333333332,55.08216036669482,0.20822662605839132,0.0,0.15333333333333332,0.0,0.0,0.0,0.6833333333333333,1.4
wideband,shield_filter,adaptive,phi,radioml,9,300,0.8914516900205695,0.16826850155290954,0.0,0.6333333333333333,1,0.0,0.0,29.316666666666666,48.54841531426845,0.258118356687236,0.0,0.2,0.0,0.0,0.0,0.58,1.4
wideband,shield_repair,adaptive,phi,radioml,0,300,0.8752847072884323,0.058821153277229275,0.0,0.6966666666666667,1,0.0,0.182,29.403333333333332,50.88612543563241,0.1786180406217657,0.0,0.19,0.0,0.0,0.0,0.67,1.4
wideband,shield_repair,adaptive,phi,radioml,1,300,0.878393096013989,0.018584198501715714,0.0,0.59,1,0.0,0.19133333333333333,29.24,51.645605268487195,0.28839309601398894,0.0,0.17333333333333334,0.0,0.0,0.0,0.5533333333333333,1.4
wideband,shield_repair,adaptive,phi,radioml,2,300,0.8766378638242478,0.0192325703031348,0.0,0.6666666666666666,1,0.0,0.17266666666666666,29.38,54.87281783808041,0.20997119715758122,0.0,0.17333333333333334,0.0,0.0,0.0,0.6133333333333333,1.4
wideband,shield_repair,adaptive,phi,radioml,3,300,0.8851035436609819,0.16951447456991406,0.0,0.6733333333333333,1,0.0,0.18333333333333332,29.403333333333332,53.84243618860064,0.21177021032764856,0.0,0.21666666666666667,0.0,0.0,0.0,0.58,1.4
wideband,shield_repair,adaptive,phi,radioml,4,300,0.9064071895002765,0.270061149987797,0.0,0.65,1,0.0,0.17533333333333334,29.35333333333333,55.83244224442144,0.2564071895002764,0.0,0.24333333333333335,0.0,0.0,0.0,0.5866666666666667,1.4
wideband,shield_repair,adaptive,phi,radioml,5,300,0.8939230068184277,0.09060079917595949,0.0,0.6133333333333333,1,0.0,0.18866666666666668,29.37,53.086734134095785,0.2805896734850946,0.0,0.24333333333333335,0.0,0.0,0.0,0.5733333333333334,1.4
wideband,shield_repair,adaptive,phi,radioml,6,300,0.9072067739130402,0.22528254959370203,0.0,0.5866666666666667,1,0.0,0.17266666666666666,29.22,52.04725854882599,0.32054010724637344,0.0,0.14666666666666667,0.0,0.0,0.0,0.51,1.4
wideband,shield_repair,adaptive,phi,radioml,7,300,0.8979069356404594,0.07963461630041435,0.0,0.62,2,0.0,0.192,29.356666666666666,54.29332346029209,0.2779069356404595,0.0,0.17333333333333334,0.0,0.0,0.0,0.5866666666666667,1.4
wideband,shield_repair,adaptive,phi,radioml,8,300,0.9037950879462994,0.32303076924546237,0.0,0.69,1,0.0,0.186,29.51,55.08209265274008,0.2137950879462993,0.0,0.10333333333333333,0.0,0.0,0.0,0.6766666666666666,1.4
wideband,shield_repair,adaptive,phi,radioml,9,300,0.8964067887026129,0.16627637557609454,0.0,0.7233333333333334,1,0.0,0.18533333333333332,29.486666666666668,48.909435214027646,0.17307345536927957,0.0,0.30333333333333334,0.0,0.0,0.0,0.6766666666666666,1.4
bursty,heuristic,adaptive,phi,radioml,0,300,0.9883293268732212,0.9918201558379469,0.0,0.0,1,0.0,0.0,26.0,44.16666666666665,0.9883293268732212,0.0,0.0,0.0,0.0,0.0,0.0,1.4
bursty,heuristic,adaptive,phi,radioml,1,300,0.9924309423544476,0.9919801528633797,0.0,0.0,1,0.0,0.0,26.0,44.16666666666665,0.9924309423544476,0.0,0.0,0.0,0.0,0.0,0.0,1.4
bursty,heuristic,adaptive,phi,radioml,2,300,0.9930257007470457,0.9918263338013751,0.0,0.0,1,0.0,0.0,26.0,44.16666666666665,0.9930257007470457,0.0,0.0,0.0,0.0,0.0,0.0,1.4
bursty,heuristic,adaptive,phi,radioml,3,300,0.9903601718990209,0.9918553825897761,0.0,0.0,1,0.0,0.0,26.0,44.16666666666665,0.9903601718990209,0.0,0.0,0.0,0.0,0.0,0.0,1.4
bursty,heuristic,adaptive,phi,radioml,4,300,0.9923804539173242,0.9919750737219524,0.0,0.0,1,0.0,0.0,26.0,44.16666666666665,0.9923804539173242,0.0,0.0,0.0,0.0,0.0,0.0,1.4
bursty,heuristic,adaptive,phi,radioml,5,300,0.9930349353119476,0.9920493495421675,0.0,0.0,1,0.0,0.0,26.0,44.16666666666665,0.9930349353119476,0.0,0.0,0.0,0.0,0.0,0.0,1.4
bursty,heuristic,adaptive,phi,radioml,6,300,0.9883124368050358,0.9915803271095189,0.0,0.0,1,0.0,0.0,26.0,44.16666666666665,0.9883124368050358,0.0,0.0,0.0,0.0,0.0,0.0,1.4
bursty,heuristic,adaptive,phi,radioml,7,300,0.9922135542267955,0.9917600593771286,0.0,0.0,1,0.0,0.0,26.0,44.16666666666665,0.9922135542267955,0.0,0.0,0.0,0.0,0.0,0.0,1.4
bursty,heuristic,adaptive,phi,radioml,8,300,0.9904202651301698,0.9918438844620672,0.0,0.0,1,0.0,0.0,26.0,44.16666666666665,0.9904202651301698,0.0,0.0,0.0,0.0,0.0,0.0,1.4
bursty,heuristic,adaptive,phi,radioml,9,300,0.9905109458170744,0.9917273066810606,0.0,0.0,1,0.0,0.0,26.0,44.16666666666665,0.9905109458170744,0.0,0.0,0.0,0.0,0.0,0.0,1.4
bursty,greedy_twin,adaptive,phi,radioml,0,300,0.9832129759707096,0.9739421746339675,0.07,0.38,1,0.0,0.0,28.866666666666667,52.36807439570363,0.6032129759707097,0.04,0.21666666666666667,0.02666666666666667,0.0,0.0,0.18666666666666668,1.4
bursty,greedy_twin,adaptive,phi,radioml,1,300,0.9818090457172514,0.9737942770958911,0.09333333333333334,0.5933333333333334,1,0.0,0.0,29.2,55.555797562352744,0.38847571238391804,0.056666666666666664,0.31,0.04666666666666667,0.0,0.0,0.43,1.4
bursty,greedy_twin,adaptive,phi,radioml,2,300,0.9810651799957161,0.9738240922227444,0.07333333333333333,0.38666666666666666,1,0.0,0.0,28.916666666666668,51.3220119910837,0.5943985133290495,0.03333333333333333,0.18666666666666668,0.03,0.0,0.0,0.23,1.4
bursty,greedy_twin,adaptive,phi,radioml,3,300,0.9800024679603602,0.973898102600512,0.12,0.54,1,0.0,0.0,29.17,57.11284358472494,0.4400024679603602,0.06333333333333334,0.25666666666666665,0.043333333333333335,0.0,0.0,0.36666666666666664,1.4
bursty,greedy_twin,adaptive,phi,radioml,4,300,0.982223302907257,0.9739265592391717,0.06333333333333334,0.4033333333333333,1,0.0,0.0,29.173333333333332,56.62083817031672,0.5788899695739237,0.043333333333333335,0.15666666666666668,0.02,0.0,0.0,0.26666666666666666,1.4
bursty,greedy_twin,adaptive,phi,radioml,5,300,0.9812729483447886,0.9738626906892842,0.08333333333333333,0.43666666666666665,1,0.0,0.0,29.12,52.069144753029256,0.5446062816781219,0.04,0.16,0.043333333333333335,0.0,0.0,0.31,1.4
bursty,greedy_twin,adaptive,phi,radioml,6,300,0.9834767334484534,0.9739262035926461,0.10666666666666667,0.4533333333333333,1,0.0,0.0,28.793333333333333,51.14385608043258,0.5301434001151201,0.056666666666666664,0.18333333333333332,0.043333333333333335,0.0,0.0,0.29333333333333333,1.4
bursty,greedy_twin,adaptive,phi,radioml,7,300,0.9823940542250401,0.973840185580744,0.10666666666666667,0.49666666666666665,1,0.0,0.0,29.176666666666666,54.83656176620632,0.4857273875583733,0.07666666666666666,0.22,0.03,0.0,0.0,0.35,1.4
bursty,greedy_twin,adaptive,phi,radioml,8,300,0.9821588042089926,0.9739084851549304,0.08666666666666667,0.48333333333333334,1,0.0,0.0,29.153333333333332,51.23438268175559,0.4988254708756593,0.06666666666666667,0.18,0.016666666666666666,0.0,0.0,0.36,1.4
bursty,greedy_twin,adaptive,phi,radioml,9,300,0.9825587062266027,0.9738643642012399,0.09666666666666666,0.5433333333333333,1,0.0,0.0,29.143333333333334,56.290572245018076,0.4392253728932695,0.05,0.2,0.043333333333333335,0.0,0.0,0.3566666666666667,1.4
bursty,shield_filter,adaptive,phi,radioml,0,300,0.9835773003829948,0.9739421746339675,0.0,0.2866666666666667,1,0.0,0.0,28.663333333333334,52.36026974654742,0.6969106337163282,0.0,0.19333333333333333,0.0,0.0,0.0,0.12333333333333334,1.4
bursty,shield_filter,adaptive,phi,radioml,1,300,0.9831248145233802,0.9737963995072719,0.0,0.4533333333333333,1,0.0,0.0,28.96,55.56573123480994,0.5297914811900468,0.0,0.29,0.0,0.0,0.0,0.28,1.4
bursty,shield_filter,adaptive,phi,radioml,2,300,0.9814464904841265,0.9738244457796136,0.0,0.23,1,0.0,0.0,28.613333333333333,45.98230872315976,0.7514464904841265,0.0,0.15,0.0,0.0,0.0,0.09333333333333334,1.4
bursty,shield_filter,adaptive,phi,radioml,3,300,0.9822578424280451,0.9738608449997262,0.0,0.4666666666666667,1,0.0,0.0,28.89,54.76486651662023,0.5155911757613786,0.0,0.2966666666666667,0.0,0.0,0.0,0.2,1.4
bursty,shield_filter,adaptive,phi,radioml,4,300,0.9821620820385157,0.9739269323233205,0.0,0.31666666666666665,1,0.0,0.0,29.01,56.216321416099596,0.6654954153718491,0.0,0.14,0.0,0.0,0.0,0.19333333333333333,1.4
bursty,shield_filter,adaptive,phi,radioml,5,300,0.9814428498589336,0.9738832063774969,0.0,0.23666666666666666,1,0.0,0.0,28.776666666666667,52.11997486162654,0.7447761831922671,0.0,0.13333333333333333,0.0,0.0,0.0,0.12,1.4
bursty,shield_filter,adaptive,phi,radioml,6,300,0.9835402842667426,0.9739233123195706,0.0,0.2733333333333333,1,0.0,0.0,28.553333333333335,51.08148738438791,0.7102069509334092,0.0,0.15333333333333332,0.0,0.0,0.0,0.14333333333333334,1.4
bursty,shield_filter,adaptive,phi,radioml,7,300,0.9828171059516216,0.9738338605211714,0.0,0.3333333333333333,1,0.0,0.0,28.866666666666667,54.066909912844956,0.6494837726182883,0.0,0.18666666666666668,0.0,0.0,0.0,0.22,1.4
bursty,shield_filter,adaptive,phi,radioml,8,300,0.9827710269446089,0.9739507676629998,0.0,0.24333333333333335,1,0.0,0.0,28.85333333333333,54.760991244076635,0.7394376936112756,0.0,0.08666666666666667,0.0,0.0,0.0,0.16333333333333333,1.4
bursty,shield_filter,adaptive,phi,radioml,9,300,0.9803934367555193,0.9738629805271544,0.0,0.4066666666666667,1,0.0,0.0,28.89,56.28394627585121,0.5737267700888526,0.0,0.17333333333333334,0.0,0.0,0.0,0.25333333333333335,1.4
bursty,shield_repair,adaptive,phi,radioml,0,300,0.9831192299187675,0.9739421746339675,0.0,0.29333333333333333,1,0.0,0.16866666666666666,28.73,52.34222905427678,0.6897858965854341,0.0,0.20333333333333334,0.0,0.0,0.0,0.13333333333333333,1.4
bursty,shield_repair,adaptive,phi,radioml,1,300,0.9824347387456988,0.9737787328812821,0.0,0.49666666666666665,1,0.0,0.18266666666666667,29.066666666666666,55.55575729278842,0.4857680720790319,0.0,0.29333333333333333,0.0,0.0,0.0,0.32666666666666666,1.4
bursty,shield_repair,adaptive,phi,radioml,2,300,0.9811454454869422,0.9738240922227444,0.0,0.2733333333333333,1,0.0,0.16,28.653333333333332,46.984451761441406,0.707812112153609,0.0,0.15,0.0,0.0,0.0,0.13666666666666666,1.4
bursty,shield_repair,adaptive,phi,radioml,3,300,0.9799262299450191,0.973898102600512,0.0,0.36666666666666664,1,0.0,0.17133333333333334,28.963333333333335,51.61273394805898,0.6132595632783525,0.0,0.22,0.0,0.0,0.0,0.22666666666666666,1.4
bursty,shield_repair,adaptive,phi,radioml,4,300,0.9822188007435397,0.9739239293634986,0.0,0.30666666666666664,1,0.0,0.18,29.016666666666666,56.17581733083512,0.675552134076873,0.0,0.14,0.0,0.0,0.0,0.18333333333333332,1.4
bursty,shield_repair,adaptive,phi,radioml,5,300,0.9813624497637573,0.9738661878721514,0.0,0.25666666666666665,1,0.0,0.18533333333333332,28.863333333333333,52.02780389748424,0.7246957830970907,0.0,0.13333333333333333,0.0,0.0,0.0,0.14,1.4
bursty,shield_repair,adaptive,phi,radioml,6,300,0.9837823211927965,0.9739233123195706,0.0,0.2633333333333333,1,0.0,0.178,28.56,51.0710967003946,0.7204489878594632,0.0,0.15333333333333332,0.0,0.0,0.0,0.13666666666666666,1.4
bursty,shield_repair,adaptive,phi,radioml,7,300,0.9822971065993884,0.9738338605211714,0.0,0.3433333333333333,1,0.0,0.17866666666666667,28.983333333333334,54.06922780177409,0.638963773266055,0.0,0.19333333333333333,0.0,0.0,0.0,0.22,1.4
bursty,shield_repair,adaptive,phi,radioml,8,300,0.9823593697554687,0.9739088237678688,0.0,0.43,1,0.0,0.168,29.113333333333333,51.26726730732268,0.5523593697554687,0.0,0.16666666666666666,0.0,0.0,0.0,0.31666666666666665,1.4
bursty,shield_repair,adaptive,phi,radioml,9,300,0.9828635115831376,0.9738410250806628,0.0,0.4533333333333333,1,0.0,0.17,29.023333333333333,55.73547106103679,0.5295301782498043,0.0,0.17333333333333334,0.0,0.0,0.0,0.31333333333333335,1.4
backhaul,heuristic,adaptive,phi,radioml,0,300,0.9599099754176211,0.9136723686336494,0.0,0.0,1,0.0,0.0,26.0,44.16666666666665,0.9599099754176211,0.0,0.0,0.0,0.0,0.0,0.0,1.4
backhaul,heuristic,adaptive,phi,radioml,1,300,0.9569982926900629,0.9135986511791344,0.0,0.0,1,0.0,0.0,26.0,44.16666666666665,0.9569982926900629,0.0,0.0,0.0,0.0,0.0,0.0,1.4
backhaul,heuristic,adaptive,phi,radioml,2,300,0.9598793459037221,0.91348895419041,0.0,0.0,1,0.0,0.0,26.0,44.16666666666665,0.9598793459037221,0.0,0.0,0.0,0.0,0.0,0.0,1.4
backhaul,heuristic,adaptive,phi,radioml,3,300,0.9601831504045756,0.9136876669202157,0.0,0.0,1,0.0,0.0,26.0,44.16666666666665,0.9601831504045756,0.0,0.0,0.0,0.0,0.0,0.0,1.4
backhaul,heuristic,adaptive,phi,radioml,4,300,0.9599140853230106,0.9136844361304413,0.0,0.0,1,0.0,0.0,26.0,44.16666666666665,0.9599140853230106,0.0,0.0,0.0,0.0,0.0,0.0,1.4
backhaul,heuristic,adaptive,phi,radioml,5,300,0.9593707615685079,0.9136890291347096,0.0,0.0,1,0.0,0.0,26.0,44.16666666666665,0.9593707615685079,0.0,0.0,0.0,0.0,0.0,0.0,1.4
backhaul,heuristic,adaptive,phi,radioml,6,300,0.959625758316112,0.9135731507161193,0.0,0.0,1,0.0,0.0,26.0,44.16666666666665,0.959625758316112,0.0,0.0,0.0,0.0,0.0,0.0,1.4
backhaul,heuristic,adaptive,phi,radioml,7,300,0.9580504382666133,0.9135891335643875,0.0,0.0,1,0.0,0.0,26.0,44.16666666666665,0.9580504382666133,0.0,0.0,0.0,0.0,0.0,0.0,1.4
backhaul,heuristic,adaptive,phi,radioml,8,300,0.9630834181270156,0.9135976136248508,0.0,0.0,1,0.0,0.0,26.0,44.16666666666665,0.9630834181270156,0.0,0.0,0.0,0.0,0.0,0.0,1.4
backhaul,heuristic,adaptive,phi,radioml,9,300,0.9630814859996271,0.9136141690904508,0.0,0.0,1,0.0,0.0,26.0,44.16666666666665,0.9630814859996271,0.0,0.0,0.0,0.0,0.0,0.0,1.4
backhaul,greedy_twin,adaptive,phi,radioml,0,300,0.9537522706193452,0.8960798325206045,0.06,0.37,2,0.0,0.0,28.923333333333332,51.724208088529814,0.5837522706193452,0.03,0.18333333333333332,0.02666666666666667,0.0,0.0,0.24333333333333335,1.4
backhaul,greedy_twin,adaptive,phi,radioml,1,300,0.952249883616488,0.8960798594809742,0.10333333333333333,0.43333333333333335,3,0.0,0.0,28.95,51.92815701494565,0.5189165502831546,0.05333333333333334,0.15333333333333332,0.056666666666666664,0.0,0.0,0.31,1.4
backhaul,greedy_twin,adaptive,phi,radioml,2,300,0.9489542238723319,0.8960798453133842,0.06333333333333334,0.35333333333333333,1,0.0,0.0,28.98,50.61091839532001,0.5956208905389986,0.043333333333333335,0.11666666666666667,0.02666666666666667,0.0,0.0,0.23666666666666666,1.4
backhaul,greedy_twin,adaptive,phi,radioml,3,300,0.9536018577061225,0.8960797600667434,0.1,0.4666666666666667,1,0.0,0.0,28.983333333333334,51.9296925144935,0.4869351910394558,0.06333333333333334,0.21333333333333335,0.04,0.0,0.0,0.2733333333333333,1.4
backhaul,greedy_twin,adaptive,phi,radioml,4,300,0.9490555668230198,0.8960753239364814,0.09333333333333334,0.43,1,0.0,0.0,29.026666666666667,56.544648137268766,0.5190555668230197,0.043333333333333335,0.19,0.06333333333333334,0.0,0.0,0.23333333333333334,1.4
backhaul,greedy_twin,adaptive,phi,radioml,5,300,0.9533786324635435,0.8960798911121219,0.07666666666666666,0.54,1,0.0,0.0,29.203333333333333,54.794007268253594,0.4133786324635436,0.03333333333333333,0.25666666666666665,0.03333333333333333,0.0,0.0,0.3466666666666667,1.4
backhaul,greedy_twin,adaptive,phi,radioml,6,300,0.9514539096763849,0.8960797985171347,0.09333333333333334,0.37,2,0.0,0.0,28.733333333333334,52.76801902228708,0.5814539096763848,0.07,0.18,0.04,0.0,0.0,0.19333333333333333,1.4
backhaul,greedy_twin,adaptive,phi,radioml,7,300,0.9515774576049167,0.8960797254929598,0.07666666666666666,0.4,1,0.0,0.0,28.963333333333335,55.56942647240555,0.5515774576049168,0.05,0.16333333333333333,0.023333333333333334,0.0,0.0,0.24333333333333335,1.4
backhaul,greedy_twin,adaptive,phi,radioml,8,300,0.9479871947366532,0.8960795802970034,0.056666666666666664,0.41333333333333333,1,0.0,0.0,29.12,52.84416272054749,0.5346538614033198,0.03333333333333333,0.09333333333333334,0.02,0.0,0.0,0.3233333333333333,1.4
backhaul,greedy_twin,adaptive,phi,radioml,9,300,0.9545047611655755,0.8960797814479255,0.09666666666666666,0.4766666666666667,2,0.0,0.0,29.063333333333333,55.40283807252945,0.47783809449890885,0.07,0.21333333333333335,0.03,0.0,0.0,0.25,1.4
backhaul,shield_filter,adaptive,phi,radioml,0,300,0.9535416836691487,0.8960798325206045,0.0,0.26666666666666666,1,0.0,0.0,28.813333333333333,51.31321751484033,0.6868750170024819,0.0,0.16333333333333333,0.0,0.0,0.0,0.15666666666666668,1.4
backhaul,shield_filter,adaptive,phi,radioml,1,300,0.9528375631548394,0.8960798821174506,0.0,0.41333333333333333,3,0.0,0.0,29.006666666666668,51.6840978670469,0.539504229821506,0.0,0.12333333333333334,0.0,0.0,0.0,0.32666666666666666,1.4
backhaul,shield_filter,adaptive,phi,radioml,2,300,0.9498593164288677,0.8960798607261627,0.0,0.2866666666666667,1,0.0,0.0,28.916666666666668,50.61091839531985,0.6631926497622009,0.0,0.11333333333333333,0.0,0.0,0.0,0.22,1.4
backhaul,shield_filter,adaptive,phi,radioml,3,300,0.952590169026282,0.8960798358345459,0.0,0.3,1,0.0,0.0,28.846666666666668,49.805650060250855,0.652590169026282,0.0,0.17,0.0,0.0,0.0,0.15333333333333332,1.4
backhaul,shield_filter,adaptive,phi,radioml,4,300,0.9497839221315684,0.8960795608718641,0.0,0.32666666666666666,1,0.0,0.0,28.843333333333334,56.05529914242598,0.6231172554649017,0.0,0.17333333333333334,0.0,0.0,0.0,0.18,1.4
backhaul,shield_filter,adaptive,phi,radioml,5,300,0.9530912150143441,0.8960798145499668,0.0,0.38666666666666666,1,0.0,0.0,29.03,54.79418483695485,0.5664245483476773,0.0,0.23,0.0,0.0,0.0,0.22,1.4
backhaul,shield_filter,adaptive,phi,radioml,6,300,0.9537863704742507,0.8960799356169258,0.0,0.20666666666666667,2,0.0,0.0,28.536666666666665,49.27113815949013,0.747119703807584,0.0,0.15,0.0,0.0,0.0,0.056666666666666664,1.4
backhaul,shield_filter,adaptive,phi,radioml,7,300,0.9541138254026779,0.8960797940498759,0.0,0.25666666666666665,1,0.0,0.0,28.886666666666667,55.54130964411792,0.6974471587360112,0.0,0.13666666666666666,0.0,0.0,0.0,0.13666666666666666,1.4
backhaul,shield_filter,adaptive,phi,radioml,8,300,0.9484843609523108,0.8960797719299043,0.0,0.3,1,0.0,0.0,29.04,52.84416642555827,0.6484843609523108,0.0,0.08333333333333333,0.0,0.0,0.0,0.24,1.4
backhaul,shield_filter,adaptive,phi,radioml,9,300,0.9545717671505883,0.8960798088106087,0.0,0.38,1,0.0,0.0,28.983333333333334,55.940316824881535,0.5745717671505882,0.0,0.22,0.0,0.0,0.0,0.17666666666666667,1.4
backhaul,shield_repair,adaptive,phi,radioml,0,300,0.950115868269307,0.8960796034819773,0.0,0.2833333333333333,1,0.0,0.21466666666666667,28.976666666666667,51.172115649458966,0.6667825349359738,0.0,0.15333333333333332,0.0,0.0,0.0,0.19666666666666666,1.4
backhaul,shield_repair,adaptive,phi,radioml,1,300,0.9524335287055443,0.8960797529904242,0.0,0.41333333333333333,3,0.0,0.214,29.033333333333335,51.13881831192462,0.539100195372211,0.0,0.13666666666666666,0.0,0.0,0.0,0.3233333333333333,1.4
backhaul,shield_repair,adaptive,phi,radioml,2,300,0.9484716886714747,0.8960796997773741,0.0,0.35,1,0.0,0.21333333333333335,28.956666666666667,54.69892811830327,0.5984716886714746,0.0,0.15333333333333332,0.0,0.0,0.0,0.23666666666666666,1.4
backhaul,shield_repair,adaptive,phi,radioml,3,300,0.9538298883227109,0.8960793959347501,0.0,0.36333333333333334,3,0.0,0.20933333333333334,28.93,55.73932788200396,0.5904965549893776,0.0,0.18,0.0,0.0,0.0,0.24666666666666667,1.4
backhaul,shield_repair,adaptive,phi,radioml,4,300,0.9512436938744471,0.8960753239364814,0.0,0.32666666666666666,3,0.0,0.21466666666666667,28.993333333333332,53.94925569576908,0.6245770272077803,0.0,0.15333333333333332,0.0,0.0,0.0,0.21,1.4
backhaul,shield_repair,adaptive,phi,radioml,5,300,0.9530495030052075,0.8960796236649895,0.0,0.4,1,0.0,0.20866666666666667,29.046666666666667,54.79419296927222,0.5530495030052075,0.0,0.2,0.0,0.0,0.0,0.24333333333333335,1.4
backhaul,shield_repair,adaptive,phi,radioml,6,300,0.9514269215834968,0.896079650376137,0.0,0.3,2,0.0,0.20933333333333334,28.77,50.56793617800546,0.6514269215834969,0.0,0.18333333333333332,0.0,0.0,0.0,0.19666666666666666,1.4
backhaul,shield_repair,adaptive,phi,radioml,7,300,0.951699606030437,0.8960796722878549,0.0,0.33,1,0.0,0.216,28.963333333333335,55.536563659650255,0.621699606030437,0.0,0.14,0.0,0.0,0.0,0.2,1.4
backhaul,shield_repair,adaptive,phi,radioml,8,300,0.9481387401216401,0.8960793048313631,0.0,0.35333333333333333,1,0.0,0.204,29.08,52.81607682929296,0.5948054067883068,0.0,0.10333333333333333,0.0,0.0,0.0,0.27,1.4
backhaul,shield_repair,adaptive,phi,radioml,9,300,0.955065751681728,0.8960797564908843,0.0,0.37666666666666665,2,0.0,0.2,28.99,55.70507937588749,0.5783990850150613,0.0,0.19666666666666666,0.0,0.0,0.0,0.19333333333333333,1.4
compromised_xapp,heuristic,adaptive,phi,radioml,0,300,0.9934483896412442,0.9932668281334899,0.0,0.0,1,0.0,0.0,26.0,44.16666666666665,0.9934483896412442,0.0,0.0,0.0,0.0,0.0,0.0,1.4
compromised_xapp,heuristic,adaptive,phi,radioml,1,300,0.9934544478407941,0.9933019561485915,0.0,0.0,1,0.0,0.0,26.0,44.16666666666665,0.9934544478407941,0.0,0.0,0.0,0.0,0.0,0.0,1.4
compromised_xapp,heuristic,adaptive,phi,radioml,2,300,0.9934425070034882,0.9931703825092734,0.0,0.0,1,0.0,0.0,26.0,44.16666666666665,0.9934425070034882,0.0,0.0,0.0,0.0,0.0,0.0,1.4
compromised_xapp,heuristic,adaptive,phi,radioml,3,300,0.9928892256741726,0.9931879932453331,0.0,0.0,1,0.0,0.0,26.0,44.16666666666665,0.9928892256741726,0.0,0.0,0.0,0.0,0.0,0.0,1.4
compromised_xapp,heuristic,adaptive,phi,radioml,4,300,0.9934432724795246,0.9932587202024952,0.0,0.0,1,0.0,0.0,26.0,44.16666666666665,0.9934432724795246,0.0,0.0,0.0,0.0,0.0,0.0,1.4
compromised_xapp,heuristic,adaptive,phi,radioml,5,300,0.9928562087760345,0.9932170940143807,0.0,0.0,1,0.0,0.0,26.0,44.16666666666665,0.9928562087760345,0.0,0.0,0.0,0.0,0.0,0.0,1.4
compromised_xapp,heuristic,adaptive,phi,radioml,6,300,0.9934491373712371,0.9932664139275617,0.0,0.0,1,0.0,0.0,26.0,44.16666666666665,0.9934491373712371,0.0,0.0,0.0,0.0,0.0,0.0,1.4
compromised_xapp,heuristic,adaptive,phi,radioml,7,300,0.9934446981261446,0.9932209448553635,0.0,0.0,1,0.0,0.0,26.0,44.16666666666665,0.9934446981261446,0.0,0.0,0.0,0.0,0.0,0.0,1.4
compromised_xapp,heuristic,adaptive,phi,radioml,8,300,0.993132598205922,0.9932895437436849,0.0,0.0,1,0.0,0.0,26.0,44.16666666666665,0.993132598205922,0.0,0.0,0.0,0.0,0.0,0.0,1.4
compromised_xapp,heuristic,adaptive,phi,radioml,9,300,0.9923792936882401,0.9932896788197764,0.0,0.0,1,0.0,0.0,26.0,44.16666666666665,0.9923792936882401,0.0,0.0,0.0,0.0,0.0,0.0,1.4
compromised_xapp,greedy_twin,adaptive,phi,radioml,0,300,0.9818747001602904,0.9739698871961358,0.06666666666666667,0.77,1,0.0,0.0,29.573333333333334,53.538870186320416,0.21187470016029045,0.043333333333333335,0.18333333333333332,0.44666666666666666,0.0,0.0,0.6366666666666667,1.4
compromised_xapp,greedy_twin,adaptive,phi,radioml,1,300,0.9820748676036286,0.9739519127623519,0.06333333333333334,0.8333333333333334,1,0.0,0.0,29.616666666666667,54.84292129171118,0.14874153427029535,0.03,0.14666666666666667,0.4,0.0,0.0,0.7,1.4
compromised_xapp,greedy_twin,adaptive,phi,radioml,2,300,0.982460760597206,0.9739890797967196,0.07333333333333333,0.8533333333333334,1,0.0,0.0,29.65,53.30399800354616,0.1291274272638727,0.05,0.22666666666666666,0.46,0.0,0.0,0.74,1.4
compromised_xapp,greedy_twin,adaptive,phi,radioml,3,300,0.9823655358205289,0.973992048131569,0.06666666666666667,0.8233333333333334,1,0.0,0.0,29.55666666666667,53.301311081281966,0.15903220248719535,0.043333333333333335,0.17666666666666667,0.41333333333333333,0.0,0.0,0.67,1.4
compromised_xapp,greedy_twin,adaptive,phi,radioml,4,300,0.9823442869509383,0.9739745335999032,0.09666666666666666,0.81,1,0.0,0.0,29.63,56.00686229471409,0.1723442869509383,0.07,0.22333333333333333,0.39,0.0,0.0,0.6666666666666666,1.4
compromised_xapp,greedy_twin,adaptive,phi,radioml,5,300,0.9825732097896124,0.9739930341880503,0.06666666666666667,0.8466666666666667,1,0.0,0.0,29.6,54.557201475087346,0.13590654312294553,0.043333333333333335,0.21,0.4166666666666667,0.0,0.0,0.68,1.4
compromised_xapp,greedy_twin,adaptive,phi,radioml,6,300,0.982965049641168,0.9739745584107548,0.08666666666666667,0.7466666666666667,1,0.0,0.0,29.426666666666666,52.931962536655526,0.23629838297450134,0.06333333333333334,0.27,0.4066666666666667,0.0,0.0,0.6066666666666667,1.4
compromised_xapp,greedy_twin,adaptive,phi,radioml,7,300,0.9829441376047081,0.9739949956284436,0.04666666666666667,0.7866666666666666,1,0.0,0.0,29.456666666666667,52.3151900010723,0.19627747093804138,0.043333333333333335,0.18333333333333332,0.4,0.0,0.0,0.6266666666666667,1.4
compromised_xapp,greedy_twin,adaptive,phi,radioml,8,300,0.9819709117016305,0.9739885657351545,0.05333333333333334,0.8866666666666667,1,0.0,0.0,29.676666666666666,50.21260127735039,0.09530424503496396,0.04,0.23333333333333334,0.4266666666666667,0.0,0.0,0.8,1.4
compromised_xapp,greedy_twin,adaptive,phi,radioml,9,300,0.9823261278155733,0.9739892189980354,0.07333333333333333,0.78,1,0.0,0.0,29.383333333333333,49.41838552899186,0.20232612781557333,0.05333333333333334,0.14666666666666667,0.41333333333333333,0.0,0.0,0.57,1.4
compromised_xapp,shield_filter,adaptive,phi,radioml,0,300,0.9822544080986889,0.9739731529623322,0.0,0.7266666666666667,1,0.0,0.0,29.48,53.170107122134155,0.25558774143202234,0.0,0.17666666666666667,0.42,0.0,0.0,0.6166666666666667,1.4
compromised_xapp,shield_filter,adaptive,phi,radioml,1,300,0.9821229893699038,0.9739676224686141,0.0,0.7533333333333333,1,0.0,0.0,29.47,54.470986918916005,0.2287896560365705,0.0,0.13333333333333333,0.37333333333333335,0.0,0.0,0.6133333333333333,1.4
compromised_xapp,shield_filter,adaptive,phi,radioml,2,300,0.9827862112336131,0.973992983735255,0.0,0.8366666666666667,1,0.0,0.0,29.536666666666665,51.01405273979418,0.1461195445669463,0.0,0.21333333333333335,0.44,0.0,0.0,0.7166666666666667,1.4
compromised_xapp,shield_filter,adaptive,phi,radioml,3,300,0.9826230581285487,0.9739957748436175,0.0,0.7633333333333333,1,0.0,0.0,29.476666666666667,50.956084816803084,0.21928972479521552,0.0,0.17,0.38333333333333336,0.0,0.0,0.5966666666666667,1.4
compromised_xapp,shield_filter,adaptive,phi,radioml,4,300,0.9824803154554638,0.9739900210263143,0.0,0.77,1,0.0,0.0,29.513333333333332,53.76915098182419,0.21248031545546367,0.0,0.21333333333333335,0.3566666666666667,0.0,0.0,0.6166666666666667,1.4
compromised_xapp,shield_filter,adaptive,phi,radioml,5,300,0.9826311548444172,0.9739969200115272,0.0,0.8033333333333333,1,0.0,0.0,29.496666666666666,54.44903049556387,0.17929782151108403,0.0,0.19666666666666666,0.41,0.0,0.0,0.64,1.4
compromised_xapp,shield_filter,adaptive,phi,radioml,6,300,0.9830983693552535,0.9739927480051139,0.0,0.7266666666666667,1,0.0,0.0,29.41,52.62349419537553,0.2564317026885867,0.0,0.2633333333333333,0.3933333333333333,0.0,0.0,0.6,1.4
compromised_xapp,shield_filter,adaptive,phi,radioml,7,300,0.9830739089090103,0.9739945297360195,0.0,0.76,1,0.0,0.0,29.436666666666667,53.644540212620306,0.22307390890901038,0.0,0.18,0.38666666666666666,0.0,0.0,0.5966666666666667,1.4
compromised_xapp,shield_filter,adaptive,phi,radioml,8,300,0.9821652654592159,0.9739951312883853,0.0,0.8466666666666667,1,0.0,0.0,29.643333333333334,50.21260127735039,0.1354985987925493,0.0,0.23,0.41333333333333333,0.0,0.0,0.7733333333333333,1.4
compromised_xapp,shield_filter,adaptive,phi,radioml,9,300,0.9822520039974179,0.9739892189980354,0.0,0.7266666666666667,1,0.0,0.0,29.393333333333334,49.55029977324297,0.25558533733075106,0.0,0.14333333333333334,0.3933333333333333,0.0,0.0,0.5633333333333334,1.4
compromised_xapp,shield_repair,adaptive,phi,radioml,0,300,0.9821889855537158,0.9739723746436189,0.0,0.7266666666666667,1,0.0,0.13333333333333333,29.47,53.170107104669185,0.25552231888704907,0.0,0.17666666666666667,0.42,0.0,0.0,0.6166666666666667,1.4
compromised_xapp,shield_repair,adaptive,phi,radioml,1,300,0.9820067573672365,0.9739275573949948,0.0,0.77,1,0.0,0.14266666666666666,29.506666666666668,54.470986918916005,0.21200675736723665,0.0,0.13333333333333333,0.38333333333333336,0.0,0.0,0.64,1.4
compromised_xapp,shield_repair,adaptive,phi,radioml,2,300,0.9827190367748699,0.9739907347259255,0.0,0.8433333333333334,1,0.0,0.14933333333333335,29.536666666666665,52.196600221230035,0.13938570344153642,0.0,0.21333333333333335,0.4533333333333333,0.0,0.0,0.72,1.4
compromised_xapp,shield_repair,adaptive,phi,radioml,3,300,0.9824925501742257,0.9739920246882743,0.0,0.7866666666666666,1,0.0,0.14133333333333334,29.536666666666665,52.5231363620416,0.19582588350755897,0.0,0.17,0.38666666666666666,0.0,0.0,0.64,1.4
compromised_xapp,shield_repair,adaptive,phi,radioml,4,300,0.9825374770462827,0.9739839559500246,0.0,0.7666666666666667,1,0.0,0.16333333333333333,29.496666666666666,53.7690809617429,0.21587081037961592,0.0,0.21333333333333335,0.37666666666666665,0.0,0.0,0.5966666666666667,1.4
compromised_xapp,shield_repair,adaptive,phi,radioml,5,300,0.9823801009736953,0.9739885132107527,0.0,0.8266666666666667,1,0.0,0.154,29.543333333333333,54.556700242725015,0.15571343430702864,0.0,0.19666666666666666,0.42333333333333334,0.0,0.0,0.6566666666666666,1.4
compromised_xapp,shield_repair,adaptive,phi,radioml,6,300,0.98277509288493,0.9739753412806045,0.0,0.7266666666666667,1,0.0,0.13733333333333334,29.44,52.01785612644264,0.25610842621826324,0.0,0.26666666666666666,0.4066666666666667,0.0,0.0,0.6033333333333334,1.4
compromised_xapp,shield_repair,adaptive,phi,radioml,7,300,0.9828783771558715,0.9739932295127074,0.0,0.7866666666666666,1,0.0,0.14,29.48,51.90387148413388,0.19621171048920494,0.0,0.18,0.39666666666666667,0.0,0.0,0.6433333333333333,1.4
compromised_xapp,shield_repair,adaptive,phi,radioml,8,300,0.9818968994124591,0.9739851122587713,0.0,0.8566666666666667,1,0.0,0.132,29.68,50.44723697709406,0.12523023274579245,0.0,0.23,0.42333333333333334,0.0,0.0,0.78,1.4
compromised_xapp,shield_repair,adaptive,phi,radioml,9,300,0.982245233299547,0.9739866411044914,0.0,0.7566666666666667,1,0.0,0.14333333333333334,29.433333333333334,49.550299755828874,0.22557856663288045,0.0,0.14666666666666667,0.41,0.0,0.0,0.5766666666666667,1.4
compound,heuristic,adaptive,phi,radioml,0,300,0.9029788678089475,0.2071842869090369,0.0,0.23666666666666666,1,0.0,0.0,26.0,44.16666666666665,0.666312201142281,0.0,0.0,0.23666666666666666,0.0,0.0,0.0,1.4
compound,heuristic,adaptive,phi,radioml,1,300,0.9148199488456811,0.42554746832806234,0.0,0.22,1,0.0,0.0,26.0,44.16666666666665,0.6948199488456811,0.0,0.0,0.22,0.0,0.0,0.0,1.4
compound,heuristic,adaptive,phi,radioml,2,300,0.9201787187791246,0.8189219512521728,0.0,0.22,1,0.0,0.0,26.0,44.16666666666665,0.7001787187791245,0.0,0.0,0.22,0.0,0.0,0.0,1.4
compound,heuristic,adaptive,phi,radioml,3,300,0.8886687052537199,0.030163768459162184,0.0,0.21,3,0.0,0.0,26.0,44.16666666666665,0.6786687052537199,0.0,0.0,0.21,0.0,0.0,0.0,1.4
compound,heuristic,adaptive,phi,radioml,4,300,0.8944411696258476,0.10724115889989518,0.0,0.23666666666666666,1,0.0,0.0,26.0,44.16666666666665,0.6577745029591809,0.0,0.0,0.23666666666666666,0.0,0.0,0.0,1.4
compound,heuristic,adaptive,phi,radioml,5,300,0.89809607954769,0.03933654876700893,0.0,0.22,1,0.0,0.0,26.0,44.16666666666665,0.67809607954769,0.0,0.0,0.22,0.0,0.0,0.0,1.4
compound,heuristic,adaptive,phi,radioml,6,300,0.9119168688355217,0.7474829681289037,0.0,0.24333333333333335,1,0.0,0.0,26.0,44.16666666666665,0.6685835355021884,0.0,0.0,0.24333333333333335,0.0,0.0,0.0,1.4
compound,heuristic,adaptive,phi,radioml,7,300,0.9164079251300166,0.8167523021541122,0.0,0.23,4,0.0,0.0,26.0,44.16666666666665,0.6864079251300166,0.0,0.0,0.23,0.0,0.0,0.0,1.4
compound,heuristic,adaptive,phi,radioml,8,300,0.8936942963703601,0.0405954394488295,0.0,0.21333333333333335,1,0.0,0.0,26.0,44.16666666666665,0.6803609630370269,0.0,0.0,0.21333333333333335,0.0,0.0,0.0,1.4
compound,heuristic,adaptive,phi,radioml,9,300,0.8989051603687954,0.021666333722898706,0.0,0.2,1,0.0,0.0,26.0,44.16666666666665,0.6989051603687955,0.0,0.0,0.2,0.0,0.0,0.0,1.4
compound,greedy_twin,adaptive,phi,radioml,0,300,0.9560198344629056,0.8958247598426534,0.06,0.8933333333333333,1,0.0,0.0,29.786666666666665,47.2776756053955,0.06268650112957233,0.04,0.16,0.52,0.0,0.0,0.85,1.4
compound,greedy_twin,adaptive,phi,radioml,1,300,0.951994514590768,0.8955946032983164,0.06666666666666667,0.9,2,0.0,0.0,29.826666666666668,53.239073129674104,0.05199451459076802,0.03666666666666667,0.22,0.52,0.0,0.0,0.8633333333333333,1.4
compound,greedy_twin,adaptive,phi,radioml,2,300,0.9475178966046868,0.8955167782820355,0.043333333333333335,0.89,1,0.0,0.0,29.80666666666667,55.232199413969,0.0575178966046867,0.03,0.18666666666666668,0.5466666666666666,0.0,0.0,0.86,1.4
compound,greedy_twin,adaptive,phi,radioml,3,300,0.9529333833563154,0.8957742927008591,0.06333333333333334,0.9133333333333333,1,0.0,0.0,29.833333333333332,50.828072102613135,0.03960005002298188,0.04,0.25333333333333335,0.56,0.0,0.0,0.88,1.4
compound,greedy_twin,adaptive,phi,radioml,4,300,0.9553959417912504,0.8958818271294663,0.05333333333333334,0.87,1,0.0,0.0,29.813333333333333,54.58029286951102,0.0853959417912503,0.03333333333333333,0.38333333333333336,0.51,0.0,0.0,0.8233333333333334,1.4
compound,greedy_twin,adaptive,phi,radioml,5,300,0.9517749199316218,0.8953668990135498,0.07,0.94,1,0.0,0.0,29.94333333333333,55.9698616631462,0.011774919931621603,0.04,0.23333333333333334,0.5733333333333334,0.0,0.0,0.9066666666666666,1.4
compound,greedy_twin,adaptive,phi,radioml,6,300,0.9499054445824301,0.8956088269889554,0.1,0.88,2,0.0,0.0,29.766666666666666,56.1430472327246,0.06990544458243005,0.06666666666666667,0.27,0.49666666666666665,0.0,0.0,0.8633333333333333,1.4
compound,greedy_twin,adaptive,phi,radioml,7,300,0.9478405836221464,0.8953951946224897,0.04,0.8866666666666667,2,0.0,0.0,29.783333333333335,53.99431111498413,0.06117391695547976,0.02,0.22,0.5133333333333333,0.0,0.0,0.8533333333333334,1.4
compound,greedy_twin,adaptive,phi,radioml,8,300,0.956356637733836,0.8957489116323957,0.05333333333333334,0.9366666666666666,1,0.0,0.0,29.893333333333334,49.77361978898489,0.019689971067169257,0.03333333333333333,0.12,0.49,0.0,0.0,0.9066666666666666,1.4
compound,greedy_twin,adaptive,phi,radioml,9,300,0.9477567181489637,0.8958889822490601,0.07,0.93,2,0.0,0.0,29.94333333333333,56.275287690053894,0.017756718148963593,0.043333333333333335,0.20333333333333334,0.5433333333333333,0.0,0.0,0.9,1.4
compound,shield_filter,adaptive,phi,radioml,0,300,0.9509655498565941,0.895578037375646,0.0,0.86,1,0.0,0.0,29.73,56.15161096025767,0.09096554985659416,0.0,0.23,0.4866666666666667,0.0,0.0,0.8166666666666667,1.4
compound,shield_filter,adaptive,phi,radioml,1,300,0.9563548590717759,0.8957855460740731,0.0,0.8466666666666667,1,0.0,0.0,29.68,51.665411270907946,0.10968819240510916,0.0,0.21333333333333335,0.49,0.0,0.0,0.8166666666666667,1.4
compound,shield_filter,adaptive,phi,radioml,2,300,0.9447853917694357,0.895508485696465,0.0,0.8766666666666667,1,0.0,0.0,29.74,54.22897731283062,0.06811872510276895,0.0,0.17333333333333334,0.53,0.0,0.0,0.8533333333333334,1.4
compound,shield_filter,adaptive,phi,radioml,3,300,0.9532824698415155,0.8958311123543226,0.0,0.9,1,0.0,0.0,29.796666666666667,50.62264343526883,0.053282469841515405,0.0,0.23,0.5366666666666666,0.0,0.0,0.87,1.4
compound,shield_filter,adaptive,phi,radioml,4,300,0.954685072662492,0.895874666102731,0.0,0.8033333333333333,1,0.0,0.0,29.67,50.96700045220734,0.1513517393291588,0.0,0.18,0.4766666666666667,0.0,0.0,0.7666666666666667,1.4
compound,shield_filter,adaptive,phi,radioml,5,300,0.9509240753477157,0.895544189820711,0.0,0.8833333333333333,1,0.0,0.0,29.776666666666667,49.033900817621124,0.06759074201438244,0.0,0.20666666666666667,0.5333333333333333,0.0,0.0,0.8433333333333334,1.4
compound,shield_filter,adaptive,phi,radioml,6,300,0.9521254233719537,0.8957449275288764,0.0,0.8633333333333333,2,0.0,0.0,29.703333333333333,53.46994140257297,0.08879209003862051,0.0,0.18666666666666668,0.4866666666666667,0.0,0.0,0.8433333333333334,1.4
compound,shield_filter,adaptive,phi,radioml,7,300,0.9456879918114847,0.8956611005800357,0.0,0.8833333333333333,2,0.0,0.0,29.726666666666667,50.746591016648836,0.062354658478151435,0.0,0.24,0.5233333333333333,0.0,0.0,0.84,1.4
compound,shield_filter,adaptive,phi,radioml,8,300,0.9535258935846156,0.8956731676682955,0.0,0.9,1,0.0,0.0,29.85,55.00821564197727,0.05352589358461566,0.0,0.11,0.5066666666666667,0.0,0.0,0.8833333333333333,1.4
compound,shield_filter,adaptive,phi,radioml,9,300,0.9534764627345756,0.8959505684274246,0.0,0.88,1,0.0,0.0,29.81,56.168062159859105,0.07347646273457555,0.0,0.15333333333333332,0.4866666666666667,0.0,0.0,0.8533333333333334,1.4
compound,shield_repair,adaptive,phi,radioml,0,300,0.9537395152877484,0.8958247598426534,0.0,0.86,1,0.0,0.17333333333333334,29.716666666666665,56.05503123337501,0.09373951528774832,0.0,0.16,0.49666666666666665,0.0,0.0,0.8166666666666667,1.4
compound,shield_repair,adaptive,phi,radioml,1,300,0.956263077479538,0.8957660862827476,0.0,0.8466666666666667,1,0.0,0.178,29.7,51.665411270907946,0.10959641081287116,0.0,0.21333333333333335,0.4866666666666667,0.0,0.0,0.82,1.4
compound,shield_repair,adaptive,phi,radioml,2,300,0.9446876374006846,0.8954621048185508,0.0,0.8666666666666667,1,0.0,0.18733333333333332,29.716666666666665,54.061773643547426,0.07802097073401787,0.0,0.17333333333333334,0.53,0.0,0.0,0.8433333333333334,1.4
compound,shield_repair,adaptive,phi,radioml,3,300,0.9440579411538284,0.8954600690941035,0.0,0.9,1,0.0,0.16666666666666666,29.773333333333333,50.58846465082856,0.04405794115382842,0.0,0.38333333333333336,0.5133333333333333,0.0,0.0,0.85,1.4
compound,shield_repair,adaptive,phi,radioml,4,300,0.9536857482563162,0.8959064383370418,0.0,0.78,1,0.0,0.18333333333333332,29.656666666666666,49.71787262276723,0.17368574825631614,0.0,0.14,0.4533333333333333,0.0,0.0,0.7466666666666667,1.4
compound,shield_repair,adaptive,phi,radioml,5,300,0.9518413700702187,0.8953668990135498,0.0,0.9,1,0.0,0.18333333333333332,29.85333333333333,54.85544949262752,0.051841370070218634,0.0,0.22,0.5533333333333333,0.0,0.0,0.86,1.4
compound,shield_repair,adaptive,phi,radioml,6,300,0.9534422162585034,0.895722880202747,0.0,0.8633333333333333,2,0.0,0.18266666666666667,29.72,53.4699414025717,0.09010888292516997,0.0,0.18666666666666668,0.49333333333333335,0.0,0.0,0.8433333333333334,1.4
compound,shield_repair,adaptive,phi,radioml,7,300,0.9475312842998788,0.8957064498134822,0.0,0.9033333333333333,2,0.0,0.17066666666666666,29.743333333333332,49.31924261978172,0.044197950966545434,0.0,0.2633333333333333,0.5366666666666666,0.0,0.0,0.86,1.4
compound,shield_repair,adaptive,phi,radioml,8,300,0.9506331470990373,0.8955966056373668,0.0,0.92,1,0.0,0.184,29.88,55.0079521499627,0.03063314709903739,0.0,0.06333333333333334,0.5266666666666666,0.0,0.0,0.91,1.4
compound,shield_repair,adaptive,phi,radioml,9,300,0.9508899916661998,0.8958605742408057,0.0,0.91,1,0.0,0.18133333333333335,29.833333333333332,55.7615930152324,0.04088999166619974,0.0,0.2,0.5133333333333333,0.0,0.0,0.8733333333333333,1.4
narrowband,heuristic,adaptive,phi_plus,radioml,0,300,0.9934226737149788,0.9931569134100258,0.043333333333333335,0.0,1,0.0,0.0,26.0,44.16666666666665,0.9934226737149788,0.0,0.0,0.0,0.0,0.0,0.0,1.4
narrowband,heuristic,adaptive,phi_plus,radioml,1,300,0.9934067536529608,0.993073747476761,0.06666666666666667,0.0,1,0.0,0.0,26.0,44.16666666666665,0.9934067536529608,0.0,0.0,0.0,0.0,0.0,0.0,1.4
narrowband,heuristic,adaptive,phi_plus,radioml,2,300,0.993416345452164,0.9930872006790583,0.06,0.0,1,0.0,0.0,26.0,44.16666666666665,0.993416345452164,0.0,0.0,0.0,0.0,0.0,0.0,1.4
narrowband,heuristic,adaptive,phi_plus,radioml,3,300,0.993415619227892,0.9931579096104075,0.06333333333333334,0.0,1,0.0,0.0,26.0,44.16666666666665,0.993415619227892,0.0,0.0,0.0,0.0,0.0,0.0,1.4
narrowband,heuristic,adaptive,phi_plus,radioml,4,300,0.9901533402387177,0.9931887007344886,0.06,0.0,1,0.0,0.0,26.0,44.16666666666665,0.9901533402387177,0.0,0.0,0.0,0.0,0.0,0.0,1.4
narrowband,heuristic,adaptive,phi_plus,radioml,5,300,0.9934090867775751,0.993058830534851,0.06333333333333334,0.0,1,0.0,0.0,26.0,44.16666666666665,0.9934090867775751,0.0,0.0,0.0,0.0,0.0,0.0,1.4
narrowband,heuristic,adaptive,phi_plus,radioml,6,300,0.9934111015436493,0.9931144732685937,0.07666666666666666,0.0,1,0.0,0.0,26.0,44.16666666666665,0.9934111015436493,0.0,0.0,0.0,0.0,0.0,0.0,1.4
narrowband,heuristic,adaptive,phi_plus,radioml,7,300,0.9934225173103781,0.9931468761398515,0.04,0.0,1,0.0,0.0,26.0,44.16666666666665,0.9934225173103781,0.0,0.0,0.0,0.0,0.0,0.0,1.4
narrowband,heuristic,adaptive,phi_plus,radioml,8,300,0.9901592118853549,0.9931271123206569,0.07333333333333333,0.0,1,0.0,0.0,26.0,44.16666666666665,0.9901592118853549,0.0,0.0,0.0,0.0,0.0,0.0,1.4
narrowband,heuristic,adaptive,phi_plus,radioml,9,300,0.993429614029936,0.9931983766705597,0.08666666666666667,0.0,1,0.0,0.0,26.0,44.16666666666665,0.993429614029936,0.0,0.0,0.0,0.0,0.0,0.0,1.4
narrowband,greedy_twin,adaptive,phi_plus,radioml,0,300,0.9844115837774264,0.9739585715491758,0.97,0.36,1,0.0,0.0,28.863333333333333,51.55713950736256,0.6244115837774263,0.05,0.23333333333333334,0.016666666666666666,0.0,0.0,0.15666666666666668,1.4
narrowband,greedy_twin,adaptive,phi_plus,radioml,1,300,0.9858236485555013,0.9739889416396241,0.9666666666666667,0.32666666666666666,1,0.0,0.0,28.703333333333333,51.85539439431794,0.6591569818888346,0.023333333333333334,0.23333333333333334,0.03666666666666667,0.0,0.0,0.1,1.4
narrowband,greedy_twin,adaptive,phi_plus,radioml,2,300,0.9852818318978412,0.9739887071402032,0.9466666666666667,0.26,1,0.0,0.0,28.716666666666665,53.0675227136486,0.7252818318978413,0.03333333333333333,0.12,0.016666666666666666,0.0,0.0,0.11666666666666667,1.4
narrowband,greedy_twin,adaptive,phi_plus,radioml,3,300,0.9849432276831775,0.9739857677364351,0.9833333333333333,0.42333333333333334,1,0.0,0.0,29.116666666666667,55.12102333018664,0.5616098943498444,0.06,0.16333333333333333,0.03333333333333333,0.0,0.0,0.28,1.4
narrowband,greedy_twin,adaptive,phi_plus,radioml,4,300,0.9855871904580871,0.9739898819865584,0.98,0.22,1,0.0,0.0,28.733333333333334,53.60820317049358,0.7655871904580871,0.03333333333333333,0.14666666666666667,0.02,0.0,0.0,0.05333333333333334,1.4
narrowband,greedy_twin,adaptive,phi_plus,radioml,5,300,0.9840958755415526,0.9739847290915841,0.9733333333333334,0.33666666666666667,1,0.0,0.0,28.923333333333332,53.757460643775225,0.6474292088748859,0.02666666666666667,0.17333333333333334,0.023333333333333334,0.0,0.0,0.18666666666666668,1.4
narrowband,greedy_twin,adaptive,phi_plus,radioml,6,300,0.9854997149747574,0.9739812715458488,0.9533333333333334,0.26666666666666666,1,0.0,0.0,28.546666666666667,45.93492501161117,0.7188330483080908,0.04,0.14333333333333334,0.013333333333333334,0.0,0.0,0.1,1.4
narrowband,greedy_twin,adaptive,phi_plus,radioml,7,300,0.9848191619498436,0.9739933807112262,0.97,0.36,1,0.0,0.0,28.866666666666667,52.95539127715267,0.6248191619498437,0.043333333333333335,0.12,0.013333333333333334,0.0,0.0,0.26,1.4
narrowband,greedy_twin,adaptive,phi_plus,radioml,8,300,0.9846525451290491,0.9739656231682922,0.9766666666666667,0.2633333333333333,1,0.0,0.0,28.85,54.759366787172084,0.7213192117957159,0.02666666666666667,0.08666666666666667,0.006666666666666667,0.0,0.0,0.16666666666666666,1.4
narrowband,greedy_twin,adaptive,phi_plus,radioml,9,300,0.985307846212271,0.9739935920135283,0.9766666666666667,0.2833333333333333,1,0.0,0.0,28.916666666666668,56.25365972018083,0.7019745128789375,0.05333333333333334,0.12,0.02666666666666667,0.0,0.0,0.16666666666666666,1.4
narrowband,shield_filter,adaptive,phi_plus,radioml,0,300,0.7070551904257606,0.00028015158614974964,0.0,0.0,1,0.30333333333333334,0.0,23.62,39.27183486785676,0.7070551904257606,0.0,0.0,0.0,0.0,0.0,0.0,1.4
narrowband,shield_filter,adaptive,phi_plus,radioml,1,300,0.744021664263975,0.00032665308628031464,0.0,0.0,1,0.2633333333333333,0.0,23.71,37.667300380650424,0.744021664263975,0.0,0.0,0.0,0.0,0.0,0.0,1.4
narrowband,shield_filter,adaptive,phi_plus,radioml,2,300,0.7480084242008516,0.0002996732803002572,0.0,0.0,1,0.24,0.0,23.85,37.486038305091014,0.7480084242008516,0.0,0.0,0.0,0.0,0.0,0.0,1.4
narrowband,shield_filter,adaptive,phi_plus,radioml,3,300,0.7437823692572163,0.00030065134780869377,0.0,0.0,2,0.28,0.0,23.77,37.0278067258107,0.7437823692572163,0.0,0.0,0.0,0.0,0.0,0.0,1.4
narrowband,shield_filter,adaptive,phi_plus,radioml,4,300,0.7777567236318229,0.00031514459329208577,0.0,0.0,1,0.23666666666666666,0.0,24.14,37.54397697100554,0.7777567236318229,0.0,0.0,0.0,0.0,0.0,0.0,1.4
narrowband,shield_filter,adaptive,phi_plus,radioml,5,300,0.7444365397776118,0.00036623037775648906,0.0,0.0033333333333333335,1,0.2833333333333333,0.0,23.63,38.688514896461626,0.7411032064442785,0.0,0.0,0.0,0.0,0.0033333333333333335,0.0,1.4
narrowband,shield_filter,adaptive,phi_plus,radioml,6,300,0.7622305198645385,0.00037071621920854324,0.0,0.0,1,0.25333333333333335,0.0,23.85,38.20386732557095,0.7622305198645385,0.0,0.0,0.0,0.0,0.0,0.0,1.4
narrowband,shield_filter,adaptive,phi_plus,radioml,7,300,0.783936500741866,0.0003613973478106383,0.0,0.0,1,0.24,0.0,23.86,36.48316095046747,0.783936500741866,0.0,0.0,0.0,0.0,0.0,0.0,1.4
narrowband,shield_filter,adaptive,phi_plus,radioml,8,300,0.7482815662889556,0.0003128254429743291,0.0,0.0,1,0.2833333333333333,0.0,23.8,38.14938116274896,0.7482815662889556,0.0,0.0,0.0,0.0,0.0,0.0,1.4
narrowband,shield_filter,adaptive,phi_plus,radioml,9,300,0.7550896545698805,0.0003314082662376414,0.0,0.0,1,0.26,0.0,23.72,38.453632726125875,0.7550896545698805,0.0,0.0,0.0,0.0,0.0,0.0,1.4
narrowband,shield_repair,adaptive,phi_plus,radioml,0,300,0.9832660569268115,0.94261275075662,0.0,0.0,1,0.0,0.7606666666666667,24.27,41.19421466943128,0.9832660569268115,0.0,0.0,0.0,0.0,0.0,0.0,1.4
narrowband,shield_repair,adaptive,phi_plus,radioml,1,300,0.9812654157119282,0.942086398453803,0.0,0.0,1,0.0,0.7626666666666667,24.19,37.26149662293187,0.9812654157119282,0.0,0.0,0.0,0.0,0.0,0.0,1.4
narrowband,shield_repair,adaptive,phi_plus,radioml,2,300,0.9803257670330633,0.9392514246263205,0.0,0.0,1,0.0,0.7613333333333333,24.2,37.26652510818963,0.9803257670330633,0.0,0.0,0.0,0.0,0.0,0.0,1.4
narrowband,shield_repair,adaptive,phi_plus,radioml,3,300,0.9791595328844611,0.943676298477001,0.0,0.0,1,0.0,0.792,24.08,38.30828031001055,0.9791595328844611,0.0,0.0,0.0,0.0,0.0,0.0,1.4
narrowband,shield_repair,adaptive,phi_plus,radioml,4,300,0.9802783124065191,0.9361204536470243,0.0,0.0,1,0.0,0.766,24.19,37.03981099406465,0.9802783124065191,0.0,0.0,0.0,0.0,0.0,0.0,1.4
narrowband,shield_repair,adaptive,phi_plus,radioml,5,300,0.9768457403406005,0.9182826476368043,0.0,0.0,1,0.0,0.7873333333333333,24.14,37.382656694495125,0.9768457403406005,0.0,0.0,0.0,0.0,0.0,0.0,1.4
narrowband,shield_repair,adaptive,phi_plus,radioml,6,300,0.9814729786807724,0.929571066198305,0.0,0.0,1,0.0,0.778,24.03,38.227983416845284,0.9814729786807724,0.0,0.0,0.0,0.0,0.0,0.0,1.4
narrowband,shield_repair,adaptive,phi_plus,radioml,7,300,0.9853578819011753,0.9525397288993388,0.0,0.0,1,0.0,0.762,24.25,37.22061868736207,0.9853578819011753,0.0,0.0,0.0,0.0,0.0,0.0,1.4
narrowband,shield_repair,adaptive,phi_plus,radioml,8,300,0.9785726582392109,0.9414958478371404,0.0,0.0,1,0.0,0.7786666666666666,24.11,40.52002156167379,0.9785726582392109,0.0,0.0,0.0,0.0,0.0,0.0,1.4
narrowband,shield_repair,adaptive,phi_plus,radioml,9,300,0.9841904266623609,0.9483081531929617,0.0,0.0,1,0.0,0.7833333333333333,24.38,40.03639322920459,0.9841904266623609,0.0,0.0,0.0,0.0,0.0,0.0,1.4
wideband,heuristic,adaptive,phi_plus,radioml,0,300,0.7747454234986613,0.0009369488077590337,0.043333333333333335,0.0,2,0.0,0.0,26.0,44.16666666666665,0.7747454234986613,0.0,0.0,0.0,0.0,0.0,0.0,1.4
wideband,heuristic,adaptive,phi_plus,radioml,1,300,0.8057528757177416,0.0029034707194747463,0.06666666666666667,0.0,1,0.0,0.0,26.0,44.16666666666665,0.8057528757177416,0.0,0.0,0.0,0.0,0.0,0.0,1.4
wideband,heuristic,adaptive,phi_plus,radioml,2,300,0.7848186088689609,0.0016337452393894506,0.06,0.0,2,0.0,0.0,26.0,44.16666666666665,0.7848186088689609,0.0,0.0,0.0,0.0,0.0,0.0,1.4
wideband,heuristic,adaptive,phi_plus,radioml,3,300,0.7895817181544108,0.0012688805605250663,0.06333333333333334,0.0,6,0.0,0.0,26.0,44.16666666666665,0.7895817181544108,0.0,0.0,0.0,0.0,0.0,0.0,1.4
wideband,heuristic,adaptive,phi_plus,radioml,4,300,0.7557089348915288,0.001578815834629612,0.06,0.0,2,0.0,0.0,26.0,44.16666666666665,0.7557089348915288,0.0,0.0,0.0,0.0,0.0,0.0,1.4
wideband,heuristic,adaptive,phi_plus,radioml,5,300,0.7697617901609687,0.0011133491652197548,0.06333333333333334,0.0,3,0.0,0.0,26.0,44.16666666666665,0.7697617901609687,0.0,0.0,0.0,0.0,0.0,0.0,1.4
wideband,heuristic,adaptive,phi_plus,radioml,6,300,0.7898510713443221,0.00519123809230173,0.07666666666666666,0.0,2,0.0,0.0,26.0,44.16666666666665,0.7898510713443221,0.0,0.0,0.0,0.0,0.0,0.0,1.4
wideband,heuristic,adaptive,phi_plus,radioml,7,300,0.7894661549821,0.00349138685874865,0.04,0.0,1,0.0,0.0,26.0,44.16666666666665,0.7894661549821,0.0,0.0,0.0,0.0,0.0,0.0,1.4
wideband,heuristic,adaptive,phi_plus,radioml,8,300,0.7720291513098521,0.0012504872664347542,0.07333333333333333,0.0,1,0.0,0.0,26.0,44.16666666666665,0.7720291513098521,0.0,0.0,0.0,0.0,0.0,0.0,1.4
wideband,heuristic,adaptive,phi_plus,radioml,9,300,0.7647604510268307,0.00115802730410664,0.08666666666666667,0.0,4,0.0,0.0,26.0,44.16666666666665,0.7647604510268307,0.0,0.0,0.0,0.0,0.0,0.0,1.4
wideband,greedy_twin,adaptive,phi_plus,radioml,0,300,0.9044253644904233,0.22634691654740552,0.98,0.84,1,0.0,0.0,29.876666666666665,51.6822423711053,0.06442536449042344,0.04666666666666667,0.15666666666666668,0.02,0.0,0.0,0.82,1.4
wideband,greedy_twin,adaptive,phi_plus,radioml,1,300,0.9093681999341512,0.26652418340402445,0.97,0.7366666666666667,1,0.0,0.0,29.69,54.60647851623054,0.17270153326748452,0.04,0.22666666666666666,0.05333333333333334,0.0,0.0,0.6733333333333333,1.4
wideband,greedy_twin,adaptive,phi_plus,radioml,2,300,0.9034340485739276,0.34277444941993346,0.9666666666666667,0.7466666666666667,1,0.0,0.0,29.753333333333334,58.75107109060613,0.15676738190726114,0.06666666666666667,0.21,0.043333333333333335,0.0,0.0,0.7166666666666667,1.4
wideband,greedy_twin,adaptive,phi_plus,radioml,3,300,0.8947305196593974,0.05223822573436439,0.9733333333333334,0.87,1,0.0,0.0,29.89666666666667,55.17539117306056,0.024730519659397477,0.056666666666666664,0.16,0.04,0.0,0.0,0.8266666666666667,1.4
wideband,greedy_twin,adaptive,phi_plus,radioml,4,300,0.9182323888635244,0.5185502290600029,0.9866666666666667,0.8166666666666667,1,0.0,0.0,29.876666666666665,56.045330785533885,0.10156572219685764,0.07333333333333333,0.29,0.056666666666666664,0.0,0.0,0.7866666666666666,1.4
wideband,greedy_twin,adaptive,phi_plus,radioml,5,300,0.900306331742493,0.10513861479072935,0.9733333333333334,0.7733333333333333,1,0.0,0.0,29.826666666666668,53.62972141097232,0.1269729984091597,0.04666666666666667,0.2966666666666667,0.04,0.0,0.0,0.7433333333333333,1.4
wideband,greedy_twin,adaptive,phi_plus,radioml,6,300,0.9116221157858452,0.42193988794427084,0.9533333333333334,0.6866666666666666,1,0.0,0.0,29.483333333333334,52.86332490898469,0.22495544911917856,0.04,0.24,0.03,0.0,0.0,0.6066666666666667,1.4
wideband,greedy_twin,adaptive,phi_plus,radioml,7,300,0.906149899803462,0.2363104084598731,0.96,0.7066666666666667,2,0.0,0.0,29.666666666666668,54.312625835651836,0.19948323313679533,0.03,0.22666666666666666,0.02666666666666667,0.0,0.0,0.67,1.4
wideband,greedy_twin,adaptive,phi_plus,radioml,8,300,0.9188875093842966,0.6161797132637508,0.9766666666666667,0.91,1,0.0,0.0,30.026666666666667,53.55767501722842,0.008887509384296525,0.043333333333333335,0.25333333333333335,0.023333333333333334,0.0,0.0,0.8966666666666666,1.4
wideband,greedy_twin,adaptive,phi_plus,radioml,9,300,0.8774745173156199,0.011160163576550053,0.95,0.6766666666666666,1,0.0,0.0,29.55666666666667,53.70306437140261,0.20080785064895318,0.056666666666666664,0.13333333333333333,0.013333333333333334,0.0,0.0,0.6133333333333333,1.4
wideband,shield_filter,adaptive,phi_plus,radioml,0,300,0.444328529901442,2.1704216411188815e-05,0.0,0.0,14,0.37333333333333335,0.0,23.18,38.55827784298964,0.444328529901442,0.0,0.0,0.0,0.0,0.0,0.0,1.4
wideband,shield_filter,adaptive,phi_plus,radioml,1,300,0.4259439460073037,2.491601333306167e-05,0.0,0.0,3,0.38333333333333336,0.0,23.09,38.33883226287575,0.4259439460073037,0.0,0.0,0.0,0.0,0.0,0.0,1.4
wideband,shield_filter,adaptive,phi_plus,radioml,2,300,0.4871147425223582,2.4325988497400726e-05,0.0,0.0,1,0.33,0.0,23.39,41.331331343980864,0.4871147425223582,0.0,0.0,0.0,0.0,0.0,0.0,1.4
wideband,shield_filter,adaptive,phi_plus,radioml,3,300,0.478551125041368,2.269747372629606e-05,0.0,0.0,5,0.32666666666666666,0.0,23.4,38.00645770368955,0.478551125041368,0.0,0.0,0.0,0.0,0.0,0.0,1.4
wideband,shield_filter,adaptive,phi_plus,radioml,4,300,0.4573822108280849,2.7372600465137124e-05,0.0,0.0,3,0.3466666666666667,0.0,23.39,39.6166519297751,0.4573822108280849,0.0,0.0,0.0,0.0,0.0,0.0,1.4
wideband,shield_filter,adaptive,phi_plus,radioml,5,300,0.45585866796009344,2.4491069217524412e-05,0.0,0.0,1,0.36666666666666664,0.0,23.06,36.63734277467039,0.45585866796009344,0.0,0.0,0.0,0.0,0.0,0.0,1.4
wideband,shield_filter,adaptive,phi_plus,radioml,6,300,0.4620196338902252,1.60048183829599e-05,0.0,0.0,10,0.33666666666666667,0.0,23.14,36.67633622054416,0.4620196338902252,0.0,0.0,0.0,0.0,0.0,0.0,1.4
wideband,shield_filter,adaptive,phi_plus,radioml,7,300,0.4488220654053978,2.6942927525212974e-05,0.0,0.0,10,0.37,0.0,23.18,40.12962372330322,0.4488220654053978,0.0,0.0,0.0,0.0,0.0,0.0,1.4
wideband,shield_filter,adaptive,phi_plus,radioml,8,300,0.45799340371826475,2.2606263036535675e-05,0.0,0.0,1,0.3566666666666667,0.0,23.26,37.870215715077805,0.45799340371826475,0.0,0.0,0.0,0.0,0.0,0.0,1.4
wideband,shield_filter,adaptive,phi_plus,radioml,9,300,0.419373317884287,2.1656603589778684e-05,0.0,0.0,18,0.38,0.0,23.13,39.391275116636415,0.419373317884287,0.0,0.0,0.0,0.0,0.0,0.0,1.4
wideband,shield_repair,adaptive,phi_plus,radioml,0,300,0.5599191804606443,6.873129782378718e-07,0.0,0.0,9,0.0,0.822,23.4,39.3112216733534,0.5599191804606443,0.0,0.0,0.0,0.0,0.0,0.0,1.4
wideband,shield_repair,adaptive,phi_plus,radioml,1,300,0.4925643043335921,5.729274607056265e-07,0.0,0.0,1,0.0,0.8033333333333333,23.2,37.61687446886819,0.4925643043335921,0.0,0.0,0.0,0.0,0.0,0.0,1.4
wideband,shield_repair,adaptive,phi_plus,radioml,2,300,0.523171353481059,1.331116982500662e-05,0.0,0.0,1,0.0,0.8006666666666666,23.6,40.36547706968197,0.523171353481059,0.0,0.0,0.0,0.0,0.0,0.0,1.4
wideband,shield_repair,adaptive,phi_plus,radioml,3,300,0.5117910985841576,6.217389665539513e-07,0.0,0.0,2,0.0,0.834,22.86,40.019880866084975,0.5117910985841576,0.0,0.0,0.0,0.0,0.0,0.0,1.4
wideband,shield_repair,adaptive,phi_plus,radioml,4,300,0.5600361968216874,1.157153075436084e-06,0.0,0.0,4,0.0,0.8273333333333334,23.54,38.8608434191218,0.5600361968216874,0.0,0.0,0.0,0.0,0.0,0.0,1.4
wideband,shield_repair,adaptive,phi_plus,radioml,5,300,0.5363207459792666,1.5675248304154842e-06,0.0,0.0,13,0.0,0.8166666666666667,23.39,36.91837957326529,0.5363207459792666,0.0,0.0,0.0,0.0,0.0,0.0,1.4
wideband,shield_repair,adaptive,phi_plus,radioml,6,300,0.5071333403520473,4.324417636710141e-06,0.0,0.0033333333333333335,1,0.0,0.8053333333333333,23.27,37.38252320421586,0.5038000070187139,0.0,0.0,0.0,0.0,0.0033333333333333335,0.0,1.4
wideband,shield_repair,adaptive,phi_plus,radioml,7,300,0.5573311980164035,9.98281233107048e-07,0.0,0.0,2,0.0,0.82,23.45,38.73502549830503,0.5573311980164035,0.0,0.0,0.0,0.0,0.0,0.0,1.4
wideband,shield_repair,adaptive,phi_plus,radioml,8,300,0.5346195910307152,5.385469359631638e-07,0.0,0.0,2,0.0,0.8206666666666667,23.49,38.1858638691628,0.5346195910307152,0.0,0.0,0.0,0.0,0.0,0.0,1.4
wideband,shield_repair,adaptive,phi_plus,radioml,9,300,0.5075972459864994,1.7029709874400162e-07,0.0,0.0,2,0.0,0.8266666666666667,22.64,38.33355154451036,0.5075972459864994,0.0,0.0,0.0,0.0,0.0,0.0,1.4
bursty,heuristic,adaptive,phi_plus,radioml,0,300,0.9883293268732212,0.9918201558379469,0.04,0.0,1,0.0,0.0,26.0,44.16666666666665,0.9883293268732212,0.0,0.0,0.0,0.0,0.0,0.0,1.4
bursty,heuristic,adaptive,phi_plus,radioml,1,300,0.9924309423544476,0.9919801528633797,0.08,0.0,1,0.0,0.0,26.0,44.16666666666665,0.9924309423544476,0.0,0.0,0.0,0.0,0.0,0.0,1.4
bursty,heuristic,adaptive,phi_plus,radioml,2,300,0.9930257007470457,0.9918263338013751,0.06,0.0,1,0.0,0.0,26.0,44.16666666666665,0.9930257007470457,0.0,0.0,0.0,0.0,0.0,0.0,1.4
bursty,heuristic,adaptive,phi_plus,radioml,3,300,0.9903601718990209,0.9918553825897761,0.07,0.0,1,0.0,0.0,26.0,44.16666666666665,0.9903601718990209,0.0,0.0,0.0,0.0,0.0,0.0,1.4
bursty,heuristic,adaptive,phi_plus,radioml,4,300,0.9923804539173242,0.9919750737219524,0.056666666666666664,0.0,1,0.0,0.0,26.0,44.16666666666665,0.9923804539173242,0.0,0.0,0.0,0.0,0.0,0.0,1.4
bursty,heuristic,adaptive,phi_plus,radioml,5,300,0.9930349353119476,0.9920493495421675,0.05333333333333334,0.0,1,0.0,0.0,26.0,44.16666666666665,0.9930349353119476,0.0,0.0,0.0,0.0,0.0,0.0,1.4
bursty,heuristic,adaptive,phi_plus,radioml,6,300,0.9883124368050358,0.9915803271095189,0.07333333333333333,0.0,1,0.0,0.0,26.0,44.16666666666665,0.9883124368050358,0.0,0.0,0.0,0.0,0.0,0.0,1.4
bursty,heuristic,adaptive,phi_plus,radioml,7,300,0.9922135542267955,0.9917600593771286,0.043333333333333335,0.0,1,0.0,0.0,26.0,44.16666666666665,0.9922135542267955,0.0,0.0,0.0,0.0,0.0,0.0,1.4
bursty,heuristic,adaptive,phi_plus,radioml,8,300,0.9904202651301698,0.9918438844620672,0.08333333333333333,0.0,1,0.0,0.0,26.0,44.16666666666665,0.9904202651301698,0.0,0.0,0.0,0.0,0.0,0.0,1.4
bursty,heuristic,adaptive,phi_plus,radioml,9,300,0.9905109458170744,0.9917273066810606,0.06333333333333334,0.0,1,0.0,0.0,26.0,44.16666666666665,0.9905109458170744,0.0,0.0,0.0,0.0,0.0,0.0,1.4
bursty,greedy_twin,adaptive,phi_plus,radioml,0,300,0.9832129759707096,0.9739421746339675,0.9133333333333333,0.38,1,0.0,0.0,28.866666666666667,52.36807439570363,0.6032129759707097,0.04,0.21666666666666667,0.02666666666666667,0.0,0.0,0.18666666666666668,1.4
bursty,greedy_twin,adaptive,phi_plus,radioml,1,300,0.9818090457172514,0.9737942770958911,0.9366666666666666,0.5933333333333334,1,0.0,0.0,29.2,55.555797562352744,0.38847571238391804,0.056666666666666664,0.31,0.04666666666666667,0.0,0.0,0.43,1.4
bursty,greedy_twin,adaptive,phi_plus,radioml,2,300,0.9810651799957161,0.9738240922227444,0.91,0.38666666666666666,1,0.0,0.0,28.916666666666668,51.3220119910837,0.5943985133290495,0.03333333333333333,0.18666666666666668,0.03,0.0,0.0,0.23,1.4
bursty,greedy_twin,adaptive,phi_plus,radioml,3,300,0.9800024679603602,0.973898102600512,0.9433333333333334,0.54,1,0.0,0.0,29.17,57.11284358472494,0.4400024679603602,0.06333333333333334,0.25666666666666665,0.043333333333333335,0.0,0.0,0.36666666666666664,1.4
bursty,greedy_twin,adaptive,phi_plus,radioml,4,300,0.982223302907257,0.9739265592391717,0.9466666666666667,0.4033333333333333,1,0.0,0.0,29.173333333333332,56.62083817031672,0.5788899695739237,0.043333333333333335,0.15666666666666668,0.02,0.0,0.0,0.26666666666666666,1.4
bursty,greedy_twin,adaptive,phi_plus,radioml,5,300,0.9812729483447886,0.9738626906892842,0.9433333333333334,0.43666666666666665,1,0.0,0.0,29.12,52.069144753029256,0.5446062816781219,0.04,0.16,0.043333333333333335,0.0,0.0,0.31,1.4
bursty,greedy_twin,adaptive,phi_plus,radioml,6,300,0.9834767334484534,0.9739262035926461,0.8766666666666667,0.4533333333333333,1,0.0,0.0,28.793333333333333,51.14385608043258,0.5301434001151201,0.056666666666666664,0.18333333333333332,0.043333333333333335,0.0,0.0,0.29333333333333333,1.4
bursty,greedy_twin,adaptive,phi_plus,radioml,7,300,0.9823940542250401,0.973840185580744,0.94,0.49666666666666665,1,0.0,0.0,29.176666666666666,54.83656176620632,0.4857273875583733,0.07666666666666666,0.22,0.03,0.0,0.0,0.35,1.4
bursty,greedy_twin,adaptive,phi_plus,radioml,8,300,0.9821588042089926,0.9739084851549304,0.93,0.48333333333333334,1,0.0,0.0,29.153333333333332,51.23438268175559,0.4988254708756593,0.06666666666666667,0.18,0.016666666666666666,0.0,0.0,0.36,1.4
bursty,greedy_twin,adaptive,phi_plus,radioml,9,300,0.9825587062266027,0.9738643642012399,0.93,0.5433333333333333,1,0.0,0.0,29.143333333333334,56.290572245018076,0.4392253728932695,0.05,0.2,0.043333333333333335,0.0,0.0,0.3566666666666667,1.4
bursty,shield_filter,adaptive,phi_plus,radioml,0,300,0.908548178233429,0.16613303133477011,0.0,0.0,1,0.18,0.0,23.64,40.40859544487415,0.908548178233429,0.0,0.0,0.0,0.0,0.0,0.0,1.4
bursty,shield_filter,adaptive,phi_plus,radioml,1,300,0.9293292931222273,0.3807225844026717,0.0,0.0,1,0.15,0.0,23.57,35.82173446059305,0.9293292931222273,0.0,0.0,0.0,0.0,0.0,0.0,1.4
bursty,shield_filter,adaptive,phi_plus,radioml,2,300,0.9323919322019697,0.3182879221335885,0.0,0.0,2,0.15333333333333332,0.0,23.83,36.900870349515536,0.9323919322019697,0.0,0.0,0.0,0.0,0.0,0.0,1.4
bursty,shield_filter,adaptive,phi_plus,radioml,3,300,0.9443937293955451,0.6706841040145749,0.0,0.0,1,0.18,0.0,23.72,38.44891589674664,0.9443937293955451,0.0,0.0,0.0,0.0,0.0,0.0,1.4
bursty,shield_filter,adaptive,phi_plus,radioml,4,300,0.9057853289311925,0.21056063292297517,0.0,0.0,1,0.20333333333333334,0.0,23.75,36.992272065208894,0.9057853289311925,0.0,0.0,0.0,0.0,0.0,0.0,1.4
bursty,shield_filter,adaptive,phi_plus,radioml,5,300,0.9127699706870156,0.19652576739045413,0.0,0.0,1,0.16,0.0,23.72,37.29453782898021,0.9127699706870156,0.0,0.0,0.0,0.0,0.0,0.0,1.4
bursty,shield_filter,adaptive,phi_plus,radioml,6,300,0.9138612813246855,0.2090857612491409,0.0,0.0,1,0.17333333333333334,0.0,23.66,36.97221045393355,0.9138612813246855,0.0,0.0,0.0,0.0,0.0,0.0,1.4
bursty,shield_filter,adaptive,phi_plus,radioml,7,300,0.901955571783946,0.18374798953708563,0.0,0.0,1,0.14,0.0,23.74,37.19734652940024,0.901955571783946,0.0,0.0,0.0,0.0,0.0,0.0,1.4
bursty,shield_filter,adaptive,phi_plus,radioml,8,300,0.9270342130842706,0.2422986928814334,0.0,0.0,2,0.22666666666666666,0.0,23.46,38.498578804590444,0.9270342130842706,0.0,0.0,0.0,0.0,0.0,0.0,1.4
bursty,shield_filter,adaptive,phi_plus,radioml,9,300,0.9234380590166196,0.2755484094177661,0.0,0.0,1,0.21,0.0,23.5,38.7117668075176,0.9234380590166196,0.0,0.0,0.0,0.0,0.0,0.0,1.4
bursty,shield_repair,adaptive,phi_plus,radioml,0,300,0.9346245038887053,0.3163248431728344,0.0,0.0,1,0.0,0.7,23.76,41.78604958937517,0.9346245038887053,0.0,0.0,0.0,0.0,0.0,0.0,1.4
bursty,shield_repair,adaptive,phi_plus,radioml,1,300,0.9485026290623906,0.6493934876728457,0.0,0.0,1,0.0,0.718,23.62,37.498633001027464,0.9485026290623906,0.0,0.0,0.0,0.0,0.0,0.0,1.4
bursty,shield_repair,adaptive,phi_plus,radioml,2,300,0.9489389366511474,0.7605922002623551,0.0,0.0,2,0.0,0.6973333333333334,23.91,37.833289845249084,0.9489389366511474,0.0,0.0,0.0,0.0,0.0,0.0,1.4
bursty,shield_repair,adaptive,phi_plus,radioml,3,300,0.9334478460727754,0.39470665867921095,0.0,0.0,4,0.0,0.7386666666666667,23.51,40.785000870412794,0.9334478460727754,0.0,0.0,0.0,0.0,0.0,0.0,1.4
bursty,shield_repair,adaptive,phi_plus,radioml,4,300,0.9449095508622611,0.6455762181649345,0.0,0.0,1,0.0,0.7066666666666667,23.83,38.98139738707707,0.9449095508622611,0.0,0.0,0.0,0.0,0.0,0.0,1.4
bursty,shield_repair,adaptive,phi_plus,radioml,5,300,0.9136830921070606,0.2109070339960072,0.0,0.0,4,0.0,0.7193333333333334,23.62,37.54329335826691,0.9136830921070606,0.0,0.0,0.0,0.0,0.0,0.0,1.4
bursty,shield_repair,adaptive,phi_plus,radioml,6,300,0.946807373251753,0.7081130248309747,0.0,0.0,1,0.0,0.702,23.74,36.394944124474,0.946807373251753,0.0,0.0,0.0,0.0,0.0,0.0,1.4
bursty,shield_repair,adaptive,phi_plus,radioml,7,300,0.9388987440261386,0.43280479409028016,0.0,0.0,1,0.0,0.706,23.5,38.68553125863108,0.9388987440261386,0.0,0.0,0.0,0.0,0.0,0.0,1.4
bursty,shield_repair,adaptive,phi_plus,radioml,8,300,0.9559371114765425,0.9505587473978988,0.0,0.0,2,0.0,0.728,23.81,39.65879478676595,0.9559371114765425,0.0,0.0,0.0,0.0,0.0,0.0,1.4
bursty,shield_repair,adaptive,phi_plus,radioml,9,300,0.9284519138976067,0.3027801285725305,0.0,0.0,1,0.0,0.7313333333333333,23.59,37.811632822976826,0.9284519138976067,0.0,0.0,0.0,0.0,0.0,0.0,1.4
backhaul,heuristic,adaptive,phi_plus,radioml,0,300,0.9599099754176211,0.9136723686336494,0.07333333333333333,0.0,1,0.0,0.0,26.0,44.16666666666665,0.9599099754176211,0.0,0.0,0.0,0.0,0.0,0.0,1.4
backhaul,heuristic,adaptive,phi_plus,radioml,1,300,0.9569982926900629,0.9135986511791344,0.06,0.0,1,0.0,0.0,26.0,44.16666666666665,0.9569982926900629,0.0,0.0,0.0,0.0,0.0,0.0,1.4
backhaul,heuristic,adaptive,phi_plus,radioml,2,300,0.9598793459037221,0.91348895419041,0.05333333333333334,0.0,1,0.0,0.0,26.0,44.16666666666665,0.9598793459037221,0.0,0.0,0.0,0.0,0.0,0.0,1.4
backhaul,heuristic,adaptive,phi_plus,radioml,3,300,0.9601831504045756,0.9136876669202157,0.07,0.0,1,0.0,0.0,26.0,44.16666666666665,0.9601831504045756,0.0,0.0,0.0,0.0,0.0,0.0,1.4
backhaul,heuristic,adaptive,phi_plus,radioml,4,300,0.9599140853230106,0.9136844361304413,0.07333333333333333,0.0,1,0.0,0.0,26.0,44.16666666666665,0.9599140853230106,0.0,0.0,0.0,0.0,0.0,0.0,1.4
backhaul,heuristic,adaptive,phi_plus,radioml,5,300,0.9593707615685079,0.9136890291347096,0.07333333333333333,0.0,1,0.0,0.0,26.0,44.16666666666665,0.9593707615685079,0.0,0.0,0.0,0.0,0.0,0.0,1.4
backhaul,heuristic,adaptive,phi_plus,radioml,6,300,0.959625758316112,0.9135731507161193,0.1,0.0,1,0.0,0.0,26.0,44.16666666666665,0.959625758316112,0.0,0.0,0.0,0.0,0.0,0.0,1.4
backhaul,heuristic,adaptive,phi_plus,radioml,7,300,0.9580504382666133,0.9135891335643875,0.06333333333333334,0.0,1,0.0,0.0,26.0,44.16666666666665,0.9580504382666133,0.0,0.0,0.0,0.0,0.0,0.0,1.4
backhaul,heuristic,adaptive,phi_plus,radioml,8,300,0.9630834181270156,0.9135976136248508,0.06,0.0,1,0.0,0.0,26.0,44.16666666666665,0.9630834181270156,0.0,0.0,0.0,0.0,0.0,0.0,1.4
backhaul,heuristic,adaptive,phi_plus,radioml,9,300,0.9630814859996271,0.9136141690904508,0.08333333333333333,0.0,1,0.0,0.0,26.0,44.16666666666665,0.9630814859996271,0.0,0.0,0.0,0.0,0.0,0.0,1.4
backhaul,greedy_twin,adaptive,phi_plus,radioml,0,300,0.9537522706193452,0.8960798325206045,0.93,0.37,2,0.0,0.0,28.923333333333332,51.724208088529814,0.5837522706193452,0.03,0.18333333333333332,0.02666666666666667,0.0,0.0,0.24333333333333335,1.4
backhaul,greedy_twin,adaptive,phi_plus,radioml,1,300,0.952249883616488,0.8960798594809742,0.9066666666666666,0.43333333333333335,3,0.0,0.0,28.95,51.92815701494565,0.5189165502831546,0.05333333333333334,0.15333333333333332,0.056666666666666664,0.0,0.0,0.31,1.4
backhaul,greedy_twin,adaptive,phi_plus,radioml,2,300,0.9489542238723319,0.8960798453133842,0.9433333333333334,0.35333333333333333,1,0.0,0.0,28.98,50.61091839532001,0.5956208905389986,0.043333333333333335,0.11666666666666667,0.02666666666666667,0.0,0.0,0.23666666666666666,1.4
backhaul,greedy_twin,adaptive,phi_plus,radioml,3,300,0.9536018577061225,0.8960797600667434,0.94,0.4666666666666667,1,0.0,0.0,28.983333333333334,51.9296925144935,0.4869351910394558,0.06333333333333334,0.21333333333333335,0.04,0.0,0.0,0.2733333333333333,1.4
backhaul,greedy_twin,adaptive,phi_plus,radioml,4,300,0.9490555668230198,0.8960753239364814,0.93,0.43,1,0.0,0.0,29.026666666666667,56.544648137268766,0.5190555668230197,0.043333333333333335,0.19,0.06333333333333334,0.0,0.0,0.23333333333333334,1.4
backhaul,greedy_twin,adaptive,phi_plus,radioml,5,300,0.9533786324635435,0.8960798911121219,0.95,0.54,1,0.0,0.0,29.203333333333333,54.794007268253594,0.4133786324635436,0.03333333333333333,0.25666666666666665,0.03333333333333333,0.0,0.0,0.3466666666666667,1.4
backhaul,greedy_twin,adaptive,phi_plus,radioml,6,300,0.9514539096763849,0.8960797985171347,0.93,0.37,2,0.0,0.0,28.733333333333334,52.76801902228708,0.5814539096763848,0.07,0.18,0.04,0.0,0.0,0.19333333333333333,1.4
backhaul,greedy_twin,adaptive,phi_plus,radioml,7,300,0.9515774576049167,0.8960797254929598,0.9133333333333333,0.4,1,0.0,0.0,28.963333333333335,55.56942647240555,0.5515774576049168,0.05,0.16333333333333333,0.023333333333333334,0.0,0.0,0.24333333333333335,1.4
backhaul,greedy_twin,adaptive,phi_plus,radioml,8,300,0.9479871947366532,0.8960795802970034,0.9533333333333334,0.41333333333333333,1,0.0,0.0,29.12,52.84416272054749,0.5346538614033198,0.03333333333333333,0.09333333333333334,0.02,0.0,0.0,0.3233333333333333,1.4
backhaul,greedy_twin,adaptive,phi_plus,radioml,9,300,0.9545047611655755,0.8960797814479255,0.92,0.4766666666666667,2,0.0,0.0,29.063333333333333,55.40283807252945,0.47783809449890885,0.07,0.21333333333333335,0.03,0.0,0.0,0.25,1.4
backhaul,shield_filter,adaptive,phi_plus,radioml,0,300,0.8414443422060572,0.34549704265543163,0.0,0.0,1,0.21,0.0,23.83,39.2930706923558,0.8414443422060572,0.0,0.0,0.0,0.0,0.0,0.0,1.4
backhaul,shield_filter,adaptive,phi_plus,radioml,1,300,0.8305793503919183,0.3461364159885774,0.0,0.0,2,0.25666666666666665,0.0,23.34,35.85999523000224,0.8305793503919183,0.0,0.0,0.0,0.0,0.0,0.0,1.4
backhaul,shield_filter,adaptive,phi_plus,radioml,2,300,0.82906902057617,0.34609182611335293,0.0,0.0,1,0.23,0.0,23.56,37.9628486412859,0.82906902057617,0.0,0.0,0.0,0.0,0.0,0.0,1.4
backhaul,shield_filter,adaptive,phi_plus,radioml,3,300,0.8292446408265574,0.3449921278464299,0.0,0.0,1,0.2633333333333333,0.0,23.56,39.33262155524777,0.8292446408265574,0.0,0.0,0.0,0.0,0.0,0.0,1.4
backhaul,shield_filter,adaptive,phi_plus,radioml,4,300,0.8402602291568261,0.34636317349950996,0.0,0.0,1,0.2733333333333333,0.0,23.42,37.04067180207449,0.8402602291568261,0.0,0.0,0.0,0.0,0.0,0.0,1.4
backhaul,shield_filter,adaptive,phi_plus,radioml,5,300,0.8250828318991497,0.3450496784439479,0.0,0.0033333333333333335,1,0.29333333333333333,0.0,23.16,37.561744985449394,0.8217494985658164,0.0,0.0033333333333333335,0.0,0.0,0.0,0.0,1.4
backhaul,shield_filter,adaptive,phi_plus,radioml,6,300,0.8496450606449298,0.3462196584679706,0.0,0.0,2,0.21,0.0,23.76,39.81946131916426,0.8496450606449298,0.0,0.0,0.0,0.0,0.0,0.0,1.4
backhaul,shield_filter,adaptive,phi_plus,radioml,7,300,0.8744157066195449,0.3468047758188429,0.0,0.0,1,0.24,0.0,23.71,35.46093548898616,0.8744157066195449,0.0,0.0,0.0,0.0,0.0,0.0,1.4
backhaul,shield_filter,adaptive,phi_plus,radioml,8,300,0.8659350815530189,0.3462998808245444,0.0,0.0,1,0.25333333333333335,0.0,23.51,36.27634452967917,0.8659350815530189,0.0,0.0,0.0,0.0,0.0,0.0,1.4
backhaul,shield_filter,adaptive,phi_plus,radioml,9,300,0.844327113065071,0.34544722125271343,0.0,0.0,1,0.27,0.0,23.63,41.076818021396114,0.844327113065071,0.0,0.0,0.0,0.0,0.0,0.0,1.4
backhaul,shield_repair,adaptive,phi_plus,radioml,0,300,0.9063295849599141,0.3476936861885463,0.0,0.0,2,0.0,0.7606666666666667,24.35,41.07663291488549,0.9063295849599141,0.0,0.0,0.0,0.0,0.0,0.0,1.4
backhaul,shield_repair,adaptive,phi_plus,radioml,1,300,0.9137345321388686,0.3475047644810748,0.0,0.0,1,0.0,0.7486666666666667,23.81,35.87056115946249,0.9137345321388686,0.0,0.0,0.0,0.0,0.0,0.0,1.4
backhaul,shield_repair,adaptive,phi_plus,radioml,2,300,0.9071430252182785,0.3474117813255362,0.0,0.0,1,0.0,0.748,24.12,36.07978978747757,0.9071430252182785,0.0,0.0,0.0,0.0,0.0,0.0,1.4
backhaul,shield_repair,adaptive,phi_plus,radioml,3,300,0.9146638322111857,0.34769823163992575,0.0,0.0,1,0.0,0.764,24.1,41.3821156719057,0.9146638322111857,0.0,0.0,0.0,0.0,0.0,0.0,1.4
backhaul,shield_repair,adaptive,phi_plus,radioml,4,300,0.9115321009654427,0.34711248138845624,0.0,0.0,2,0.0,0.762,24.11,39.29136781453946,0.9115321009654427,0.0,0.0,0.0,0.0,0.0,0.0,1.4
backhaul,shield_repair,adaptive,phi_plus,radioml,5,300,0.898883317414315,0.3468919471849789,0.0,0.0,1,0.0,0.7686666666666667,23.83,37.53496672842518,0.898883317414315,0.0,0.0,0.0,0.0,0.0,0.0,1.4
backhaul,shield_repair,adaptive,phi_plus,radioml,6,300,0.9113019635499809,0.5355281005716116,0.0,0.0,1,0.0,0.742,24.13,36.372914219835984,0.9113019635499809,0.0,0.0,0.0,0.0,0.0,0.0,1.4
backhaul,shield_repair,adaptive,phi_plus,radioml,7,300,0.9170471144415149,0.6808929060197504,0.0,0.0,1,0.0,0.7706666666666667,23.82,36.139226938707914,0.9170471144415149,0.0,0.0,0.0,0.0,0.0,0.0,1.4
backhaul,shield_repair,adaptive,phi_plus,radioml,8,300,0.9145813045765264,0.3473576886284801,0.0,0.0,1,0.0,0.776,24.05,38.77865097295687,0.9145813045765264,0.0,0.0,0.0,0.0,0.0,0.0,1.4
backhaul,shield_repair,adaptive,phi_plus,radioml,9,300,0.9211019828264748,0.5276890227533828,0.0,0.0,1,0.0,0.7566666666666667,24.06,39.1130449512356,0.9211019828264748,0.0,0.0,0.0,0.0,0.0,0.0,1.4
compromised_xapp,heuristic,adaptive,phi_plus,radioml,0,300,0.9934483896412442,0.9932668281334899,0.056666666666666664,0.0,1,0.0,0.0,26.0,44.16666666666665,0.9934483896412442,0.0,0.0,0.0,0.0,0.0,0.0,1.4
compromised_xapp,heuristic,adaptive,phi_plus,radioml,1,300,0.9934544478407941,0.9933019561485915,0.1,0.0,1,0.0,0.0,26.0,44.16666666666665,0.9934544478407941,0.0,0.0,0.0,0.0,0.0,0.0,1.4
compromised_xapp,heuristic,adaptive,phi_plus,radioml,2,300,0.9934425070034882,0.9931703825092734,0.05,0.0,1,0.0,0.0,26.0,44.16666666666665,0.9934425070034882,0.0,0.0,0.0,0.0,0.0,0.0,1.4
compromised_xapp,heuristic,adaptive,phi_plus,radioml,3,300,0.9928892256741726,0.9931879932453331,0.06666666666666667,0.0,1,0.0,0.0,26.0,44.16666666666665,0.9928892256741726,0.0,0.0,0.0,0.0,0.0,0.0,1.4
compromised_xapp,heuristic,adaptive,phi_plus,radioml,4,300,0.9934432724795246,0.9932587202024952,0.07,0.0,1,0.0,0.0,26.0,44.16666666666665,0.9934432724795246,0.0,0.0,0.0,0.0,0.0,0.0,1.4
compromised_xapp,heuristic,adaptive,phi_plus,radioml,5,300,0.9928562087760345,0.9932170940143807,0.06,0.0,1,0.0,0.0,26.0,44.16666666666665,0.9928562087760345,0.0,0.0,0.0,0.0,0.0,0.0,1.4
compromised_xapp,heuristic,adaptive,phi_plus,radioml,6,300,0.9934491373712371,0.9932664139275617,0.06666666666666667,0.0,1,0.0,0.0,26.0,44.16666666666665,0.9934491373712371,0.0,0.0,0.0,0.0,0.0,0.0,1.4
compromised_xapp,heuristic,adaptive,phi_plus,radioml,7,300,0.9934446981261446,0.9932209448553635,0.08333333333333333,0.0,1,0.0,0.0,26.0,44.16666666666665,0.9934446981261446,0.0,0.0,0.0,0.0,0.0,0.0,1.4
compromised_xapp,heuristic,adaptive,phi_plus,radioml,8,300,0.993132598205922,0.9932895437436849,0.09666666666666666,0.0,1,0.0,0.0,26.0,44.16666666666665,0.993132598205922,0.0,0.0,0.0,0.0,0.0,0.0,1.4
compromised_xapp,heuristic,adaptive,phi_plus,radioml,9,300,0.9923792936882401,0.9932896788197764,0.08666666666666667,0.0,1,0.0,0.0,26.0,44.16666666666665,0.9923792936882401,0.0,0.0,0.0,0.0,0.0,0.0,1.4
compromised_xapp,greedy_twin,adaptive,phi_plus,radioml,0,300,0.9818747001602904,0.9739698871961358,0.98,0.77,1,0.0,0.0,29.573333333333334,53.538870186320416,0.21187470016029045,0.043333333333333335,0.18333333333333332,0.44666666666666666,0.0,0.0,0.6366666666666667,1.4
compromised_xapp,greedy_twin,adaptive,phi_plus,radioml,1,300,0.9820748676036286,0.9739519127623519,0.99,0.8333333333333334,1,0.0,0.0,29.616666666666667,54.84292129171118,0.14874153427029535,0.03,0.14666666666666667,0.4,0.0,0.0,0.7,1.4
compromised_xapp,greedy_twin,adaptive,phi_plus,radioml,2,300,0.982460760597206,0.9739890797967196,0.9766666666666667,0.8533333333333334,1,0.0,0.0,29.65,53.30399800354616,0.1291274272638727,0.05,0.22666666666666666,0.46,0.0,0.0,0.74,1.4
compromised_xapp,greedy_twin,adaptive,phi_plus,radioml,3,300,0.9823655358205289,0.973992048131569,0.99,0.8233333333333334,1,0.0,0.0,29.55666666666667,53.301311081281966,0.15903220248719535,0.043333333333333335,0.17666666666666667,0.41333333333333333,0.0,0.0,0.67,1.4
compromised_xapp,greedy_twin,adaptive,phi_plus,radioml,4,300,0.9823442869509383,0.9739745335999032,0.9866666666666667,0.81,1,0.0,0.0,29.63,56.00686229471409,0.1723442869509383,0.07,0.22333333333333333,0.39,0.0,0.0,0.6666666666666666,1.4
compromised_xapp,greedy_twin,adaptive,phi_plus,radioml,5,300,0.9825732097896124,0.9739930341880503,0.9833333333333333,0.8466666666666667,1,0.0,0.0,29.6,54.557201475087346,0.13590654312294553,0.043333333333333335,0.21,0.4166666666666667,0.0,0.0,0.68,1.4
compromised_xapp,greedy_twin,adaptive,phi_plus,radioml,6,300,0.982965049641168,0.9739745584107548,0.9733333333333334,0.7466666666666667,1,0.0,0.0,29.426666666666666,52.931962536655526,0.23629838297450134,0.06333333333333334,0.27,0.4066666666666667,0.0,0.0,0.6066666666666667,1.4
compromised_xapp,greedy_twin,adaptive,phi_plus,radioml,7,300,0.9829441376047081,0.9739949956284436,0.9766666666666667,0.7866666666666666,1,0.0,0.0,29.456666666666667,52.3151900010723,0.19627747093804138,0.043333333333333335,0.18333333333333332,0.4,0.0,0.0,0.6266666666666667,1.4
compromised_xapp,greedy_twin,adaptive,phi_plus,radioml,8,300,0.9819709117016305,0.9739885657351545,0.9766666666666667,0.8866666666666667,1,0.0,0.0,29.676666666666666,50.21260127735039,0.09530424503496396,0.04,0.23333333333333334,0.4266666666666667,0.0,0.0,0.8,1.4
compromised_xapp,greedy_twin,adaptive,phi_plus,radioml,9,300,0.9823261278155733,0.9739892189980354,0.97,0.78,1,0.0,0.0,29.383333333333333,49.41838552899186,0.20232612781557333,0.05333333333333334,0.14666666666666667,0.41333333333333333,0.0,0.0,0.57,1.4
compromised_xapp,shield_filter,adaptive,phi_plus,radioml,0,300,0.52191156645641,0.0792480381667358,0.0,0.0033333333333333335,10,0.6733333333333333,0.0,21.77,37.01909455242767,0.5185782331230767,0.0,0.0033333333333333335,0.0,0.0,0.0,0.0,1.4
compromised_xapp,shield_filter,adaptive,phi_plus,radioml,1,300,0.5240114815395603,0.08397015287845953,0.0,0.006666666666666667,1,0.6466666666666666,0.0,21.79,38.12368272169593,0.5173448148728936,0.0,0.0033333333333333335,0.0033333333333333335,0.0,0.0,0.0,1.4
compromised_xapp,shield_filter,adaptive,phi_plus,radioml,2,300,0.5343807878849574,0.09467525905864739,0.0,0.0033333333333333335,2,0.6333333333333333,0.0,21.9,38.95773483453694,0.531047454551624,0.0,0.0033333333333333335,0.0,0.0,0.0,0.0,1.4
compromised_xapp,shield_filter,adaptive,phi_plus,radioml,3,300,0.5021505448110876,0.09191941968195207,0.0,0.0,3,0.7066666666666667,0.0,21.55,38.93529426528096,0.5021505448110876,0.0,0.0,0.0,0.0,0.0,0.0,1.4
compromised_xapp,shield_filter,adaptive,phi_plus,radioml,4,300,0.5040598873923666,0.08625900319445991,0.0,0.0,9,0.6833333333333333,0.0,21.73,40.959766256643135,0.5040598873923666,0.0,0.0,0.0,0.0,0.0,0.0,1.4
compromised_xapp,shield_filter,adaptive,phi_plus,radioml,5,300,0.5129922310690881,0.08689334761315104,0.0,0.0,1,0.6966666666666667,0.0,21.56,36.915246297383185,0.5129922310690881,0.0,0.0,0.0,0.0,0.0,0.0,1.4
compromised_xapp,shield_filter,adaptive,phi_plus,radioml,6,300,0.5206585607696499,0.085679255225206,0.0,0.0,2,0.67,0.0,21.77,41.272384392159225,0.5206585607696499,0.0,0.0,0.0,0.0,0.0,0.0,1.4
compromised_xapp,shield_filter,adaptive,phi_plus,radioml,7,300,0.47508453908230613,0.06849756996123582,0.0,0.0,2,0.72,0.0,21.45,37.07060628576909,0.47508453908230613,0.0,0.0,0.0,0.0,0.0,0.0,1.4
compromised_xapp,shield_filter,adaptive,phi_plus,radioml,8,300,0.5327680370919807,0.09713376039013258,0.0,0.0,5,0.6833333333333333,0.0,21.7,38.11451014230796,0.5327680370919807,0.0,0.0,0.0,0.0,0.0,0.0,1.4
compromised_xapp,shield_filter,adaptive,phi_plus,radioml,9,300,0.4867540832839205,0.08619173129035511,0.0,0.0,2,0.74,0.0,21.36,36.95446031499737,0.4867540832839205,0.0,0.0,0.0,0.0,0.0,0.0,1.4
compromised_xapp,shield_repair,adaptive,phi_plus,radioml,0,300,0.978785762197791,0.967917394195979,0.0,0.02,1,0.0,0.9186666666666666,20.11,37.91160600372059,0.958785762197791,0.0,0.0,0.02,0.0,0.0,0.0,1.4
compromised_xapp,shield_repair,adaptive,phi_plus,radioml,1,300,0.9810089348011733,0.9678019890682171,0.0,0.043333333333333335,1,0.0,0.9113333333333333,19.86,38.54309473188083,0.93767560146784,0.0,0.0,0.043333333333333335,0.0,0.0,0.0,1.4
compromised_xapp,shield_repair,adaptive,phi_plus,radioml,2,300,0.9801611180978516,0.9659375912525802,0.0,0.05333333333333334,1,0.0,0.9093333333333333,20.19,36.96024575844835,0.9268277847645182,0.0,0.0,0.05333333333333334,0.0,0.0,0.0,1.4
compromised_xapp,shield_repair,adaptive,phi_plus,radioml,3,300,0.976671414085535,0.9662813473496744,0.0,0.04,1,0.0,0.922,20.08,40.809361282699236,0.936671414085535,0.0,0.0,0.04,0.0,0.0,0.0,1.4
compromised_xapp,shield_repair,adaptive,phi_plus,radioml,4,300,0.979301955675024,0.968665199634522,0.0,0.02,1,0.0,0.9093333333333333,20.17,38.63983318155261,0.959301955675024,0.0,0.0,0.02,0.0,0.0,0.0,1.4
compromised_xapp,shield_repair,adaptive,phi_plus,radioml,5,300,0.9760492767011967,0.9681126932805182,0.0,0.03333333333333333,1,0.0,0.9086666666666666,20.32,36.672702467394124,0.9427159433678634,0.0,0.0,0.03333333333333333,0.0,0.0,0.0,1.4
compromised_xapp,shield_repair,adaptive,phi_plus,radioml,6,300,0.982150089362184,0.9663688892270254,0.0,0.03,1,0.0,0.9046666666666666,20.15,38.26800840622492,0.9521500893621839,0.0,0.0,0.03,0.0,0.0,0.0,1.4
compromised_xapp,shield_repair,adaptive,phi_plus,radioml,7,300,0.9775421049038687,0.9682618766485354,0.0,0.03666666666666667,1,0.0,0.91,20.5,38.08309766419616,0.940875438237202,0.0,0.0,0.03666666666666667,0.0,0.0,0.0,1.4
compromised_xapp,shield_repair,adaptive,phi_plus,radioml,8,300,0.9754098404742642,0.9679487768337934,0.0,0.04666666666666667,1,0.0,0.92,19.81,38.467886160636624,0.9287431738075975,0.0,0.0,0.04666666666666667,0.0,0.0,0.0,1.4
compromised_xapp,shield_repair,adaptive,phi_plus,radioml,9,300,0.9792618174260603,0.9684199468308838,0.0,0.02,1,0.0,0.9146666666666666,20.07,35.787025769954134,0.9592618174260603,0.0,0.0033333333333333335,0.016666666666666666,0.0,0.0,0.0,1.4
compound,heuristic,adaptive,phi_plus,radioml,0,300,0.9029788678089475,0.2071842869090369,0.2633333333333333,0.23666666666666666,1,0.0,0.0,26.0,44.16666666666665,0.666312201142281,0.0,0.0,0.23666666666666666,0.0,0.0,0.0,1.4
compound,heuristic,adaptive,phi_plus,radioml,1,300,0.9148199488456811,0.42554746832806234,0.25,0.22,1,0.0,0.0,26.0,44.16666666666665,0.6948199488456811,0.0,0.0,0.22,0.0,0.0,0.0,1.4
compound,heuristic,adaptive,phi_plus,radioml,2,300,0.9201787187791246,0.8189219512521728,0.25666666666666665,0.22,1,0.0,0.0,26.0,44.16666666666665,0.7001787187791245,0.0,0.0,0.22,0.0,0.0,0.0,1.4
compound,heuristic,adaptive,phi_plus,radioml,3,300,0.8886687052537199,0.030163768459162184,0.21333333333333335,0.21,3,0.0,0.0,26.0,44.16666666666665,0.6786687052537199,0.0,0.0,0.21,0.0,0.0,0.0,1.4
compound,heuristic,adaptive,phi_plus,radioml,4,300,0.8944411696258476,0.10724115889989518,0.29333333333333333,0.23666666666666666,1,0.0,0.0,26.0,44.16666666666665,0.6577745029591809,0.0,0.0,0.23666666666666666,0.0,0.0,0.0,1.4
compound,heuristic,adaptive,phi_plus,radioml,5,300,0.89809607954769,0.03933654876700893,0.25333333333333335,0.22,1,0.0,0.0,26.0,44.16666666666665,0.67809607954769,0.0,0.0,0.22,0.0,0.0,0.0,1.4
compound,heuristic,adaptive,phi_plus,radioml,6,300,0.9119168688355217,0.7474829681289037,0.27666666666666667,0.24333333333333335,1,0.0,0.0,26.0,44.16666666666665,0.6685835355021884,0.0,0.0,0.24333333333333335,0.0,0.0,0.0,1.4
compound,heuristic,adaptive,phi_plus,radioml,7,300,0.9164079251300166,0.8167523021541122,0.25333333333333335,0.23,4,0.0,0.0,26.0,44.16666666666665,0.6864079251300166,0.0,0.0,0.23,0.0,0.0,0.0,1.4
compound,heuristic,adaptive,phi_plus,radioml,8,300,0.8936942963703601,0.0405954394488295,0.2633333333333333,0.21333333333333335,1,0.0,0.0,26.0,44.16666666666665,0.6803609630370269,0.0,0.0,0.21333333333333335,0.0,0.0,0.0,1.4
compound,heuristic,adaptive,phi_plus,radioml,9,300,0.8989051603687954,0.021666333722898706,0.22,0.2,1,0.0,0.0,26.0,44.16666666666665,0.6989051603687955,0.0,0.0,0.2,0.0,0.0,0.0,1.4
compound,greedy_twin,adaptive,phi_plus,radioml,0,300,0.9560198344629056,0.8958247598426534,0.97,0.8933333333333333,1,0.0,0.0,29.786666666666665,47.2776756053955,0.06268650112957233,0.04,0.16,0.52,0.0,0.0,0.85,1.4
compound,greedy_twin,adaptive,phi_plus,radioml,1,300,0.951994514590768,0.8955946032983164,0.9866666666666667,0.9,2,0.0,0.0,29.826666666666668,53.239073129674104,0.05199451459076802,0.03666666666666667,0.22,0.52,0.0,0.0,0.8633333333333333,1.4
compound,greedy_twin,adaptive,phi_plus,radioml,2,300,0.9475178966046868,0.8955167782820355,0.9766666666666667,0.89,1,0.0,0.0,29.80666666666667,55.232199413969,0.0575178966046867,0.03,0.18666666666666668,0.5466666666666666,0.0,0.0,0.86,1.4
compound,greedy_twin,adaptive,phi_plus,radioml,3,300,0.9529333833563154,0.8957742927008591,0.9866666666666667,0.9133333333333333,1,0.0,0.0,29.833333333333332,50.828072102613135,0.03960005002298188,0.04,0.25333333333333335,0.56,0.0,0.0,0.88,1.4
compound,greedy_twin,adaptive,phi_plus,radioml,4,300,0.9553959417912504,0.8958818271294663,0.9866666666666667,0.87,1,0.0,0.0,29.813333333333333,54.58029286951102,0.0853959417912503,0.03333333333333333,0.38333333333333336,0.51,0.0,0.0,0.8233333333333334,1.4
compound,greedy_twin,adaptive,phi_plus,radioml,5,300,0.9517749199316218,0.8953668990135498,0.9966666666666667,0.94,1,0.0,0.0,29.94333333333333,55.9698616631462,0.011774919931621603,0.04,0.23333333333333334,0.5733333333333334,0.0,0.0,0.9066666666666666,1.4
compound,greedy_twin,adaptive,phi_plus,radioml,6,300,0.9499054445824301,0.8956088269889554,0.9733333333333334,0.88,2,0.0,0.0,29.766666666666666,56.1430472327246,0.06990544458243005,0.06666666666666667,0.27,0.49666666666666665,0.0,0.0,0.8633333333333333,1.4
compound,greedy_twin,adaptive,phi_plus,radioml,7,300,0.9478405836221464,0.8953951946224897,0.9766666666666667,0.8866666666666667,2,0.0,0.0,29.783333333333335,53.99431111498413,0.06117391695547976,0.02,0.22,0.5133333333333333,0.0,0.0,0.8533333333333334,1.4
compound,greedy_twin,adaptive,phi_plus,radioml,8,300,0.956356637733836,0.8957489116323957,0.98,0.9366666666666666,1,0.0,0.0,29.893333333333334,49.77361978898489,0.019689971067169257,0.03333333333333333,0.12,0.49,0.0,0.0,0.9066666666666666,1.4
compound,greedy_twin,adaptive,phi_plus,radioml,9,300,0.9477567181489637,0.8958889822490601,0.99,0.93,2,0.0,0.0,29.94333333333333,56.275287690053894,0.017756718148963593,0.043333333333333335,0.20333333333333334,0.5433333333333333,0.0,0.0,0.9,1.4
compound,shield_filter,adaptive,phi_plus,radioml,0,300,0.3203582349034479,0.00026462656888467327,0.0,0.016666666666666666,23,0.7,0.0,21.52,37.34594547315307,0.30369156823678123,0.0,0.0,0.016666666666666666,0.0,0.0,0.0,1.4
compound,shield_filter,adaptive,phi_plus,radioml,1,300,0.33406299304187,0.00017366259506004092,0.0,0.0,6,0.6966666666666667,0.0,21.52,38.132595125390736,0.33406299304187,0.0,0.0,0.0,0.0,0.0,0.0,1.4
compound,shield_filter,adaptive,phi_plus,radioml,2,300,0.33101949279173776,0.00022692924409949995,0.0,0.02,2,0.6833333333333333,0.0,21.53,37.21952354207636,0.31101949279173774,0.0,0.006666666666666667,0.013333333333333334,0.0,0.0,0.0,1.4
compound,shield_filter,adaptive,phi_plus,radioml,3,300,0.30821963473276326,0.00017952861408890755,0.0,0.013333333333333334,39,0.72,0.0,21.4,36.671509182896365,0.29488630139942995,0.0,0.01,0.006666666666666667,0.0,0.0,0.0,1.4
compound,shield_filter,adaptive,phi_plus,radioml,4,300,0.3158846163665742,0.00022022834034197397,0.0,0.0033333333333333335,14,0.7066666666666667,0.0,21.5,37.61931694781398,0.3125512830332409,0.0,0.0,0.0033333333333333335,0.0,0.0,0.0,1.4
compound,shield_filter,adaptive,phi_plus,radioml,5,300,0.3254945691598664,0.00020854675589981997,0.0,0.0,1,0.6766666666666666,0.0,21.51,38.20279477094176,0.3254945691598664,0.0,0.0,0.0,0.0,0.0,0.0,1.4
compound,shield_filter,adaptive,phi_plus,radioml,6,300,0.3495320370677218,0.0001613891963942907,0.0,0.01,2,0.67,0.0,21.69,37.71941645590186,0.3395320370677218,0.0,0.0,0.01,0.0,0.0,0.0,1.4
compound,shield_filter,adaptive,phi_plus,radioml,7,300,0.35062902814147,0.0001832500181051307,0.0,0.013333333333333334,2,0.68,0.0,21.62,40.76864076193267,0.33729569480813665,0.0,0.0,0.013333333333333334,0.0,0.0,0.0,1.4
compound,shield_filter,adaptive,phi_plus,radioml,8,300,0.30247197691341315,0.00019839265451350867,0.0,0.0,12,0.7466666666666667,0.0,21.29,38.225249479822956,0.30247197691341315,0.0,0.0,0.0,0.0,0.0,0.0,1.4
compound,shield_filter,adaptive,phi_plus,radioml,9,300,0.3351901240082888,0.00022567402038483613,0.0,0.0033333333333333335,1,0.69,0.0,21.59,39.813907183846766,0.3318567906749555,0.0,0.0033333333333333335,0.0,0.0,0.0,0.0,1.4
compound,shield_repair,adaptive,phi_plus,radioml,0,300,0.35523680486405484,1.8023194547675336e-05,0.0,0.03666666666666667,7,0.0,0.9233333333333333,21.09,40.47655103669052,0.31857013819738816,0.0,0.0033333333333333335,0.03333333333333333,0.0,0.0,0.0,1.4
compound,shield_repair,adaptive,phi_plus,radioml,1,300,0.3851069670630379,5.488324321331342e-06,0.0,0.02,1,0.0,0.9253333333333333,21.18,38.81988404039613,0.3651069670630379,0.0,0.0,0.02,0.0,0.0,0.0,1.4
compound,shield_repair,adaptive,phi_plus,radioml,2,300,0.3735411921129417,5.446478616974598e-06,0.0,0.02666666666666667,2,0.0,0.918,21.0,40.714145490537874,0.34687452544627506,0.0,0.0033333333333333335,0.023333333333333334,0.0,0.0,0.0,1.4
compound,shield_repair,adaptive,phi_plus,radioml,3,300,0.4108858878572197,6.17438735077358e-05,0.0,0.03666666666666667,4,0.0,0.926,21.42,37.99632777969965,0.374219221190553,0.0,0.0,0.03666666666666667,0.0,0.0,0.0,1.4
compound,shield_repair,adaptive,phi_plus,radioml,4,300,0.37796036016639895,1.1893216820425532e-05,0.0,0.04666666666666667,14,0.0,0.918,21.25,39.56865541860258,0.3312936934997323,0.0,0.0033333333333333335,0.043333333333333335,0.0,0.0,0.0,1.4
compound,shield_repair,adaptive,phi_plus,radioml,5,300,0.3968658631925539,4.515393395680697e-05,0.0,0.03,1,0.0,0.92,21.42,36.44450937072233,0.36686586319255393,0.0,0.0,0.03,0.0,0.0,0.0,1.4
compound,shield_repair,adaptive,phi_plus,radioml,6,300,0.36311610782389764,3.1373717616730708e-06,0.0,0.02,2,0.0,0.9166666666666666,20.74,38.540907521552995,0.3431161078238976,0.0,0.0033333333333333335,0.016666666666666666,0.0,0.0,0.0,1.4
compound,shield_repair,adaptive,phi_plus,radioml,7,300,0.39484514583419766,3.990466190373232e-05,0.0,0.03333333333333333,2,0.0,0.9233333333333333,21.15,40.14611546478896,0.36151181250086434,0.0,0.0,0.03333333333333333,0.0,0.0,0.0,1.4
compound,shield_repair,adaptive,phi_plus,radioml,8,300,0.38641486834095207,0.00013553845690938247,0.0,0.043333333333333335,12,0.0,0.9233333333333333,21.02,38.738923161434535,0.34308153500761873,0.0,0.0033333333333333335,0.04,0.0,0.0,0.0,1.4
compound,shield_repair,adaptive,phi_plus,radioml,9,300,0.3892077914815266,3.754079009385398e-05,0.0,0.023333333333333334,1,0.0,0.924,21.1,36.64169839590012,0.3658744581481933,0.0,0.0,0.023333333333333334,0.0,0.0,0.0,1.4
narrowband,heuristic,naive,phi,radioml,0,300,0.9934792993938386,0.993476715183473,0.0,0.0,1,0.0,0.0,26.0,44.16666666666665,0.9934792993938386,0.0,0.0,0.0,0.0,0.0,0.0,2.2
narrowband,heuristic,naive,phi,radioml,1,300,0.9934787802694166,0.993475289253908,0.0,0.0,1,0.0,0.0,26.0,44.16666666666665,0.9934787802694166,0.0,0.0,0.0,0.0,0.0,0.0,2.2
narrowband,heuristic,naive,phi,radioml,2,300,0.9934792440857554,0.9934755342409499,0.0,0.0,1,0.0,0.0,26.0,44.16666666666665,0.9934792440857554,0.0,0.0,0.0,0.0,0.0,0.0,2.2
narrowband,heuristic,naive,phi,radioml,3,300,0.9934791122540414,0.9934767306916945,0.0,0.0,1,0.0,0.0,26.0,44.16666666666665,0.9934791122540414,0.0,0.0,0.0,0.0,0.0,0.0,2.2
narrowband,heuristic,naive,phi,radioml,4,300,0.9901708669824565,0.9934772088175563,0.0,0.0,1,0.0,0.0,26.0,44.16666666666665,0.9901708669824565,0.0,0.0,0.0,0.0,0.0,0.0,2.2
narrowband,heuristic,naive,phi,radioml,5,300,0.993478986510606,0.9934750168116372,0.0,0.0,1,0.0,0.0,26.0,44.16666666666665,0.993478986510606,0.0,0.0,0.0,0.0,0.0,0.0,2.2
narrowband,heuristic,naive,phi,radioml,6,300,0.9934790183426776,0.9934760119743644,0.0,0.0,1,0.0,0.0,26.0,44.16666666666665,0.9934790183426776,0.0,0.0,0.0,0.0,0.0,0.0,2.2
narrowband,heuristic,naive,phi,radioml,7,300,0.993479269203634,0.993476553506547,0.0,0.0,1,0.0,0.0,26.0,44.16666666666665,0.993479269203634,0.0,0.0,0.0,0.0,0.0,0.0,2.2
narrowband,heuristic,naive,phi,radioml,8,300,0.9901716877235557,0.9934762266566676,0.0,0.0,1,0.0,0.0,26.0,44.16666666666665,0.9901716877235557,0.0,0.0,0.0,0.0,0.0,0.0,2.2
narrowband,heuristic,naive,phi,radioml,9,300,0.9934794479581537,0.9934773523718526,0.0,0.0,1,0.0,0.0,26.0,44.16666666666665,0.9934794479581537,0.0,0.0,0.0,0.0,0.0,0.0,2.2
narrowband,greedy_twin,naive,phi,radioml,0,300,0.9893698582420443,0.9927622782764871,0.22666666666666666,0.2833333333333333,1,0.0,0.0,26.88,44.773229990252545,0.7060365249087108,0.09,0.15666666666666668,0.08666666666666667,0.0,0.0,0.013333333333333334,2.2
narrowband,greedy_twin,naive,phi,radioml,1,300,0.9926837507408919,0.9932471828392132,0.22333333333333333,0.29,1,0.0,0.0,27.21,52.73695308613602,0.702683750740892,0.08333333333333333,0.16333333333333333,0.06666666666666667,0.0,0.0,0.03,2.2
narrowband,greedy_twin,naive,phi,radioml,2,300,0.9926927458543457,0.9933163933030033,0.23666666666666666,0.3466666666666667,1,0.0,0.0,27.51,44.61330005906164,0.6460260791876791,0.07333333333333333,0.21,0.06,0.0,0.0,0.08666666666666667,2.2
narrowband,greedy_twin,naive,phi,radioml,3,300,0.9931394219351224,0.9933813983304309,0.19,0.24,1,0.0,0.0,27.07,48.33339407176916,0.7531394219351225,0.04666666666666667,0.15333333333333332,0.05333333333333334,0.0,0.0,0.013333333333333334,2.2
narrowband,greedy_twin,naive,phi,radioml,4,300,0.9927512414845463,0.9931470324975569,0.26666666666666666,0.32666666666666666,1,0.0,0.0,27.42,53.149144744963564,0.6660845748178796,0.07666666666666666,0.16333333333333333,0.11,0.0,0.0,0.056666666666666664,2.2
narrowband,greedy_twin,naive,phi,radioml,5,300,0.9927526151574684,0.9932462318946863,0.25,0.3233333333333333,1,0.0,0.0,27.18,46.40923638095704,0.6694192818241349,0.10333333333333333,0.15666666666666668,0.08666666666666667,0.0,0.0,0.056666666666666664,2.2
narrowband,greedy_twin,naive,phi,radioml,6,300,0.9911185869241053,0.9931617860063389,0.21,0.26666666666666666,1,0.0,0.0,27.333333333333332,41.93529808528784,0.7244519202574387,0.07333333333333333,0.16,0.07,0.0,0.0,0.06,2.2
narrowband,greedy_twin,naive,phi,radioml,7,300,0.9930823996085456,0.9934261478216956,0.22333333333333333,0.31333333333333335,1,0.0,0.0,27.446666666666665,46.46930188305373,0.6797490662752124,0.056666666666666664,0.17333333333333334,0.06666666666666667,0.0,0.0,0.07,2.2
narrowband,greedy_twin,naive,phi,radioml,8,300,0.9925533364309426,0.9903370379563777,0.25,0.30666666666666664,1,0.0,0.0,27.48,43.13659819836985,0.6858866697642759,0.08666666666666667,0.18333333333333332,0.07333333333333333,0.0,0.0,0.05,2.2
narrowband,greedy_twin,naive,phi,radioml,9,300,0.9926923967730797,0.9933508167986195,0.27,0.36,1,0.0,0.0,27.613333333333333,47.05141424151842,0.6326923967730796,0.09333333333333334,0.18666666666666668,0.08333333333333333,0.0,0.0,0.10666666666666667,2.2
narrowband,shield_filter,naive,phi,radioml,0,300,0.9852040598910439,0.993167911217226,0.0,0.07333333333333333,1,0.0033333333333333335,0.0,26.17,39.35155866539855,0.9118707265577105,0.0,0.07333333333333333,0.0,0.0,0.0,0.0,2.2
narrowband,shield_filter,naive,phi,radioml,1,300,0.9900401967960317,0.9932471828392132,0.0,0.07666666666666666,1,0.0,0.0,26.17,38.55329833412435,0.9133735301293651,0.0,0.07666666666666666,0.0,0.0,0.0,0.0,2.2
narrowband,shield_filter,naive,phi,radioml,2,300,0.9895557416231926,0.9933427326615605,0.0,0.07666666666666666,1,0.0,0.0,26.24,40.943196983190205,0.9128890749565259,0.0,0.07666666666666666,0.0,0.0,0.0,0.0,2.2
narrowband,shield_filter,naive,phi,radioml,3,300,0.987857688771219,0.9932937127263227,0.0,0.06333333333333334,1,0.0,0.0,26.07,39.901197978978445,0.9245243554378859,0.0,0.06333333333333334,0.0,0.0,0.0,0.0,2.2
narrowband,shield_filter,naive,phi,radioml,4,300,0.9892726984961775,0.993343151620699,0.0,0.05333333333333334,1,0.0033333333333333335,0.0,26.34,41.58787583625113,0.9359393651628442,0.0,0.05333333333333334,0.0,0.0,0.0,0.0,2.2
narrowband,shield_filter,naive,phi,radioml,5,300,0.987670001149491,0.993296613976256,0.0,0.06,1,0.0,0.0,26.28,41.40248475653265,0.9276700011494909,0.0,0.06,0.0,0.0,0.0,0.0,2.2
narrowband,shield_filter,naive,phi,radioml,6,300,0.9878255962257136,0.9933654519753892,0.0,0.05,1,0.0,0.0,26.25,38.039754629034995,0.9378255962257136,0.0,0.05,0.0,0.0,0.0,0.0,2.2
narrowband,shield_filter,naive,phi,radioml,7,300,0.9890498085437169,0.9933893045411156,0.0,0.08333333333333333,1,0.0033333333333333335,0.0,26.48,42.946306174108,0.9057164752103836,0.0,0.08333333333333333,0.0,0.0,0.0,0.0,2.2
narrowband,shield_filter,naive,phi,radioml,8,300,0.9883081454727884,0.993039144174376,0.0,0.07,1,0.0,0.0,26.26,41.59797400387073,0.9183081454727884,0.0,0.07,0.0,0.0,0.0,0.0,2.2
narrowband,shield_filter,naive,phi,radioml,9,300,0.9893034764126571,0.9933759096512008,0.0,0.04,1,0.0,0.0,26.28,44.431413379802805,0.9493034764126571,0.0,0.04,0.0,0.0,0.0,0.0,2.2
narrowband,shield_repair,naive,phi,radioml,0,300,0.9894947130041684,0.993167911217226,0.0,0.09,1,0.0,0.3426666666666667,26.44,39.76920008518163,0.8994947130041684,0.0,0.09,0.0,0.0,0.0,0.0,2.2
narrowband,shield_repair,naive,phi,radioml,1,300,0.9931402615522495,0.9933568877861597,0.0,0.07666666666666666,1,0.0,0.362,26.25,39.10384071095966,0.9164735948855829,0.0,0.07666666666666666,0.0,0.0,0.0,0.0,2.2
narrowband,shield_repair,naive,phi,radioml,2,300,0.9926948685131585,0.9933757244220189,0.0,0.07666666666666666,1,0.0,0.35533333333333333,26.52,42.18930763723919,0.9160282018464918,0.0,0.07666666666666666,0.0,0.0,0.0,0.0,2.2
narrowband,shield_repair,naive,phi,radioml,3,300,0.9928109848547645,0.9932796598357018,0.0,0.07,1,0.0,0.356,26.41,46.873748237555425,0.9228109848547645,0.0,0.07,0.0,0.0,0.0,0.0,2.2
narrowband,shield_repair,naive,phi,radioml,4,300,0.9926801248873596,0.993029517632392,0.0,0.07333333333333333,1,0.0,0.36133333333333334,26.66,48.418272720002975,0.9193467915540263,0.0,0.07333333333333333,0.0,0.0,0.0,0.0,2.2
narrowband,shield_repair,naive,phi,radioml,5,300,0.9929412726571691,0.9932816700784756,0.0,0.06666666666666667,1,0.0,0.368,26.29,43.876746580996596,0.9262746059905023,0.0,0.06666666666666667,0.0,0.0,0.0,0.0,2.2
narrowband,shield_repair,naive,phi,radioml,6,300,0.992942496956324,0.9933270495448216,0.0,0.05333333333333334,1,0.0,0.33866666666666667,26.56,41.43274678952566,0.9396091636229907,0.0,0.05333333333333334,0.0,0.0,0.0,0.0,2.2
narrowband,shield_repair,naive,phi,radioml,7,300,0.9928790232623055,0.9933232701330931,0.0,0.07333333333333333,1,0.0,0.3606666666666667,26.55,42.37342742417402,0.9195456899289721,0.0,0.07333333333333333,0.0,0.0,0.0,0.0,2.2
narrowband,shield_repair,naive,phi,radioml,8,300,0.992751044898042,0.9927957956706851,0.0,0.07666666666666666,1,0.0,0.3586666666666667,26.38,41.37394042769562,0.9160843782313753,0.0,0.07666666666666666,0.0,0.0,0.0,0.0,2.2
narrowband,shield_repair,naive,phi,radioml,9,300,0.9926838227438644,0.9932426768681591,0.0,0.06333333333333334,1,0.0,0.35733333333333334,26.58,45.92584580107376,0.9293504894105308,0.0,0.06333333333333334,0.0,0.0,0.0,0.0,2.2
wideband,heuristic,naive,phi,radioml,0,300,0.8001899195181569,1.752033332923901e-05,0.0,0.0,2,0.0,0.0,26.0,44.16666666666665,0.8001899195181569,0.0,0.0,0.0,0.0,0.0,0.0,2.2
wideband,heuristic,naive,phi,radioml,1,300,0.8321547948957065,0.00010470220243000286,0.0,0.0,1,0.0,0.0,26.0,44.16666666666665,0.8321547948957065,0.0,0.0,0.0,0.0,0.0,0.0,2.2
wideband,heuristic,naive,phi,radioml,2,300,0.8061248875017717,4.202379699879215e-05,0.0,0.0,2,0.0,0.0,26.0,44.16666666666665,0.8061248875017717,0.0,0.0,0.0,0.0,0.0,0.0,2.2
wideband,heuristic,naive,phi,radioml,3,300,0.8190009258732073,2.8230720958898612e-05,0.0,0.0,2,0.0,0.0,26.0,44.16666666666665,0.8190009258732073,0.0,0.0,0.0,0.0,0.0,0.0,2.2
wideband,heuristic,naive,phi,radioml,4,300,0.7758982290004796,3.983337456483243e-05,0.0,0.0,2,0.0,0.0,26.0,44.16666666666665,0.7758982290004796,0.0,0.0,0.0,0.0,0.0,0.0,2.2
wideband,heuristic,naive,phi,radioml,5,300,0.7930039661191108,2.2981095356499775e-05,0.0,0.0,3,0.0,0.0,26.0,44.16666666666665,0.7930039661191108,0.0,0.0,0.0,0.0,0.0,0.0,2.2
wideband,heuristic,naive,phi,radioml,6,300,0.8137679988844507,0.0002599733178883576,0.0,0.0,2,0.0,0.0,26.0,44.16666666666665,0.8137679988844507,0.0,0.0,0.0,0.0,0.0,0.0,2.2
wideband,heuristic,naive,phi,radioml,7,300,0.8127935356616183,0.00013902008076283184,0.0,0.0,1,0.0,0.0,26.0,44.16666666666665,0.8127935356616183,0.0,0.0,0.0,0.0,0.0,0.0,2.2
wideband,heuristic,naive,phi,radioml,8,300,0.7986372976785211,2.758942073888206e-05,0.0,0.0,1,0.0,0.0,26.0,44.16666666666665,0.7986372976785211,0.0,0.0,0.0,0.0,0.0,0.0,2.2
wideband,heuristic,naive,phi,radioml,9,300,0.7878468582355593,2.4449018996405712e-05,0.0,0.0,2,0.0,0.0,26.0,44.16666666666665,0.7878468582355593,0.0,0.0,0.0,0.0,0.0,0.0,2.2
wideband,greedy_twin,naive,phi,radioml,0,300,0.8618333250619318,0.00015312572338514282,0.39,0.79,2,0.0,0.0,29.243333333333332,44.574160676818835,0.0718333250619317,0.13333333333333333,0.42333333333333334,0.10666666666666667,0.0,0.0,0.6533333333333333,2.2
wideband,greedy_twin,naive,phi,radioml,1,300,0.8435983054477768,2.020220160954102e-05,0.35,0.7266666666666667,1,0.0,0.0,29.2,52.49729194241112,0.11693163878111013,0.11333333333333333,0.4033333333333333,0.09,0.0,0.0,0.58,2.2
wideband,greedy_twin,naive,phi,radioml,2,300,0.8384509979405762,5.5652550362729155e-06,0.37,0.72,1,0.0,0.0,29.433333333333334,46.42910412622817,0.11845099794057622,0.09666666666666666,0.4066666666666667,0.08,0.0,0.0,0.5933333333333334,2.2
wideband,greedy_twin,naive,phi,radioml,3,300,0.8618623402662483,0.00015523883804682254,0.3566666666666667,0.6933333333333334,2,0.0,0.0,29.346666666666668,48.30327267698554,0.1685290069329149,0.08666666666666667,0.37666666666666665,0.09666666666666666,0.0,0.0,0.6033333333333334,2.2
wideband,greedy_twin,naive,phi,radioml,4,300,0.841032159731239,1.3811555082590053e-05,0.4033333333333333,0.7033333333333334,1,0.0,0.0,29.126666666666665,53.77884511526767,0.13769882639790565,0.09333333333333334,0.36333333333333334,0.13,0.0,0.0,0.5766666666666667,2.2
wideband,greedy_twin,naive,phi,radioml,5,300,0.8617711800886173,1.1048023633599226e-05,0.43,0.81,4,0.0,0.0,29.636666666666667,46.49717853589435,0.0517711800886173,0.12333333333333334,0.41,0.11,0.0,0.0,0.67,2.2
wideband,greedy_twin,naive,phi,radioml,6,300,0.8507489665880599,6.880673118867726e-05,0.39,0.7533333333333333,3,0.0,0.0,29.473333333333333,43.402772755450684,0.09741563325472646,0.11,0.37666666666666665,0.10666666666666667,0.0,0.0,0.64,2.2
wideband,greedy_twin,naive,phi,radioml,7,300,0.8588433690660774,3.782237665885786e-05,0.37,0.6933333333333334,2,0.0,0.0,29.276666666666667,45.22749442878681,0.16551003573274414,0.09666666666666666,0.36666666666666664,0.05333333333333334,0.0,0.0,0.6066666666666667,2.2
wideband,greedy_twin,naive,phi,radioml,8,300,0.8882972989772672,0.00166901179450642,0.4033333333333333,0.8133333333333334,1,0.0,0.0,29.863333333333333,43.747547091487284,0.07496396564393376,0.1,0.4533333333333333,0.09666666666666666,0.0,0.0033333333333333335,0.7133333333333334,2.2
wideband,greedy_twin,naive,phi,radioml,9,300,0.8666312981306711,2.259373249238107e-05,0.4066666666666667,0.7733333333333333,1,0.0,0.0,29.746666666666666,49.93397704448184,0.09329796479733762,0.11,0.4,0.1,0.0,0.0,0.6666666666666666,2.2
wideband,shield_filter,naive,phi,radioml,0,300,0.7909506777812801,2.6903252324822344e-06,0.0,0.18666666666666668,1,0.0033333333333333335,0.0,26.98,38.81243172888651,0.6042840111146135,0.0,0.18666666666666668,0.0,0.0,0.0,0.0,2.2
wideband,shield_filter,naive,phi,radioml,1,300,0.7831560916850591,8.769271814015865e-06,0.0,0.18666666666666668,2,0.0,0.0,27.02,38.58667575679079,0.5964894250183925,0.0,0.18666666666666668,0.0,0.0,0.0,0.0,2.2
wideband,shield_filter,naive,phi,radioml,2,300,0.7758425222561637,1.4154348993238922e-06,0.0,0.14,1,0.0,0.0,26.9,40.94772037733768,0.6358425222561638,0.0,0.14,0.0,0.0,0.0,0.0,2.2
wideband,shield_filter,naive,phi,radioml,3,300,0.7830453438307975,8.162590276570954e-07,0.0,0.16333333333333333,2,0.01,0.0,27.03,39.896771968748716,0.6197120104974642,0.0,0.16333333333333333,0.0,0.0,0.0,0.0,2.2
wideband,shield_filter,naive,phi,radioml,4,300,0.7618167039754805,2.8401422626360187e-06,0.0,0.13666666666666666,1,0.0033333333333333335,0.0,26.79,42.23214506053895,0.6251500373088137,0.0,0.13333333333333333,0.0,0.0,0.006666666666666667,0.0,2.2
wideband,shield_filter,naive,phi,radioml,5,300,0.7541798595890259,5.04272522477426e-06,0.0,0.13,4,0.0,0.0,26.9,41.40403801097974,0.6241798595890259,0.0,0.12666666666666668,0.0,0.0,0.0033333333333333335,0.0,2.2
wideband,shield_filter,naive,phi,radioml,6,300,0.7582253755117734,3.4190316109849463e-06,0.0,0.10333333333333333,3,0.0033333333333333335,0.0,26.88,38.041460915568976,0.6548920421784401,0.0,0.10333333333333333,0.0,0.0,0.0,0.0,2.2
wideband,shield_filter,naive,phi,radioml,7,300,0.7847189210414789,1.1266520888637955e-05,0.0,0.13666666666666666,2,0.0033333333333333335,0.0,27.01,41.70013603607362,0.6480522543748123,0.0,0.13333333333333333,0.0,0.0,0.006666666666666667,0.0,2.2
wideband,shield_filter,naive,phi,radioml,8,300,0.7569722086516177,1.2593383237463884e-06,0.0,0.15333333333333332,1,0.006666666666666667,0.0,26.85,41.59872029073593,0.6036388753182844,0.0,0.15333333333333332,0.0,0.0,0.0,0.0,2.2
wideband,shield_filter,naive,phi,radioml,9,300,0.7483403000039588,1.7838110618083718e-06,0.0,0.11666666666666667,1,0.0033333333333333335,0.0,26.89,44.27975460808917,0.6316736333372921,0.0,0.11333333333333333,0.0,0.0,0.0033333333333333335,0.0,2.2
wideband,shield_repair,naive,phi,radioml,0,300,0.8176600887154781,1.6453769607995608e-05,0.0,0.21666666666666667,2,0.0,0.36466666666666664,27.32,39.56685129700678,0.6009934220488115,0.0,0.21666666666666667,0.0,0.0,0.0,0.0,2.2
wideband,shield_repair,naive,phi,radioml,1,300,0.786161353520501,3.0336311412339592e-06,0.0,0.20666666666666667,2,0.0,0.3913333333333333,27.13,39.998067791473595,0.5794946868538343,0.0,0.20666666666666667,0.0,0.0,0.0033333333333333335,0.0,2.2
wideband,shield_repair,naive,phi,radioml,2,300,0.7663958396426594,3.315786306238847e-07,0.0,0.16,1,0.0,0.37933333333333336,27.16,42.20033821532535,0.6063958396426595,0.0,0.16,0.0,0.0,0.0,0.0,2.2
wideband,shield_repair,naive,phi,radioml,3,300,0.816631341952354,2.3634686851697832e-06,0.0,0.17666666666666667,2,0.0,0.38466666666666666,27.41,46.942581675490494,0.6399646752856873,0.0,0.17666666666666667,0.0,0.0,0.0,0.0,2.2
wideband,shield_repair,naive,phi,radioml,4,300,0.7723578067792746,3.72475074197231e-07,0.0,0.16,1,0.0,0.38866666666666666,27.07,48.581655844805574,0.6123578067792745,0.0,0.15666666666666668,0.0,0.0,0.006666666666666667,0.0,2.2
wideband,shield_repair,naive,phi,radioml,5,300,0.7782685208622568,3.4435079251134876e-06,0.0,0.16666666666666666,4,0.0,0.394,27.14,43.96527234835844,0.6116018541955901,0.0,0.16333333333333333,0.0,0.0,0.006666666666666667,0.0,2.2
wideband,shield_repair,naive,phi,radioml,6,300,0.7739523476812487,2.4041529072229337e-06,0.0,0.12666666666666668,3,0.0,0.37666666666666665,27.23,42.29623460709216,0.6472856810145818,0.0,0.11333333333333333,0.0,0.0,0.02,0.0,2.2
wideband,shield_repair,naive,phi,radioml,7,300,0.7844114768907949,3.9554607636371497e-07,0.0,0.16333333333333333,2,0.0,0.38266666666666665,26.94,42.618161471027875,0.6210781435574616,0.0,0.15666666666666668,0.0,0.0,0.006666666666666667,0.0,2.2
wideband,shield_repair,naive,phi,radioml,8,300,0.777956886850506,1.58766802679522e-06,0.0,0.19,1,0.0,0.38666666666666666,27.09,41.42767871406702,0.587956886850506,0.0,0.18,0.0,0.0,0.01,0.0,2.2
wideband,shield_repair,naive,phi,radioml,9,300,0.7760318039780809,7.5168658718783346e-06,0.0,0.12666666666666668,1,0.0,0.38266666666666665,27.34,45.75330124107293,0.6493651373114143,0.0,0.12333333333333334,0.0,0.0,0.0033333333333333335,0.0,2.2
bursty,heuristic,naive,phi,radioml,0,300,0.9881351091798691,0.9934369194670106,0.0,0.0,1,0.0,0.0,26.0,44.16666666666665,0.9881351091798691,0.0,0.0,0.0,0.0,0.0,0.0,2.2
bursty,heuristic,naive,phi,radioml,1,300,0.9930579120923446,0.9934432710196276,0.0,0.0,1,0.0,0.0,26.0,44.16666666666665,0.9930579120923446,0.0,0.0,0.0,0.0,0.0,0.0,2.2
bursty,heuristic,naive,phi,radioml,2,300,0.9934686889243016,0.9934371633644735,0.0,0.0,1,0.0,0.0,26.0,44.16666666666665,0.9934686889243016,0.0,0.0,0.0,0.0,0.0,0.0,2.2
bursty,heuristic,naive,phi,radioml,3,300,0.9904734847349517,0.9934383407919929,0.0,0.0,1,0.0,0.0,26.0,44.16666666666665,0.9904734847349517,0.0,0.0,0.0,0.0,0.0,0.0,2.2
bursty,heuristic,naive,phi,radioml,4,300,0.9931202342379061,0.9934430696638787,0.0,0.0,1,0.0,0.0,26.0,44.16666666666665,0.9931202342379061,0.0,0.0,0.0,0.0,0.0,0.0,2.2
bursty,heuristic,naive,phi,radioml,5,300,0.9934643601669058,0.993445866421665,0.0,0.0,1,0.0,0.0,26.0,44.16666666666665,0.9934643601669058,0.0,0.0,0.0,0.0,0.0,0.0,2.2
bursty,heuristic,naive,phi,radioml,6,300,0.9888575329725948,0.9934267214759825,0.0,0.0,1,0.0,0.0,26.0,44.16666666666665,0.9888575329725948,0.0,0.0,0.0,0.0,0.0,0.0,2.2
bursty,heuristic,naive,phi,radioml,7,300,0.993043357910632,0.9934344387912869,0.0,0.0,1,0.0,0.0,26.0,44.16666666666665,0.993043357910632,0.0,0.0,0.0,0.0,0.0,0.0,2.2
bursty,heuristic,naive,phi,radioml,8,300,0.9911322684045096,0.9934378830638062,0.0,0.0,1,0.0,0.0,26.0,44.16666666666665,0.9911322684045096,0.0,0.0,0.0,0.0,0.0,0.0,2.2
bursty,heuristic,naive,phi,radioml,9,300,0.9913415108293073,0.9934330551673178,0.0,0.0,1,0.0,0.0,26.0,44.16666666666665,0.9913415108293073,0.0,0.0,0.0,0.0,0.0,0.0,2.2
bursty,greedy_twin,naive,phi,radioml,0,300,0.990292430009455,0.9739999999999917,0.2833333333333333,0.30333333333333334,1,0.0,0.0,26.67,43.19797701805737,0.6869590966761216,0.09,0.15666666666666668,0.09333333333333334,0.0,0.0,0.02666666666666667,2.2
bursty,greedy_twin,naive,phi,radioml,1,300,0.9876537545667359,0.9739999999462262,0.26,0.27666666666666667,1,0.0,0.0,26.696666666666665,42.64273353409209,0.710987087900069,0.09,0.15333333333333332,0.07333333333333333,0.0,0.0,0.03,2.2
bursty,greedy_twin,naive,phi,radioml,2,300,0.9823648695867816,0.9739999999750021,0.30333333333333334,0.33666666666666667,1,0.0,0.0,27.013333333333332,41.63281408640824,0.6456982029201149,0.11666666666666667,0.20333333333333334,0.08666666666666667,0.0,0.0,0.04,2.2
bursty,greedy_twin,naive,phi,radioml,3,300,0.987448453163711,0.9739999999986603,0.22,0.23666666666666666,1,0.0,0.0,26.413333333333334,48.30990877317522,0.7507817864970445,0.09666666666666666,0.14333333333333334,0.06333333333333334,0.0,0.0,0.013333333333333334,2.2
bursty,greedy_twin,naive,phi,radioml,4,300,0.9868048271094131,0.9739999997695803,0.2966666666666667,0.33,1,0.0,0.0,26.89,52.35300391011371,0.6568048271094131,0.1,0.17666666666666667,0.09333333333333334,0.0,0.0,0.05333333333333334,2.2
bursty,greedy_twin,naive,phi,radioml,5,300,0.9888554474362052,0.973999999996471,0.33666666666666667,0.38,1,0.0,0.0,27.19,41.600388088284596,0.6088554474362052,0.08333333333333333,0.2,0.10666666666666667,0.0,0.0,0.08666666666666667,2.2
bursty,greedy_twin,naive,phi,radioml,6,300,0.9910638447665927,0.9739999999997719,0.32,0.36666666666666664,1,0.0,0.0,26.93,49.201947484620234,0.6243971780999259,0.09666666666666666,0.19333333333333333,0.10666666666666667,0.0,0.0,0.08666666666666667,2.2
bursty,greedy_twin,naive,phi,radioml,7,300,0.9893207772319916,0.9739999914039013,0.2833333333333333,0.31,1,0.0,0.0,26.74,44.67166904571484,0.6793207772319917,0.07666666666666666,0.16666666666666666,0.11,0.0,0.0,0.04,2.2
bursty,greedy_twin,naive,phi,radioml,8,300,0.9919491777940269,0.973999999999892,0.2733333333333333,0.2866666666666667,1,0.0,0.0,26.69,47.422235633829935,0.7052825111273602,0.06666666666666667,0.17666666666666667,0.08333333333333333,0.0,0.0,0.02666666666666667,2.2
bursty,greedy_twin,naive,phi,radioml,9,300,0.9910031537591215,0.9739999774586663,0.2733333333333333,0.2966666666666667,1,0.0,0.0,26.823333333333334,43.26022735928868,0.6943364870924548,0.08333333333333333,0.17666666666666667,0.09333333333333334,0.0,0.0,0.06,2.2
bursty,shield_filter,naive,phi,radioml,0,300,0.9816989383895467,0.9878738654955801,0.0,0.01,1,0.0,0.0,25.06,40.21642331280877,0.9716989383895467,0.0,0.01,0.0,0.0,0.0,0.0,2.2
bursty,shield_filter,naive,phi,radioml,1,300,0.9799435949090677,0.9739999992259881,0.0,0.01,1,0.0,0.0,25.16,37.90471822484651,0.9699435949090677,0.0,0.01,0.0,0.0,0.0,0.0,2.2
bursty,shield_filter,naive,phi,radioml,2,300,0.9824372364982058,0.9929434403061675,0.0,0.016666666666666666,1,0.0033333333333333335,0.0,24.98,40.289822772826625,0.9657705698315391,0.0,0.016666666666666666,0.0,0.0,0.0,0.0,2.2
bursty,shield_filter,naive,phi,radioml,3,300,0.9795386781592522,0.9903333323706174,0.0,0.013333333333333334,1,0.0,0.0,24.9,40.694225231427104,0.9662053448259189,0.0,0.013333333333333334,0.0,0.0,0.0,0.0,2.2
bursty,shield_filter,naive,phi,radioml,4,300,0.9799741721337131,0.9924051497369701,0.0,0.013333333333333334,1,0.0,0.0,24.98,41.99196563817638,0.9666408388003798,0.0,0.013333333333333334,0.0,0.0,0.0,0.0,2.2
bursty,shield_filter,naive,phi,radioml,5,300,0.980977291911504,0.973999981257246,0.0,0.006666666666666667,1,0.0,0.0,24.99,39.97475977567979,0.9743106252448372,0.0,0.006666666666666667,0.0,0.0,0.0,0.0,2.2
bursty,shield_filter,naive,phi,radioml,6,300,0.9817550516889175,0.992140957004868,0.0,0.016666666666666666,1,0.0033333333333333335,0.0,25.04,43.01065423381316,0.9650883850222508,0.0,0.016666666666666666,0.0,0.0,0.0,0.0,2.2
bursty,shield_filter,naive,phi,radioml,7,300,0.9817065191861472,0.9908241025820704,0.0,0.006666666666666667,1,0.0033333333333333335,0.0,25.12,39.27474042119764,0.9750398525194806,0.0,0.006666666666666667,0.0,0.0,0.0,0.0,2.2
bursty,shield_filter,naive,phi,radioml,8,300,0.983595482111304,0.973999999561575,0.0,0.0,1,0.0033333333333333335,0.0,24.87,37.90861832959675,0.983595482111304,0.0,0.0,0.0,0.0,0.0,0.0,2.2
bursty,shield_filter,naive,phi,radioml,9,300,0.9833927213430123,0.9808993548853268,0.0,0.013333333333333334,1,0.0,0.0,25.12,39.6563516685218,0.970059388009679,0.0,0.013333333333333334,0.0,0.0,0.0,0.0,2.2
bursty,shield_repair,naive,phi,radioml,0,300,0.9903275357227769,0.9739999999931138,0.0,0.023333333333333334,1,0.0,0.36133333333333334,25.31,43.51259923040644,0.9669942023894436,0.0,0.023333333333333334,0.0,0.0,0.0,0.0,2.2
bursty,shield_repair,naive,phi,radioml,1,300,0.9902129674559762,0.9739999784708885,0.0,0.03,1,0.0,0.35733333333333334,25.46,43.23657463326851,0.9602129674559764,0.0,0.03,0.0,0.0,0.0,0.0,2.2
bursty,shield_repair,naive,phi,radioml,2,300,0.983263934187977,0.9739982709326584,0.0,0.09666666666666666,1,0.0,0.362,25.71,39.1411032445614,0.8865972675213103,0.0,0.09666666666666666,0.0,0.0,0.0,0.0,2.2
bursty,shield_repair,naive,phi,radioml,3,300,0.9836238742484934,0.9739999323501175,0.0,0.03,1,0.0,0.3413333333333333,25.41,42.544458862141354,0.9536238742484934,0.0,0.03,0.0,0.0,0.0,0.0,2.2
bursty,shield_repair,naive,phi,radioml,4,300,0.9876206623295897,0.9739999984656116,0.0,0.03666666666666667,1,0.0,0.35733333333333334,25.49,47.62623441898782,0.9509539956629229,0.0,0.03666666666666667,0.0,0.0,0.0,0.0,2.2
bursty,shield_repair,naive,phi,radioml,5,300,0.9893735423736124,0.9824955477150749,0.0,0.043333333333333335,1,0.0,0.382,25.59,41.63472686037922,0.9460402090402791,0.0,0.043333333333333335,0.0,0.0,0.0,0.0,2.2
bursty,shield_repair,naive,phi,radioml,6,300,0.9912490161048,0.9739999999802124,0.0,0.03666666666666667,1,0.0,0.36333333333333334,25.35,42.39848408342283,0.9545823494381334,0.0,0.03666666666666667,0.0,0.0,0.0,0.0,2.2
bursty,shield_repair,naive,phi,radioml,7,300,0.9899091317761027,0.9739999999891361,0.0,0.016666666666666666,1,0.0,0.3526666666666667,25.17,39.25038991443353,0.973242465109436,0.0,0.016666666666666666,0.0,0.0,0.0,0.0,2.2
bursty,shield_repair,naive,phi,radioml,8,300,0.9923918030660184,0.9819658296952279,0.0,0.03,1,0.0,0.33666666666666667,25.27,43.258919169078865,0.9623918030660183,0.0,0.03,0.0,0.0,0.0,0.0,2.2
bursty,shield_repair,naive,phi,radioml,9,300,0.9915889220962418,0.9739999941568838,0.0,0.056666666666666664,1,0.0,0.3406666666666667,25.52,39.78334551505921,0.9349222554295754,0.0,0.056666666666666664,0.0,0.0,0.0,0.0,2.2
backhaul,heuristic,naive,phi,radioml,0,300,0.9600969143785858,0.9139980512931851,0.0,0.0,1,0.0,0.0,26.0,44.16666666666665,0.9600969143785858,0.0,0.0,0.0,0.0,0.0,0.0,2.2
backhaul,heuristic,naive,phi,radioml,1,300,0.9571827054327632,0.9139967245000353,0.0,0.0,1,0.0,0.0,26.0,44.16666666666665,0.9571827054327632,0.0,0.0,0.0,0.0,0.0,0.0,2.2
backhaul,heuristic,naive,phi,radioml,2,300,0.9600959846625601,0.9139944811565621,0.0,0.0,1,0.0,0.0,26.0,44.16666666666665,0.9600959846625601,0.0,0.0,0.0,0.0,0.0,0.0,2.2
backhaul,heuristic,naive,phi,radioml,3,300,0.9603618068466395,0.9139983070957095,0.0,0.0,1,0.0,0.0,26.0,44.16666666666665,0.9603618068466395,0.0,0.0,0.0,0.0,0.0,0.0,2.2
backhaul,heuristic,naive,phi,radioml,4,300,0.9600968532733691,0.9139982534175413,0.0,0.0,1,0.0,0.0,26.0,44.16666666666665,0.9600968532733691,0.0,0.0,0.0,0.0,0.0,0.0,2.2
backhaul,heuristic,naive,phi,radioml,5,300,0.9595667454541729,0.9139983295297534,0.0,0.0,1,0.0,0.0,26.0,44.16666666666665,0.9595667454541729,0.0,0.0,0.0,0.0,0.0,0.0,2.2
backhaul,heuristic,naive,phi,radioml,6,300,0.959831379091609,0.9139962308386327,0.0,0.0,1,0.0,0.0,26.0,44.16666666666665,0.959831379091609,0.0,0.0,0.0,0.0,0.0,0.0,2.2
backhaul,heuristic,naive,phi,radioml,7,300,0.9582422358599437,0.9139965411083424,0.0,0.0,1,0.0,0.0,26.0,44.16666666666665,0.9582422358599437,0.0,0.0,0.0,0.0,0.0,0.0,2.2
backhaul,heuristic,naive,phi,radioml,8,300,0.963275734312177,0.9139967048711877,0.0,0.0,1,0.0,0.0,26.0,44.16666666666665,0.963275734312177,0.0,0.0,0.0,0.0,0.0,0.0,2.2
backhaul,heuristic,naive,phi,radioml,9,300,0.9632757671257149,0.9139970165108033,0.0,0.0,1,0.0,0.0,26.0,44.16666666666665,0.9632757671257149,0.0,0.0,0.0,0.0,0.0,0.0,2.2
backhaul,greedy_twin,naive,phi,radioml,0,300,0.9612373412920673,0.9140015167804124,0.25,0.36666666666666664,1,0.0,0.0,27.226666666666667,43.488736417526326,0.5945706746254008,0.06,0.24,0.09,0.0,0.0,0.03666666666666667,2.2
backhaul,greedy_twin,naive,phi,radioml,1,300,0.9599050412560113,0.9140015027543895,0.27,0.31333333333333335,1,0.0,0.0,27.14666666666667,43.32404228076541,0.6465717079226778,0.09666666666666666,0.15666666666666668,0.09333333333333334,0.0,0.0,0.06,2.2
backhaul,greedy_twin,naive,phi,radioml,2,300,0.9587136825045286,0.9140015185385502,0.25,0.31666666666666665,1,0.0,0.0,26.98,46.479552833556056,0.6420470158378618,0.09333333333333334,0.17666666666666667,0.08666666666666667,0.0,0.0,0.02666666666666667,2.2
backhaul,greedy_twin,naive,phi,radioml,3,300,0.9592455181572825,0.9140015175432717,0.2633333333333333,0.33666666666666667,1,0.0,0.0,27.086666666666666,42.0936878829183,0.622578851490616,0.06333333333333334,0.19666666666666666,0.09666666666666666,0.0,0.0,0.03333333333333333,2.2
backhaul,greedy_twin,naive,phi,radioml,4,300,0.9584020343926485,0.9140015114191126,0.3466666666666667,0.4266666666666667,1,0.0,0.0,27.59,50.31997312269889,0.5317353677259817,0.08666666666666667,0.21666666666666667,0.16333333333333333,0.0,0.0,0.1,2.2
backhaul,greedy_twin,naive,phi,radioml,5,300,0.9573503348528337,0.9140014810746402,0.26666666666666666,0.33,1,0.0,0.0,27.116666666666667,41.45319261413595,0.6273503348528338,0.10666666666666667,0.16,0.09666666666666666,0.0,0.0,0.05,2.2
backhaul,greedy_twin,naive,phi,radioml,6,300,0.9600449136660065,0.9140015364852045,0.2733333333333333,0.38,1,0.0,0.0,27.35,43.76130357973382,0.5800449136660067,0.07666666666666666,0.19,0.11666666666666667,0.0,0.0,0.11666666666666667,2.2
backhaul,greedy_twin,naive,phi,radioml,7,300,0.9599696103428906,0.9140015176952017,0.29333333333333333,0.32666666666666666,1,0.0,0.0,27.23,50.455486999972976,0.6333029436762239,0.08666666666666667,0.17,0.10666666666666667,0.0,0.0,0.013333333333333334,2.2
backhaul,greedy_twin,naive,phi,radioml,8,300,0.9565265921027625,0.9140014717384648,0.29333333333333333,0.36666666666666664,1,0.0,0.0,27.46,47.19572410179707,0.5898599254360956,0.09666666666666666,0.21,0.11,0.0,0.0,0.08333333333333333,2.2
backhaul,greedy_twin,naive,phi,radioml,9,300,0.9605801704555513,0.9140014920658277,0.25333333333333335,0.3333333333333333,1,0.0,0.0,27.233333333333334,45.97368663936793,0.6272468371222181,0.07666666666666666,0.20333333333333334,0.07666666666666666,0.0,0.0,0.056666666666666664,2.2
backhaul,shield_filter,naive,phi,radioml,0,300,0.9479078705631063,0.9140013781516872,0.0,0.11333333333333333,1,0.006666666666666667,0.0,25.78,37.128684480688925,0.8345745372297732,0.0,0.11333333333333333,0.0,0.0,0.0,0.0,2.2
backhaul,shield_filter,naive,phi,radioml,1,300,0.9475953081473146,0.9140014007385164,0.0,0.03666666666666667,1,0.02,0.0,25.81,39.192343598766364,0.9109286414806477,0.0,0.03666666666666667,0.0,0.0,0.0,0.0,2.2
backhaul,shield_filter,naive,phi,radioml,2,300,0.9507555249448733,0.914001444894699,0.0,0.07333333333333333,1,0.006666666666666667,0.0,25.83,42.47840841814241,0.8774221916115399,0.0,0.07333333333333333,0.0,0.0,0.0,0.0,2.2
backhaul,shield_filter,naive,phi,radioml,3,300,0.9524425346784134,0.9140014593367758,0.0,0.07333333333333333,1,0.006666666666666667,0.0,25.69,41.7117127174182,0.8791092013450801,0.0,0.07333333333333333,0.0,0.0,0.0,0.0,2.2
backhaul,shield_filter,naive,phi,radioml,4,300,0.9529436389307636,0.9140013317516656,0.0,0.05333333333333334,1,0.0,0.0,25.87,42.69655990480268,0.8996103055974303,0.0,0.05333333333333334,0.0,0.0,0.0,0.0,2.2
backhaul,shield_filter,naive,phi,radioml,5,300,0.9476459848942133,0.914001109588428,0.0,0.04,1,0.006666666666666667,0.0,25.86,41.319538976605145,0.9076459848942132,0.0,0.04,0.0,0.0,0.0,0.0,2.2
backhaul,shield_filter,naive,phi,radioml,6,300,0.9504659217508918,0.9140012168142467,0.0,0.05333333333333334,1,0.01,0.0,25.76,42.48141530357838,0.8971325884175585,0.0,0.05333333333333334,0.0,0.0,0.0,0.0,2.2
backhaul,shield_filter,naive,phi,radioml,7,300,0.9461117150459428,0.7791999808861094,0.0,0.04,1,0.01,0.0,25.74,41.83351722444733,0.9061117150459429,0.0,0.04,0.0,0.0,0.0,0.0,2.2
backhaul,shield_filter,naive,phi,radioml,8,300,0.9494018747832753,0.9139908971449915,0.0,0.04,1,0.0033333333333333335,0.0,25.79,39.571493349416876,0.9094018747832754,0.0,0.04,0.0,0.0,0.0,0.0,2.2
backhaul,shield_filter,naive,phi,radioml,9,300,0.9494506918103889,0.9140009123119645,0.0,0.06,1,0.016666666666666666,0.0,25.62,41.95417050539134,0.8894506918103885,0.0,0.06,0.0,0.0,0.0,0.0,2.2
backhaul,shield_repair,naive,phi,radioml,0,300,0.9608793721176443,0.9139987812150816,0.0,0.14666666666666667,1,0.0,0.394,26.08,38.60348054305219,0.8142127054509776,0.0,0.14666666666666667,0.0,0.0,0.0,0.0,2.2
backhaul,shield_repair,naive,phi,radioml,1,300,0.9606892515792492,0.9139959411399093,0.0,0.06,1,0.0,0.418,26.12,41.26817056716296,0.9006892515792493,0.0,0.06,0.0,0.0,0.0,0.0,2.2
backhaul,shield_repair,naive,phi,radioml,2,300,0.9591943890665995,0.9140014338999536,0.0,0.08666666666666667,1,0.0,0.41933333333333334,26.32,46.0926727457214,0.8725277223999328,0.0,0.08666666666666667,0.0,0.0,0.0,0.0,2.2
backhaul,shield_repair,naive,phi,radioml,3,300,0.9586940799576557,0.9140011553914348,0.0,0.09666666666666666,1,0.0,0.4013333333333333,26.24,41.86498302971271,0.862027413290989,0.0,0.09666666666666666,0.0,0.0,0.0,0.0,2.2
backhaul,shield_repair,naive,phi,radioml,4,300,0.9589612354691822,0.9139829070284223,0.0,0.08,1,0.0,0.42533333333333334,26.12,42.164269770993,0.8789612354691823,0.0,0.08,0.0,0.0,0.0,0.0,2.2
backhaul,shield_repair,naive,phi,radioml,5,300,0.9587448239455284,0.9140014746419615,0.0,0.07666666666666666,1,0.0,0.39466666666666667,26.0,40.21665446819072,0.8820781572788617,0.0,0.07666666666666666,0.0,0.0,0.0,0.0,2.2
backhaul,shield_repair,naive,phi,radioml,6,300,0.9596765682270849,0.9140012168142467,0.0,0.07,1,0.0,0.4013333333333333,26.12,41.535059161851045,0.889676568227085,0.0,0.07,0.0,0.0,0.0,0.0,2.2
backhaul,shield_repair,naive,phi,radioml,7,300,0.9598908827354734,0.9139981271797855,0.0,0.05333333333333334,1,0.0,0.41133333333333333,26.23,43.55088594346009,0.9065575494021398,0.0,0.05333333333333334,0.0,0.0,0.0,0.0,2.2
backhaul,shield_repair,naive,phi,radioml,8,300,0.9581624758208508,0.9140014010119013,0.0,0.05333333333333334,1,0.0,0.4106666666666667,25.99,43.082360883487006,0.9048291424875176,0.0,0.05333333333333334,0.0,0.0,0.0,0.0,2.2
backhaul,shield_repair,naive,phi,radioml,9,300,0.9611161490281961,0.9140009531836544,0.0,0.1,2,0.0,0.37866666666666665,26.08,42.88824572070996,0.8611161490281959,0.0,0.1,0.0,0.0,0.0,0.0,2.2
compromised_xapp,heuristic,naive,phi,radioml,0,300,0.9934796196676798,0.9934782913897904,0.0,0.0,1,0.0,0.0,26.0,44.16666666666665,0.9934796196676798,0.0,0.0,0.0,0.0,0.0,0.0,2.2
compromised_xapp,heuristic,naive,phi,radioml,1,300,0.993479744962071,0.9934787123421813,0.0,0.0,1,0.0,0.0,26.0,44.16666666666665,0.993479744962071,0.0,0.0,0.0,0.0,0.0,0.0,2.2
compromised_xapp,heuristic,naive,phi,radioml,2,300,0.9934794931549946,0.9934769279689342,0.0,0.0,1,0.0,0.0,26.0,44.16666666666665,0.9934794931549946,0.0,0.0,0.0,0.0,0.0,0.0,2.2
compromised_xapp,heuristic,naive,phi,radioml,3,300,0.993235898218371,0.9934771979697623,0.0,0.0,1,0.0,0.0,26.0,44.16666666666665,0.993235898218371,0.0,0.0,0.0,0.0,0.0,0.0,2.2
compromised_xapp,heuristic,naive,phi,radioml,4,300,0.9934795669334183,0.993478188187889,0.0,0.0,1,0.0,0.0,26.0,44.16666666666665,0.9934795669334183,0.0,0.0,0.0,0.0,0.0,0.0,2.2
compromised_xapp,heuristic,naive,phi,radioml,5,300,0.9932027569446557,0.9934776243895006,0.0,0.0,1,0.0,0.0,26.0,44.16666666666665,0.9932027569446557,0.0,0.0,0.0,0.0,0.0,0.0,2.2
compromised_xapp,heuristic,naive,phi,radioml,6,300,0.9934796736048194,0.993478286212183,0.0,0.0,1,0.0,0.0,26.0,44.16666666666665,0.9934796736048194,0.0,0.0,0.0,0.0,0.0,0.0,2.2
compromised_xapp,heuristic,naive,phi,radioml,7,300,0.9934796202840365,0.9934776783654525,0.0,0.0,1,0.0,0.0,26.0,44.16666666666665,0.9934796202840365,0.0,0.0,0.0,0.0,0.0,0.0,2.2
compromised_xapp,heuristic,naive,phi,radioml,8,300,0.993384842541872,0.9934785682464516,0.0,0.0,1,0.0,0.0,26.0,44.16666666666665,0.993384842541872,0.0,0.0,0.0,0.0,0.0,0.0,2.2
compromised_xapp,heuristic,naive,phi,radioml,9,300,0.9926835020108941,0.9934785702729426,0.0,0.0,1,0.0,0.0,26.0,44.16666666666665,0.9926835020108941,0.0,0.0,0.0,0.0,0.0,0.0,2.2
compromised_xapp,greedy_twin,naive,phi,radioml,0,300,0.992294037770547,0.9932324293041068,0.4066666666666667,0.51,1,0.0,0.0,28.083333333333332,45.896593487522026,0.4822940377705468,0.12333333333333334,0.20333333333333334,0.15,0.0,0.0,0.22,2.2
compromised_xapp,greedy_twin,naive,phi,radioml,1,300,0.9924320974534101,0.9739999999999638,0.3933333333333333,0.4666666666666667,1,0.0,0.0,27.85,40.46801795508481,0.5257654307867434,0.13333333333333333,0.18666666666666668,0.14666666666666667,0.0,0.0,0.14,2.2
compromised_xapp,greedy_twin,naive,phi,radioml,2,300,0.992956397292081,0.9934452157412176,0.43,0.5066666666666667,1,0.0,0.0,28.026666666666667,49.88882505750263,0.48628973062541436,0.14,0.22333333333333333,0.18333333333333332,0.0,0.0,0.13333333333333333,2.2
compromised_xapp,greedy_twin,naive,phi,radioml,3,300,0.9928884214649762,0.9934161391743103,0.4166666666666667,0.4866666666666667,1,0.0,0.0,27.823333333333334,41.37617762442762,0.5062217547983094,0.14333333333333334,0.19,0.16,0.0,0.0,0.12,2.2
compromised_xapp,greedy_twin,naive,phi,radioml,4,300,0.992630693440631,0.9931919640574317,0.44333333333333336,0.5633333333333334,1,0.0,0.0,28.236666666666668,42.18857355571214,0.42929736010729774,0.15,0.25,0.15666666666666668,0.0,0.0,0.24666666666666667,2.2
compromised_xapp,greedy_twin,naive,phi,radioml,5,300,0.992822115981464,0.9934078863410194,0.44666666666666666,0.56,1,0.0,0.0,28.3,46.46981434481195,0.43282211598146375,0.13333333333333333,0.21666666666666667,0.14333333333333334,0.0,0.0,0.2733333333333333,2.2
compromised_xapp,greedy_twin,naive,phi,radioml,6,300,0.9925000743209558,0.9914575849315115,0.43333333333333335,0.5266666666666666,1,0.0,0.0,28.32,51.31666591333965,0.46583340765428893,0.13666666666666666,0.23,0.15666666666666668,0.0,0.0,0.22333333333333333,2.2
compromised_xapp,greedy_twin,naive,phi,radioml,7,300,0.9927611996167273,0.9933978476470677,0.43666666666666665,0.54,1,0.0,0.0,28.156666666666666,44.29331152709269,0.4527611996167273,0.16666666666666666,0.22333333333333333,0.17,0.0,0.0,0.21,2.2
compromised_xapp,greedy_twin,naive,phi,radioml,8,300,0.9920979908388957,0.9739999999999978,0.46,0.5566666666666666,1,0.0,0.0,27.963333333333335,42.18642670744123,0.43543132417222913,0.17333333333333334,0.22333333333333333,0.19333333333333333,0.0,0.0,0.16,2.2
compromised_xapp,greedy_twin,naive,phi,radioml,9,300,0.9924373452778855,0.974,0.45,0.57,1,0.0,0.0,28.263333333333332,46.49252417468376,0.4224373452778852,0.14333333333333334,0.25666666666666665,0.18333333333333332,0.0,0.0,0.23,2.2
compromised_xapp,shield_filter,naive,phi,radioml,0,300,0.9563601305285913,0.7791999999219124,0.0,0.05,1,0.02,0.0,26.37,39.71881547881874,0.9063601305285912,0.0,0.03,0.02,0.0,0.0,0.0,2.2
compromised_xapp,shield_filter,naive,phi,radioml,1,300,0.9517505438559513,0.7791999997094448,0.0,0.06,1,0.02666666666666667,0.0,26.21,38.70575750624944,0.8917505438559512,0.0,0.04,0.02,0.0,0.0,0.0,2.2
compromised_xapp,shield_filter,naive,phi,radioml,2,300,0.9742530744374661,0.7791999999991828,0.0,0.09666666666666666,1,0.006666666666666667,0.0,26.58,41.1173084418808,0.8775864077707997,0.0,0.08333333333333333,0.013333333333333334,0.0,0.0,0.0,2.2
compromised_xapp,shield_filter,naive,phi,radioml,3,300,0.9411606331413815,0.7698745743114547,0.0,0.11,1,0.04,0.0,26.19,41.64487872762066,0.8311606331413816,0.0,0.08666666666666667,0.023333333333333334,0.0,0.0,0.0,2.2
compromised_xapp,shield_filter,naive,phi,radioml,4,300,0.9522047259346812,0.7791999998648521,0.0,0.10666666666666667,1,0.02666666666666667,0.0,26.44,41.996971046919874,0.8455380592680147,0.0,0.09333333333333334,0.016666666666666666,0.0,0.0,0.0,2.2
compromised_xapp,shield_filter,naive,phi,radioml,5,300,0.9491031480332847,0.7791999992883573,0.0,0.03333333333333333,1,0.03,0.0,26.22,41.434785177104914,0.9157698146999513,0.0,0.02666666666666667,0.01,0.0,0.0,0.0,2.2
compromised_xapp,shield_filter,naive,phi,radioml,6,300,0.970853626600643,0.7791999999929441,0.0,0.08,1,0.01,0.0,26.37,42.1089460994943,0.8908536266006429,0.0,0.06,0.02,0.0,0.0,0.0,2.2
compromised_xapp,shield_filter,naive,phi,radioml,7,300,0.9541358059415526,0.7791999996269486,0.0,0.08666666666666667,1,0.023333333333333334,0.0,26.4,40.860154949285295,0.8674691392748859,0.0,0.06,0.02666666666666667,0.0,0.0,0.0,2.2
compromised_xapp,shield_filter,naive,phi,radioml,8,300,0.9700053423963323,0.7791999999949447,0.0,0.10333333333333333,1,0.006666666666666667,0.0,26.41,40.831399862973214,0.8666720090629989,0.0,0.09666666666666666,0.006666666666666667,0.0,0.0,0.0,2.2
compromised_xapp,shield_filter,naive,phi,radioml,9,300,0.9272498041666809,0.3786588851565444,0.0,0.08666666666666667,1,0.05,0.0,25.86,40.85114733840846,0.8405831375000143,0.0,0.06666666666666667,0.02,0.0,0.0,0.0,2.2
compromised_xapp,shield_repair,naive,phi,radioml,0,300,0.9924879615912916,0.9933544500635813,0.0,0.18333333333333332,1,0.0,0.476,26.81,41.60968170212442,0.8091546282579583,0.0,0.06333333333333334,0.12666666666666668,0.0,0.0,0.0,2.2
compromised_xapp,shield_repair,naive,phi,radioml,1,300,0.9925830126209888,0.9932895165936795,0.0,0.14666666666666667,1,0.0,0.4673333333333333,26.63,42.41029710019648,0.8459163459543223,0.0,0.06333333333333334,0.09,0.0,0.0,0.0,2.2
compromised_xapp,shield_repair,naive,phi,radioml,2,300,0.9924346663222432,0.993413135331555,0.0,0.18333333333333332,1,0.0,0.49666666666666665,26.83,41.77929816728638,0.8091013329889098,0.0,0.1,0.09,0.0,0.0,0.0,2.2
compromised_xapp,shield_repair,naive,phi,radioml,3,300,0.9928217966343489,0.9933836932571247,0.0,0.14666666666666667,1,0.0,0.48533333333333334,26.85,43.75456961650214,0.8461551299676823,0.0,0.06666666666666667,0.08666666666666667,0.0,0.0,0.0,2.2
compromised_xapp,shield_repair,naive,phi,radioml,4,300,0.9930151046549679,0.9934293883180864,0.0,0.20333333333333334,1,0.0,0.4826666666666667,26.77,42.49877917494165,0.7896817713216346,0.0,0.10666666666666667,0.10666666666666667,0.0,0.0,0.0,2.2
compromised_xapp,shield_repair,naive,phi,radioml,5,300,0.9926914361809863,0.9932741427149521,0.0,0.12,1,0.0,0.48133333333333334,26.9,40.766174494559785,0.8726914361809863,0.0,0.023333333333333334,0.09666666666666666,0.0,0.0,0.0,2.2
compromised_xapp,shield_repair,naive,phi,radioml,6,300,0.9925592986570481,0.9931151195902842,0.0,0.20333333333333334,1,0.0,0.464,26.92,46.94866386546193,0.7892259653237147,0.0,0.09,0.13,0.0,0.0,0.0,2.2
compromised_xapp,shield_repair,naive,phi,radioml,7,300,0.9925589184567168,0.9931040638659006,0.0,0.16666666666666666,1,0.0,0.4726666666666667,26.84,41.11407463325123,0.8258922517900504,0.0,0.043333333333333335,0.12666666666666668,0.0,0.0,0.0,2.2
compromised_xapp,shield_repair,naive,phi,radioml,8,300,0.9918396279223276,0.9908847275603534,0.0,0.22666666666666666,1,0.0,0.4746666666666667,26.74,39.99742128138575,0.7651729612556609,0.0,0.13666666666666666,0.12,0.0,0.0,0.0,2.2
compromised_xapp,shield_repair,naive,phi,radioml,9,300,0.9924862323583227,0.991251479078947,0.0,0.20333333333333334,1,0.0,0.494,26.76,43.352165335402,0.7891528990249892,0.0,0.10666666666666667,0.11,0.0,0.0,0.0,2.2
compound,heuristic,naive,phi,radioml,0,300,0.9091814466523787,0.10968987950263852,0.0,0.23666666666666666,1,0.0,0.0,26.0,44.16666666666665,0.6725147799857122,0.0,0.0,0.23666666666666666,0.0,0.0,0.0,2.2
compound,heuristic,naive,phi,radioml,1,300,0.9206858511416757,0.4085753614850655,0.0,0.22,1,0.0,0.0,26.0,44.16666666666665,0.7006858511416758,0.0,0.0,0.22,0.0,0.0,0.0,2.2
compound,heuristic,naive,phi,radioml,2,300,0.9274404972819682,0.887539115942817,0.0,0.22,1,0.0,0.0,26.0,44.16666666666665,0.7074404972819682,0.0,0.0,0.22,0.0,0.0,0.0,2.2
compound,heuristic,naive,phi,radioml,3,300,0.8942711232993952,0.004504816077210677,0.0,0.21,2,0.0,0.0,26.0,44.16666666666665,0.6842711232993952,0.0,0.0,0.21,0.0,0.0,0.0,2.2
compound,heuristic,naive,phi,radioml,4,300,0.8998260994549796,0.03716783479707706,0.0,0.23666666666666666,1,0.0,0.0,26.0,44.16666666666665,0.663159432788313,0.0,0.0,0.23666666666666666,0.0,0.0,0.0,2.2
compound,heuristic,naive,phi,radioml,5,300,0.9057030008381184,0.006584230897587428,0.0,0.22,1,0.0,0.0,26.0,44.16666666666665,0.6857030008381184,0.0,0.0,0.22,0.0,0.0,0.0,2.2
compound,heuristic,naive,phi,radioml,6,300,0.9189719145712113,0.8319614915371039,0.0,0.24333333333333335,1,0.0,0.0,26.0,44.16666666666665,0.675638581237878,0.0,0.0,0.24333333333333335,0.0,0.0,0.0,2.2
compound,heuristic,naive,phi,radioml,7,300,0.9232309056295523,0.8825763605683771,0.0,0.23,2,0.0,0.0,26.0,44.16666666666665,0.6932309056295524,0.0,0.0,0.23,0.0,0.0,0.0,2.2
compound,heuristic,naive,phi,radioml,8,300,0.9017659839376512,0.006952204964689148,0.0,0.21333333333333335,1,0.0,0.0,26.0,44.16666666666665,0.6884326506043178,0.0,0.0,0.21333333333333335,0.0,0.0,0.0,2.2
compound,heuristic,naive,phi,radioml,9,300,0.9056338345149296,0.0025153859662975274,0.0,0.2,1,0.0,0.0,26.0,44.16666666666665,0.7056338345149293,0.0,0.0,0.2,0.0,0.0,0.0,2.2
compound,greedy_twin,naive,phi,radioml,0,300,0.9268053675007032,0.7165655720726023,0.54,0.7733333333333333,1,0.0,0.0,29.606666666666666,43.45923559674276,0.15347203416736988,0.15,0.3566666666666667,0.3566666666666667,0.016666666666666666,0.0,0.65,2.2
compound,greedy_twin,naive,phi,radioml,1,300,0.9280495416323811,0.716821735133524,0.5566666666666666,0.81,2,0.0,0.0,29.736666666666668,47.986597602833726,0.11804954163238103,0.14666666666666667,0.3433333333333333,0.4066666666666667,0.02,0.0,0.6466666666666666,2.2
compound,greedy_twin,naive,phi,radioml,2,300,0.9298150130747849,0.6947284804614972,0.63,0.8666666666666667,1,0.0,0.0,30.166666666666668,48.92918790738353,0.06314834640811819,0.16333333333333333,0.4,0.43333333333333335,0.02,0.0,0.7233333333333334,2.2
compound,greedy_twin,naive,phi,radioml,3,300,0.9203846247437645,0.7041823103026387,0.5566666666666666,0.8466666666666667,1,0.0,0.0,29.983333333333334,46.20163371904957,0.0737179580770978,0.15666666666666668,0.43,0.36,0.006666666666666667,0.0,0.68,2.2
compound,greedy_twin,naive,phi,radioml,4,300,0.9235883164440902,0.7167956159198636,0.5466666666666666,0.86,1,0.0,0.0,29.746666666666666,47.79254013834244,0.06358831644409015,0.14666666666666667,0.3933333333333333,0.39,0.0033333333333333335,0.0,0.7333333333333333,2.2
compound,greedy_twin,naive,phi,radioml,5,300,0.9251127622634793,0.695432985621086,0.5866666666666667,0.8766666666666667,1,0.0,0.0,30.13,42.69596842316854,0.04844609559681256,0.15333333333333332,0.48333333333333334,0.3333333333333333,0.01,0.0,0.7633333333333333,2.2
compound,greedy_twin,naive,phi,radioml,6,300,0.9288605829509065,0.7164094887030089,0.5533333333333333,0.8433333333333334,1,0.0,0.0,29.843333333333334,46.33347870714318,0.08552724961757319,0.12333333333333334,0.4066666666666667,0.39666666666666667,0.02,0.0,0.6966666666666667,2.2
compound,greedy_twin,naive,phi,radioml,7,300,0.9417789150680699,0.7784079039430892,0.56,0.8566666666666667,1,0.0,0.0,30.046666666666667,45.69968997725178,0.08511224840140323,0.18,0.4266666666666667,0.34,0.0033333333333333335,0.0,0.78,2.2
compound,greedy_twin,naive,phi,radioml,8,300,0.9242282597141364,0.7156842854419105,0.5933333333333334,0.8433333333333334,2,0.0,0.0,29.953333333333333,47.2079825520058,0.0808949263808031,0.18666666666666668,0.4766666666666667,0.37333333333333335,0.016666666666666666,0.0,0.7533333333333333,2.2
compound,greedy_twin,naive,phi,radioml,9,300,0.9414031115335035,0.7791926770867305,0.5966666666666667,0.86,1,0.0,0.0,30.2,43.70213274849435,0.08140311153350345,0.16333333333333333,0.4533333333333333,0.4266666666666667,0.006666666666666667,0.0,0.7433333333333333,2.2
compound,shield_filter,naive,phi,radioml,0,300,0.7525381469532271,8.826841448571258e-06,0.0,0.19333333333333333,1,0.10333333333333333,0.0,25.6,38.06373849077423,0.5592048136198937,0.0,0.05,0.15666666666666668,0.0,0.006666666666666667,0.0,2.2
compound,shield_filter,naive,phi,radioml,1,300,0.7453536363033104,9.078766621888538e-06,0.0,0.19666666666666666,2,0.12333333333333334,0.0,25.75,38.55858376992708,0.5486869696366438,0.0,0.02666666666666667,0.16333333333333333,0.0,0.013333333333333334,0.0,2.2
compound,shield_filter,naive,phi,radioml,2,300,0.7477179282263018,1.1153298910011112e-05,0.0,0.22666666666666666,1,0.1,0.0,25.85,42.19664792785756,0.5210512615596351,0.0,0.043333333333333335,0.20333333333333334,0.0,0.0033333333333333335,0.0,2.2
compound,shield_filter,naive,phi,radioml,3,300,0.7636306419677271,9.071996335951061e-06,0.0,0.24,1,0.08666666666666667,0.0,25.77,41.49999796119147,0.5236306419677274,0.0,0.09666666666666666,0.16,0.0,0.0,0.0,2.2
compound,shield_filter,naive,phi,radioml,4,300,0.7489298551448879,2.0148155392962247e-06,0.0,0.22333333333333333,4,0.1,0.0,25.66,40.820660720448444,0.5255965218115546,0.0,0.07666666666666666,0.17333333333333334,0.0,0.006666666666666667,0.0,2.2
compound,shield_filter,naive,phi,radioml,5,300,0.7332363206984972,5.2590442156510684e-06,0.0,0.21,1,0.11666666666666667,0.0,25.65,37.611551497217285,0.5232363206984971,0.0,0.11666666666666667,0.11333333333333333,0.0,0.013333333333333334,0.0,2.2
compound,shield_filter,naive,phi,radioml,6,300,0.750074252767357,1.408560988421182e-05,0.0,0.24,1,0.10333333333333333,0.0,25.88,44.507980726031974,0.510074252767357,0.0,0.09333333333333334,0.16666666666666666,0.0,0.0033333333333333335,0.0,2.2
compound,shield_filter,naive,phi,radioml,7,300,0.7661766530283686,1.219735012751336e-05,0.0,0.21,1,0.09666666666666666,0.0,25.96,41.23879983407607,0.5561766530283687,0.0,0.09333333333333334,0.15,0.0,0.006666666666666667,0.0,2.2
compound,shield_filter,naive,phi,radioml,8,300,0.7213407393486352,4.37931525092172e-06,0.0,0.22,2,0.11333333333333333,0.0,25.6,39.47870678088114,0.5013407393486352,0.0,0.10333333333333333,0.14666666666666667,0.0,0.013333333333333334,0.0,2.2
compound,shield_filter,naive,phi,radioml,9,300,0.7242516244299527,1.2131442494682242e-05,0.0,0.23666666666666666,1,0.08333333333333333,0.0,25.7,40.96304999988463,0.4875849577632861,0.0,0.056666666666666664,0.18666666666666668,0.0,0.03,0.0,2.2
compound,shield_repair,naive,phi,radioml,0,300,0.904315098481637,0.22786980238617832,0.0,0.35,1,0.0,0.5293333333333333,27.45,39.872704286411675,0.5543150984816371,0.0,0.12,0.2966666666666667,0.0,0.0,0.0,2.2
compound,shield_repair,naive,phi,radioml,1,300,0.9407650384768717,0.7791998832276041,0.0,0.37,2,0.0,0.558,27.57,41.3139145130382,0.5707650384768717,0.0,0.06,0.33666666666666667,0.0,0.0,0.0,2.2
compound,shield_repair,naive,phi,radioml,2,300,0.9214415287376858,0.7168426461446854,0.0,0.3933333333333333,1,0.0,0.5426666666666666,27.78,44.09314038423222,0.5281081954043524,0.0,0.07,0.36,0.0,0.0,0.0,2.2
compound,shield_repair,naive,phi,radioml,3,300,0.9167324909523434,0.6953927606360378,0.0,0.36,1,0.0,0.5393333333333333,27.48,41.79254729123933,0.5567324909523435,0.0,0.14,0.28,0.0,0.0,0.0,2.2
compound,shield_repair,naive,phi,radioml,4,300,0.9127305890156462,0.6953431697302216,0.0,0.39,1,0.0,0.5373333333333333,27.4,40.754567281679,0.5227305890156461,0.0,0.17,0.32666666666666666,0.0,0.0,0.0,2.2
compound,shield_repair,naive,phi,radioml,5,300,0.9316329903226275,0.7787711693062028,0.0,0.3933333333333333,1,0.0,0.548,27.66,37.36976097511266,0.5382996569892939,0.0,0.21333333333333335,0.28,0.0,0.0,0.0,2.2
compound,shield_repair,naive,phi,radioml,6,300,0.9140127167655367,0.6953996362275461,0.0,0.4166666666666667,1,0.0,0.5446666666666666,27.58,45.66840674737207,0.4973460500988701,0.0,0.16666666666666666,0.32,0.0,0.0,0.0,2.2
compound,shield_repair,naive,phi,radioml,7,300,0.9181775973944452,0.6947531735174973,0.0,0.4,1,0.0,0.5486666666666666,27.53,41.990943397112936,0.5181775973944452,0.0,0.17,0.30333333333333334,0.0,0.0,0.0,2.2
compound,shield_repair,naive,phi,radioml,8,300,0.9130909093523581,0.5771019780235154,0.0,0.43666666666666665,2,0.0,0.5693333333333334,27.54,41.741814518063194,0.4764242426856914,0.0,0.23666666666666666,0.30666666666666664,0.0,0.0,0.0,2.2
compound,shield_repair,naive,phi,radioml,9,300,0.9264913942898231,0.7673782012105714,0.0,0.4266666666666667,1,0.0,0.554,27.58,39.77937453612692,0.4998247276231564,0.0,0.16666666666666666,0.37,0.0,0.0,0.0,2.2
narrowband,heuristic,adaptive,phi,radioml,0,300,0.9934792993938386,0.993476715183473,0.0,0.0,1,0.0,0.0,26.0,44.16666666666665,0.9934792993938386,0.0,0.0,0.0,0.0,0.0,0.0,2.2
narrowband,heuristic,adaptive,phi,radioml,1,300,0.9934787802694166,0.993475289253908,0.0,0.0,1,0.0,0.0,26.0,44.16666666666665,0.9934787802694166,0.0,0.0,0.0,0.0,0.0,0.0,2.2
narrowband,heuristic,adaptive,phi,radioml,2,300,0.9934792440857554,0.9934755342409499,0.0,0.0,1,0.0,0.0,26.0,44.16666666666665,0.9934792440857554,0.0,0.0,0.0,0.0,0.0,0.0,2.2
narrowband,heuristic,adaptive,phi,radioml,3,300,0.9934791122540414,0.9934767306916945,0.0,0.0,1,0.0,0.0,26.0,44.16666666666665,0.9934791122540414,0.0,0.0,0.0,0.0,0.0,0.0,2.2
narrowband,heuristic,adaptive,phi,radioml,4,300,0.9901708669824565,0.9934772088175563,0.0,0.0,1,0.0,0.0,26.0,44.16666666666665,0.9901708669824565,0.0,0.0,0.0,0.0,0.0,0.0,2.2
narrowband,heuristic,adaptive,phi,radioml,5,300,0.993478986510606,0.9934750168116372,0.0,0.0,1,0.0,0.0,26.0,44.16666666666665,0.993478986510606,0.0,0.0,0.0,0.0,0.0,0.0,2.2
narrowband,heuristic,adaptive,phi,radioml,6,300,0.9934790183426776,0.9934760119743644,0.0,0.0,1,0.0,0.0,26.0,44.16666666666665,0.9934790183426776,0.0,0.0,0.0,0.0,0.0,0.0,2.2
narrowband,heuristic,adaptive,phi,radioml,7,300,0.993479269203634,0.993476553506547,0.0,0.0,1,0.0,0.0,26.0,44.16666666666665,0.993479269203634,0.0,0.0,0.0,0.0,0.0,0.0,2.2
narrowband,heuristic,adaptive,phi,radioml,8,300,0.9901716877235557,0.9934762266566676,0.0,0.0,1,0.0,0.0,26.0,44.16666666666665,0.9901716877235557,0.0,0.0,0.0,0.0,0.0,0.0,2.2
narrowband,heuristic,adaptive,phi,radioml,9,300,0.9934794479581537,0.9934773523718526,0.0,0.0,1,0.0,0.0,26.0,44.16666666666665,0.9934794479581537,0.0,0.0,0.0,0.0,0.0,0.0,2.2
narrowband,greedy_twin,adaptive,phi,radioml,0,300,0.9849041260898461,0.9739998760261657,0.06333333333333334,0.31,1,0.0,0.0,28.703333333333333,51.35019017339161,0.6749041260898463,0.04,0.22333333333333333,0.016666666666666666,0.0,0.0,0.1,2.2
narrowband,greedy_twin,adaptive,phi,radioml,1,300,0.9858802917532467,0.9739999818506,0.05333333333333334,0.31,1,0.0,0.0,28.66,52.43486338495507,0.6758802917532467,0.023333333333333334,0.23,0.03333333333333333,0.0,0.0,0.08,2.2
narrowband,greedy_twin,adaptive,phi,radioml,2,300,0.9855549223711629,0.9739999465350123,0.043333333333333335,0.21666666666666667,1,0.0,0.0,28.61,51.94412238531214,0.7688882557044961,0.03,0.11333333333333333,0.02,0.0,0.0,0.08333333333333333,2.2
narrowband,greedy_twin,adaptive,phi,radioml,3,300,0.9852859186393134,0.9739999683335937,0.08666666666666667,0.4166666666666667,1,0.0,0.0,29.086666666666666,55.11288335934112,0.5686192519726467,0.056666666666666664,0.16666666666666666,0.03333333333333333,0.0,0.0,0.26666666666666666,2.2
narrowband,greedy_twin,adaptive,phi,radioml,4,300,0.9857512250659973,0.9739999783122387,0.043333333333333335,0.20666666666666667,1,0.0,0.0,28.643333333333334,52.82514719348638,0.7790845583993307,0.03333333333333333,0.14333333333333334,0.016666666666666666,0.0,0.0,0.04666666666666667,2.2
narrowband,greedy_twin,adaptive,phi,radioml,5,300,0.9843134864373314,0.97399995477871,0.06333333333333334,0.30666666666666664,1,0.0,0.0,28.803333333333335,52.49101838032258,0.6776468197706648,0.03,0.16666666666666666,0.02666666666666667,0.0,0.0,0.15333333333333332,2.2
narrowband,greedy_twin,adaptive,phi,radioml,6,300,0.9858154556387236,0.9739999621617781,0.05333333333333334,0.25,1,0.0,0.0,28.486666666666668,45.91102028279819,0.7358154556387236,0.04,0.14666666666666667,0.013333333333333334,0.0,0.0,0.08333333333333333,2.2
narrowband,greedy_twin,adaptive,phi,radioml,7,300,0.9852236739806434,0.9739999674729414,0.07333333333333333,0.3333333333333333,1,0.0,0.0,28.75,51.809047261822606,0.6518903406473099,0.05333333333333334,0.12333333333333334,0.023333333333333334,0.0,0.0,0.22333333333333333,2.2
narrowband,greedy_twin,adaptive,phi,radioml,8,300,0.9849634650210323,0.9739999509868935,0.04666666666666667,0.22,1,0.0,0.0,28.756666666666668,54.74900590667207,0.7649634650210321,0.03,0.08666666666666667,0.0033333333333333335,0.0,0.0,0.12333333333333334,2.2
narrowband,greedy_twin,adaptive,phi,radioml,9,300,0.9857402916618855,0.9739999929903489,0.07333333333333333,0.24,1,0.0,0.0,28.81,55.238816008562914,0.7457402916618854,0.05333333333333334,0.10666666666666667,0.02666666666666667,0.0,0.0,0.13,2.2
narrowband,shield_filter,adaptive,phi,radioml,0,300,0.9852937881349455,0.9739999231082517,0.0,0.23666666666666666,1,0.0,0.0,28.506666666666668,49.870643921041875,0.7486271214682788,0.0,0.20333333333333334,0.0,0.0,0.0,0.04,2.2
narrowband,shield_filter,adaptive,phi,radioml,1,300,0.9860101548617008,0.9739999834768078,0.0,0.26666666666666666,1,0.0,0.0,28.573333333333334,52.571970385871005,0.7193434881950342,0.0,0.22666666666666666,0.0,0.0,0.0,0.056666666666666664,2.2
narrowband,shield_filter,adaptive,phi,radioml,2,300,0.9856199524640914,0.9739999825239049,0.0,0.17333333333333334,1,0.0,0.0,28.486666666666668,51.94412238531214,0.8122866191307581,0.0,0.1,0.0,0.0,0.0,0.07666666666666666,2.2
narrowband,shield_filter,adaptive,phi,radioml,3,300,0.9858049513127674,0.9739999942772305,0.0,0.26,1,0.0,0.0,28.883333333333333,54.907250907803856,0.7258049513127673,0.0,0.13666666666666666,0.0,0.0,0.0,0.14333333333333334,2.2
narrowband,shield_filter,adaptive,phi,radioml,4,300,0.9858811311645868,0.9739999856153823,0.0,0.16,1,0.0,0.0,28.58,52.82163390859451,0.8258811311645867,0.0,0.13666666666666666,0.0,0.0,0.0,0.023333333333333334,2.2
narrowband,shield_filter,adaptive,phi,radioml,5,300,0.984248823110154,0.9739999852525312,0.0,0.19,1,0.0,0.0,28.67,52.49056216809769,0.794248823110154,0.0,0.14666666666666667,0.0,0.0,0.0,0.05333333333333334,2.2
narrowband,shield_filter,adaptive,phi,radioml,6,300,0.9860751449428953,0.9739999838502915,0.0,0.17666666666666667,1,0.0,0.0,28.44,45.851396439757494,0.8094084782762286,0.0,0.13666666666666666,0.0,0.0,0.0,0.043333333333333335,2.2
narrowband,shield_filter,adaptive,phi,radioml,7,300,0.9853539772042033,0.9739999910072806,0.0,0.19333333333333333,1,0.0,0.0,28.616666666666667,51.811090648709055,0.79202064387087,0.0,0.10333333333333333,0.0,0.0,0.0,0.11666666666666667,2.2
narrowband,shield_filter,adaptive,phi,radioml,8,300,0.9851583580139339,0.9739999712612097,0.0,0.13,1,0.0,0.0,28.67,54.74836204788286,0.8551583580139339,0.0,0.07333333333333333,0.0,0.0,0.0,0.06666666666666667,2.2
narrowband,shield_filter,adaptive,phi,radioml,9,300,0.9859987394384702,0.9739999952445475,0.0,0.12666666666666668,1,0.0,0.0,28.653333333333332,54.94704028788632,0.8593320727718033,0.0,0.08333333333333333,0.0,0.0,0.0,0.043333333333333335,2.2
narrowband,shield_repair,adaptive,phi,radioml,0,300,0.9852831960350541,0.9739999068340562,0.0,0.24333333333333335,1,0.0,0.17066666666666666,28.45,49.70575490423808,0.7419498627017209,0.0,0.20333333333333334,0.0,0.0,0.0,0.04666666666666667,2.2
narrowband,shield_repair,adaptive,phi,radioml,1,300,0.9860735330072479,0.9739999583109296,0.0,0.2633333333333333,1,0.0,0.17933333333333334,28.496666666666666,52.198202100894704,0.7227401996739148,0.0,0.22333333333333333,0.0,0.0,0.0,0.056666666666666664,2.2
narrowband,shield_repair,adaptive,phi,radioml,2,300,0.9855412233911707,0.9739999337532795,0.0,0.18,1,0.0,0.168,28.35,51.1571281626037,0.8055412233911706,0.0,0.10333333333333333,0.0,0.0,0.0,0.08,2.2
narrowband,shield_repair,adaptive,phi,radioml,3,300,0.9856080345363595,0.9739999824233816,0.0,0.29,1,0.0,0.18066666666666667,28.85,50.13232415215112,0.6956080345363597,0.0,0.14333333333333334,0.0,0.0,0.0,0.17,2.2
narrowband,shield_repair,adaptive,phi,radioml,4,300,0.9858810035373642,0.9739999798249916,0.0,0.16333333333333333,1,0.0,0.16666666666666666,28.58,53.30953463240825,0.8225476702040309,0.0,0.14,0.0,0.0,0.0,0.023333333333333334,2.2
narrowband,shield_repair,adaptive,phi,radioml,5,300,0.9843768780140996,0.9739998591136586,0.0,0.21,1,0.0,0.18466666666666667,28.58,50.746273693672414,0.7743768780140996,0.0,0.15,0.0,0.0,0.0,0.07,2.2
narrowband,shield_repair,adaptive,phi,radioml,6,300,0.9859443417327305,0.9739999422391002,0.0,0.17333333333333334,1,0.0,0.16066666666666668,28.39666666666667,45.86127505389745,0.8126110083993972,0.0,0.13666666666666666,0.0,0.0,0.0,0.04,2.2
narrowband,shield_repair,adaptive,phi,radioml,7,300,0.9852212137594605,0.973999989967046,0.0,0.20333333333333334,1,0.0,0.188,28.546666666666667,48.5664905082864,0.7818878804261271,0.0,0.10333333333333333,0.0,0.0,0.0,0.12666666666666668,2.2
narrowband,shield_repair,adaptive,phi,radioml,8,300,0.9849632685012341,0.973999901185916,0.0,0.12666666666666668,1,0.0,0.17466666666666666,28.66,54.74900590667207,0.8582966018345675,0.0,0.07333333333333333,0.0,0.0,0.0,0.06333333333333334,2.2
narrowband,shield_repair,adaptive,phi,radioml,9,300,0.9860054200689412,0.9739999927830199,0.0,0.11333333333333333,1,0.0,0.17666666666666667,28.56,54.32846960263255,0.8726720867356079,0.0,0.08333333333333333,0.0,0.0,0.0,0.03,2.2
wideband,heuristic,adaptive,phi,radioml,0,300,0.8001899195181569,1.752033332923901e-05,0.0,0.0,2,0.0,0.0,26.0,44.16666666666665,0.8001899195181569,0.0,0.0,0.0,0.0,0.0,0.0,2.2
wideband,heuristic,adaptive,phi,radioml,1,300,0.8321547948957065,0.00010470220243000286,0.0,0.0,1,0.0,0.0,26.0,44.16666666666665,0.8321547948957065,0.0,0.0,0.0,0.0,0.0,0.0,2.2
wideband,heuristic,adaptive,phi,radioml,2,300,0.8061248875017717,4.202379699879215e-05,0.0,0.0,2,0.0,0.0,26.0,44.16666666666665,0.8061248875017717,0.0,0.0,0.0,0.0,0.0,0.0,2.2
wideband,heuristic,adaptive,phi,radioml,3,300,0.8190009258732073,2.8230720958898612e-05,0.0,0.0,2,0.0,0.0,26.0,44.16666666666665,0.8190009258732073,0.0,0.0,0.0,0.0,0.0,0.0,2.2
wideband,heuristic,adaptive,phi,radioml,4,300,0.7758982290004796,3.983337456483243e-05,0.0,0.0,2,0.0,0.0,26.0,44.16666666666665,0.7758982290004796,0.0,0.0,0.0,0.0,0.0,0.0,2.2
wideband,heuristic,adaptive,phi,radioml,5,300,0.7930039661191108,2.2981095356499775e-05,0.0,0.0,3,0.0,0.0,26.0,44.16666666666665,0.7930039661191108,0.0,0.0,0.0,0.0,0.0,0.0,2.2
wideband,heuristic,adaptive,phi,radioml,6,300,0.8137679988844507,0.0002599733178883576,0.0,0.0,2,0.0,0.0,26.0,44.16666666666665,0.8137679988844507,0.0,0.0,0.0,0.0,0.0,0.0,2.2
wideband,heuristic,adaptive,phi,radioml,7,300,0.8127935356616183,0.00013902008076283184,0.0,0.0,1,0.0,0.0,26.0,44.16666666666665,0.8127935356616183,0.0,0.0,0.0,0.0,0.0,0.0,2.2
wideband,heuristic,adaptive,phi,radioml,8,300,0.7986372976785211,2.758942073888206e-05,0.0,0.0,1,0.0,0.0,26.0,44.16666666666665,0.7986372976785211,0.0,0.0,0.0,0.0,0.0,0.0,2.2
wideband,heuristic,adaptive,phi,radioml,9,300,0.7878468582355593,2.4449018996405712e-05,0.0,0.0,2,0.0,0.0,26.0,44.16666666666665,0.7878468582355593,0.0,0.0,0.0,0.0,0.0,0.0,2.2
wideband,greedy_twin,adaptive,phi,radioml,0,300,0.8974643625500505,0.029096774259561874,0.09,0.6733333333333333,1,0.0,0.0,29.57,55.82217558178382,0.22413102921671713,0.05,0.11,0.016666666666666666,0.0,0.0,0.6566666666666666,2.2
wideband,greedy_twin,adaptive,phi,radioml,1,300,0.8925366498129065,0.009817194171928775,0.07666666666666666,0.65,1,0.0,0.0,29.333333333333332,47.098899441554686,0.24253664981290649,0.02666666666666667,0.2,0.03333333333333333,0.0,0.0,0.5733333333333334,2.2
wideband,greedy_twin,adaptive,phi,radioml,2,300,0.9006399595920414,0.044253858624986424,0.1,0.6166666666666667,1,0.0,0.0,29.48,52.88726553603016,0.28397329292537477,0.05333333333333334,0.21333333333333335,0.04666666666666667,0.0,0.0,0.56,2.2
wideband,greedy_twin,adaptive,phi,radioml,3,300,0.8752241315493906,0.013574191440184168,0.07,0.6566666666666666,1,0.0,0.0,29.406666666666666,50.33050195211609,0.21855746488272398,0.03,0.13,0.03,0.0,0.0,0.6033333333333334,2.2
wideband,greedy_twin,adaptive,phi,radioml,4,300,0.9201023457341051,0.5236406590541339,0.08666666666666667,0.7366666666666667,1,0.0,0.0,29.636666666666667,55.506359593800305,0.1834356790674386,0.04666666666666667,0.26,0.02666666666666667,0.0,0.0,0.72,2.2
wideband,greedy_twin,adaptive,phi,radioml,5,300,0.8888036424370473,0.012175379849324893,0.06666666666666667,0.6766666666666666,1,0.0,0.0,29.523333333333333,56.83088240746422,0.21213697577038068,0.02666666666666667,0.2733333333333333,0.023333333333333334,0.0,0.0,0.59,2.2
wideband,greedy_twin,adaptive,phi,radioml,6,300,0.9066548101403756,0.025508833653797643,0.07333333333333333,0.61,1,0.0,0.0,29.333333333333332,51.43540756998775,0.29665481014037565,0.043333333333333335,0.16,0.023333333333333334,0.0,0.0,0.5533333333333333,2.2
wideband,greedy_twin,adaptive,phi,radioml,7,300,0.9115677739778831,0.09199173316961928,0.07,0.6566666666666666,2,0.0,0.0,29.503333333333334,53.32316459309363,0.25490110731121657,0.03333333333333333,0.21666666666666667,0.023333333333333334,0.0,0.0,0.6066666666666667,2.2
wideband,greedy_twin,adaptive,phi,radioml,8,300,0.9185852229190992,0.4503819772532762,0.09333333333333334,0.8233333333333334,1,0.0,0.0,29.85,53.552669096831465,0.09525188958576586,0.043333333333333335,0.23,0.02,0.0,0.0,0.8,2.2
wideband,greedy_twin,adaptive,phi,radioml,9,300,0.8994129312768856,0.03115744039452128,0.1,0.7366666666666667,1,0.0,0.0,29.583333333333332,48.909004370646294,0.16274626461021885,0.056666666666666664,0.2866666666666667,0.043333333333333335,0.0,0.0,0.6533333333333333,2.2
wideband,shield_filter,adaptive,phi,radioml,0,300,0.8939872171562007,0.020099440320285662,0.0,0.5766666666666667,1,0.0,0.0,29.263333333333332,55.68518059585826,0.31732055048953406,0.0,0.09666666666666666,0.0,0.0,0.0,0.57,2.2
wideband,shield_filter,adaptive,phi,radioml,1,300,0.8696813459668169,0.0006200085094992028,0.0,0.47,1,0.0,0.0,29.153333333333332,52.746543749548756,0.3996813459668169,0.0,0.13,0.0,0.0,0.0,0.43666666666666665,2.2
wideband,shield_filter,adaptive,phi,radioml,2,300,0.8909517006906662,0.020180458110652135,0.0,0.55,1,0.0,0.0,29.213333333333335,52.836126114690295,0.3409517006906663,0.0,0.18,0.0,0.0,0.0,0.48333333333333334,2.2
wideband,shield_filter,adaptive,phi,radioml,3,300,0.8672274220915693,0.003404409870910138,0.0,0.51,1,0.0,0.0,29.23,50.347413492420564,0.3572274220915693,0.0,0.13,0.0,0.0,0.0,0.4533333333333333,2.2
wideband,shield_filter,adaptive,phi,radioml,4,300,0.8997607835930277,0.08016518718875189,0.0,0.5566666666666666,1,0.0,0.0,29.246666666666666,55.50694174933041,0.34309411692636116,0.0,0.20666666666666667,0.0,0.0,0.0,0.4766666666666667,2.2
wideband,shield_filter,adaptive,phi,radioml,5,300,0.8771883269871694,0.008832896331412361,0.0,0.49666666666666665,1,0.0,0.0,29.313333333333333,54.3441083186039,0.3805216603205026,0.0,0.16,0.0,0.0,0.0,0.42333333333333334,2.2
wideband,shield_filter,adaptive,phi,radioml,6,300,0.921053101833617,0.4504118800200912,0.0,0.6233333333333333,1,0.0,0.0,29.14666666666667,48.47779797493242,0.29771976850028364,0.0,0.17,0.0,0.0,0.0,0.5133333333333333,2.2
wideband,shield_filter,adaptive,phi,radioml,7,300,0.8730322841723078,0.011121493663146334,0.0,0.57,2,0.0,0.0,29.186666666666667,51.00185533913046,0.3030322841723078,0.0,0.18,0.0,0.0,0.0,0.5433333333333333,2.2
wideband,shield_filter,adaptive,phi,radioml,8,300,0.907733815372995,0.023390484640207897,0.0,0.63,1,0.0,0.0,29.403333333333332,54.87900863076977,0.27773381537299513,0.0,0.14666666666666667,0.0,0.0,0.0,0.5866666666666667,2.2
wideband,shield_filter,adaptive,phi,radioml,9,300,0.8858202877817833,0.0034020125746020333,0.0,0.6166666666666667,1,0.0,0.0,29.36,55.561131764193725,0.26915362111511654,0.0,0.16,0.0,0.0,0.0,0.5633333333333334,2.2
wideband,shield_repair,adaptive,phi,radioml,0,300,0.8620511102707106,0.0005487728202786186,0.0,0.4533333333333333,1,0.0,0.176,28.913333333333334,49.43512886731438,0.40871777693737726,0.0,0.08333333333333333,0.0,0.0,0.0,0.42333333333333334,2.2
wideband,shield_repair,adaptive,phi,radioml,1,300,0.8630108612187699,0.0005192170973175836,0.0,0.49333333333333335,1,0.0,0.17933333333333334,29.133333333333333,53.45727562716347,0.36967752788543656,0.0,0.16,0.0,0.0,0.0,0.42,2.2
wideband,shield_repair,adaptive,phi,radioml,2,300,0.879731194391781,0.0015563161277551744,0.0,0.5333333333333333,1,0.0,0.17066666666666666,28.993333333333332,52.52670571967014,0.3463978610584477,0.0,0.15666666666666668,0.0,0.0,0.0,0.4666666666666667,2.2
wideband,shield_repair,adaptive,phi,radioml,3,300,0.8730757816401881,0.0010702154091835022,0.0,0.46,1,0.0,0.16533333333333333,29.026666666666667,48.69387159872544,0.41307578164018804,0.0,0.14,0.0,0.0,0.0,0.37333333333333335,2.2
wideband,shield_repair,adaptive,phi,radioml,4,300,0.9021184005232131,0.022396510053731267,0.0,0.5633333333333334,1,0.0,0.17666666666666667,29.086666666666666,54.93298038009103,0.33878506718987966,0.0,0.19333333333333333,0.0,0.0,0.0,0.4633333333333333,2.2
wideband,shield_repair,adaptive,phi,radioml,5,300,0.889001190340461,0.01266581130509043,0.0,0.54,1,0.0,0.182,29.253333333333334,55.80322548174406,0.34900119034046106,0.0,0.22666666666666666,0.0,0.0,0.0,0.44666666666666666,2.2
wideband,shield_repair,adaptive,phi,radioml,6,300,0.8942039258993257,0.0006276877582130815,0.0,0.48,1,0.0,0.17933333333333334,28.91,47.6739487636231,0.41420392589932575,0.0,0.13333333333333333,0.0,0.0,0.0,0.37333333333333335,2.2
wideband,shield_repair,adaptive,phi,radioml,7,300,0.8875347726101713,0.006196734631876028,0.0,0.52,2,0.0,0.19133333333333333,29.11,50.69148475893123,0.3675347726101712,0.0,0.18666666666666668,0.0,0.0,0.0,0.39,2.2
wideband,shield_repair,adaptive,phi,radioml,8,300,0.8901958449150148,0.0006793375422645047,0.0,0.5566666666666666,1,0.0,0.182,29.293333333333333,54.67492568158493,0.3335291782483482,0.0,0.06,0.0,0.0,0.0,0.54,2.2
wideband,shield_repair,adaptive,phi,radioml,9,300,0.89489932532876,0.0014468079634421985,0.0,0.5733333333333334,1,0.0,0.18066666666666667,29.106666666666666,48.897705894489604,0.32156599199542685,0.0,0.22,0.0,0.0,0.0,0.46,2.2
bursty,heuristic,adaptive,phi,radioml,0,300,0.9881351091798691,0.9934369194670106,0.0,0.0,1,0.0,0.0,26.0,44.16666666666665,0.9881351091798691,0.0,0.0,0.0,0.0,0.0,0.0,2.2
bursty,heuristic,adaptive,phi,radioml,1,300,0.9930579120923446,0.9934432710196276,0.0,0.0,1,0.0,0.0,26.0,44.16666666666665,0.9930579120923446,0.0,0.0,0.0,0.0,0.0,0.0,2.2
bursty,heuristic,adaptive,phi,radioml,2,300,0.9934686889243016,0.9934371633644735,0.0,0.0,1,0.0,0.0,26.0,44.16666666666665,0.9934686889243016,0.0,0.0,0.0,0.0,0.0,0.0,2.2
bursty,heuristic,adaptive,phi,radioml,3,300,0.9904734847349517,0.9934383407919929,0.0,0.0,1,0.0,0.0,26.0,44.16666666666665,0.9904734847349517,0.0,0.0,0.0,0.0,0.0,0.0,2.2
bursty,heuristic,adaptive,phi,radioml,4,300,0.9931202342379061,0.9934430696638787,0.0,0.0,1,0.0,0.0,26.0,44.16666666666665,0.9931202342379061,0.0,0.0,0.0,0.0,0.0,0.0,2.2
bursty,heuristic,adaptive,phi,radioml,5,300,0.9934643601669058,0.993445866421665,0.0,0.0,1,0.0,0.0,26.0,44.16666666666665,0.9934643601669058,0.0,0.0,0.0,0.0,0.0,0.0,2.2
bursty,heuristic,adaptive,phi,radioml,6,300,0.9888575329725948,0.9934267214759825,0.0,0.0,1,0.0,0.0,26.0,44.16666666666665,0.9888575329725948,0.0,0.0,0.0,0.0,0.0,0.0,2.2
bursty,heuristic,adaptive,phi,radioml,7,300,0.993043357910632,0.9934344387912869,0.0,0.0,1,0.0,0.0,26.0,44.16666666666665,0.993043357910632,0.0,0.0,0.0,0.0,0.0,0.0,2.2
bursty,heuristic,adaptive,phi,radioml,8,300,0.9911322684045096,0.9934378830638062,0.0,0.0,1,0.0,0.0,26.0,44.16666666666665,0.9911322684045096,0.0,0.0,0.0,0.0,0.0,0.0,2.2
bursty,heuristic,adaptive,phi,radioml,9,300,0.9913415108293073,0.9934330551673178,0.0,0.0,1,0.0,0.0,26.0,44.16666666666665,0.9913415108293073,0.0,0.0,0.0,0.0,0.0,0.0,2.2
bursty,greedy_twin,adaptive,phi,radioml,0,300,0.984549526121483,0.973999780220178,0.06666666666666667,0.29333333333333333,1,0.0,0.0,28.60333333333333,50.353454159399845,0.6912161927881497,0.04,0.21,0.023333333333333334,0.0,0.0,0.08,2.2
bursty,greedy_twin,adaptive,phi,radioml,1,300,0.9832521097141614,0.9739980768551669,0.07666666666666666,0.42333333333333334,1,0.0,0.0,28.8,54.0521499394917,0.559918776380828,0.043333333333333335,0.28,0.03333333333333333,0.0,0.0,0.2,2.2
bursty,greedy_twin,adaptive,phi,radioml,2,300,0.982423142314399,0.9739989512284168,0.06,0.2633333333333333,1,0.0,0.0,28.606666666666666,53.01681902464789,0.7190898089810657,0.03,0.16,0.02,0.0,0.0,0.12333333333333334,2.2
bursty,greedy_twin,adaptive,phi,radioml,3,300,0.9809205698717525,0.9739991323913431,0.09666666666666666,0.41333333333333333,1,0.0,0.0,28.826666666666668,49.81976962063724,0.567587236538419,0.04666666666666667,0.22333333333333333,0.043333333333333335,0.0,0.0,0.21666666666666667,2.2
bursty,greedy_twin,adaptive,phi,radioml,4,300,0.983200417561809,0.9739996762442549,0.04666666666666667,0.3433333333333333,1,0.0,0.0,29.003333333333334,56.04272575105232,0.6398670842284758,0.03,0.15333333333333332,0.016666666666666666,0.0,0.0,0.21666666666666667,2.2
bursty,greedy_twin,adaptive,phi,radioml,5,300,0.9826895107812829,0.9739993640902418,0.05333333333333334,0.26666666666666666,1,0.0,0.0,28.61,50.86810974490627,0.7160228441146163,0.023333333333333334,0.14666666666666667,0.03,0.0,0.0,0.12,2.2
bursty,greedy_twin,adaptive,phi,radioml,6,300,0.9848277547910985,0.9739997000917648,0.08666666666666667,0.3,1,0.0,0.0,28.48,50.56007118118973,0.6848277547910986,0.04666666666666667,0.16666666666666666,0.03333333333333333,0.0,0.0,0.13666666666666666,2.2
bursty,greedy_twin,adaptive,phi,radioml,7,300,0.9837749574171156,0.9739991676460986,0.08,0.37666666666666665,1,0.0,0.0,28.813333333333333,53.05770583084107,0.607108290750449,0.056666666666666664,0.19333333333333333,0.023333333333333334,0.0,0.0,0.24666666666666667,2.2
bursty,greedy_twin,adaptive,phi,radioml,8,300,0.9835224622979695,0.9739998943931742,0.05333333333333334,0.25,1,0.0,0.0,28.706666666666667,54.730787429642724,0.7335224622979692,0.03333333333333333,0.09666666666666666,0.006666666666666667,0.0,0.0,0.16,2.2
bursty,greedy_twin,adaptive,phi,radioml,9,300,0.9835832343858262,0.9739991509451056,0.07666666666666666,0.41,1,0.0,0.0,28.886666666666667,56.09977716941318,0.5735832343858263,0.043333333333333335,0.18666666666666668,0.03666666666666667,0.0,0.0,0.21333333333333335,2.2
bursty,shield_filter,adaptive,phi,radioml,0,300,0.9846024237704414,0.973999780220178,0.0,0.22,1,0.0,0.0,28.35,50.25343114696657,0.7646024237704413,0.0,0.18,0.0,0.0,0.0,0.05,2.2
bursty,shield_filter,adaptive,phi,radioml,1,300,0.9846771113198489,0.9739983679026982,0.0,0.2966666666666667,1,0.0,0.0,28.543333333333333,54.052086797717564,0.6880104446531822,0.0,0.26,0.0,0.0,0.0,0.08333333333333333,2.2
bursty,shield_filter,adaptive,phi,radioml,2,300,0.9827461015338491,0.9739991481840932,0.0,0.14,1,0.0,0.0,28.323333333333334,48.17871941338507,0.8427461015338491,0.0,0.13,0.0,0.0,0.0,0.01,2.2
bursty,shield_filter,adaptive,phi,radioml,3,300,0.9814456574816006,0.9739995695282105,0.0,0.3333333333333333,1,0.0,0.0,28.56,54.37101818068582,0.6481123241482672,0.0,0.25666666666666665,0.0,0.0,0.0,0.08666666666666667,2.2
bursty,shield_filter,adaptive,phi,radioml,4,300,0.9830718358516015,0.9739996762442549,0.0,0.25666666666666665,1,0.0,0.0,28.876666666666665,55.638736961056104,0.726405169184935,0.0,0.13666666666666666,0.0,0.0,0.0,0.13666666666666666,2.2
bursty,shield_filter,adaptive,phi,radioml,5,300,0.9826246199327556,0.9739994472087241,0.0,0.17,1,0.0,0.0,28.446666666666665,50.91894076428529,0.8126246199327557,0.0,0.12666666666666668,0.0,0.0,0.0,0.05333333333333334,2.2
bursty,shield_filter,adaptive,phi,radioml,6,300,0.9848057468425709,0.9739997000917648,0.0,0.17333333333333334,1,0.0,0.0,28.28,50.49770541094246,0.8114724135092377,0.0,0.14,0.0,0.0,0.0,0.04666666666666667,2.2
bursty,shield_filter,adaptive,phi,radioml,7,300,0.9840994115805495,0.9739991676460986,0.0,0.24333333333333335,1,0.0,0.0,28.583333333333332,52.60408819357937,0.7407660782472162,0.0,0.16666666666666666,0.0,0.0,0.0,0.12666666666666668,2.2
bursty,shield_filter,adaptive,phi,radioml,8,300,0.9838421332659103,0.9739999016210951,0.0,0.15,1,0.0,0.0,28.54,54.728850315356176,0.8338421332659103,0.0,0.07333333333333333,0.0,0.0,0.0,0.07666666666666666,2.2
bursty,shield_filter,adaptive,phi,radioml,9,300,0.9811738665305728,0.9739991372854212,0.0,0.2866666666666667,1,0.0,0.0,28.65,56.09270261418717,0.6945071998639062,0.0,0.16666666666666666,0.0,0.0,0.0,0.13333333333333333,2.2
bursty,shield_repair,adaptive,phi,radioml,0,300,0.9844920155386706,0.9739996273016536,0.0,0.21,1,0.0,0.16733333333333333,28.046666666666667,51.46462352758878,0.7744920155386704,0.0,0.20333333333333334,0.0,0.0,0.0,0.016666666666666666,2.2
bursty,shield_repair,adaptive,phi,radioml,1,300,0.9843309093686203,0.9739980768551669,0.0,0.29333333333333333,1,0.0,0.18266666666666667,28.42,54.69744588873031,0.690997576035287,0.0,0.2633333333333333,0.0,0.0,0.0,0.08,2.2
bursty,shield_repair,adaptive,phi,radioml,2,300,0.9829959577266616,0.9739989512284168,0.0,0.14,1,0.0,0.16,28.04,47.7119481868426,0.8429959577266616,0.0,0.14,0.0,0.0,0.0,0.0,2.2
bursty,shield_repair,adaptive,phi,radioml,3,300,0.9808326902347676,0.9739992902184182,0.0,0.2833333333333333,1,0.0,0.17133333333333334,28.536666666666665,49.815953609657804,0.6974993569014345,0.0,0.2,0.0,0.0,0.0,0.11,2.2
bursty,shield_repair,adaptive,phi,radioml,4,300,0.9835231115986869,0.9739996536545863,0.0,0.21666666666666667,1,0.0,0.18,28.64,55.23065082923871,0.7668564449320204,0.0,0.12666666666666668,0.0,0.0,0.0,0.09666666666666666,2.2
bursty,shield_repair,adaptive,phi,radioml,5,300,0.9818656741057427,0.9739991998512049,0.0,0.16,1,0.0,0.182,28.266666666666666,49.08533785885063,0.8218656741057426,0.0,0.12333333333333334,0.0,0.0,0.0,0.04,2.2
bursty,shield_repair,adaptive,phi,radioml,6,300,0.9855980526819129,0.9739996737829357,0.0,0.17333333333333334,1,0.0,0.178,27.936666666666667,47.83536081761072,0.8122647193485797,0.0,0.14333333333333334,0.0,0.0,0.0,0.04,2.2
bursty,shield_repair,adaptive,phi,radioml,7,300,0.9841611534418196,0.9739991715243799,0.0,0.23333333333333334,1,0.0,0.17866666666666667,28.473333333333333,49.371479063022115,0.7508278201084864,0.0,0.17,0.0,0.0,0.0,0.11333333333333333,2.2
bursty,shield_repair,adaptive,phi,radioml,8,300,0.9838395511347301,0.9739995350261696,0.0,0.15333333333333332,1,0.0,0.16466666666666666,28.43,54.73045410369362,0.8305062178013967,0.0,0.08,0.0,0.0,0.0,0.07333333333333333,2.2
bursty,shield_repair,adaptive,phi,radioml,9,300,0.9842911877022325,0.9739986917933238,0.0,0.19,1,0.0,0.17,28.323333333333334,53.271307173346656,0.7942911877022324,0.0,0.16333333333333333,0.0,0.0,0.0,0.03666666666666667,2.2
backhaul,heuristic,adaptive,phi,radioml,0,300,0.9600969143785858,0.9139980512931851,0.0,0.0,1,0.0,0.0,26.0,44.16666666666665,0.9600969143785858,0.0,0.0,0.0,0.0,0.0,0.0,2.2
backhaul,heuristic,adaptive,phi,radioml,1,300,0.9571827054327632,0.9139967245000353,0.0,0.0,1,0.0,0.0,26.0,44.16666666666665,0.9571827054327632,0.0,0.0,0.0,0.0,0.0,0.0,2.2
backhaul,heuristic,adaptive,phi,radioml,2,300,0.9600959846625601,0.9139944811565621,0.0,0.0,1,0.0,0.0,26.0,44.16666666666665,0.9600959846625601,0.0,0.0,0.0,0.0,0.0,0.0,2.2
backhaul,heuristic,adaptive,phi,radioml,3,300,0.9603618068466395,0.9139983070957095,0.0,0.0,1,0.0,0.0,26.0,44.16666666666665,0.9603618068466395,0.0,0.0,0.0,0.0,0.0,0.0,2.2
backhaul,heuristic,adaptive,phi,radioml,4,300,0.9600968532733691,0.9139982534175413,0.0,0.0,1,0.0,0.0,26.0,44.16666666666665,0.9600968532733691,0.0,0.0,0.0,0.0,0.0,0.0,2.2
backhaul,heuristic,adaptive,phi,radioml,5,300,0.9595667454541729,0.9139983295297534,0.0,0.0,1,0.0,0.0,26.0,44.16666666666665,0.9595667454541729,0.0,0.0,0.0,0.0,0.0,0.0,2.2
backhaul,heuristic,adaptive,phi,radioml,6,300,0.959831379091609,0.9139962308386327,0.0,0.0,1,0.0,0.0,26.0,44.16666666666665,0.959831379091609,0.0,0.0,0.0,0.0,0.0,0.0,2.2
backhaul,heuristic,adaptive,phi,radioml,7,300,0.9582422358599437,0.9139965411083424,0.0,0.0,1,0.0,0.0,26.0,44.16666666666665,0.9582422358599437,0.0,0.0,0.0,0.0,0.0,0.0,2.2
backhaul,heuristic,adaptive,phi,radioml,8,300,0.963275734312177,0.9139967048711877,0.0,0.0,1,0.0,0.0,26.0,44.16666666666665,0.963275734312177,0.0,0.0,0.0,0.0,0.0,0.0,2.2
backhaul,heuristic,adaptive,phi,radioml,9,300,0.9632757671257149,0.9139970165108033,0.0,0.0,1,0.0,0.0,26.0,44.16666666666665,0.9632757671257149,0.0,0.0,0.0,0.0,0.0,0.0,2.2
backhaul,greedy_twin,adaptive,phi,radioml,0,300,0.9541710346841694,0.8960799999602604,0.06,0.2966666666666667,2,0.0,0.0,28.75,51.47625184045725,0.6575043680175028,0.02666666666666667,0.17333333333333334,0.03,0.0,0.0,0.16666666666666666,2.2
backhaul,greedy_twin,adaptive,phi,radioml,1,300,0.9513106081801137,0.8960799999802791,0.10333333333333333,0.43333333333333335,3,0.0,0.0,29.046666666666667,54.12805690530362,0.5179772748467805,0.06,0.13,0.05,0.0,0.0,0.3,2.2
backhaul,greedy_twin,adaptive,phi,radioml,2,300,0.9519840513714426,0.8960799999884353,0.06666666666666667,0.24666666666666667,1,0.0,0.0,28.72,58.53197000364005,0.705317384704776,0.043333333333333335,0.13,0.03333333333333333,0.0,0.0,0.09666666666666666,2.2
backhaul,greedy_twin,adaptive,phi,radioml,3,300,0.954167726639317,0.8960799999578761,0.08333333333333333,0.36,1,0.0,0.0,28.733333333333334,50.15341462011531,0.594167726639317,0.05333333333333334,0.2,0.03,0.0,0.0,0.12666666666666668,2.2
backhaul,greedy_twin,adaptive,phi,radioml,4,300,0.9518621518260322,0.896079999488782,0.07333333333333333,0.37333333333333335,1,0.0,0.0,28.846666666666668,56.516701636002296,0.578528818492699,0.03,0.16333333333333333,0.05333333333333334,0.0,0.0,0.19666666666666666,2.2
backhaul,greedy_twin,adaptive,phi,radioml,5,300,0.9551223986942525,0.8960799999725881,0.08666666666666667,0.45666666666666667,1,0.0,0.0,28.986666666666668,54.02808650195255,0.4984557320275858,0.05,0.24333333333333335,0.04,0.0,0.0,0.23,2.2
backhaul,greedy_twin,adaptive,phi,radioml,6,300,0.9531298123002305,0.8960799999801075,0.08666666666666667,0.37,2,0.0,0.0,28.676666666666666,49.61102634011033,0.5831298123002305,0.06666666666666667,0.17666666666666667,0.03666666666666667,0.0,0.0,0.19666666666666666,2.2
backhaul,greedy_twin,adaptive,phi,radioml,7,300,0.9533002267940188,0.8960799999571478,0.07333333333333333,0.2966666666666667,1,0.0,0.0,28.633333333333333,51.89821758136938,0.6566335601273521,0.05,0.15,0.023333333333333334,0.0,0.0,0.13666666666666666,2.2
backhaul,greedy_twin,adaptive,phi,radioml,8,300,0.9503235931487148,0.8960799999602259,0.04666666666666667,0.41,1,0.0,0.0,29.08,50.56022779182586,0.5403235931487148,0.02666666666666667,0.12333333333333334,0.016666666666666666,0.0,0.0,0.30666666666666664,2.2
backhaul,greedy_twin,adaptive,phi,radioml,9,300,0.9514202199118832,0.8960799999357858,0.09333333333333334,0.4,2,0.0,0.0,28.963333333333335,55.51955778140875,0.5514202199118832,0.06,0.16333333333333333,0.04,0.0,0.0,0.2,2.2
backhaul,shield_filter,adaptive,phi,radioml,0,300,0.9540205623329269,0.8960799999738788,0.0,0.22,1,0.0,0.0,28.62,51.06526129266762,0.7340205623329268,0.0,0.16,0.0,0.0,0.0,0.10666666666666667,2.2
backhaul,shield_filter,adaptive,phi,radioml,1,300,0.9527665924909714,0.8960799999818284,0.0,0.2866666666666667,3,0.0,0.0,28.9,52.2329009746514,0.6660999258243049,0.0,0.11333333333333333,0.0,0.0,0.0,0.19333333333333333,2.2
backhaul,shield_filter,adaptive,phi,radioml,2,300,0.9520333938341976,0.8960799999939568,0.0,0.14333333333333334,1,0.0,0.0,28.506666666666668,55.23196887329749,0.8087000605008642,0.0,0.07,0.0,0.0,0.0,0.07666666666666666,2.2
backhaul,shield_filter,adaptive,phi,radioml,3,300,0.953174983042093,0.8960799999767929,0.0,0.24666666666666667,1,0.0,0.0,28.69,50.1521211872397,0.7065083163754262,0.0,0.16333333333333333,0.0,0.0,0.0,0.1,2.2
backhaul,shield_filter,adaptive,phi,radioml,4,300,0.9524697808253241,0.8960799999717868,0.0,0.29333333333333333,1,0.0,0.0,28.706666666666667,56.05002845472773,0.6591364474919907,0.0,0.14666666666666667,0.0,0.0,0.0,0.16,2.2
backhaul,shield_filter,adaptive,phi,radioml,5,300,0.954576959422072,0.8960799999767585,0.0,0.33666666666666667,1,0.0,0.0,28.843333333333334,54.43231084698244,0.6179102927554053,0.0,0.21333333333333335,0.0,0.0,0.0,0.15,2.2
backhaul,shield_filter,adaptive,phi,radioml,6,300,0.9548314852054318,0.8960799999953704,0.0,0.13666666666666666,2,0.0,0.0,28.386666666666667,46.68410140321372,0.8181648185387651,0.0,0.12333333333333334,0.0,0.0,0.0,0.013333333333333334,2.2
backhaul,shield_filter,adaptive,phi,radioml,7,300,0.9546964877881089,0.8960799999671714,0.0,0.19333333333333333,1,0.0,0.0,28.616666666666667,51.89828758706876,0.7613631544547755,0.0,0.10333333333333333,0.0,0.0,0.0,0.10333333333333333,2.2
backhaul,shield_filter,adaptive,phi,radioml,8,300,0.9505677433146733,0.8960799999625617,0.0,0.2966666666666667,1,0.0,0.0,28.97,50.559869627425,0.6539010766480068,0.0,0.11,0.0,0.0,0.0,0.19666666666666666,2.2
backhaul,shield_filter,adaptive,phi,radioml,9,300,0.9507972450484704,0.8960799999745148,0.0,0.30333333333333334,1,0.0,0.0,28.85333333333333,55.47791709973955,0.6474639117151371,0.0,0.15666666666666668,0.0,0.0,0.0,0.16,2.2
backhaul,shield_repair,adaptive,phi,radioml,0,300,0.9497753182490686,0.8960799994438333,0.0,0.26666666666666666,1,0.0,0.22066666666666668,28.653333333333332,50.92798866900232,0.683108651582402,0.0,0.20333333333333334,0.0,0.0,0.0,0.07666666666666666,2.2
backhaul,shield_repair,adaptive,phi,radioml,1,300,0.9528262712737946,0.896079999906626,0.0,0.31666666666666665,3,0.0,0.21466666666666667,28.776666666666667,48.579247243119895,0.6361596046071278,0.0,0.11333333333333333,0.0,0.0,0.0,0.22333333333333333,2.2
backhaul,shield_repair,adaptive,phi,radioml,2,300,0.9513747136224466,0.8960799999750619,0.0,0.16,1,0.0,0.21333333333333335,28.34,54.788704903587586,0.7913747136224467,0.0,0.07333333333333333,0.0,0.0,0.0,0.09,2.2
backhaul,shield_repair,adaptive,phi,radioml,3,300,0.9534375454688946,0.8960799990524743,0.0,0.24,3,0.0,0.20666666666666667,28.31,48.99482404537842,0.7134375454688947,0.0,0.17,0.0,0.0,0.0,0.09,2.2
backhaul,shield_repair,adaptive,phi,radioml,4,300,0.9544391046568751,0.8960799999478498,0.0,0.21666666666666667,3,0.0,0.21933333333333332,28.426666666666666,49.48452215838043,0.7377724379902084,0.0,0.16666666666666666,0.0,0.0,0.0,0.06,2.2
backhaul,shield_repair,adaptive,phi,radioml,5,300,0.9549770430912984,0.896079999952755,0.0,0.31,1,0.0,0.20533333333333334,28.596666666666668,53.96037142069698,0.6449770430912984,0.0,0.17666666666666667,0.0,0.0,0.0,0.15666666666666668,2.2
backhaul,shield_repair,adaptive,phi,radioml,6,300,0.9530295215816758,0.8960799999678442,0.0,0.28,2,0.0,0.20466666666666666,28.39,47.01644562161016,0.6730295215816757,0.0,0.21666666666666667,0.0,0.0,0.0,0.15,2.2
backhaul,shield_repair,adaptive,phi,radioml,7,300,0.9535528500957448,0.8960799999357585,0.0,0.16,1,0.0,0.21733333333333332,28.35333333333333,46.5904459890625,0.7935528500957448,0.0,0.11666666666666667,0.0,0.0,0.0,0.04666666666666667,2.2
backhaul,shield_repair,adaptive,phi,radioml,8,300,0.9500385098642185,0.8960799998985659,0.0,0.2866666666666667,1,0.0,0.20133333333333334,28.8,50.559820396163,0.6633718431975516,0.0,0.10666666666666667,0.0,0.0,0.0,0.19333333333333333,2.2
backhaul,shield_repair,adaptive,phi,radioml,9,300,0.9541917068554606,0.8960799998858986,0.0,0.26,2,0.0,0.218,28.71,55.166422578106875,0.6941917068554606,0.0,0.14,0.0,0.0,0.0,0.14333333333333334,2.2
compromised_xapp,heuristic,adaptive,phi,radioml,0,300,0.9934796196676798,0.9934782913897904,0.0,0.0,1,0.0,0.0,26.0,44.16666666666665,0.9934796196676798,0.0,0.0,0.0,0.0,0.0,0.0,2.2
compromised_xapp,heuristic,adaptive,phi,radioml,1,300,0.993479744962071,0.9934787123421813,0.0,0.0,1,0.0,0.0,26.0,44.16666666666665,0.993479744962071,0.0,0.0,0.0,0.0,0.0,0.0,2.2
compromised_xapp,heuristic,adaptive,phi,radioml,2,300,0.9934794931549946,0.9934769279689342,0.0,0.0,1,0.0,0.0,26.0,44.16666666666665,0.9934794931549946,0.0,0.0,0.0,0.0,0.0,0.0,2.2
compromised_xapp,heuristic,adaptive,phi,radioml,3,300,0.993235898218371,0.9934771979697623,0.0,0.0,1,0.0,0.0,26.0,44.16666666666665,0.993235898218371,0.0,0.0,0.0,0.0,0.0,0.0,2.2
compromised_xapp,heuristic,adaptive,phi,radioml,4,300,0.9934795669334183,0.993478188187889,0.0,0.0,1,0.0,0.0,26.0,44.16666666666665,0.9934795669334183,0.0,0.0,0.0,0.0,0.0,0.0,2.2
compromised_xapp,heuristic,adaptive,phi,radioml,5,300,0.9932027569446557,0.9934776243895006,0.0,0.0,1,0.0,0.0,26.0,44.16666666666665,0.9932027569446557,0.0,0.0,0.0,0.0,0.0,0.0,2.2
compromised_xapp,heuristic,adaptive,phi,radioml,6,300,0.9934796736048194,0.993478286212183,0.0,0.0,1,0.0,0.0,26.0,44.16666666666665,0.9934796736048194,0.0,0.0,0.0,0.0,0.0,0.0,2.2
compromised_xapp,heuristic,adaptive,phi,radioml,7,300,0.9934796202840365,0.9934776783654525,0.0,0.0,1,0.0,0.0,26.0,44.16666666666665,0.9934796202840365,0.0,0.0,0.0,0.0,0.0,0.0,2.2
compromised_xapp,heuristic,adaptive,phi,radioml,8,300,0.993384842541872,0.9934785682464516,0.0,0.0,1,0.0,0.0,26.0,44.16666666666665,0.993384842541872,0.0,0.0,0.0,0.0,0.0,0.0,2.2
compromised_xapp,heuristic,adaptive,phi,radioml,9,300,0.9926835020108941,0.9934785702729426,0.0,0.0,1,0.0,0.0,26.0,44.16666666666665,0.9926835020108941,0.0,0.0,0.0,0.0,0.0,0.0,2.2
compromised_xapp,greedy_twin,adaptive,phi,radioml,0,300,0.982114386276298,0.9739999201884179,0.06,0.75,1,0.0,0.0,29.513333333333332,52.89353491724303,0.232114386276298,0.03666666666666667,0.18333333333333332,0.44666666666666666,0.0,0.0,0.6233333333333333,2.2
compromised_xapp,greedy_twin,adaptive,phi,radioml,1,300,0.9822328672991593,0.9739997443775392,0.06,0.8066666666666666,1,0.0,0.0,29.55666666666667,54.706206150871644,0.17556620063249265,0.03,0.14333333333333334,0.39,0.0,0.0,0.6666666666666666,2.2
compromised_xapp,greedy_twin,adaptive,phi,radioml,2,300,0.982503785159018,0.9739998992536433,0.07333333333333333,0.86,1,0.0,0.0,29.67,54.95399800354616,0.12250378515901805,0.05,0.22666666666666666,0.4633333333333333,0.0,0.0,0.75,2.2
compromised_xapp,greedy_twin,adaptive,phi,radioml,3,300,0.9828289917934321,0.9739999888561758,0.06,0.7866666666666666,1,0.0,0.0,29.453333333333333,52.45095126868275,0.19616232512676535,0.04,0.17666666666666667,0.39666666666666667,0.0,0.0,0.6233333333333333,2.2
compromised_xapp,greedy_twin,adaptive,phi,radioml,4,300,0.9825046125598625,0.9739999135466563,0.09333333333333334,0.7933333333333333,1,0.0,0.0,29.59,55.63810132269594,0.18917127922652932,0.07,0.22333333333333333,0.38333333333333336,0.0,0.0,0.6566666666666666,2.2
compromised_xapp,greedy_twin,adaptive,phi,radioml,5,300,0.9829556287859444,0.9739999920040924,0.06333333333333334,0.8066666666666666,1,0.0,0.0,29.49,52.99586886033797,0.17628896211927778,0.04,0.21,0.4066666666666667,0.0,0.0,0.64,2.2
compromised_xapp,greedy_twin,adaptive,phi,radioml,6,300,0.982958695325212,0.9739999297364847,0.08666666666666667,0.7466666666666667,1,0.0,0.0,29.413333333333334,52.68400628812546,0.23629202865854543,0.06333333333333334,0.27,0.4066666666666667,0.0,0.0,0.6066666666666667,2.2
compromised_xapp,greedy_twin,adaptive,phi,radioml,7,300,0.9831548915518085,0.973999995283739,0.043333333333333335,0.77,1,0.0,0.0,29.403333333333332,51.96534637341967,0.21315489155180847,0.04,0.18,0.3933333333333333,0.0,0.0,0.5966666666666667,2.2
compromised_xapp,greedy_twin,adaptive,phi,radioml,8,300,0.9822446460370567,0.9739999735638039,0.04666666666666667,0.83,1,0.0,0.0,29.576666666666668,49.54037228987395,0.15224464603705673,0.03666666666666667,0.23,0.42333333333333334,0.0,0.0,0.75,2.2
compromised_xapp,greedy_twin,adaptive,phi,radioml,9,300,0.9824395999156953,0.9739999770289093,0.07333333333333333,0.7533333333333333,1,0.0,0.0,29.316666666666666,45.56838552899186,0.2291062665823619,0.05333333333333334,0.14333333333333334,0.41333333333333333,0.0,0.0,0.54,2.2
compromised_xapp,shield_filter,adaptive,phi,radioml,0,300,0.982374108696204,0.9739999334113444,0.0,0.72,1,0.0,0.0,29.423333333333332,52.89353486395814,0.26237410869620403,0.0,0.17666666666666667,0.42,0.0,0.0,0.61,2.2
compromised_xapp,shield_filter,adaptive,phi,radioml,1,300,0.982427679243367,0.973999906836186,0.0,0.74,1,0.0,0.0,29.416666666666668,54.0863155295464,0.24242767924336708,0.0,0.13333333333333333,0.36333333333333334,0.0,0.0,0.5966666666666667,2.2
compromised_xapp,shield_filter,adaptive,phi,radioml,2,300,0.9828285002928059,0.9739999828193546,0.0,0.83,1,0.0,0.0,29.52,52.52733759895465,0.15282850029280606,0.0,0.21333333333333335,0.44,0.0,0.0,0.7,2.2
compromised_xapp,shield_filter,adaptive,phi,radioml,3,300,0.9829588640669233,0.9739999953361919,0.0,0.7433333333333333,1,0.0,0.0,29.39666666666667,50.3974951218492,0.23962553073359005,0.0,0.17,0.37,0.0,0.0,0.5766666666666667,2.2
compromised_xapp,shield_filter,adaptive,phi,radioml,4,300,0.9825696309151146,0.9739999798327804,0.0,0.7633333333333333,1,0.0,0.0,29.496666666666666,53.40039000980603,0.21923629758178143,0.0,0.21333333333333335,0.35333333333333333,0.0,0.0,0.6133333333333333,2.2
compromised_xapp,shield_filter,adaptive,phi,radioml,5,300,0.9830203371874294,0.9739999969311265,0.0,0.7633333333333333,1,0.0,0.0,29.39666666666667,52.92048833470637,0.219687003854096,0.0,0.19666666666666666,0.4,0.0,0.0,0.6,2.2
compromised_xapp,shield_filter,adaptive,phi,radioml,6,300,0.9831530931475612,0.9739999475454271,0.0,0.7233333333333334,1,0.0,0.0,29.383333333333333,52.375537946845455,0.25981975981422795,0.0,0.2633333333333333,0.39,0.0,0.0,0.5933333333333334,2.2
compromised_xapp,shield_filter,adaptive,phi,radioml,7,300,0.9832198336748433,0.9739999979986652,0.0,0.7566666666666667,1,0.0,0.0,29.383333333333333,51.55402780896767,0.22655316700817682,0.0,0.17666666666666667,0.37666666666666665,0.0,0.0,0.5833333333333334,2.2
compromised_xapp,shield_filter,adaptive,phi,radioml,8,300,0.9823745220767152,0.9739999954480695,0.0,0.82,1,0.0,0.0,29.576666666666668,49.54037228987395,0.16237452207671504,0.0,0.23,0.41,0.0,0.0,0.75,2.2
compromised_xapp,shield_filter,adaptive,phi,radioml,9,300,0.9824388134941777,0.9739999779128783,0.0,0.7133333333333334,1,0.0,0.0,29.333333333333332,49.474919419468556,0.2691054801608442,0.0,0.14333333333333334,0.38666666666666666,0.0,0.0,0.5533333333333333,2.2
compromised_xapp,shield_repair,adaptive,phi,radioml,0,300,0.9824374296385103,0.9739999227703265,0.0,0.72,1,0.0,0.13333333333333333,29.323333333333334,49.443746521162076,0.2624374296385104,0.0,0.17666666666666667,0.4166666666666667,0.0,0.0,0.61,2.2
compromised_xapp,shield_repair,adaptive,phi,radioml,1,300,0.9822975016046126,0.9739996797487398,0.0,0.7466666666666667,1,0.0,0.14266666666666666,29.403333333333332,53.90034834314885,0.23563083493794604,0.0,0.13333333333333333,0.37333333333333335,0.0,0.0,0.6133333333333333,2.2
compromised_xapp,shield_repair,adaptive,phi,radioml,2,300,0.9827529227375593,0.9739998918554541,0.0,0.8333333333333334,1,0.0,0.14933333333333335,29.43,53.70985809956032,0.14941958940422595,0.0,0.21333333333333335,0.45666666666666667,0.0,0.0,0.7033333333333334,2.2
compromised_xapp,shield_repair,adaptive,phi,radioml,3,300,0.9829586905845231,0.9739999824833634,0.0,0.7533333333333333,1,0.0,0.14133333333333334,29.383333333333333,50.66606228228477,0.22962535725118996,0.0,0.17,0.37,0.0,0.0,0.5966666666666667,2.2
compromised_xapp,shield_repair,adaptive,phi,radioml,4,300,0.9826992925675777,0.9739999583085368,0.0,0.7533333333333333,1,0.0,0.16333333333333333,29.413333333333334,53.16106849325556,0.22936595923424444,0.0,0.21333333333333335,0.37333333333333335,0.0,0.0,0.5866666666666667,2.2
compromised_xapp,shield_repair,adaptive,phi,radioml,5,300,0.9828252705374526,0.9739999853448926,0.0,0.7733333333333333,1,0.0,0.154,29.37,52.718795369799615,0.20949193720411916,0.0,0.19666666666666666,0.41333333333333333,0.0,0.0,0.5966666666666667,2.2
compromised_xapp,shield_repair,adaptive,phi,radioml,6,300,0.9828287761423786,0.9739999276623239,0.0,0.7266666666666667,1,0.0,0.13733333333333334,29.393333333333334,51.76989987791256,0.256162109475712,0.0,0.26666666666666666,0.4033333333333333,0.0,0.0,0.6033333333333334,2.2
compromised_xapp,shield_repair,adaptive,phi,radioml,7,300,0.9830250121052816,0.9739999940810435,0.0,0.7666666666666667,1,0.0,0.14,29.426666666666666,51.55402785648125,0.21635834543861487,0.0,0.17666666666666667,0.39,0.0,0.0,0.61,2.2
compromised_xapp,shield_repair,adaptive,phi,radioml,8,300,0.982114804995405,0.9739999733730483,0.0,0.8333333333333334,1,0.0,0.132,29.596666666666668,49.54037228987395,0.14878147166207167,0.0,0.23,0.4166666666666667,0.0,0.0,0.7633333333333333,2.2
compromised_xapp,shield_repair,adaptive,phi,radioml,9,300,0.9826292443631254,0.9739999705847887,0.0,0.7066666666666667,1,0.0,0.14333333333333334,29.21,44.83792517074251,0.2759625776964587,0.0,0.14666666666666667,0.4033333333333333,0.0,0.0,0.5266666666666666,2.2
compound,heuristic,adaptive,phi,radioml,0,300,0.9091814466523787,0.10968987950263852,0.0,0.23666666666666666,1,0.0,0.0,26.0,44.16666666666665,0.6725147799857122,0.0,0.0,0.23666666666666666,0.0,0.0,0.0,2.2
compound,heuristic,adaptive,phi,radioml,1,300,0.9206858511416757,0.4085753614850655,0.0,0.22,1,0.0,0.0,26.0,44.16666666666665,0.7006858511416758,0.0,0.0,0.22,0.0,0.0,0.0,2.2
compound,heuristic,adaptive,phi,radioml,2,300,0.9274404972819682,0.887539115942817,0.0,0.22,1,0.0,0.0,26.0,44.16666666666665,0.7074404972819682,0.0,0.0,0.22,0.0,0.0,0.0,2.2
compound,heuristic,adaptive,phi,radioml,3,300,0.8942711232993952,0.004504816077210677,0.0,0.21,2,0.0,0.0,26.0,44.16666666666665,0.6842711232993952,0.0,0.0,0.21,0.0,0.0,0.0,2.2
compound,heuristic,adaptive,phi,radioml,4,300,0.8998260994549796,0.03716783479707706,0.0,0.23666666666666666,1,0.0,0.0,26.0,44.16666666666665,0.663159432788313,0.0,0.0,0.23666666666666666,0.0,0.0,0.0,2.2
compound,heuristic,adaptive,phi,radioml,5,300,0.9057030008381184,0.006584230897587428,0.0,0.22,1,0.0,0.0,26.0,44.16666666666665,0.6857030008381184,0.0,0.0,0.22,0.0,0.0,0.0,2.2
compound,heuristic,adaptive,phi,radioml,6,300,0.9189719145712113,0.8319614915371039,0.0,0.24333333333333335,1,0.0,0.0,26.0,44.16666666666665,0.675638581237878,0.0,0.0,0.24333333333333335,0.0,0.0,0.0,2.2
compound,heuristic,adaptive,phi,radioml,7,300,0.9232309056295523,0.8825763605683771,0.0,0.23,2,0.0,0.0,26.0,44.16666666666665,0.6932309056295524,0.0,0.0,0.23,0.0,0.0,0.0,2.2
compound,heuristic,adaptive,phi,radioml,8,300,0.9017659839376512,0.006952204964689148,0.0,0.21333333333333335,1,0.0,0.0,26.0,44.16666666666665,0.6884326506043178,0.0,0.0,0.21333333333333335,0.0,0.0,0.0,2.2
compound,heuristic,adaptive,phi,radioml,9,300,0.9056338345149296,0.0025153859662975274,0.0,0.2,1,0.0,0.0,26.0,44.16666666666665,0.7056338345149293,0.0,0.0,0.2,0.0,0.0,0.0,2.2
compound,greedy_twin,adaptive,phi,radioml,0,300,0.9556424940475772,0.8960742950763615,0.05333333333333334,0.8666666666666667,1,0.0,0.0,29.756666666666668,55.32738126293344,0.08897582738091041,0.03666666666666667,0.3,0.49333333333333335,0.0,0.0,0.8333333333333334,2.2
compound,greedy_twin,adaptive,phi,radioml,1,300,0.9525597874432644,0.8960786207148932,0.06,0.8533333333333334,2,0.0,0.0,29.61,49.674941146988964,0.09922645410993106,0.03333333333333333,0.29,0.5333333333333333,0.0,0.0,0.7633333333333333,2.2
compound,greedy_twin,adaptive,phi,radioml,2,300,0.9475371930981252,0.8960716520035116,0.03666666666666667,0.8866666666666667,1,0.0,0.0,29.8,53.49441153158032,0.06087052643145843,0.02,0.18666666666666668,0.5333333333333333,0.0,0.0,0.8533333333333334,2.2
compound,greedy_twin,adaptive,phi,radioml,3,300,0.9557135278145313,0.8960768316727592,0.06666666666666667,0.9066666666666666,1,0.0,0.0,29.816666666666666,51.73782684213861,0.04904686114786436,0.03666666666666667,0.22333333333333333,0.52,0.0,0.0,0.8733333333333333,2.2
compound,greedy_twin,adaptive,phi,radioml,4,300,0.9528282795648894,0.8960783936822664,0.05,0.8266666666666667,1,0.0,0.0,29.673333333333332,51.7098357149558,0.1261616128982227,0.03333333333333333,0.25666666666666665,0.5133333333333333,0.0,0.0,0.77,2.2
compound,greedy_twin,adaptive,phi,radioml,5,300,0.9535862256315805,0.8960723182001269,0.056666666666666664,0.8833333333333333,1,0.0,0.0,29.793333333333333,52.7715183911224,0.07025289229824697,0.03333333333333333,0.23333333333333334,0.5466666666666666,0.0,0.0,0.8433333333333334,2.2
compound,greedy_twin,adaptive,phi,radioml,6,300,0.9469867108133341,0.8960704979378818,0.08333333333333333,0.86,2,0.0,0.0,29.666666666666668,52.841356680362864,0.08698671081333406,0.056666666666666664,0.19333333333333333,0.49666666666666665,0.0,0.0,0.8133333333333334,2.2
compound,greedy_twin,adaptive,phi,radioml,7,300,0.9486806338072488,0.896074289316296,0.03,0.86,2,0.0,0.0,29.67,52.92137647895856,0.08868063380724892,0.016666666666666666,0.21333333333333335,0.51,0.0,0.0,0.81,2.2
compound,greedy_twin,adaptive,phi,radioml,8,300,0.9577844323081778,0.896077251004159,0.06333333333333334,0.89,1,0.0,0.0,29.796666666666667,49.78380227400066,0.06778443230817803,0.04666666666666667,0.09666666666666666,0.5,0.0,0.0,0.8533333333333334,2.2
compound,greedy_twin,adaptive,phi,radioml,9,300,0.9530072210288529,0.8960772215681629,0.07,0.8933333333333333,1,0.0,0.0,29.856666666666666,56.03603619425611,0.059673887695519526,0.04666666666666667,0.22333333333333333,0.52,0.0,0.0,0.85,2.2
compound,shield_filter,adaptive,phi,radioml,0,300,0.9523496812352971,0.896074316947257,0.0,0.82,1,0.0,0.0,29.6,53.048534590292846,0.13234968123529717,0.0,0.23,0.48,0.0,0.0,0.7566666666666667,2.2
compound,shield_filter,adaptive,phi,radioml,1,300,0.9526979509822711,0.8960756846616945,0.0,0.83,1,0.0,0.0,29.583333333333332,50.39746846877399,0.12269795098227118,0.0,0.31,0.5166666666666667,0.0,0.0,0.8,2.2
compound,shield_filter,adaptive,phi,radioml,2,300,0.9451493870710279,0.8960714579364838,0.0,0.8733333333333333,1,0.0,0.0,29.7,52.488308536830615,0.07181605373769448,0.0,0.16,0.5233333333333333,0.0,0.0,0.8433333333333334,2.2
compound,shield_filter,adaptive,phi,radioml,3,300,0.9519774160003133,0.8960777328595066,0.0,0.8866666666666667,1,0.0,0.0,29.786666666666665,51.5323981488263,0.06531074933364664,0.0,0.21666666666666667,0.5266666666666666,0.0,0.0,0.8566666666666667,2.2
compound,shield_filter,adaptive,phi,radioml,4,300,0.9507741432615948,0.8960769170661934,0.0,0.8033333333333333,1,0.0,0.0,29.59,51.470592752744736,0.1474408099282614,0.0,0.20333333333333334,0.49,0.0,0.0,0.75,2.2
compound,shield_filter,adaptive,phi,radioml,5,300,0.9553529879150783,0.8960752642283003,0.0,0.8466666666666667,1,0.0,0.0,29.716666666666665,52.004334810354194,0.10868632124841142,0.0,0.16,0.5133333333333333,0.0,0.0,0.8133333333333334,2.2
compound,shield_filter,adaptive,phi,radioml,6,300,0.950021410032413,0.8960776148016244,0.0,0.85,2,0.0,0.0,29.60333333333333,51.95626965043491,0.100021410032413,0.0,0.19,0.49333333333333335,0.0,0.0,0.8066666666666666,2.2
compound,shield_filter,adaptive,phi,radioml,7,300,0.9456530552944652,0.8960738868149374,0.0,0.8466666666666667,2,0.0,0.0,29.586666666666666,47.32865864381603,0.09898638862779857,0.0,0.20333333333333334,0.49333333333333335,0.0,0.0,0.8033333333333333,2.2
compound,shield_filter,adaptive,phi,radioml,8,300,0.9520657571677081,0.8960750135406439,0.0,0.9033333333333333,1,0.0,0.0,29.80666666666667,54.79530849533849,0.048732423834374816,0.0,0.06,0.5133333333333333,0.0,0.0,0.88,2.2
compound,shield_filter,adaptive,phi,radioml,9,300,0.953861050462261,0.8960762760479565,0.0,0.8566666666666667,1,0.0,0.0,29.71,51.78604731960151,0.09719438379559425,0.0,0.23666666666666666,0.5,0.0,0.0,0.8066666666666666,2.2
compound,shield_repair,adaptive,phi,radioml,0,300,0.9536144786085178,0.8960775828993834,0.0,0.8566666666666667,1,0.0,0.17,29.66,55.85074670212046,0.0969478119418512,0.0,0.16666666666666666,0.48333333333333334,0.0,0.0,0.7933333333333333,2.2
compound,shield_repair,adaptive,phi,radioml,1,300,0.9557263104184578,0.8960787473234106,0.0,0.8233333333333334,1,0.0,0.162,29.533333333333335,46.275941146988956,0.1323929770851243,0.0,0.2866666666666667,0.5033333333333333,0.0,0.0,0.76,2.2
compound,shield_repair,adaptive,phi,radioml,2,300,0.9450847416271536,0.896071256937051,0.0,0.8566666666666667,1,0.0,0.18533333333333332,29.59,52.321104867547426,0.08841807496048679,0.0,0.16,0.5233333333333333,0.0,0.0,0.8266666666666667,2.2
compound,shield_repair,adaptive,phi,radioml,3,300,0.9555466010897612,0.8960744516873306,0.0,0.8933333333333333,2,0.0,0.17933333333333334,29.803333333333335,51.49857538435364,0.06221326775642787,0.0,0.22,0.5,0.0,0.0,0.8633333333333333,2.2
compound,shield_repair,adaptive,phi,radioml,4,300,0.9509592054138263,0.8960766399995902,0.0,0.8033333333333333,1,0.0,0.18,29.566666666666666,51.47059274839079,0.1476258720804929,0.0,0.20333333333333334,0.49333333333333335,0.0,0.0,0.75,2.2
compound,shield_repair,adaptive,phi,radioml,5,300,0.9433834935917651,0.8960732314299095,0.0,0.83,1,0.0,0.18733333333333332,29.623333333333335,48.921502462389284,0.1133834935917651,0.0,0.19,0.5133333333333333,0.0,0.0,0.7766666666666666,2.2
compound,shield_repair,adaptive,phi,radioml,6,300,0.9504506078898688,0.8960764023408583,0.0,0.8533333333333334,2,0.0,0.17,29.63,53.72644206677523,0.09711727455653522,0.0,0.20666666666666667,0.49,0.0,0.0,0.8033333333333333,2.2
compound,shield_repair,adaptive,phi,radioml,7,300,0.9507748963690562,0.8960760075094892,0.0,0.87,2,0.0,0.18466666666666667,29.62,48.9123050436217,0.08077489636905626,0.0,0.16666666666666666,0.5066666666666667,0.0,0.0,0.8166666666666667,2.2
compound,shield_repair,adaptive,phi,radioml,8,300,0.9502990990301587,0.8960734138109127,0.0,0.8666666666666667,1,0.0,0.18533333333333332,29.76,54.73497302824841,0.08363243236349215,0.0,0.07,0.5,0.0,0.0,0.8366666666666667,2.2
compound,shield_repair,adaptive,phi,radioml,9,300,0.9538630277708716,0.8960755453108988,0.0,0.86,1,0.0,0.17333333333333334,29.69333333333333,52.15921812356017,0.09386302777087166,0.0,0.22666666666666666,0.5133333333333333,0.0,0.0,0.82,2.2
narrowband,heuristic,adaptive,phi_plus,radioml,0,300,0.9934792993938386,0.993476715183473,0.043333333333333335,0.0,1,0.0,0.0,26.0,44.16666666666665,0.9934792993938386,0.0,0.0,0.0,0.0,0.0,0.0,2.2
narrowband,heuristic,adaptive,phi_plus,radioml,1,300,0.9934787802694166,0.993475289253908,0.06666666666666667,0.0,1,0.0,0.0,26.0,44.16666666666665,0.9934787802694166,0.0,0.0,0.0,0.0,0.0,0.0,2.2
narrowband,heuristic,adaptive,phi_plus,radioml,2,300,0.9934792440857554,0.9934755342409499,0.06,0.0,1,0.0,0.0,26.0,44.16666666666665,0.9934792440857554,0.0,0.0,0.0,0.0,0.0,0.0,2.2
narrowband,heuristic,adaptive,phi_plus,radioml,3,300,0.9934791122540414,0.9934767306916945,0.06333333333333334,0.0,1,0.0,0.0,26.0,44.16666666666665,0.9934791122540414,0.0,0.0,0.0,0.0,0.0,0.0,2.2
narrowband,heuristic,adaptive,phi_plus,radioml,4,300,0.9901708669824565,0.9934772088175563,0.06,0.0,1,0.0,0.0,26.0,44.16666666666665,0.9901708669824565,0.0,0.0,0.0,0.0,0.0,0.0,2.2
narrowband,heuristic,adaptive,phi_plus,radioml,5,300,0.993478986510606,0.9934750168116372,0.06333333333333334,0.0,1,0.0,0.0,26.0,44.16666666666665,0.993478986510606,0.0,0.0,0.0,0.0,0.0,0.0,2.2
narrowband,heuristic,adaptive,phi_plus,radioml,6,300,0.9934790183426776,0.9934760119743644,0.07666666666666666,0.0,1,0.0,0.0,26.0,44.16666666666665,0.9934790183426776,0.0,0.0,0.0,0.0,0.0,0.0,2.2
narrowband,heuristic,adaptive,phi_plus,radioml,7,300,0.993479269203634,0.993476553506547,0.04,0.0,1,0.0,0.0,26.0,44.16666666666665,0.993479269203634,0.0,0.0,0.0,0.0,0.0,0.0,2.2
narrowband,heuristic,adaptive,phi_plus,radioml,8,300,0.9901716877235557,0.9934762266566676,0.07333333333333333,0.0,1,0.0,0.0,26.0,44.16666666666665,0.9901716877235557,0.0,0.0,0.0,0.0,0.0,0.0,2.2
narrowband,heuristic,adaptive,phi_plus,radioml,9,300,0.9934794479581537,0.9934773523718526,0.08666666666666667,0.0,1,0.0,0.0,26.0,44.16666666666665,0.9934794479581537,0.0,0.0,0.0,0.0,0.0,0.0,2.2
narrowband,greedy_twin,adaptive,phi_plus,radioml,0,300,0.9849041260898461,0.9739998760261657,0.9633333333333334,0.31,1,0.0,0.0,28.703333333333333,51.35019017339161,0.6749041260898463,0.04,0.22333333333333333,0.016666666666666666,0.0,0.0,0.1,2.2
narrowband,greedy_twin,adaptive,phi_plus,radioml,1,300,0.9858802917532467,0.9739999818506,0.97,0.31,1,0.0,0.0,28.66,52.43486338495507,0.6758802917532467,0.023333333333333334,0.23,0.03333333333333333,0.0,0.0,0.08,2.2
narrowband,greedy_twin,adaptive,phi_plus,radioml,2,300,0.9855549223711629,0.9739999465350123,0.94,0.21666666666666667,1,0.0,0.0,28.61,51.94412238531214,0.7688882557044961,0.03,0.11333333333333333,0.02,0.0,0.0,0.08333333333333333,2.2
narrowband,greedy_twin,adaptive,phi_plus,radioml,3,300,0.9852859186393134,0.9739999683335937,0.9866666666666667,0.4166666666666667,1,0.0,0.0,29.086666666666666,55.11288335934112,0.5686192519726467,0.056666666666666664,0.16666666666666666,0.03333333333333333,0.0,0.0,0.26666666666666666,2.2
narrowband,greedy_twin,adaptive,phi_plus,radioml,4,300,0.9857512250659973,0.9739999783122387,0.98,0.20666666666666667,1,0.0,0.0,28.643333333333334,52.82514719348638,0.7790845583993307,0.03333333333333333,0.14333333333333334,0.016666666666666666,0.0,0.0,0.04666666666666667,2.2
narrowband,greedy_twin,adaptive,phi_plus,radioml,5,300,0.9843134864373314,0.97399995477871,0.9666666666666667,0.30666666666666664,1,0.0,0.0,28.803333333333335,52.49101838032258,0.6776468197706648,0.03,0.16666666666666666,0.02666666666666667,0.0,0.0,0.15333333333333332,2.2
narrowband,greedy_twin,adaptive,phi_plus,radioml,6,300,0.9858154556387236,0.9739999621617781,0.95,0.25,1,0.0,0.0,28.486666666666668,45.91102028279819,0.7358154556387236,0.04,0.14666666666666667,0.013333333333333334,0.0,0.0,0.08333333333333333,2.2
narrowband,greedy_twin,adaptive,phi_plus,radioml,7,300,0.9852236739806434,0.9739999674729414,0.96,0.3333333333333333,1,0.0,0.0,28.75,51.809047261822606,0.6518903406473099,0.05333333333333334,0.12333333333333334,0.023333333333333334,0.0,0.0,0.22333333333333333,2.2
narrowband,greedy_twin,adaptive,phi_plus,radioml,8,300,0.9849634650210323,0.9739999509868935,0.9666666666666667,0.22,1,0.0,0.0,28.756666666666668,54.74900590667207,0.7649634650210321,0.03,0.08666666666666667,0.0033333333333333335,0.0,0.0,0.12333333333333334,2.2
narrowband,greedy_twin,adaptive,phi_plus,radioml,9,300,0.9857402916618855,0.9739999929903489,0.9766666666666667,0.24,1,0.0,0.0,28.81,55.238816008562914,0.7457402916618854,0.05333333333333334,0.10666666666666667,0.02666666666666667,0.0,0.0,0.13,2.2
narrowband,shield_filter,adaptive,phi_plus,radioml,0,300,0.7061500550207838,2.6251084579475158e-06,0.0,0.0,1,0.30333333333333334,0.0,23.64,40.92313738254684,0.7061500550207838,0.0,0.0,0.0,0.0,0.0,0.0,2.2
narrowband,shield_filter,adaptive,phi_plus,radioml,1,300,0.7440523152467828,3.3437151215234494e-06,0.0,0.0,1,0.2633333333333333,0.0,23.73,37.667300380650424,0.7440523152467828,0.0,0.0,0.0,0.0,0.0,0.0,2.2
narrowband,shield_filter,adaptive,phi_plus,radioml,2,300,0.7491522841613788,2.918472392818264e-06,0.0,0.0,1,0.24,0.0,23.88,38.69803466072066,0.7491522841613788,0.0,0.0,0.0,0.0,0.0,0.0,2.2
narrowband,shield_filter,adaptive,phi_plus,radioml,3,300,0.7440871169767709,2.9335274523005176e-06,0.0,0.0,2,0.28,0.0,23.76,37.0278067258107,0.7440871169767709,0.0,0.0,0.0,0.0,0.0,0.0,2.2
narrowband,shield_filter,adaptive,phi_plus,radioml,4,300,0.7618452420165278,3.022151847874792e-06,0.0,0.0,3,0.26,0.0,24.02,38.54769247159072,0.7618452420165278,0.0,0.0,0.0,0.0,0.0,0.0,2.2
narrowband,shield_filter,adaptive,phi_plus,radioml,5,300,0.7255900280927824,3.5832626462060877e-06,0.0,0.0033333333333333335,4,0.28,0.0,23.64,38.89990821325438,0.7222566947594491,0.0,0.0,0.0,0.0,0.0033333333333333335,0.0,2.2
narrowband,shield_filter,adaptive,phi_plus,radioml,6,300,0.7622039011354546,4.077373866939701e-06,0.0,0.0,1,0.25333333333333335,0.0,23.89,38.634312562703165,0.7622039011354546,0.0,0.0,0.0,0.0,0.0,0.0,2.2
narrowband,shield_filter,adaptive,phi_plus,radioml,7,300,0.7844423837808251,3.918444290615538e-06,0.0,0.0,1,0.24,0.0,23.87,37.06885176993338,0.7844423837808251,0.0,0.0,0.0,0.0,0.0,0.0,2.2
narrowband,shield_filter,adaptive,phi_plus,radioml,8,300,0.7480905167341547,3.1223500539603536e-06,0.0,0.0,1,0.2833333333333333,0.0,23.82,37.490822037166915,0.7480905167341547,0.0,0.0,0.0,0.0,0.0,0.0,2.2
narrowband,shield_filter,adaptive,phi_plus,radioml,9,300,0.755264247835662,3.4186113366703997e-06,0.0,0.0,1,0.26,0.0,23.75,38.60612581897187,0.755264247835662,0.0,0.0,0.0,0.0,0.0,0.0,2.2
narrowband,shield_repair,adaptive,phi_plus,radioml,0,300,0.9854440942763195,0.9693793570411009,0.0,0.0,1,0.0,0.7606666666666667,24.21,40.994757235086,0.9854440942763195,0.0,0.0,0.0,0.0,0.0,0.0,2.2
narrowband,shield_repair,adaptive,phi_plus,radioml,1,300,0.9812028761960543,0.9676765896087443,0.0,0.0,1,0.0,0.7673333333333333,24.06,38.00112558497283,0.9812028761960543,0.0,0.0,0.0,0.0,0.0,0.0,2.2
narrowband,shield_repair,adaptive,phi_plus,radioml,2,300,0.9835084799796058,0.9686296628123541,0.0,0.0,1,0.0,0.7613333333333333,24.18,37.29769684436597,0.9835084799796058,0.0,0.0,0.0,0.0,0.0,0.0,2.2
narrowband,shield_repair,adaptive,phi_plus,radioml,3,300,0.977878379103596,0.9632502976148167,0.0,0.0,1,0.0,0.7986666666666666,23.96,37.946762179921826,0.977878379103596,0.0,0.0,0.0,0.0,0.0,0.0,2.2
narrowband,shield_repair,adaptive,phi_plus,radioml,4,300,0.9839813719040073,0.9677356791669224,0.0,0.0,1,0.0,0.766,24.03,37.372083885067305,0.9839813719040073,0.0,0.0,0.0,0.0,0.0,0.0,2.2
narrowband,shield_repair,adaptive,phi_plus,radioml,5,300,0.9809897152738902,0.9631505919814579,0.0,0.0,1,0.0,0.7873333333333333,23.98,37.32209475757474,0.9809897152738902,0.0,0.0,0.0,0.0,0.0,0.0,2.2
narrowband,shield_repair,adaptive,phi_plus,radioml,6,300,0.9841729492583723,0.9676677212656725,0.0,0.0,1,0.0,0.7726666666666666,23.93,38.23408910645064,0.9841729492583723,0.0,0.0,0.0,0.0,0.0,0.0,2.2
narrowband,shield_repair,adaptive,phi_plus,radioml,7,300,0.988298175239168,0.9706833300977213,0.0,0.0,1,0.0,0.7613333333333333,24.15,36.1111586866965,0.988298175239168,0.0,0.0,0.0,0.0,0.0,0.0,2.2
narrowband,shield_repair,adaptive,phi_plus,radioml,8,300,0.9824738346450362,0.9691350022716763,0.0,0.0,1,0.0,0.7766666666666666,23.92,40.524278937702675,0.9824738346450362,0.0,0.0,0.0,0.0,0.0,0.0,2.2
narrowband,shield_repair,adaptive,phi_plus,radioml,9,300,0.9872366263053849,0.9709767918873589,0.0,0.0,1,0.0,0.7826666666666666,24.2,38.484809411226095,0.9872366263053849,0.0,0.0,0.0,0.0,0.0,0.0,2.2
wideband,heuristic,adaptive,phi_plus,radioml,0,300,0.8001899195181569,1.752033332923901e-05,0.043333333333333335,0.0,2,0.0,0.0,26.0,44.16666666666665,0.8001899195181569,0.0,0.0,0.0,0.0,0.0,0.0,2.2
wideband,heuristic,adaptive,phi_plus,radioml,1,300,0.8321547948957065,0.00010470220243000286,0.06666666666666667,0.0,1,0.0,0.0,26.0,44.16666666666665,0.8321547948957065,0.0,0.0,0.0,0.0,0.0,0.0,2.2
wideband,heuristic,adaptive,phi_plus,radioml,2,300,0.8061248875017717,4.202379699879215e-05,0.06,0.0,2,0.0,0.0,26.0,44.16666666666665,0.8061248875017717,0.0,0.0,0.0,0.0,0.0,0.0,2.2
wideband,heuristic,adaptive,phi_plus,radioml,3,300,0.8190009258732073,2.8230720958898612e-05,0.06333333333333334,0.0,2,0.0,0.0,26.0,44.16666666666665,0.8190009258732073,0.0,0.0,0.0,0.0,0.0,0.0,2.2
wideband,heuristic,adaptive,phi_plus,radioml,4,300,0.7758982290004796,3.983337456483243e-05,0.06,0.0,2,0.0,0.0,26.0,44.16666666666665,0.7758982290004796,0.0,0.0,0.0,0.0,0.0,0.0,2.2
wideband,heuristic,adaptive,phi_plus,radioml,5,300,0.7930039661191108,2.2981095356499775e-05,0.06333333333333334,0.0,3,0.0,0.0,26.0,44.16666666666665,0.7930039661191108,0.0,0.0,0.0,0.0,0.0,0.0,2.2
wideband,heuristic,adaptive,phi_plus,radioml,6,300,0.8137679988844507,0.0002599733178883576,0.07666666666666666,0.0,2,0.0,0.0,26.0,44.16666666666665,0.8137679988844507,0.0,0.0,0.0,0.0,0.0,0.0,2.2
wideband,heuristic,adaptive,phi_plus,radioml,7,300,0.8127935356616183,0.00013902008076283184,0.04,0.0,1,0.0,0.0,26.0,44.16666666666665,0.8127935356616183,0.0,0.0,0.0,0.0,0.0,0.0,2.2
wideband,heuristic,adaptive,phi_plus,radioml,8,300,0.7986372976785211,2.758942073888206e-05,0.07333333333333333,0.0,1,0.0,0.0,26.0,44.16666666666665,0.7986372976785211,0.0,0.0,0.0,0.0,0.0,0.0,2.2
wideband,heuristic,adaptive,phi_plus,radioml,9,300,0.7878468582355593,2.4449018996405712e-05,0.08666666666666667,0.0,2,0.0,0.0,26.0,44.16666666666665,0.7878468582355593,0.0,0.0,0.0,0.0,0.0,0.0,2.2
wideband,greedy_twin,adaptive,phi_plus,radioml,0,300,0.8974643625500505,0.029096774259561874,0.9633333333333334,0.6733333333333333,1,0.0,0.0,29.57,55.82217558178382,0.22413102921671713,0.05,0.11,0.016666666666666666,0.0,0.0,0.6566666666666666,2.2
wideband,greedy_twin,adaptive,phi_plus,radioml,1,300,0.8925366498129065,0.009817194171928775,0.9566666666666667,0.65,1,0.0,0.0,29.333333333333332,47.098899441554686,0.24253664981290649,0.02666666666666667,0.2,0.03333333333333333,0.0,0.0,0.5733333333333334,2.2
wideband,greedy_twin,adaptive,phi_plus,radioml,2,300,0.9006399595920414,0.044253858624986424,0.9566666666666667,0.6166666666666667,1,0.0,0.0,29.48,52.88726553603016,0.28397329292537477,0.05333333333333334,0.21333333333333335,0.04666666666666667,0.0,0.0,0.56,2.2
wideband,greedy_twin,adaptive,phi_plus,radioml,3,300,0.8752241315493906,0.013574191440184168,0.9566666666666667,0.6566666666666666,1,0.0,0.0,29.406666666666666,50.33050195211609,0.21855746488272398,0.03,0.13,0.03,0.0,0.0,0.6033333333333334,2.2
wideband,greedy_twin,adaptive,phi_plus,radioml,4,300,0.9201023457341051,0.5236406590541339,0.97,0.7366666666666667,1,0.0,0.0,29.636666666666667,55.506359593800305,0.1834356790674386,0.04666666666666667,0.26,0.02666666666666667,0.0,0.0,0.72,2.2
wideband,greedy_twin,adaptive,phi_plus,radioml,5,300,0.8888036424370473,0.012175379849324893,0.97,0.6766666666666666,1,0.0,0.0,29.523333333333333,56.83088240746422,0.21213697577038068,0.02666666666666667,0.2733333333333333,0.023333333333333334,0.0,0.0,0.59,2.2
wideband,greedy_twin,adaptive,phi_plus,radioml,6,300,0.9066548101403756,0.025508833653797643,0.95,0.61,1,0.0,0.0,29.333333333333332,51.43540756998775,0.29665481014037565,0.043333333333333335,0.16,0.023333333333333334,0.0,0.0,0.5533333333333333,2.2
wideband,greedy_twin,adaptive,phi_plus,radioml,7,300,0.9115677739778831,0.09199173316961928,0.9533333333333334,0.6566666666666666,2,0.0,0.0,29.503333333333334,53.32316459309363,0.25490110731121657,0.03333333333333333,0.21666666666666667,0.023333333333333334,0.0,0.0,0.6066666666666667,2.2
wideband,greedy_twin,adaptive,phi_plus,radioml,8,300,0.9185852229190992,0.4503819772532762,0.9666666666666667,0.8233333333333334,1,0.0,0.0,29.85,53.552669096831465,0.09525188958576586,0.043333333333333335,0.23,0.02,0.0,0.0,0.8,2.2
wideband,greedy_twin,adaptive,phi_plus,radioml,9,300,0.8994129312768856,0.03115744039452128,0.9633333333333334,0.7366666666666667,1,0.0,0.0,29.583333333333332,48.909004370646294,0.16274626461021885,0.056666666666666664,0.2866666666666667,0.043333333333333335,0.0,0.0,0.6533333333333333,2.2
wideband,shield_filter,adaptive,phi_plus,radioml,0,300,0.45083819514519263,6.165931528923686e-08,0.0,0.0,2,0.37333333333333335,0.0,23.22,38.579255952507346,0.45083819514519263,0.0,0.0,0.0,0.0,0.0,0.0,2.2
wideband,shield_filter,adaptive,phi_plus,radioml,1,300,0.45423980874728215,6.999425569942046e-08,0.0,0.0,3,0.37,0.0,23.17,39.57119297533935,0.45423980874728215,0.0,0.0,0.0,0.0,0.0,0.0,2.2
wideband,shield_filter,adaptive,phi_plus,radioml,2,300,0.48579971147026196,5.529660780687396e-08,0.0,0.0,1,0.30666666666666664,0.0,23.56,39.967473113405426,0.48579971147026196,0.0,0.0,0.0,0.0,0.0,0.0,2.2
wideband,shield_filter,adaptive,phi_plus,radioml,3,300,0.4696996002817512,5.04513763898477e-08,0.0,0.0,5,0.3433333333333333,0.0,23.29,38.78594351339476,0.4696996002817512,0.0,0.0,0.0,0.0,0.0,0.0,2.2
wideband,shield_filter,adaptive,phi_plus,radioml,4,300,0.4448513235891752,5.563713460916712e-08,0.0,0.0,5,0.38,0.0,23.23,36.4679575045598,0.4448513235891752,0.0,0.0,0.0,0.0,0.0,0.0,2.2
wideband,shield_filter,adaptive,phi_plus,radioml,5,300,0.4593039915410778,5.815134615470144e-08,0.0,0.0,2,0.33666666666666667,0.0,23.33,38.20308229981598,0.4593039915410778,0.0,0.0,0.0,0.0,0.0,0.0,2.2
wideband,shield_filter,adaptive,phi_plus,radioml,6,300,0.4757934593594797,3.5846546178391456e-08,0.0,0.0,1,0.34,0.0,23.15,38.162570216898,0.4757934593594797,0.0,0.0,0.0,0.0,0.0,0.0,2.2
wideband,shield_filter,adaptive,phi_plus,radioml,7,300,0.47560171405631024,6.745846695310371e-08,0.0,0.0,10,0.3466666666666667,0.0,23.25,38.966798272351966,0.47560171405631024,0.0,0.0,0.0,0.0,0.0,0.0,2.2
wideband,shield_filter,adaptive,phi_plus,radioml,8,300,0.4587943993501214,3.4800858936393464e-08,0.0,0.0,1,0.36,0.0,23.22,37.92426824745903,0.4587943993501214,0.0,0.0,0.0,0.0,0.0,0.0,2.2
wideband,shield_filter,adaptive,phi_plus,radioml,9,300,0.43002174526843473,5.047272170635512e-08,0.0,0.0,3,0.38666666666666666,0.0,23.12,40.00299585791642,0.43002174526843473,0.0,0.0,0.0,0.0,0.0,0.0,2.2
wideband,shield_repair,adaptive,phi_plus,radioml,0,300,0.5316811715837547,7.919255867511862e-11,0.0,0.0,9,0.0,0.8233333333333334,22.84,39.11713837633141,0.5316811715837547,0.0,0.0,0.0,0.0,0.0,0.0,2.2
wideband,shield_repair,adaptive,phi_plus,radioml,1,300,0.49893999255006954,1.6882212648160409e-10,0.0,0.0,1,0.0,0.8086666666666666,22.79,37.60757215117719,0.49893999255006954,0.0,0.0,0.0,0.0,0.0,0.0,2.2
wideband,shield_repair,adaptive,phi_plus,radioml,2,300,0.48524465793046695,1.9335671897059186e-11,0.0,0.0,1,0.0,0.7946666666666666,22.71,37.29400198204454,0.48524465793046695,0.0,0.0,0.0,0.0,0.0,0.0,2.2
wideband,shield_repair,adaptive,phi_plus,radioml,3,300,0.5058043065542311,1.1211628887835441e-10,0.0,0.0,4,0.0,0.828,23.07,39.588067978344036,0.5058043065542311,0.0,0.0,0.0,0.0,0.0,0.0,2.2
wideband,shield_repair,adaptive,phi_plus,radioml,4,300,0.5155444494714355,2.540530450950967e-10,0.0,0.0,3,0.0,0.8106666666666666,22.93,37.40135328522479,0.5155444494714355,0.0,0.0,0.0,0.0,0.0,0.0,2.2
wideband,shield_repair,adaptive,phi_plus,radioml,5,300,0.4835769173362932,4.389828833674236e-08,0.0,0.0,2,0.0,0.8213333333333334,23.7,37.893431212392024,0.4835769173362932,0.0,0.0,0.0,0.0,0.0,0.0,2.2
wideband,shield_repair,adaptive,phi_plus,radioml,6,300,0.5034216349007852,3.428554491475241e-08,0.0,0.0,1,0.0,0.814,23.45,37.004015677991305,0.5034216349007852,0.0,0.0,0.0,0.0,0.0,0.0,2.2
wideband,shield_repair,adaptive,phi_plus,radioml,7,300,0.5288335220945714,3.230195278838689e-11,0.0,0.0,1,0.0,0.8093333333333333,23.06,41.601113436178935,0.5288335220945714,0.0,0.0,0.0,0.0,0.0,0.0,2.2
wideband,shield_repair,adaptive,phi_plus,radioml,8,300,0.48083924931342137,6.044832060200977e-10,0.0,0.0,2,0.0,0.8273333333333334,23.04,38.21911587482301,0.48083924931342137,0.0,0.0,0.0,0.0,0.0,0.0,2.2
wideband,shield_repair,adaptive,phi_plus,radioml,9,300,0.471750257998989,5.502642728076964e-11,0.0,0.0,2,0.0,0.8266666666666667,22.57,40.95242772526021,0.471750257998989,0.0,0.0,0.0,0.0,0.0,0.0,2.2
bursty,heuristic,adaptive,phi_plus,radioml,0,300,0.9881351091798691,0.9934369194670106,0.04,0.0,1,0.0,0.0,26.0,44.16666666666665,0.9881351091798691,0.0,0.0,0.0,0.0,0.0,0.0,2.2
bursty,heuristic,adaptive,phi_plus,radioml,1,300,0.9930579120923446,0.9934432710196276,0.08,0.0,1,0.0,0.0,26.0,44.16666666666665,0.9930579120923446,0.0,0.0,0.0,0.0,0.0,0.0,2.2
bursty,heuristic,adaptive,phi_plus,radioml,2,300,0.9934686889243016,0.9934371633644735,0.06,0.0,1,0.0,0.0,26.0,44.16666666666665,0.9934686889243016,0.0,0.0,0.0,0.0,0.0,0.0,2.2
bursty,heuristic,adaptive,phi_plus,radioml,3,300,0.9904734847349517,0.9934383407919929,0.07,0.0,1,0.0,0.0,26.0,44.16666666666665,0.9904734847349517,0.0,0.0,0.0,0.0,0.0,0.0,2.2
bursty,heuristic,adaptive,phi_plus,radioml,4,300,0.9931202342379061,0.9934430696638787,0.056666666666666664,0.0,1,0.0,0.0,26.0,44.16666666666665,0.9931202342379061,0.0,0.0,0.0,0.0,0.0,0.0,2.2
bursty,heuristic,adaptive,phi_plus,radioml,5,300,0.9934643601669058,0.993445866421665,0.05333333333333334,0.0,1,0.0,0.0,26.0,44.16666666666665,0.9934643601669058,0.0,0.0,0.0,0.0,0.0,0.0,2.2
bursty,heuristic,adaptive,phi_plus,radioml,6,300,0.9888575329725948,0.9934267214759825,0.07333333333333333,0.0,1,0.0,0.0,26.0,44.16666666666665,0.9888575329725948,0.0,0.0,0.0,0.0,0.0,0.0,2.2
bursty,heuristic,adaptive,phi_plus,radioml,7,300,0.993043357910632,0.9934344387912869,0.043333333333333335,0.0,1,0.0,0.0,26.0,44.16666666666665,0.993043357910632,0.0,0.0,0.0,0.0,0.0,0.0,2.2
bursty,heuristic,adaptive,phi_plus,radioml,8,300,0.9911322684045096,0.9934378830638062,0.08333333333333333,0.0,1,0.0,0.0,26.0,44.16666666666665,0.9911322684045096,0.0,0.0,0.0,0.0,0.0,0.0,2.2
bursty,heuristic,adaptive,phi_plus,radioml,9,300,0.9913415108293073,0.9934330551673178,0.06333333333333334,0.0,1,0.0,0.0,26.0,44.16666666666665,0.9913415108293073,0.0,0.0,0.0,0.0,0.0,0.0,2.2
bursty,greedy_twin,adaptive,phi_plus,radioml,0,300,0.984549526121483,0.973999780220178,0.9133333333333333,0.29333333333333333,1,0.0,0.0,28.60333333333333,50.353454159399845,0.6912161927881497,0.04,0.21,0.023333333333333334,0.0,0.0,0.08,2.2
bursty,greedy_twin,adaptive,phi_plus,radioml,1,300,0.9832521097141614,0.9739980768551669,0.9366666666666666,0.42333333333333334,1,0.0,0.0,28.8,54.0521499394917,0.559918776380828,0.043333333333333335,0.28,0.03333333333333333,0.0,0.0,0.2,2.2
bursty,greedy_twin,adaptive,phi_plus,radioml,2,300,0.982423142314399,0.9739989512284168,0.9033333333333333,0.2633333333333333,1,0.0,0.0,28.606666666666666,53.01681902464789,0.7190898089810657,0.03,0.16,0.02,0.0,0.0,0.12333333333333334,2.2
bursty,greedy_twin,adaptive,phi_plus,radioml,3,300,0.9809205698717525,0.9739991323913431,0.9466666666666667,0.41333333333333333,1,0.0,0.0,28.826666666666668,49.81976962063724,0.567587236538419,0.04666666666666667,0.22333333333333333,0.043333333333333335,0.0,0.0,0.21666666666666667,2.2
bursty,greedy_twin,adaptive,phi_plus,radioml,4,300,0.983200417561809,0.9739996762442549,0.9466666666666667,0.3433333333333333,1,0.0,0.0,29.003333333333334,56.04272575105232,0.6398670842284758,0.03,0.15333333333333332,0.016666666666666666,0.0,0.0,0.21666666666666667,2.2
bursty,greedy_twin,adaptive,phi_plus,radioml,5,300,0.9826895107812829,0.9739993640902418,0.9066666666666666,0.26666666666666666,1,0.0,0.0,28.61,50.86810974490627,0.7160228441146163,0.023333333333333334,0.14666666666666667,0.03,0.0,0.0,0.12,2.2
bursty,greedy_twin,adaptive,phi_plus,radioml,6,300,0.9848277547910985,0.9739997000917648,0.87,0.3,1,0.0,0.0,28.48,50.56007118118973,0.6848277547910986,0.04666666666666667,0.16666666666666666,0.03333333333333333,0.0,0.0,0.13666666666666666,2.2
bursty,greedy_twin,adaptive,phi_plus,radioml,7,300,0.9837749574171156,0.9739991676460986,0.9333333333333333,0.37666666666666665,1,0.0,0.0,28.813333333333333,53.05770583084107,0.607108290750449,0.056666666666666664,0.19333333333333333,0.023333333333333334,0.0,0.0,0.24666666666666667,2.2
bursty,greedy_twin,adaptive,phi_plus,radioml,8,300,0.9835224622979695,0.9739998943931742,0.9,0.25,1,0.0,0.0,28.706666666666667,54.730787429642724,0.7335224622979692,0.03333333333333333,0.09666666666666666,0.006666666666666667,0.0,0.0,0.16,2.2
bursty,greedy_twin,adaptive,phi_plus,radioml,9,300,0.9835832343858262,0.9739991509451056,0.92,0.41,1,0.0,0.0,28.886666666666667,56.09977716941318,0.5735832343858263,0.043333333333333335,0.18666666666666668,0.03666666666666667,0.0,0.0,0.21333333333333335,2.2
bursty,shield_filter,adaptive,phi_plus,radioml,0,300,0.9067333506421584,0.09028748191171701,0.0,0.0,1,0.18666666666666668,0.0,23.66,40.408595448514696,0.9067333506421584,0.0,0.0,0.0,0.0,0.0,0.0,2.2
bursty,shield_filter,adaptive,phi_plus,radioml,1,300,0.9344169668719008,0.43638435802237824,0.0,0.0,1,0.14666666666666667,0.0,23.71,36.56774108690215,0.9344169668719008,0.0,0.0,0.0,0.0,0.0,0.0,2.2
bursty,shield_filter,adaptive,phi_plus,radioml,2,300,0.9272767210261306,0.22008777423671613,0.0,0.0,2,0.15666666666666668,0.0,23.9,38.01033134139245,0.9272767210261306,0.0,0.0,0.0,0.0,0.0,0.0,2.2
bursty,shield_filter,adaptive,phi_plus,radioml,3,300,0.9473871356183016,0.7539504420906696,0.0,0.0,1,0.18333333333333332,0.0,23.75,39.371772714609016,0.9473871356183016,0.0,0.0,0.0,0.0,0.0,0.0,2.2
bursty,shield_filter,adaptive,phi_plus,radioml,4,300,0.9103528294216752,0.13211779515333433,0.0,0.0,1,0.20666666666666667,0.0,23.78,37.610664469685354,0.9103528294216752,0.0,0.0,0.0,0.0,0.0,0.0,2.2
bursty,shield_filter,adaptive,phi_plus,radioml,5,300,0.9143179324375533,0.1842313790358853,0.0,0.0,5,0.15666666666666668,0.0,23.8,37.52163409233794,0.9143179324375533,0.0,0.0,0.0,0.0,0.0,0.0,2.2
bursty,shield_filter,adaptive,phi_plus,radioml,6,300,0.9125781306639048,0.11055901216222057,0.0,0.0,1,0.17333333333333334,0.0,23.72,36.993236702180184,0.9125781306639048,0.0,0.0,0.0,0.0,0.0,0.0,2.2
bursty,shield_filter,adaptive,phi_plus,radioml,7,300,0.9038818009618979,0.08810287321463149,0.0,0.0,1,0.13666666666666666,0.0,23.81,37.22923768620323,0.9038818009618979,0.0,0.0,0.0,0.0,0.0,0.0,2.2
bursty,shield_filter,adaptive,phi_plus,radioml,8,300,0.9288578264594075,0.1667841900838384,0.0,0.0,2,0.22333333333333333,0.0,23.45,38.318148471821964,0.9288578264594075,0.0,0.0,0.0,0.0,0.0,0.0,2.2
bursty,shield_filter,adaptive,phi_plus,radioml,9,300,0.9225247212178692,0.17248977470014268,0.0,0.0,1,0.21333333333333335,0.0,23.6,38.717837429912386,0.9225247212178692,0.0,0.0,0.0,0.0,0.0,0.0,2.2
bursty,shield_repair,adaptive,phi_plus,radioml,0,300,0.9284266900430777,0.1865732605691579,0.0,0.0,1,0.0,0.6946666666666667,23.48,41.52228080324494,0.9284266900430777,0.0,0.0,0.0,0.0,0.0,0.0,2.2
bursty,shield_repair,adaptive,phi_plus,radioml,1,300,0.9481634014435106,0.6586207313629259,0.0,0.0,1,0.0,0.7086666666666667,23.37,37.590365734207396,0.9481634014435106,0.0,0.0,0.0,0.0,0.0,0.0,2.2
bursty,shield_repair,adaptive,phi_plus,radioml,2,300,0.935264392427049,0.3393540620642439,0.0,0.0,2,0.0,0.6973333333333334,23.59,37.83324858881741,0.935264392427049,0.0,0.0,0.0,0.0,0.0,0.0,2.2
bursty,shield_repair,adaptive,phi_plus,radioml,3,300,0.9400745028978277,0.4956085527504619,0.0,0.0,4,0.0,0.7346666666666667,23.22,38.71731527362282,0.9400745028978277,0.0,0.0,0.0,0.0,0.0,0.0,2.2
bursty,shield_repair,adaptive,phi_plus,radioml,4,300,0.9463918876495317,0.7638861562432152,0.0,0.0,1,0.0,0.7046666666666667,23.44,38.80235199108893,0.9463918876495317,0.0,0.0,0.0,0.0,0.0,0.0,2.2
bursty,shield_repair,adaptive,phi_plus,radioml,5,300,0.9295300595455349,0.25594044723471143,0.0,0.0,4,0.0,0.7226666666666667,23.34,37.458775425729684,0.9295300595455349,0.0,0.0,0.0,0.0,0.0,0.0,2.2
bursty,shield_repair,adaptive,phi_plus,radioml,6,300,0.9415093404286485,0.5582469255713355,0.0,0.0,1,0.0,0.71,23.49,36.19351866644144,0.9415093404286485,0.0,0.0,0.0,0.0,0.0,0.0,2.2
bursty,shield_repair,adaptive,phi_plus,radioml,7,300,0.945962212311349,0.751619694899038,0.0,0.0,1,0.0,0.7033333333333334,23.41,37.1625417337692,0.945962212311349,0.0,0.0,0.0,0.0,0.0,0.0,2.2
bursty,shield_repair,adaptive,phi_plus,radioml,8,300,0.940416432104269,0.26676824146530487,0.0,0.0,4,0.0,0.7353333333333333,23.27,39.3744556653724,0.940416432104269,0.0,0.0,0.0,0.0,0.0,0.0,2.2
bursty,shield_repair,adaptive,phi_plus,radioml,9,300,0.9379682723433085,0.4285755506269747,0.0,0.0,2,0.0,0.7146666666666667,23.47,37.64803709435173,0.9379682723433085,0.0,0.0,0.0,0.0,0.0,0.0,2.2
backhaul,heuristic,adaptive,phi_plus,radioml,0,300,0.9600969143785858,0.9139980512931851,0.07333333333333333,0.0,1,0.0,0.0,26.0,44.16666666666665,0.9600969143785858,0.0,0.0,0.0,0.0,0.0,0.0,2.2
backhaul,heuristic,adaptive,phi_plus,radioml,1,300,0.9571827054327632,0.9139967245000353,0.06,0.0,1,0.0,0.0,26.0,44.16666666666665,0.9571827054327632,0.0,0.0,0.0,0.0,0.0,0.0,2.2
backhaul,heuristic,adaptive,phi_plus,radioml,2,300,0.9600959846625601,0.9139944811565621,0.05333333333333334,0.0,1,0.0,0.0,26.0,44.16666666666665,0.9600959846625601,0.0,0.0,0.0,0.0,0.0,0.0,2.2
backhaul,heuristic,adaptive,phi_plus,radioml,3,300,0.9603618068466395,0.9139983070957095,0.07,0.0,1,0.0,0.0,26.0,44.16666666666665,0.9603618068466395,0.0,0.0,0.0,0.0,0.0,0.0,2.2
backhaul,heuristic,adaptive,phi_plus,radioml,4,300,0.9600968532733691,0.9139982534175413,0.07333333333333333,0.0,1,0.0,0.0,26.0,44.16666666666665,0.9600968532733691,0.0,0.0,0.0,0.0,0.0,0.0,2.2
backhaul,heuristic,adaptive,phi_plus,radioml,5,300,0.9595667454541729,0.9139983295297534,0.07333333333333333,0.0,1,0.0,0.0,26.0,44.16666666666665,0.9595667454541729,0.0,0.0,0.0,0.0,0.0,0.0,2.2
backhaul,heuristic,adaptive,phi_plus,radioml,6,300,0.959831379091609,0.9139962308386327,0.1,0.0,1,0.0,0.0,26.0,44.16666666666665,0.959831379091609,0.0,0.0,0.0,0.0,0.0,0.0,2.2
backhaul,heuristic,adaptive,phi_plus,radioml,7,300,0.9582422358599437,0.9139965411083424,0.06333333333333334,0.0,1,0.0,0.0,26.0,44.16666666666665,0.9582422358599437,0.0,0.0,0.0,0.0,0.0,0.0,2.2
backhaul,heuristic,adaptive,phi_plus,radioml,8,300,0.963275734312177,0.9139967048711877,0.06,0.0,1,0.0,0.0,26.0,44.16666666666665,0.963275734312177,0.0,0.0,0.0,0.0,0.0,0.0,2.2
backhaul,heuristic,adaptive,phi_plus,radioml,9,300,0.9632757671257149,0.9139970165108033,0.08333333333333333,0.0,1,0.0,0.0,26.0,44.16666666666665,0.9632757671257149,0.0,0.0,0.0,0.0,0.0,0.0,2.2
backhaul,greedy_twin,adaptive,phi_plus,radioml,0,300,0.9541710346841694,0.8960799999602604,0.9266666666666666,0.2966666666666667,2,0.0,0.0,28.75,51.47625184045725,0.6575043680175028,0.02666666666666667,0.17333333333333334,0.03,0.0,0.0,0.16666666666666666,2.2
backhaul,greedy_twin,adaptive,phi_plus,radioml,1,300,0.9513106081801137,0.8960799999802791,0.9333333333333333,0.43333333333333335,3,0.0,0.0,29.046666666666667,54.12805690530362,0.5179772748467805,0.06,0.13,0.05,0.0,0.0,0.3,2.2
backhaul,greedy_twin,adaptive,phi_plus,radioml,2,300,0.9519840513714426,0.8960799999884353,0.9233333333333333,0.24666666666666667,1,0.0,0.0,28.72,58.53197000364005,0.705317384704776,0.043333333333333335,0.13,0.03333333333333333,0.0,0.0,0.09666666666666666,2.2
backhaul,greedy_twin,adaptive,phi_plus,radioml,3,300,0.954167726639317,0.8960799999578761,0.93,0.36,1,0.0,0.0,28.733333333333334,50.15341462011531,0.594167726639317,0.05333333333333334,0.2,0.03,0.0,0.0,0.12666666666666668,2.2
backhaul,greedy_twin,adaptive,phi_plus,radioml,4,300,0.9518621518260322,0.896079999488782,0.9233333333333333,0.37333333333333335,1,0.0,0.0,28.846666666666668,56.516701636002296,0.578528818492699,0.03,0.16333333333333333,0.05333333333333334,0.0,0.0,0.19666666666666666,2.2
backhaul,greedy_twin,adaptive,phi_plus,radioml,5,300,0.9551223986942525,0.8960799999725881,0.9233333333333333,0.45666666666666667,1,0.0,0.0,28.986666666666668,54.02808650195255,0.4984557320275858,0.05,0.24333333333333335,0.04,0.0,0.0,0.23,2.2
backhaul,greedy_twin,adaptive,phi_plus,radioml,6,300,0.9531298123002305,0.8960799999801075,0.9266666666666666,0.37,2,0.0,0.0,28.676666666666666,49.61102634011033,0.5831298123002305,0.06666666666666667,0.17666666666666667,0.03666666666666667,0.0,0.0,0.19666666666666666,2.2
backhaul,greedy_twin,adaptive,phi_plus,radioml,7,300,0.9533002267940188,0.8960799999571478,0.9,0.2966666666666667,1,0.0,0.0,28.633333333333333,51.89821758136938,0.6566335601273521,0.05,0.15,0.023333333333333334,0.0,0.0,0.13666666666666666,2.2
backhaul,greedy_twin,adaptive,phi_plus,radioml,8,300,0.9503235931487148,0.8960799999602259,0.95,0.41,1,0.0,0.0,29.08,50.56022779182586,0.5403235931487148,0.02666666666666667,0.12333333333333334,0.016666666666666666,0.0,0.0,0.30666666666666664,2.2
backhaul,greedy_twin,adaptive,phi_plus,radioml,9,300,0.9514202199118832,0.8960799999357858,0.9533333333333334,0.4,2,0.0,0.0,28.963333333333335,55.51955778140875,0.5514202199118832,0.06,0.16333333333333333,0.04,0.0,0.0,0.2,2.2
backhaul,shield_filter,adaptive,phi_plus,radioml,0,300,0.844531307278293,0.34759304518777834,0.0,0.0033333333333333335,1,0.20666666666666667,0.0,23.87,39.29595906671694,0.8411979739449595,0.0,0.0033333333333333335,0.0,0.0,0.0,0.0,2.2
backhaul,shield_filter,adaptive,phi_plus,radioml,1,300,0.8318002784982746,0.3476449265718591,0.0,0.0,2,0.25666666666666665,0.0,23.41,36.08678860633043,0.8318002784982746,0.0,0.0,0.0,0.0,0.0,0.0,2.2
backhaul,shield_filter,adaptive,phi_plus,radioml,2,300,0.8305580943583168,0.3476416496723703,0.0,0.0,1,0.23,0.0,23.65,38.53818201238915,0.8305580943583168,0.0,0.0,0.0,0.0,0.0,0.0,2.2
backhaul,shield_filter,adaptive,phi_plus,radioml,3,300,0.8302597540651113,0.34754523065829235,0.0,0.0,1,0.2633333333333333,0.0,23.57,39.33262158771906,0.8302597540651113,0.0,0.0,0.0,0.0,0.0,0.0,2.2
backhaul,shield_filter,adaptive,phi_plus,radioml,4,300,0.8504595743277947,0.3476368697978149,0.0,0.0,3,0.25666666666666665,0.0,23.52,38.84020241446954,0.8504595743277947,0.0,0.0,0.0,0.0,0.0,0.0,2.2
backhaul,shield_filter,adaptive,phi_plus,radioml,5,300,0.8368682572292975,0.3476118674899096,0.0,0.0,1,0.25666666666666665,0.0,23.38,37.04635199095077,0.8368682572292975,0.0,0.0,0.0,0.0,0.0,0.0,2.2
backhaul,shield_filter,adaptive,phi_plus,radioml,6,300,0.8509618865476547,0.3476392430092034,0.0,0.0,2,0.21,0.0,23.79,39.893183682087596,0.8509618865476547,0.0,0.0,0.0,0.0,0.0,0.0,2.2
backhaul,shield_filter,adaptive,phi_plus,radioml,7,300,0.8763597347370133,0.3476872518381899,0.0,0.0,1,0.24,0.0,23.73,35.46098011808646,0.8763597347370133,0.0,0.0,0.0,0.0,0.0,0.0,2.2
backhaul,shield_filter,adaptive,phi_plus,radioml,8,300,0.8674981833150824,0.3476564640280948,0.0,0.0,1,0.25333333333333335,0.0,23.503333333333334,36.21676642796757,0.8674981833150824,0.0,0.0,0.0,0.0,0.0,0.0,2.2
backhaul,shield_filter,adaptive,phi_plus,radioml,9,300,0.8459495215811206,0.34758861518062134,0.0,0.0,1,0.27,0.0,23.7,41.20225833093194,0.8459495215811206,0.0,0.0,0.0,0.0,0.0,0.0,2.2
backhaul,shield_repair,adaptive,phi_plus,radioml,0,300,0.9204202009831408,0.681799988977673,0.0,0.0,2,0.0,0.756,24.09,39.96350778957574,0.9204202009831408,0.0,0.0,0.0,0.0,0.0,0.0,2.2
backhaul,shield_repair,adaptive,phi_plus,radioml,1,300,0.919491366404122,0.3477162724557488,0.0,0.0,1,0.0,0.7513333333333333,23.84,36.30211534603457,0.919491366404122,0.0,0.0,0.0,0.0,0.0,0.0,2.2
backhaul,shield_repair,adaptive,phi_plus,radioml,2,300,0.9093184987644427,0.3477072932870499,0.0,0.0,1,0.0,0.756,23.87,35.866721954627586,0.9093184987644427,0.0,0.0,0.0,0.0,0.0,0.0,2.2
backhaul,shield_repair,adaptive,phi_plus,radioml,3,300,0.9138601969525432,0.3477101655192211,0.0,0.0,1,0.0,0.764,23.91,41.41311579173984,0.9138601969525432,0.0,0.0,0.0,0.0,0.0,0.0,2.2
backhaul,shield_repair,adaptive,phi_plus,radioml,4,300,0.9120888738988746,0.34771081116427544,0.0,0.0,1,0.0,0.758,23.63,38.088157270912546,0.9120888738988746,0.0,0.0,0.0,0.0,0.0,0.0,2.2
backhaul,shield_repair,adaptive,phi_plus,radioml,5,300,0.8986443756213551,0.3476917524555785,0.0,0.0,1,0.0,0.7713333333333333,23.52,37.320802061635526,0.8986443756213551,0.0,0.0,0.0,0.0,0.0,0.0,2.2
backhaul,shield_repair,adaptive,phi_plus,radioml,6,300,0.9179413033286596,0.6650876102070455,0.0,0.0,1,0.0,0.7546666666666667,23.79,39.78358229346136,0.9179413033286596,0.0,0.0,0.0,0.0,0.0,0.0,2.2
backhaul,shield_repair,adaptive,phi_plus,radioml,7,300,0.9162837906989968,0.6648992571215201,0.0,0.0,1,0.0,0.7746666666666666,23.82,36.636552130879075,0.9162837906989968,0.0,0.0,0.0,0.0,0.0,0.0,2.2
backhaul,shield_repair,adaptive,phi_plus,radioml,8,300,0.9176257214561709,0.3477162395382153,0.0,0.0,1,0.0,0.7593333333333333,23.81,38.434593525179984,0.9176257214561709,0.0,0.0,0.0,0.0,0.0,0.0,2.2
backhaul,shield_repair,adaptive,phi_plus,radioml,9,300,0.9193656332500644,0.34771752711033405,0.0,0.0,1,0.0,0.758,23.81,39.069014096684256,0.9193656332500644,0.0,0.0,0.0,0.0,0.0,0.0,2.2
compromised_xapp,heuristic,adaptive,phi_plus,radioml,0,300,0.9934796196676798,0.9934782913897904,0.056666666666666664,0.0,1,0.0,0.0,26.0,44.16666666666665,0.9934796196676798,0.0,0.0,0.0,0.0,0.0,0.0,2.2
compromised_xapp,heuristic,adaptive,phi_plus,radioml,1,300,0.993479744962071,0.9934787123421813,0.1,0.0,1,0.0,0.0,26.0,44.16666666666665,0.993479744962071,0.0,0.0,0.0,0.0,0.0,0.0,2.2
compromised_xapp,heuristic,adaptive,phi_plus,radioml,2,300,0.9934794931549946,0.9934769279689342,0.05,0.0,1,0.0,0.0,26.0,44.16666666666665,0.9934794931549946,0.0,0.0,0.0,0.0,0.0,0.0,2.2
compromised_xapp,heuristic,adaptive,phi_plus,radioml,3,300,0.993235898218371,0.9934771979697623,0.06666666666666667,0.0,1,0.0,0.0,26.0,44.16666666666665,0.993235898218371,0.0,0.0,0.0,0.0,0.0,0.0,2.2
compromised_xapp,heuristic,adaptive,phi_plus,radioml,4,300,0.9934795669334183,0.993478188187889,0.07,0.0,1,0.0,0.0,26.0,44.16666666666665,0.9934795669334183,0.0,0.0,0.0,0.0,0.0,0.0,2.2
compromised_xapp,heuristic,adaptive,phi_plus,radioml,5,300,0.9932027569446557,0.9934776243895006,0.06,0.0,1,0.0,0.0,26.0,44.16666666666665,0.9932027569446557,0.0,0.0,0.0,0.0,0.0,0.0,2.2
compromised_xapp,heuristic,adaptive,phi_plus,radioml,6,300,0.9934796736048194,0.993478286212183,0.06666666666666667,0.0,1,0.0,0.0,26.0,44.16666666666665,0.9934796736048194,0.0,0.0,0.0,0.0,0.0,0.0,2.2
compromised_xapp,heuristic,adaptive,phi_plus,radioml,7,300,0.9934796202840365,0.9934776783654525,0.08333333333333333,0.0,1,0.0,0.0,26.0,44.16666666666665,0.9934796202840365,0.0,0.0,0.0,0.0,0.0,0.0,2.2
compromised_xapp,heuristic,adaptive,phi_plus,radioml,8,300,0.993384842541872,0.9934785682464516,0.09666666666666666,0.0,1,0.0,0.0,26.0,44.16666666666665,0.993384842541872,0.0,0.0,0.0,0.0,0.0,0.0,2.2
compromised_xapp,heuristic,adaptive,phi_plus,radioml,9,300,0.9926835020108941,0.9934785702729426,0.08666666666666667,0.0,1,0.0,0.0,26.0,44.16666666666665,0.9926835020108941,0.0,0.0,0.0,0.0,0.0,0.0,2.2
compromised_xapp,greedy_twin,adaptive,phi_plus,radioml,0,300,0.982114386276298,0.9739999201884179,0.9733333333333334,0.75,1,0.0,0.0,29.513333333333332,52.89353491724303,0.232114386276298,0.03666666666666667,0.18333333333333332,0.44666666666666666,0.0,0.0,0.6233333333333333,2.2
compromised_xapp,greedy_twin,adaptive,phi_plus,radioml,1,300,0.9822328672991593,0.9739997443775392,0.99,0.8066666666666666,1,0.0,0.0,29.55666666666667,54.706206150871644,0.17556620063249265,0.03,0.14333333333333334,0.39,0.0,0.0,0.6666666666666666,2.2
compromised_xapp,greedy_twin,adaptive,phi_plus,radioml,2,300,0.982503785159018,0.9739998992536433,0.9833333333333333,0.86,1,0.0,0.0,29.67,54.95399800354616,0.12250378515901805,0.05,0.22666666666666666,0.4633333333333333,0.0,0.0,0.75,2.2
compromised_xapp,greedy_twin,adaptive,phi_plus,radioml,3,300,0.9828289917934321,0.9739999888561758,0.9866666666666667,0.7866666666666666,1,0.0,0.0,29.453333333333333,52.45095126868275,0.19616232512676535,0.04,0.17666666666666667,0.39666666666666667,0.0,0.0,0.6233333333333333,2.2
compromised_xapp,greedy_twin,adaptive,phi_plus,radioml,4,300,0.9825046125598625,0.9739999135466563,0.9866666666666667,0.7933333333333333,1,0.0,0.0,29.59,55.63810132269594,0.18917127922652932,0.07,0.22333333333333333,0.38333333333333336,0.0,0.0,0.6566666666666666,2.2
compromised_xapp,greedy_twin,adaptive,phi_plus,radioml,5,300,0.9829556287859444,0.9739999920040924,0.9733333333333334,0.8066666666666666,1,0.0,0.0,29.49,52.99586886033797,0.17628896211927778,0.04,0.21,0.4066666666666667,0.0,0.0,0.64,2.2
compromised_xapp,greedy_twin,adaptive,phi_plus,radioml,6,300,0.982958695325212,0.9739999297364847,0.9733333333333334,0.7466666666666667,1,0.0,0.0,29.413333333333334,52.68400628812546,0.23629202865854543,0.06333333333333334,0.27,0.4066666666666667,0.0,0.0,0.6066666666666667,2.2
compromised_xapp,greedy_twin,adaptive,phi_plus,radioml,7,300,0.9831548915518085,0.973999995283739,0.9733333333333334,0.77,1,0.0,0.0,29.403333333333332,51.96534637341967,0.21315489155180847,0.04,0.18,0.3933333333333333,0.0,0.0,0.5966666666666667,2.2
compromised_xapp,greedy_twin,adaptive,phi_plus,radioml,8,300,0.9822446460370567,0.9739999735638039,0.97,0.83,1,0.0,0.0,29.576666666666668,49.54037228987395,0.15224464603705673,0.03666666666666667,0.23,0.42333333333333334,0.0,0.0,0.75,2.2
compromised_xapp,greedy_twin,adaptive,phi_plus,radioml,9,300,0.9824395999156953,0.9739999770289093,0.9666666666666667,0.7533333333333333,1,0.0,0.0,29.316666666666666,45.56838552899186,0.2291062665823619,0.05333333333333334,0.14333333333333334,0.41333333333333333,0.0,0.0,0.54,2.2
compromised_xapp,shield_filter,adaptive,phi_plus,radioml,0,300,0.47767810295581314,0.021931858074251562,0.0,0.0033333333333333335,10,0.6766666666666666,0.0,21.73,37.01909453719306,0.4743447696224798,0.0,0.0033333333333333335,0.0,0.0,0.0,0.0,2.2
compromised_xapp,shield_filter,adaptive,phi_plus,radioml,1,300,0.4430579728152509,0.019847268108180965,0.0,0.0033333333333333335,1,0.6766666666666666,0.0,21.58,39.284756017642806,0.43972463948191753,0.0,0.0,0.0033333333333333335,0.0,0.0,0.0,2.2
compromised_xapp,shield_filter,adaptive,phi_plus,radioml,2,300,0.50565429474527,0.023754330728019614,0.0,0.0,2,0.6366666666666667,0.0,21.9,38.7480387235228,0.50565429474527,0.0,0.0,0.0,0.0,0.0,0.0,2.2
compromised_xapp,shield_filter,adaptive,phi_plus,radioml,3,300,0.4705658595736167,0.02691029606985573,0.0,0.0,3,0.69,0.0,21.67,37.05868384906331,0.4705658595736167,0.0,0.0,0.0,0.0,0.0,0.0,2.2
compromised_xapp,shield_filter,adaptive,phi_plus,radioml,4,300,0.4691281282932896,0.021829334169042442,0.0,0.0,9,0.6833333333333333,0.0,21.76,39.360901165127906,0.4691281282932896,0.0,0.0,0.0,0.0,0.0,0.0,2.2
compromised_xapp,shield_filter,adaptive,phi_plus,radioml,5,300,0.45198665881859784,0.026474052959412648,0.0,0.0,10,0.6933333333333334,0.0,21.57,39.84372526389281,0.45198665881859784,0.0,0.0,0.0,0.0,0.0,0.0,2.2
compromised_xapp,shield_filter,adaptive,phi_plus,radioml,6,300,0.46174104343503436,0.025096226542350653,0.0,0.0033333333333333335,2,0.6866666666666666,0.0,21.67,41.793358998650014,0.458407710101701,0.0,0.0,0.0033333333333333335,0.0,0.0,0.0,2.2
compromised_xapp,shield_filter,adaptive,phi_plus,radioml,7,300,0.46589711747884016,0.022030906848100152,0.0,0.0033333333333333335,2,0.7,0.0,21.64,39.22241281874404,0.4625637841455068,0.0,0.0,0.0033333333333333335,0.0,0.0,0.0,2.2
compromised_xapp,shield_filter,adaptive,phi_plus,radioml,8,300,0.4790003887020242,0.023016166499692417,0.0,0.0,5,0.6966666666666667,0.0,21.63,38.114510142308035,0.4790003887020242,0.0,0.0,0.0,0.0,0.0,0.0,2.2
compromised_xapp,shield_filter,adaptive,phi_plus,radioml,9,300,0.42990144538151764,0.0218957149576434,0.0,0.0,2,0.7633333333333333,0.0,21.26,36.80090975894967,0.42990144538151764,0.0,0.0,0.0,0.0,0.0,0.0,2.2
compromised_xapp,shield_repair,adaptive,phi_plus,radioml,0,300,0.981817971440186,0.9736967371602978,0.0,0.02,1,0.0,0.9146666666666666,19.71,37.54660814962968,0.961817971440186,0.0,0.0,0.02,0.0,0.0,0.0,2.2
compromised_xapp,shield_repair,adaptive,phi_plus,radioml,1,300,0.9836859006437195,0.9736521240063607,0.0,0.05,1,0.0,0.912,19.55,38.217601604824196,0.9336859006437195,0.0,0.0,0.05,0.0,0.0,0.0,2.2
compromised_xapp,shield_repair,adaptive,phi_plus,radioml,2,300,0.9833397576394389,0.9735649143699991,0.0,0.056666666666666664,1,0.0,0.908,19.64,36.959845800050275,0.9266730909727723,0.0,0.0,0.056666666666666664,0.0,0.0,0.0,2.2
compromised_xapp,shield_repair,adaptive,phi_plus,radioml,3,300,0.979210961560591,0.9735172951109232,0.0,0.04,1,0.0,0.92,19.79,37.84156088877103,0.9392109615605909,0.0,0.0,0.04,0.0,0.0,0.0,2.2
compromised_xapp,shield_repair,adaptive,phi_plus,radioml,4,300,0.9846357505950618,0.9737607211819845,0.0,0.02666666666666667,1,0.0,0.9066666666666666,19.81,38.73043051084168,0.9579690839283952,0.0,0.0,0.02666666666666667,0.0,0.0,0.0,2.2
compromised_xapp,shield_repair,adaptive,phi_plus,radioml,5,300,0.977809524890821,0.9736792707178462,0.0,0.03333333333333333,1,0.0,0.9066666666666666,19.72,36.36677949220932,0.9444761915574879,0.0,0.0,0.03333333333333333,0.0,0.0,0.0,2.2
compromised_xapp,shield_repair,adaptive,phi_plus,radioml,6,300,0.9841605694266745,0.9735078974563397,0.0,0.03,1,0.0,0.9046666666666666,19.7,37.82226139582458,0.9541605694266745,0.0,0.0,0.03,0.0,0.0,0.0,2.2
compromised_xapp,shield_repair,adaptive,phi_plus,radioml,7,300,0.9799065827703489,0.9736673616043302,0.0,0.03666666666666667,1,0.0,0.9113333333333333,20.29,37.64960651876507,0.9432399161036822,0.0,0.0,0.03666666666666667,0.0,0.0,0.0,2.2
compromised_xapp,shield_repair,adaptive,phi_plus,radioml,8,300,0.98177247590266,0.9737059694326574,0.0,0.04,1,0.0,0.9073333333333333,19.77,38.12224570582511,0.9417724759026601,0.0,0.0,0.04,0.0,0.0,0.0,2.2
compromised_xapp,shield_repair,adaptive,phi_plus,radioml,9,300,0.9812460836119431,0.9736820036025472,0.0,0.023333333333333334,1,0.0,0.9146666666666666,19.67,36.21879778015798,0.9579127502786097,0.0,0.0033333333333333335,0.02,0.0,0.0,0.0,2.2
compound,heuristic,adaptive,phi_plus,radioml,0,300,0.9091814466523787,0.10968987950263852,0.2633333333333333,0.23666666666666666,1,0.0,0.0,26.0,44.16666666666665,0.6725147799857122,0.0,0.0,0.23666666666666666,0.0,0.0,0.0,2.2
compound,heuristic,adaptive,phi_plus,radioml,1,300,0.9206858511416757,0.4085753614850655,0.25,0.22,1,0.0,0.0,26.0,44.16666666666665,0.7006858511416758,0.0,0.0,0.22,0.0,0.0,0.0,2.2
compound,heuristic,adaptive,phi_plus,radioml,2,300,0.9274404972819682,0.887539115942817,0.25666666666666665,0.22,1,0.0,0.0,26.0,44.16666666666665,0.7074404972819682,0.0,0.0,0.22,0.0,0.0,0.0,2.2
compound,heuristic,adaptive,phi_plus,radioml,3,300,0.8942711232993952,0.004504816077210677,0.21333333333333335,0.21,2,0.0,0.0,26.0,44.16666666666665,0.6842711232993952,0.0,0.0,0.21,0.0,0.0,0.0,2.2
compound,heuristic,adaptive,phi_plus,radioml,4,300,0.8998260994549796,0.03716783479707706,0.29333333333333333,0.23666666666666666,1,0.0,0.0,26.0,44.16666666666665,0.663159432788313,0.0,0.0,0.23666666666666666,0.0,0.0,0.0,2.2
compound,heuristic,adaptive,phi_plus,radioml,5,300,0.9057030008381184,0.006584230897587428,0.25333333333333335,0.22,1,0.0,0.0,26.0,44.16666666666665,0.6857030008381184,0.0,0.0,0.22,0.0,0.0,0.0,2.2
compound,heuristic,adaptive,phi_plus,radioml,6,300,0.9189719145712113,0.8319614915371039,0.27666666666666667,0.24333333333333335,1,0.0,0.0,26.0,44.16666666666665,0.675638581237878,0.0,0.0,0.24333333333333335,0.0,0.0,0.0,2.2
compound,heuristic,adaptive,phi_plus,radioml,7,300,0.9232309056295523,0.8825763605683771,0.25333333333333335,0.23,2,0.0,0.0,26.0,44.16666666666665,0.6932309056295524,0.0,0.0,0.23,0.0,0.0,0.0,2.2
compound,heuristic,adaptive,phi_plus,radioml,8,300,0.9017659839376512,0.006952204964689148,0.2633333333333333,0.21333333333333335,1,0.0,0.0,26.0,44.16666666666665,0.6884326506043178,0.0,0.0,0.21333333333333335,0.0,0.0,0.0,2.2
compound,heuristic,adaptive,phi_plus,radioml,9,300,0.9056338345149296,0.0025153859662975274,0.22,0.2,1,0.0,0.0,26.0,44.16666666666665,0.7056338345149293,0.0,0.0,0.2,0.0,0.0,0.0,2.2
compound,greedy_twin,adaptive,phi_plus,radioml,0,300,0.9556424940475772,0.8960742950763615,0.9766666666666667,0.8666666666666667,1,0.0,0.0,29.756666666666668,55.32738126293344,0.08897582738091041,0.03666666666666667,0.3,0.49333333333333335,0.0,0.0,0.8333333333333334,2.2
compound,greedy_twin,adaptive,phi_plus,radioml,1,300,0.9525597874432644,0.8960786207148932,0.9766666666666667,0.8533333333333334,2,0.0,0.0,29.61,49.674941146988964,0.09922645410993106,0.03333333333333333,0.29,0.5333333333333333,0.0,0.0,0.7633333333333333,2.2
compound,greedy_twin,adaptive,phi_plus,radioml,2,300,0.9475371930981252,0.8960716520035116,0.9766666666666667,0.8866666666666667,1,0.0,0.0,29.8,53.49441153158032,0.06087052643145843,0.02,0.18666666666666668,0.5333333333333333,0.0,0.0,0.8533333333333334,2.2
compound,greedy_twin,adaptive,phi_plus,radioml,3,300,0.9557135278145313,0.8960768316727592,0.99,0.9066666666666666,1,0.0,0.0,29.816666666666666,51.73782684213861,0.04904686114786436,0.03666666666666667,0.22333333333333333,0.52,0.0,0.0,0.8733333333333333,2.2
compound,greedy_twin,adaptive,phi_plus,radioml,4,300,0.9528282795648894,0.8960783936822664,0.9866666666666667,0.8266666666666667,1,0.0,0.0,29.673333333333332,51.7098357149558,0.1261616128982227,0.03333333333333333,0.25666666666666665,0.5133333333333333,0.0,0.0,0.77,2.2
compound,greedy_twin,adaptive,phi_plus,radioml,5,300,0.9535862256315805,0.8960723182001269,0.9833333333333333,0.8833333333333333,1,0.0,0.0,29.793333333333333,52.7715183911224,0.07025289229824697,0.03333333333333333,0.23333333333333334,0.5466666666666666,0.0,0.0,0.8433333333333334,2.2
compound,greedy_twin,adaptive,phi_plus,radioml,6,300,0.9469867108133341,0.8960704979378818,0.9666666666666667,0.86,2,0.0,0.0,29.666666666666668,52.841356680362864,0.08698671081333406,0.056666666666666664,0.19333333333333333,0.49666666666666665,0.0,0.0,0.8133333333333334,2.2
compound,greedy_twin,adaptive,phi_plus,radioml,7,300,0.9486806338072488,0.896074289316296,0.9766666666666667,0.86,2,0.0,0.0,29.67,52.92137647895856,0.08868063380724892,0.016666666666666666,0.21333333333333335,0.51,0.0,0.0,0.81,2.2
compound,greedy_twin,adaptive,phi_plus,radioml,8,300,0.9577844323081778,0.896077251004159,0.9733333333333334,0.89,1,0.0,0.0,29.796666666666667,49.78380227400066,0.06778443230817803,0.04666666666666667,0.09666666666666666,0.5,0.0,0.0,0.8533333333333334,2.2
compound,greedy_twin,adaptive,phi_plus,radioml,9,300,0.9530072210288529,0.8960772215681629,0.9833333333333333,0.8933333333333333,1,0.0,0.0,29.856666666666666,56.03603619425611,0.059673887695519526,0.04666666666666667,0.22333333333333333,0.52,0.0,0.0,0.85,2.2
compound,shield_filter,adaptive,phi_plus,radioml,0,300,0.3080049501468695,3.22762619280338e-06,0.0,0.006666666666666667,4,0.69,0.0,21.5,37.24340703960176,0.3013382834802028,0.0,0.0,0.006666666666666667,0.0,0.0,0.0,2.2
compound,shield_filter,adaptive,phi_plus,radioml,1,300,0.31951625089290286,2.484450364323496e-06,0.0,0.0,24,0.6933333333333334,0.0,21.6,38.87859602939074,0.31951625089290286,0.0,0.0,0.0,0.0,0.0,0.0,2.2
compound,shield_filter,adaptive,phi_plus,radioml,2,300,0.3078772655221796,2.9599416264832436e-06,0.0,0.016666666666666666,2,0.6966666666666667,0.0,21.49,38.32505291903053,0.2912105988555129,0.0,0.0033333333333333335,0.013333333333333334,0.0,0.0,0.0,2.2
compound,shield_filter,adaptive,phi_plus,radioml,3,300,0.2982860831514682,1.9223298478480436e-06,0.0,0.006666666666666667,3,0.72,0.0,21.39,37.56314664173392,0.29161941648480155,0.0,0.0033333333333333335,0.006666666666666667,0.0,0.0,0.0,2.2
compound,shield_filter,adaptive,phi_plus,radioml,4,300,0.30229033625281365,2.9131824943283694e-06,0.0,0.0033333333333333335,14,0.7066666666666667,0.0,21.51,37.61931694781398,0.2989570029194803,0.0,0.0,0.0033333333333333335,0.0,0.0,0.0,2.2
compound,shield_filter,adaptive,phi_plus,radioml,5,300,0.3007595995906704,2.7420375811257086e-06,0.0,0.0,1,0.68,0.0,21.51,38.43934810989643,0.3007595995906704,0.0,0.0,0.0,0.0,0.0,0.0,2.2
compound,shield_filter,adaptive,phi_plus,radioml,6,300,0.3124413503158734,2.1267515726142723e-06,0.0,0.006666666666666667,2,0.7033333333333334,0.0,21.553333333333335,38.87674828686373,0.30577468364920674,0.0,0.0,0.006666666666666667,0.0,0.0,0.0,2.2
compound,shield_filter,adaptive,phi_plus,radioml,7,300,0.3343632304926562,1.9541388155749125e-06,0.0,0.01,2,0.67,0.0,21.7,41.67839796204137,0.32436323049265625,0.0,0.0,0.01,0.0,0.0,0.0,2.2
compound,shield_filter,adaptive,phi_plus,radioml,8,300,0.3062180564170145,2.4812946026538243e-06,0.0,0.013333333333333334,12,0.7433333333333333,0.0,21.323333333333334,36.758533327598506,0.29288472308368113,0.0,0.0,0.013333333333333334,0.0,0.0,0.0,2.2
compound,shield_filter,adaptive,phi_plus,radioml,9,300,0.32110306158343827,3.936068531302783e-06,0.0,0.0033333333333333335,1,0.7133333333333334,0.0,21.49,39.81390725090961,0.3177697282501049,0.0,0.0,0.0033333333333333335,0.0,0.0,0.0,2.2
compound,shield_repair,adaptive,phi_plus,radioml,0,300,0.3657734990354935,1.764177606709276e-10,0.0,0.04,7,0.0,0.9326666666666666,20.92,39.20803749123274,0.3257734990354935,0.0,0.0,0.04,0.0,0.0,0.0,2.2
compound,shield_repair,adaptive,phi_plus,radioml,1,300,0.38368425310989385,5.7546822344485105e-08,0.0,0.02,6,0.0,0.9213333333333333,21.31,38.81988407070648,0.36368425310989383,0.0,0.0,0.02,0.0,0.0,0.0,2.2
compound,shield_repair,adaptive,phi_plus,radioml,2,300,0.36141557322701423,1.3155917842966166e-08,0.0,0.02666666666666667,2,0.0,0.918,20.97,41.214880687468614,0.33474890656034756,0.0,0.0033333333333333335,0.023333333333333334,0.0,0.0,0.0,2.2
compound,shield_repair,adaptive,phi_plus,radioml,3,300,0.37643601481005107,1.5141967583264411e-06,0.0,0.03666666666666667,4,0.0,0.9346666666666666,21.19,37.73429209649372,0.3397693481433844,0.0,0.0,0.03666666666666667,0.0,0.0,0.0,2.2
compound,shield_repair,adaptive,phi_plus,radioml,4,300,0.365882246950917,1.932133537138948e-08,0.0,0.043333333333333335,14,0.0,0.912,21.25,37.39710637255344,0.32254891361758364,0.0,0.0033333333333333335,0.04,0.0,0.0,0.0,2.2
compound,shield_repair,adaptive,phi_plus,radioml,5,300,0.4054534424639098,7.593586839048503e-07,0.0,0.023333333333333334,1,0.0,0.9286666666666666,21.57,37.69743912604768,0.3821201091305765,0.0,0.0,0.023333333333333334,0.0,0.0,0.0,2.2
compound,shield_repair,adaptive,phi_plus,radioml,6,300,0.34996349775881697,6.069152703433348e-10,0.0,0.02,2,0.0,0.918,20.74,38.38788224458482,0.32996349775881695,0.0,0.0033333333333333335,0.013333333333333334,0.0,0.0033333333333333335,0.0,2.2
compound,shield_repair,adaptive,phi_plus,radioml,7,300,0.37888087677650045,1.2644075284793725e-07,0.0,0.016666666666666666,2,0.0,0.922,21.1,39.723631706923975,0.3622142101098338,0.0,0.0,0.016666666666666666,0.0,0.0,0.0,2.2
compound,shield_repair,adaptive,phi_plus,radioml,8,300,0.3595833717765815,1.5098236464572273e-08,0.0,0.03333333333333333,12,0.0,0.9286666666666666,20.9,41.14213271054332,0.3262500384432482,0.0,0.0,0.03333333333333333,0.0,0.0,0.0,2.2
compound,shield_repair,adaptive,phi_plus,radioml,9,300,0.37677046913363904,1.3871615130012312e-07,0.0,0.02,1,0.0,0.9166666666666666,21.12,39.94056668570037,0.356770469133639,0.0,0.0,0.02,0.0,0.0,0.0,2.2
narrowband,heuristic,naive,phi,radioml,0,300,0.9934799991383666,0.9934799981032509,0.0,0.0,1,0.0,0.0,26.0,44.16666666666665,0.9934799991383666,0.0,0.0,0.0,0.0,0.0,0.0,3.5
narrowband,heuristic,naive,phi,radioml,1,300,0.9934799975574355,0.9934799966296911,0.0,0.0,1,0.0,0.0,26.0,44.16666666666665,0.9934799975574355,0.0,0.0,0.0,0.0,0.0,0.0,3.5
narrowband,heuristic,naive,phi,radioml,2,300,0.9934799992355436,0.9934799969082236,0.0,0.0,1,0.0,0.0,26.0,44.16666666666665,0.9934799992355436,0.0,0.0,0.0,0.0,0.0,0.0,3.5
narrowband,heuristic,naive,phi,radioml,3,300,0.9934799985751636,0.9934799981168557,0.0,0.0,1,0.0,0.0,26.0,44.16666666666665,0.9934799985751636,0.0,0.0,0.0,0.0,0.0,0.0,3.5
narrowband,heuristic,naive,phi,radioml,4,300,0.9901684482410862,0.9934799985363232,0.0,0.0,1,0.0,0.0,26.0,44.16666666666665,0.9901684482410862,0.0,0.0,0.0,0.0,0.0,0.0,3.5
narrowband,heuristic,naive,phi,radioml,5,300,0.9934799984087931,0.993479996319088,0.0,0.0,1,0.0,0.0,26.0,44.16666666666665,0.9934799984087931,0.0,0.0,0.0,0.0,0.0,0.0,3.5
narrowband,heuristic,naive,phi,radioml,6,300,0.9934799983188931,0.9934799974176785,0.0,0.0,1,0.0,0.0,26.0,44.16666666666665,0.9934799983188931,0.0,0.0,0.0,0.0,0.0,0.0,3.5
narrowband,heuristic,naive,phi,radioml,7,300,0.9934799988811979,0.9934799979528288,0.0,0.0,1,0.0,0.0,26.0,44.16666666666665,0.9934799988811979,0.0,0.0,0.0,0.0,0.0,0.0,3.5
narrowband,heuristic,naive,phi,radioml,8,300,0.9901684717173986,0.9934799976353959,0.0,0.0,1,0.0,0.0,26.0,44.16666666666665,0.9901684717173986,0.0,0.0,0.0,0.0,0.0,0.0,3.5
narrowband,heuristic,naive,phi,radioml,9,300,0.9934799994701681,0.9934799986531602,0.0,0.0,1,0.0,0.0,26.0,44.16666666666665,0.9934799994701681,0.0,0.0,0.0,0.0,0.0,0.0,3.5
narrowband,greedy_twin,naive,phi,radioml,0,300,0.9895186449343919,0.9934699870402173,0.21333333333333335,0.2733333333333333,1,0.0,0.0,26.72,37.77103827360337,0.7161853116010585,0.09,0.14666666666666667,0.07666666666666666,0.0,0.0,0.006666666666666667,3.5
narrowband,greedy_twin,naive,phi,radioml,1,300,0.9928298908631447,0.9934758527021049,0.20666666666666667,0.28,1,0.0,0.0,27.066666666666666,53.154411562647205,0.7128298908631446,0.08333333333333333,0.15333333333333332,0.06,0.0,0.0,0.03666666666666667,3.5
narrowband,greedy_twin,naive,phi,radioml,2,300,0.9927653219674596,0.993476243015856,0.22666666666666666,0.33666666666666667,1,0.0,0.0,27.336666666666666,44.54692590612667,0.6560986553007929,0.07666666666666666,0.19666666666666666,0.05333333333333334,0.0,0.0,0.09333333333333334,3.5
narrowband,greedy_twin,naive,phi,radioml,3,300,0.9932133431608107,0.9934753416059843,0.17333333333333334,0.22333333333333333,1,0.0,0.0,26.85,46.71196902807255,0.7698800098274773,0.043333333333333335,0.14333333333333334,0.04666666666666667,0.0,0.0,0.013333333333333334,3.5
narrowband,greedy_twin,naive,phi,radioml,4,300,0.9927650041604166,0.9934698114262652,0.26,0.32,1,0.0,0.0,27.206666666666667,46.721491204704535,0.6727650041604166,0.08,0.15,0.11333333333333333,0.0,0.0,0.05,3.5
narrowband,greedy_twin,naive,phi,radioml,5,300,0.9928949249319281,0.9934669952659371,0.23666666666666666,0.30333333333333334,1,0.0,0.0,26.936666666666667,42.50826397674447,0.6895615915985945,0.10666666666666667,0.14333333333333334,0.08666666666666667,0.0,0.0,0.04,3.5
narrowband,greedy_twin,naive,phi,radioml,6,300,0.9920709304999102,0.9934645300583747,0.19333333333333333,0.24,1,0.0,0.0,27.073333333333334,41.216490972688675,0.7520709304999103,0.07,0.14,0.06333333333333334,0.0,0.0,0.04,3.5
narrowband,greedy_twin,naive,phi,radioml,7,300,0.9930900559810095,0.9934777364708586,0.23333333333333334,0.32,1,0.0,0.0,27.323333333333334,45.7333882057189,0.6730900559810096,0.06666666666666667,0.17,0.07,0.0,0.0,0.06666666666666667,3.5
narrowband,greedy_twin,naive,phi,radioml,8,300,0.9925669923683847,0.9933128574205033,0.24333333333333335,0.2966666666666667,1,0.0,0.0,27.446666666666665,43.197620834792346,0.695900325701718,0.08333333333333333,0.18,0.07,0.0,0.0,0.03666666666666667,3.5
narrowband,greedy_twin,naive,phi,radioml,9,300,0.9928302886675118,0.9934783258730022,0.26666666666666666,0.3566666666666667,1,0.0,0.0,27.336666666666666,44.05357336800941,0.6361636220008452,0.1,0.17,0.07666666666666666,0.0,0.0,0.1,3.5
narrowband,shield_filter,naive,phi,radioml,0,300,0.9852329294261447,0.9934754458326881,0.0,0.07333333333333333,1,0.0033333333333333335,0.0,26.12,37.68108091806573,0.9118995960928113,0.0,0.07333333333333333,0.0,0.0,0.0,0.0,3.5
narrowband,shield_filter,naive,phi,radioml,1,300,0.9871338967006996,0.993477784481359,0.0,0.08,1,0.0,0.0,26.16,38.75045584595209,0.9071338967006997,0.0,0.08,0.0,0.0,0.0,0.0,3.5
narrowband,shield_filter,naive,phi,radioml,2,300,0.9894031586678967,0.9934786544046216,0.0,0.07666666666666666,1,0.0,0.0,26.2,40.87682283025519,0.9127364920012301,0.0,0.07666666666666666,0.0,0.0,0.0,0.0,3.5
narrowband,shield_filter,naive,phi,radioml,3,300,0.9878886983747815,0.993471435883407,0.0,0.06333333333333334,1,0.0,0.0,25.97,38.7813839431286,0.9245553650414483,0.0,0.06333333333333334,0.0,0.0,0.0,0.0,3.5
narrowband,shield_filter,naive,phi,radioml,4,300,0.9892572081083262,0.9934761330020996,0.0,0.05333333333333334,1,0.0033333333333333335,0.0,26.34,41.42867378030843,0.9359238747749928,0.0,0.05333333333333334,0.0,0.0,0.0,0.0,3.5
narrowband,shield_filter,naive,phi,radioml,5,300,0.9876988724465665,0.9934632600686902,0.0,0.056666666666666664,1,0.0,0.0,26.19,39.58579000478635,0.9310322057798999,0.0,0.056666666666666664,0.0,0.0,0.0,0.0,3.5
narrowband,shield_filter,naive,phi,radioml,6,300,0.9886090341495338,0.993478150677432,0.0,0.05,1,0.0,0.0,26.22,37.811818427767165,0.9386090341495337,0.0,0.05,0.0,0.0,0.0,0.0,3.5
narrowband,shield_filter,naive,phi,radioml,7,300,0.9891290175296731,0.9934775956755405,0.0,0.08333333333333333,1,0.0033333333333333335,0.0,26.45,42.95047134843976,0.9057956841963399,0.0,0.08333333333333333,0.0,0.0,0.0,0.0,3.5
narrowband,shield_filter,naive,phi,radioml,8,300,0.9884654150990638,0.9934744182685492,0.0,0.07,1,0.0,0.0,26.27,41.950391611639745,0.9184654150990639,0.0,0.07,0.0,0.0,0.0,0.0,3.5
narrowband,shield_filter,naive,phi,radioml,9,300,0.9893235601855391,0.9934793891043502,0.0,0.04,1,0.0,0.0,26.22,43.85694005139746,0.9493235601855391,0.0,0.04,0.0,0.0,0.0,0.0,3.5
narrowband,shield_repair,naive,phi,radioml,0,300,0.9895833849746369,0.9934716356279869,0.0,0.09,1,0.0,0.3426666666666667,26.25,36.639528114027755,0.8995833849746369,0.0,0.09,0.0,0.0,0.0,0.0,3.5
narrowband,shield_repair,naive,phi,radioml,1,300,0.9932197040947495,0.9934782953173791,0.0,0.08,1,0.0,0.362,26.17,39.43727954360448,0.9132197040947494,0.0,0.08,0.0,0.0,0.0,0.0,3.5
narrowband,shield_repair,naive,phi,radioml,2,300,0.9928304968284666,0.9934778460884862,0.0,0.07666666666666666,1,0.0,0.35533333333333333,26.4,42.12293348430418,0.9161638301617999,0.0,0.07666666666666666,0.0,0.0,0.0,0.0,3.5
narrowband,shield_repair,naive,phi,radioml,3,300,0.9929562942804421,0.993468414064862,0.0,0.07,1,0.0,0.356,26.19,44.32947936110478,0.9229562942804422,0.0,0.07,0.0,0.0,0.0,0.0,3.5
narrowband,shield_repair,naive,phi,radioml,4,300,0.9927654490512142,0.9934738713044174,0.0,0.07333333333333333,1,0.0,0.36133333333333334,26.5,45.47597252683913,0.9194321157178809,0.0,0.07333333333333333,0.0,0.0,0.0,0.0,3.5
narrowband,shield_repair,naive,phi,radioml,5,300,0.9929599836980704,0.993472064511229,0.0,0.06666666666666667,1,0.0,0.368,26.19,43.18668269345252,0.9262933170314037,0.0,0.06666666666666667,0.0,0.0,0.0,0.0,3.5
narrowband,shield_repair,naive,phi,radioml,6,300,0.992894963416572,0.9934760724792315,0.0,0.05333333333333334,1,0.0,0.33866666666666667,26.44,41.18582105828709,0.9395616300832387,0.0,0.05333333333333334,0.0,0.0,0.0,0.0,3.5
narrowband,shield_repair,naive,phi,radioml,7,300,0.9928951069818918,0.9934770805181206,0.0,0.07333333333333333,1,0.0,0.3606666666666667,26.46,41.90522510847021,0.9195617736485584,0.0,0.07333333333333333,0.0,0.0,0.0,0.0,3.5
narrowband,shield_repair,naive,phi,radioml,8,300,0.9928915827510286,0.9934711522565189,0.0,0.07666666666666666,1,0.0,0.3586666666666667,26.34,41.418068814039245,0.916224916084362,0.0,0.07666666666666666,0.0,0.0,0.0,0.0,3.5
narrowband,shield_repair,naive,phi,radioml,9,300,0.9928302743790858,0.9934775536799131,0.0,0.06333333333333334,1,0.0,0.35733333333333334,26.49,45.29476767574745,0.9294969410457522,0.0,0.06333333333333334,0.0,0.0,0.0,0.0,3.5
wideband,heuristic,naive,phi,radioml,0,300,0.815869721618104,2.7204265721494265e-08,0.0,0.0,1,0.0,0.0,26.0,44.16666666666665,0.815869721618104,0.0,0.0,0.0,0.0,0.0,0.0,3.5
wideband,heuristic,naive,phi,radioml,1,300,0.8472466604360632,4.7401291229518174e-07,0.0,0.0,1,0.0,0.0,26.0,44.16666666666665,0.8472466604360632,0.0,0.0,0.0,0.0,0.0,0.0,3.5
wideband,heuristic,naive,phi,radioml,2,300,0.8172965371416668,1.0944810193746748e-07,0.0,0.0,2,0.0,0.0,26.0,44.16666666666665,0.8172965371416668,0.0,0.0,0.0,0.0,0.0,0.0,3.5
wideband,heuristic,naive,phi,radioml,3,300,0.8389969893182297,5.81066966886732e-08,0.0,0.0,2,0.0,0.0,26.0,44.16666666666665,0.8389969893182297,0.0,0.0,0.0,0.0,0.0,0.0,3.5
wideband,heuristic,naive,phi,radioml,4,300,0.7879427905763405,1.0058369302882466e-07,0.0,0.0,2,0.0,0.0,26.0,44.16666666666665,0.7879427905763405,0.0,0.0,0.0,0.0,0.0,0.0,3.5
wideband,heuristic,naive,phi,radioml,5,300,0.8066757024945899,4.1884870634344184e-08,0.0,0.0,1,0.0,0.0,26.0,44.16666666666665,0.8066757024945899,0.0,0.0,0.0,0.0,0.0,0.0,3.5
wideband,heuristic,naive,phi,radioml,6,300,0.8286580408670443,1.989089726777392e-06,0.0,0.0,2,0.0,0.0,26.0,44.16666666666665,0.8286580408670443,0.0,0.0,0.0,0.0,0.0,0.0,3.5
wideband,heuristic,naive,phi,radioml,7,300,0.8270460293297544,7.345857782637262e-07,0.0,0.0,1,0.0,0.0,26.0,44.16666666666665,0.8270460293297544,0.0,0.0,0.0,0.0,0.0,0.0,3.5
wideband,heuristic,naive,phi,radioml,8,300,0.8165649624168724,5.602021376461275e-08,0.0,0.0,1,0.0,0.0,26.0,44.16666666666665,0.8165649624168724,0.0,0.0,0.0,0.0,0.0,0.0,3.5
wideband,heuristic,naive,phi,radioml,9,300,0.8009100434247765,4.6223378320745706e-08,0.0,0.0,2,0.0,0.0,26.0,44.16666666666665,0.8009100434247765,0.0,0.0,0.0,0.0,0.0,0.0,3.5
wideband,greedy_twin,naive,phi,radioml,0,300,0.8584164279235874,7.727906098270682e-07,0.35,0.7566666666666667,2,0.0,0.0,29.0,38.56233578888458,0.1017497612569208,0.12,0.4,0.1,0.0,0.0,0.6166666666666667,3.5
wideband,greedy_twin,naive,phi,radioml,1,300,0.83937621203337,3.017529126057388e-08,0.34,0.68,1,0.0,0.0,28.94333333333333,52.82047419674316,0.15937621203336996,0.11666666666666667,0.38666666666666666,0.08666666666666667,0.0,0.0,0.5433333333333333,3.5
wideband,greedy_twin,naive,phi,radioml,2,300,0.829885782482663,5.637717053773021e-10,0.34,0.6666666666666666,1,0.0,0.0,28.94,44.53041372065173,0.16321911581599635,0.09666666666666666,0.37333333333333335,0.07333333333333333,0.0,0.0,0.54,3.5
wideband,greedy_twin,naive,phi,radioml,3,300,0.8563913056253059,1.355866345857248e-08,0.32,0.6533333333333333,2,0.0,0.0,28.936666666666667,47.79459464228729,0.20305797229197248,0.07333333333333333,0.35333333333333333,0.08666666666666667,0.0,0.0,0.5633333333333334,3.5
wideband,greedy_twin,naive,phi,radioml,4,300,0.8400934560127248,1.874806921855206e-08,0.37666666666666665,0.6866666666666666,1,0.0,0.0,28.836666666666666,52.87645320473835,0.1534267893460581,0.09,0.3333333333333333,0.12333333333333334,0.0,0.0,0.5433333333333333,3.5
wideband,greedy_twin,naive,phi,radioml,5,300,0.861777638219597,1.162337012725011e-08,0.4066666666666667,0.7833333333333333,4,0.0,0.0,29.333333333333332,44.701585991652514,0.07844430488626356,0.13333333333333333,0.39,0.09666666666666666,0.0,0.0,0.65,3.5
wideband,greedy_twin,naive,phi,radioml,6,300,0.846787587026989,9.271752123205649e-08,0.35333333333333333,0.6833333333333333,2,0.0,0.0,29.113333333333333,41.53993276229288,0.16345425369365565,0.10333333333333333,0.34,0.1,0.0,0.0,0.54,3.5
wideband,greedy_twin,naive,phi,radioml,7,300,0.8483022740205698,1.1561263796812128e-08,0.36666666666666664,0.67,2,0.0,0.0,29.0,45.72906156987707,0.17830227402056978,0.10333333333333333,0.3466666666666667,0.056666666666666664,0.0,0.0033333333333333335,0.58,3.5
wideband,greedy_twin,naive,phi,radioml,8,300,0.8855783384062292,1.2573768513319848e-05,0.37666666666666665,0.7666666666666667,1,0.0,0.0,29.55,43.476419366488855,0.11891167173956257,0.1,0.41333333333333333,0.09,0.0,0.0033333333333333335,0.65,3.5
wideband,greedy_twin,naive,phi,radioml,9,300,0.8670186230038506,4.0769211439846406e-08,0.4,0.75,1,0.0,0.0,29.423333333333332,47.94212974778636,0.11701862300385052,0.12,0.37,0.09666666666666666,0.0,0.0,0.62,3.5
wideband,shield_filter,naive,phi,radioml,0,300,0.7925174767397092,1.118828440767223e-09,0.0,0.18333333333333332,1,0.0033333333333333335,0.0,26.91,37.34532659270926,0.609184143406376,0.0,0.18333333333333332,0.0,0.0,0.0,0.0,3.5
wideband,shield_filter,naive,phi,radioml,1,300,0.7687187328866452,3.600467668194624e-09,0.0,0.17,2,0.0,0.0,26.84,38.403485424593654,0.5987187328866452,0.0,0.17,0.0,0.0,0.0,0.0,3.5
wideband,shield_filter,naive,phi,radioml,2,300,0.7678051151639332,1.084193424371324e-11,0.0,0.13666666666666666,1,0.0,0.0,26.72,40.860457870260916,0.6311384484972666,0.0,0.13666666666666666,0.0,0.0,0.0,0.0,3.5
wideband,shield_filter,naive,phi,radioml,3,300,0.778866660145673,1.6327151597145995e-11,0.0,0.15,2,0.01,0.0,26.82,39.85841914139962,0.6288666601456729,0.0,0.15,0.0,0.0,0.0,0.0,3.5
wideband,shield_filter,naive,phi,radioml,4,300,0.7587419767409607,4.386052676126754e-10,0.0,0.13333333333333333,1,0.0033333333333333335,0.0,26.74,41.429939213916526,0.6254086434076273,0.0,0.12666666666666668,0.0,0.0,0.01,0.0,3.5
wideband,shield_filter,naive,phi,radioml,5,300,0.7566541911872557,1.1846296826109688e-09,0.0,0.13,4,0.0,0.0,26.8,39.59529294102556,0.6266541911872557,0.0,0.12666666666666668,0.0,0.0,0.0033333333333333335,0.0,3.5
wideband,shield_filter,naive,phi,radioml,6,300,0.7595751642192577,5.081864525234074e-10,0.0,0.1,2,0.0033333333333333335,0.0,26.82,37.81039578638248,0.6595751642192578,0.0,0.1,0.0,0.0,0.0,0.0,3.5
wideband,shield_filter,naive,phi,radioml,7,300,0.7742551457906425,2.242189590575576e-09,0.0,0.13333333333333333,2,0.0033333333333333335,0.0,26.89,42.95126279561586,0.6409218124573092,0.0,0.12666666666666668,0.0,0.0,0.01,0.0,3.5
wideband,shield_filter,naive,phi,radioml,8,300,0.7547015972571939,2.58979149959482e-10,0.0,0.14666666666666667,1,0.006666666666666667,0.0,26.82,41.935833446593946,0.6080349305905272,0.0,0.14666666666666667,0.0,0.0,0.0,0.0,3.5
wideband,shield_filter,naive,phi,radioml,9,300,0.7436629855696627,4.021410493329376e-10,0.0,0.11333333333333333,1,0.0033333333333333335,0.0,26.79,43.86839416943029,0.6303296522363295,0.0,0.11,0.0,0.0,0.0033333333333333335,0.0,3.5
wideband,shield_repair,naive,phi,radioml,0,300,0.8184559250849931,4.903691708851555e-09,0.0,0.20333333333333334,2,0.0,0.366,27.07,37.315117486234826,0.6151225917516598,0.0,0.20333333333333334,0.0,0.0,0.0,0.0,3.5
wideband,shield_repair,naive,phi,radioml,1,300,0.7715444396258042,2.607544167800224e-10,0.0,0.19,2,0.0,0.39466666666666667,26.83,39.11969147536641,0.5815444396258044,0.0,0.19,0.0,0.0,0.0033333333333333335,0.0,3.5
wideband,shield_repair,naive,phi,radioml,2,300,0.7513795603435928,1.3002735206413756e-11,0.0,0.16,1,0.0,0.38266666666666665,26.89,42.10639961930151,0.5913795603435927,0.0,0.15333333333333332,0.0,0.0,0.006666666666666667,0.0,3.5
wideband,shield_repair,naive,phi,radioml,3,300,0.8044970298431455,1.2319890228744942e-11,0.0,0.16666666666666666,2,0.0,0.38666666666666666,27.07,46.51697421631781,0.6378303631764789,0.0,0.16,0.0,0.0,0.01,0.0,3.5
wideband,shield_repair,naive,phi,radioml,4,300,0.761027356161074,2.77894164799947e-11,0.0,0.16333333333333333,1,0.0,0.39066666666666666,26.82,45.48136399390521,0.5976940228277406,0.0,0.15,0.0,0.0,0.016666666666666666,0.0,3.5
wideband,shield_repair,naive,phi,radioml,5,300,0.7644216819020958,1.7527272266900637e-10,0.0,0.15666666666666668,4,0.0,0.3953333333333333,26.86,43.26640004950053,0.6077550152354292,0.0,0.15333333333333332,0.0,0.0,0.01,0.0,3.5
wideband,shield_repair,naive,phi,radioml,6,300,0.756553369782893,8.48062324320104e-11,0.0,0.11666666666666667,2,0.0,0.38066666666666665,26.89,41.24427073714604,0.6398867031162264,0.0,0.10666666666666667,0.0,0.0,0.016666666666666666,0.0,3.5
wideband,shield_repair,naive,phi,radioml,7,300,0.7747843693307314,5.4452360082502764e-11,0.0,0.16333333333333333,2,0.0,0.38466666666666666,26.75,41.89608942489332,0.6114510359973979,0.0,0.15,0.0,0.0,0.02,0.0,3.5
wideband,shield_repair,naive,phi,radioml,8,300,0.7683103863557114,2.6355867564011486e-10,0.0,0.18333333333333332,1,0.0,0.3873333333333333,26.97,41.395426574248525,0.584977053022378,0.0,0.17333333333333334,0.0,0.0,0.01,0.0,3.5
wideband,shield_repair,naive,phi,radioml,9,300,0.7648192216716441,4.917929656823586e-10,0.0,0.12666666666666668,1,0.0,0.3893333333333333,27.14,45.355592727953244,0.6381525550049774,0.0,0.12,0.0,0.0,0.006666666666666667,0.0,3.5
bursty,heuristic,naive,phi,radioml,0,300,0.9874921168448886,0.9934798861719453,0.0,0.0,1,0.0,0.0,26.0,44.16666666666665,0.9874921168448886,0.0,0.0,0.0,0.0,0.0,0.0,3.5
bursty,heuristic,naive,phi,radioml,1,300,0.9933350945289021,0.9934799116787887,0.0,0.0,1,0.0,0.0,26.0,44.16666666666665,0.9933350945289021,0.0,0.0,0.0,0.0,0.0,0.0,3.5
bursty,heuristic,naive,phi,radioml,2,300,0.99347994574487,0.993479887137482,0.0,0.0,1,0.0,0.0,26.0,44.16666666666665,0.99347994574487,0.0,0.0,0.0,0.0,0.0,0.0,3.5
bursty,heuristic,naive,phi,radioml,3,300,0.9902598089405791,0.9934798920259353,0.0,0.0,1,0.0,0.0,26.0,44.16666666666665,0.9902598089405791,0.0,0.0,0.0,0.0,0.0,0.0,3.5
bursty,heuristic,naive,phi,radioml,4,300,0.993373196023366,0.9934799108720688,0.0,0.0,1,0.0,0.0,26.0,44.16666666666665,0.993373196023366,0.0,0.0,0.0,0.0,0.0,0.0,3.5
bursty,heuristic,naive,phi,radioml,5,300,0.9934797695091402,0.9934799211656893,0.0,0.0,1,0.0,0.0,26.0,44.16666666666665,0.9934797695091402,0.0,0.0,0.0,0.0,0.0,0.0,3.5
bursty,heuristic,naive,phi,radioml,6,300,0.9889440178120417,0.993479840386772,0.0,0.0,1,0.0,0.0,26.0,44.16666666666665,0.9889440178120417,0.0,0.0,0.0,0.0,0.0,0.0,3.5
bursty,heuristic,naive,phi,radioml,7,300,0.9933387204658042,0.9934798755667938,0.0,0.0,1,0.0,0.0,26.0,44.16666666666665,0.9933387204658042,0.0,0.0,0.0,0.0,0.0,0.0,3.5
bursty,heuristic,naive,phi,radioml,8,300,0.9915272391528613,0.9934798901836194,0.0,0.0,1,0.0,0.0,26.0,44.16666666666665,0.9915272391528613,0.0,0.0,0.0,0.0,0.0,0.0,3.5
bursty,heuristic,naive,phi,radioml,9,300,0.9919374894769362,0.9934798694227697,0.0,0.0,1,0.0,0.0,26.0,44.16666666666665,0.9919374894769362,0.0,0.0,0.0,0.0,0.0,0.0,3.5
bursty,greedy_twin,naive,phi,radioml,0,300,0.9906895162415933,0.974,0.2633333333333333,0.2733333333333333,1,0.0,0.0,26.43,43.18746551437937,0.7173561829082599,0.08333333333333333,0.13666666666666666,0.08333333333333333,0.0,0.0,0.006666666666666667,3.5
bursty,greedy_twin,naive,phi,radioml,1,300,0.9850900467581164,0.974,0.24666666666666667,0.26,1,0.0,0.0,26.206666666666667,42.072026580708155,0.7250900467581163,0.09,0.12333333333333334,0.07333333333333333,0.0,0.0,0.016666666666666666,3.5
bursty,greedy_twin,naive,phi,radioml,2,300,0.9842555837047899,0.974,0.25333333333333335,0.27666666666666667,1,0.0,0.0,26.2,40.29024306669371,0.7075889170381233,0.09333333333333334,0.15,0.07666666666666666,0.0,0.0,0.016666666666666666,3.5
bursty,greedy_twin,naive,phi,radioml,3,300,0.9865413390582551,0.9921306717448956,0.20333333333333334,0.21666666666666667,1,0.0,0.0,26.14,47.378754739731725,0.7698746723915885,0.09333333333333334,0.12,0.06333333333333334,0.0,0.0,0.006666666666666667,3.5
bursty,greedy_twin,naive,phi,radioml,4,300,0.9868320345113091,0.974,0.25333333333333335,0.2833333333333333,1,0.0,0.0,26.46,50.41757390229276,0.7034987011779755,0.08333333333333333,0.14666666666666667,0.08666666666666667,0.0,0.0,0.04666666666666667,3.5
bursty,greedy_twin,naive,phi,radioml,5,300,0.9892149979919624,0.974,0.2833333333333333,0.3,1,0.0,0.0,26.733333333333334,40.11130037736971,0.6892149979919625,0.07,0.16333333333333333,0.08333333333333333,0.0,0.0,0.02666666666666667,3.5
bursty,greedy_twin,naive,phi,radioml,6,300,0.9917401399687079,0.9932163258188146,0.25666666666666665,0.2833333333333333,1,0.0,0.0,26.453333333333333,48.4659234057183,0.7084068066353744,0.08,0.15666666666666668,0.07333333333333333,0.0,0.0,0.04666666666666667,3.5
bursty,greedy_twin,naive,phi,radioml,7,300,0.9907203372460597,0.974,0.24333333333333335,0.2633333333333333,1,0.0,0.0,26.27,45.25958324004453,0.7273870039127263,0.06666666666666667,0.13666666666666666,0.09,0.0,0.0,0.023333333333333334,3.5
bursty,greedy_twin,naive,phi,radioml,8,300,0.9922410498279517,0.974,0.22666666666666666,0.23666666666666666,1,0.0,0.0,26.343333333333334,47.445882718788084,0.7555743831612849,0.05333333333333334,0.14666666666666667,0.07,0.0,0.0,0.02,3.5
bursty,greedy_twin,naive,phi,radioml,9,300,0.9915375467299778,0.9739999999999999,0.2633333333333333,0.2866666666666667,1,0.0,0.0,26.496666666666666,39.80147465012047,0.704870880063311,0.09,0.15333333333333332,0.09,0.0,0.0,0.03,3.5
bursty,shield_filter,naive,phi,radioml,0,300,0.9820051248716999,0.9925280586018019,0.0,0.01,1,0.0,0.0,25.0,40.20364507353605,0.9720051248716999,0.0,0.01,0.0,0.0,0.0,0.0,3.5
bursty,shield_filter,naive,phi,radioml,1,300,0.9777926900562504,0.9739999999999679,0.0,0.01,1,0.0,0.0,25.05,37.43787687238525,0.9677926900562503,0.0,0.01,0.0,0.0,0.0,0.0,3.5
bursty,shield_filter,naive,phi,radioml,2,300,0.9818787997902728,0.9934683826397556,0.0,0.016666666666666666,1,0.0033333333333333335,0.0,24.81,40.22956382421603,0.9652121331236062,0.0,0.016666666666666666,0.0,0.0,0.0,0.0,3.5
bursty,shield_filter,naive,phi,radioml,3,300,0.9773551202947831,0.993260287412768,0.0,0.013333333333333334,1,0.0,0.0,24.92,39.76306897712299,0.9640217869614497,0.0,0.013333333333333334,0.0,0.0,0.0,0.0,3.5
bursty,shield_filter,naive,phi,radioml,4,300,0.9796247529647069,0.9934378941667572,0.0,0.013333333333333334,1,0.0,0.0,24.89,40.03884178079057,0.9662914196313734,0.0,0.013333333333333334,0.0,0.0,0.0,0.0,3.5
bursty,shield_filter,naive,phi,radioml,5,300,0.9814632848458757,0.9917935484215423,0.0,0.006666666666666667,1,0.0,0.0,24.9,39.7026358833885,0.974796618179209,0.0,0.006666666666666667,0.0,0.0,0.0,0.0,3.5
bursty,shield_filter,naive,phi,radioml,6,300,0.979480195490745,0.9934206648172468,0.0,0.016666666666666666,1,0.0033333333333333335,0.0,24.92,42.98186837886049,0.9628135288240783,0.0,0.016666666666666666,0.0,0.0,0.0,0.0,3.5
bursty,shield_filter,naive,phi,radioml,7,300,0.9820210870067642,0.9934037129524641,0.0,0.006666666666666667,1,0.0033333333333333335,0.0,24.94,39.143543357544566,0.9753544203400974,0.0,0.006666666666666667,0.0,0.0,0.0,0.0,3.5
bursty,shield_filter,naive,phi,radioml,8,300,0.9843353187940849,0.9926938889574737,0.0,0.0,1,0.0033333333333333335,0.0,24.81,38.076039233640294,0.9843353187940849,0.0,0.0,0.0,0.0,0.0,0.0,3.5
bursty,shield_filter,naive,phi,radioml,9,300,0.9839672827741442,0.9929747735553881,0.0,0.016666666666666666,1,0.0,0.0,25.06,40.438488300994614,0.9673006161074776,0.0,0.016666666666666666,0.0,0.0,0.0,0.0,3.5
bursty,shield_repair,naive,phi,radioml,0,300,0.9909455807006537,0.9928413420534257,0.0,0.02,1,0.0,0.36133333333333334,25.19,43.21228274954661,0.9709455807006537,0.0,0.02,0.0,0.0,0.0,0.0,3.5
bursty,shield_repair,naive,phi,radioml,1,300,0.9883348295643312,0.9934468561683721,0.0,0.02666666666666667,1,0.0,0.3566666666666667,24.99,39.48519263406735,0.9616681628976645,0.0,0.02666666666666667,0.0,0.0,0.0,0.0,3.5
bursty,shield_repair,naive,phi,radioml,2,300,0.9850996737154532,0.9842495085354974,0.0,0.07666666666666666,1,0.0,0.362,25.21,38.34908485361751,0.9084330070487867,0.0,0.07666666666666666,0.0,0.0,0.0,0.0,3.5
bursty,shield_repair,naive,phi,radioml,3,300,0.9802805285839633,0.9910912538949718,0.0,0.023333333333333334,1,0.0,0.3426666666666667,24.94,41.04286286709233,0.95694719525063,0.0,0.023333333333333334,0.0,0.0,0.0,0.0,3.5
bursty,shield_repair,naive,phi,radioml,4,300,0.9877407848363328,0.9739999999999992,0.0,0.03333333333333333,1,0.0,0.358,25.24,45.43389206572098,0.9544074515029994,0.0,0.03333333333333333,0.0,0.0,0.0,0.0,3.5
bursty,shield_repair,naive,phi,radioml,5,300,0.9896049304176587,0.9934562704260673,0.0,0.04,1,0.0,0.382,25.37,40.932409801292046,0.9496049304176588,0.0,0.04,0.0,0.0,0.0,0.0,3.5
bursty,shield_repair,naive,phi,radioml,6,300,0.9918049634345312,0.9933017293844718,0.0,0.02,1,0.0,0.364,25.0,40.81737607300099,0.9718049634345312,0.0,0.02,0.0,0.0,0.0,0.0,3.5
bursty,shield_repair,naive,phi,radioml,7,300,0.9910424960993302,0.9933536543635291,0.0,0.016666666666666666,1,0.0,0.354,24.89,39.719714177123905,0.9743758294326634,0.0,0.016666666666666666,0.0,0.0,0.0,0.0,3.5
bursty,shield_repair,naive,phi,radioml,8,300,0.9926275919312927,0.9932293864083083,0.0,0.02666666666666667,1,0.0,0.336,25.16,41.565557266136594,0.965960925264626,0.0,0.02666666666666667,0.0,0.0,0.0,0.0,3.5
bursty,shield_repair,naive,phi,radioml,9,300,0.9885376310421702,0.9739999999999136,0.0,0.05,1,0.0,0.3406666666666667,25.27,38.84068072704699,0.9385376310421703,0.0,0.05,0.0,0.0,0.0,0.0,3.5
backhaul,heuristic,naive,phi,radioml,0,300,0.9600990699034052,0.9140015977470194,0.0,0.0,1,0.0,0.0,26.0,44.16666666666665,0.9600990699034052,0.0,0.0,0.0,0.0,0.0,0.0,3.5
backhaul,heuristic,naive,phi,radioml,1,300,0.9571848617165303,0.9140015962654964,0.0,0.0,1,0.0,0.0,26.0,44.16666666666665,0.9571848617165303,0.0,0.0,0.0,0.0,0.0,0.0,3.5
backhaul,heuristic,naive,phi,radioml,2,300,0.960099067120013,0.914001593180764,0.0,0.0,1,0.0,0.0,26.0,44.16666666666665,0.960099067120013,0.0,0.0,0.0,0.0,0.0,0.0,3.5
backhaul,heuristic,naive,phi,radioml,3,300,0.9603639972214417,0.9140015979999202,0.0,0.0,1,0.0,0.0,26.0,44.16666666666665,0.9603639972214417,0.0,0.0,0.0,0.0,0.0,0.0,3.5
backhaul,heuristic,naive,phi,radioml,4,300,0.9600990693562945,0.9140015979473942,0.0,0.0,1,0.0,0.0,26.0,44.16666666666665,0.9600990693562945,0.0,0.0,0.0,0.0,0.0,0.0,3.5
backhaul,heuristic,naive,phi,radioml,5,300,0.9595692127551232,0.9140015980215559,0.0,0.0,1,0.0,0.0,26.0,44.16666666666665,0.9595692127551232,0.0,0.0,0.0,0.0,0.0,0.0,3.5
backhaul,heuristic,naive,phi,radioml,6,300,0.959834139916829,0.9140015956464097,0.0,0.0,1,0.0,0.0,26.0,44.16666666666665,0.959834139916829,0.0,0.0,0.0,0.0,0.0,0.0,3.5
backhaul,heuristic,naive,phi,radioml,7,300,0.9582445733132181,0.9140015960371437,0.0,0.0,1,0.0,0.0,26.0,44.16666666666665,0.9582445733132181,0.0,0.0,0.0,0.0,0.0,0.0,3.5
backhaul,heuristic,naive,phi,radioml,8,300,0.9632782047273258,0.914001596241794,0.0,0.0,1,0.0,0.0,26.0,44.16666666666665,0.9632782047273258,0.0,0.0,0.0,0.0,0.0,0.0,3.5
backhaul,heuristic,naive,phi,radioml,9,300,0.9632782047053237,0.914001596615192,0.0,0.0,1,0.0,0.0,26.0,44.16666666666665,0.9632782047053237,0.0,0.0,0.0,0.0,0.0,0.0,3.5
backhaul,greedy_twin,naive,phi,radioml,0,300,0.9612648124546112,0.9140015999942482,0.23333333333333334,0.3566666666666667,1,0.0,0.0,27.15,43.45490065889293,0.6045981457879445,0.05333333333333334,0.23666666666666666,0.08333333333333333,0.0,0.0,0.043333333333333335,3.5
backhaul,greedy_twin,naive,phi,radioml,1,300,0.9602600491402271,0.9140015999926306,0.25666666666666665,0.29333333333333333,1,0.0,0.0,26.86,39.48402839103179,0.6669267158068938,0.10333333333333333,0.13,0.08666666666666667,0.0,0.0,0.043333333333333335,3.5
backhaul,greedy_twin,naive,phi,radioml,2,300,0.9590713905920139,0.9140015999944396,0.23333333333333334,0.29,1,0.0,0.0,26.64666666666667,46.391673973233125,0.6690713905920138,0.09,0.15333333333333332,0.07666666666666666,0.0,0.0,0.006666666666666667,3.5
backhaul,greedy_twin,naive,phi,radioml,3,300,0.9596630722736226,0.9140015999943316,0.22333333333333333,0.2966666666666667,1,0.0,0.0,26.656666666666666,41.55364575974334,0.6629964056069559,0.056666666666666664,0.16333333333333333,0.08666666666666667,0.0,0.0,0.03,3.5
backhaul,greedy_twin,naive,phi,radioml,4,300,0.9590046024567032,0.9140015999935986,0.29333333333333333,0.3466666666666667,1,0.0,0.0,27.073333333333334,48.67277608099813,0.6123379357900366,0.06666666666666667,0.18,0.13333333333333333,0.0,0.0,0.03333333333333333,3.5
backhaul,greedy_twin,naive,phi,radioml,5,300,0.9575746978916557,0.9140015999897392,0.23333333333333334,0.27666666666666667,1,0.0,0.0,26.8,39.2483525609125,0.6809080312249891,0.10666666666666667,0.14333333333333334,0.07333333333333333,0.0,0.0,0.01,3.5
backhaul,greedy_twin,naive,phi,radioml,6,300,0.9601934802391672,0.9140015999960873,0.22333333333333333,0.31333333333333335,1,0.0,0.0,26.84,42.971342907270135,0.6468601469058338,0.06,0.15333333333333332,0.10333333333333333,0.0,0.0,0.08,3.5
backhaul,greedy_twin,naive,phi,radioml,7,300,0.9603146242714049,0.9140015999914197,0.27,0.29333333333333333,1,0.0,0.0,26.786666666666665,49.681191050314766,0.6669812909380713,0.08666666666666667,0.14333333333333334,0.1,0.0,0.0,0.0,3.5
backhaul,greedy_twin,naive,phi,radioml,8,300,0.9570448592241777,0.9140015999885513,0.24333333333333335,0.30666666666666664,1,0.0,0.0,27.083333333333332,41.90591606939187,0.650378192557511,0.08666666666666667,0.17333333333333334,0.09333333333333334,0.0,0.0,0.056666666666666664,3.5
backhaul,greedy_twin,naive,phi,radioml,9,300,0.96071998557206,0.9140015999912968,0.24666666666666667,0.32,1,0.0,0.0,26.883333333333333,43.00923384524488,0.6407199855720599,0.07333333333333333,0.18333333333333332,0.07666666666666666,0.0,0.0,0.043333333333333335,3.5
backhaul,shield_filter,naive,phi,radioml,0,300,0.9479530414133902,0.9140015999726305,0.0,0.11333333333333333,1,0.006666666666666667,0.0,25.79,37.109783927477274,0.8346197080800569,0.0,0.11333333333333333,0.0,0.0,0.0,0.0,3.5
backhaul,shield_filter,naive,phi,radioml,1,300,0.9477025561360866,0.9140015999757334,0.0,0.03666666666666667,1,0.02,0.0,25.78,40.88995045653802,0.9110358894694199,0.0,0.03666666666666667,0.0,0.0,0.0,0.0,3.5
backhaul,shield_filter,naive,phi,radioml,2,300,0.9507941800909719,0.9140015999845126,0.0,0.07333333333333333,1,0.006666666666666667,0.0,25.76,42.460327571517524,0.8774608467576386,0.0,0.07333333333333333,0.0,0.0,0.0,0.0,3.5
backhaul,shield_filter,naive,phi,radioml,3,300,0.9525113604985609,0.9140015999867426,0.0,0.07,1,0.006666666666666667,0.0,25.6,41.04101783581921,0.8825113604985608,0.0,0.07,0.0,0.0,0.0,0.0,3.5
backhaul,shield_filter,naive,phi,radioml,4,300,0.95304644594062,0.9140015999628919,0.0,0.05333333333333334,1,0.0,0.0,25.84,41.286378498969476,0.8997131126072867,0.0,0.05333333333333334,0.0,0.0,0.0,0.0,3.5
backhaul,shield_filter,naive,phi,radioml,5,300,0.947805565819718,0.9140015946564112,0.0,0.04,1,0.006666666666666667,0.0,25.73,40.616659759218905,0.9078055658197179,0.0,0.04,0.0,0.0,0.0,0.0,3.5
backhaul,shield_filter,naive,phi,radioml,6,300,0.9505552460411043,0.9140015972451276,0.0,0.056666666666666664,1,0.01,0.0,25.71,42.45282985174698,0.8938885793744377,0.0,0.056666666666666664,0.0,0.0,0.0,0.0,3.5
backhaul,shield_filter,naive,phi,radioml,7,300,0.9455689481964691,0.779199999112727,0.0,0.04,1,0.01,0.0,25.65,41.826888940521435,0.9055689481964692,0.0,0.04,0.0,0.0,0.0,0.0,3.5
backhaul,shield_filter,naive,phi,radioml,8,300,0.9496250857803878,0.9140015865708778,0.0,0.04,1,0.0033333333333333335,0.0,25.77,40.40651812335905,0.9096250857803879,0.0,0.04,0.0,0.0,0.0,0.0,3.5
backhaul,shield_filter,naive,phi,radioml,9,300,0.9494871033147164,0.9140015998341289,0.0,0.06,1,0.016666666666666666,0.0,25.51,39.248829252878174,0.8894871033147164,0.0,0.06,0.0,0.0,0.0,0.0,3.5
backhaul,shield_repair,naive,phi,radioml,0,300,0.9609113575986811,0.9140015929814013,0.0,0.14,1,0.0,0.3933333333333333,25.86,38.411921844626754,0.820911357598681,0.0,0.14,0.0,0.0,0.0,0.0,3.5
backhaul,shield_repair,naive,phi,radioml,1,300,0.9609135228844241,0.9140015952630415,0.0,0.06,1,0.0,0.4186666666666667,25.92,38.67269864648391,0.9009135228844241,0.0,0.06,0.0,0.0,0.0,0.0,3.5
backhaul,shield_repair,naive,phi,radioml,2,300,0.9594268201018273,0.9140015998530789,0.0,0.08666666666666667,1,0.0,0.42,26.04,45.379766147717746,0.8727601534351607,0.0,0.08666666666666667,0.0,0.0,0.0,0.0,3.5
backhaul,shield_repair,naive,phi,radioml,3,300,0.9591827599212682,0.9140015999171344,0.0,0.09,1,0.0,0.4013333333333333,25.85,41.31877834347858,0.8691827599212681,0.0,0.09,0.0,0.0,0.0,0.0,3.5
backhaul,shield_repair,naive,phi,radioml,4,300,0.9591182074836456,0.9140015683115243,0.0,0.07333333333333333,1,0.0,0.4246666666666667,25.91,41.17012790070726,0.8857848741503123,0.0,0.07333333333333333,0.0,0.0,0.0,0.0,3.5
backhaul,shield_repair,naive,phi,radioml,5,300,0.9589058223828275,0.9140015999637783,0.0,0.07333333333333333,1,0.0,0.39666666666666667,25.75,38.76768053990095,0.8855724890494943,0.0,0.07333333333333333,0.0,0.0,0.0,0.0,3.5
backhaul,shield_repair,naive,phi,radioml,6,300,0.9597209327162544,0.9140015574786297,0.0,0.07,1,0.0,0.4026666666666667,25.89,42.0388144942648,0.8897209327162543,0.0,0.07,0.0,0.0,0.0,0.0,3.5
backhaul,shield_repair,naive,phi,radioml,7,300,0.9600771031107149,0.9131050446113387,0.0,0.05333333333333334,1,0.0,0.412,25.8,42.23227543741681,0.9067437697773816,0.0,0.05333333333333334,0.0,0.0,0.0,0.0,3.5
backhaul,shield_repair,naive,phi,radioml,8,300,0.9584926922114376,0.9140015999769785,0.0,0.05333333333333334,1,0.0,0.4106666666666667,25.84,41.22939542831163,0.9051593588781043,0.0,0.05333333333333334,0.0,0.0,0.0,0.0,3.5
backhaul,shield_repair,naive,phi,radioml,9,300,0.9610895824631704,0.9140015998341289,0.0,0.09666666666666666,2,0.0,0.38,25.92,40.05810436387051,0.8644229157965038,0.0,0.09666666666666666,0.0,0.0,0.0,0.0,3.5
compromised_xapp,heuristic,naive,phi,radioml,0,300,0.9934799995980785,0.9934799993295406,0.0,0.0,1,0.0,0.0,26.0,44.16666666666665,0.9934799995980785,0.0,0.0,0.0,0.0,0.0,0.0,3.5
compromised_xapp,heuristic,naive,phi,radioml,1,300,0.9934799998180679,0.9934799995723044,0.0,0.0,1,0.0,0.0,26.0,44.16666666666665,0.9934799998180679,0.0,0.0,0.0,0.0,0.0,0.0,3.5
compromised_xapp,heuristic,naive,phi,radioml,2,300,0.9934799994110642,0.9934799982951077,0.0,0.0,1,0.0,0.0,26.0,44.16666666666665,0.9934799994110642,0.0,0.0,0.0,0.0,0.0,0.0,3.5
compromised_xapp,heuristic,naive,phi,radioml,3,300,0.9934221835507082,0.9934799985270052,0.0,0.0,1,0.0,0.0,26.0,44.16666666666665,0.9934221835507082,0.0,0.0,0.0,0.0,0.0,0.0,3.5
compromised_xapp,heuristic,naive,phi,radioml,4,300,0.9934799995515259,0.9934799992640235,0.0,0.0,1,0.0,0.0,26.0,44.16666666666665,0.9934799995515259,0.0,0.0,0.0,0.0,0.0,0.0,3.5
compromised_xapp,heuristic,naive,phi,radioml,5,300,0.9934081667614159,0.9934799988674683,0.0,0.0,1,0.0,0.0,26.0,44.16666666666665,0.9934081667614159,0.0,0.0,0.0,0.0,0.0,0.0,3.5
compromised_xapp,heuristic,naive,phi,radioml,6,300,0.9934799997333107,0.9934799993263503,0.0,0.0,1,0.0,0.0,26.0,44.16666666666665,0.9934799997333107,0.0,0.0,0.0,0.0,0.0,0.0,3.5
compromised_xapp,heuristic,naive,phi,radioml,7,300,0.9934799996722965,0.9934799989075106,0.0,0.0,1,0.0,0.0,26.0,44.16666666666665,0.9934799996722965,0.0,0.0,0.0,0.0,0.0,0.0,3.5
compromised_xapp,heuristic,naive,phi,radioml,8,300,0.9934678737614888,0.9934799994934659,0.0,0.0,1,0.0,0.0,26.0,44.16666666666665,0.9934678737614888,0.0,0.0,0.0,0.0,0.0,0.0,3.5
compromised_xapp,heuristic,naive,phi,radioml,9,300,0.9930222082064707,0.9934799994950234,0.0,0.0,1,0.0,0.0,26.0,44.16666666666665,0.9930222082064707,0.0,0.0,0.0,0.0,0.0,0.0,3.5
compromised_xapp,greedy_twin,naive,phi,radioml,0,300,0.9924045340613395,0.974,0.4066666666666667,0.5133333333333333,1,0.0,0.0,28.053333333333335,45.18585833093256,0.4790712007280061,0.12333333333333334,0.20333333333333334,0.15333333333333332,0.0,0.0,0.22,3.5
compromised_xapp,greedy_twin,naive,phi,radioml,1,300,0.9923105107906414,0.974,0.3933333333333333,0.4633333333333333,1,0.0,0.0,27.8,42.118018261683204,0.5289771774573082,0.13333333333333333,0.18333333333333332,0.15,0.0,0.0,0.13333333333333333,3.5
compromised_xapp,greedy_twin,naive,phi,radioml,2,300,0.9929604221632724,0.993479597398642,0.4166666666666667,0.48333333333333334,1,0.0,0.0,27.85333333333333,49.51670854623852,0.5096270888299389,0.14,0.21,0.17333333333333334,0.0,0.0,0.11,3.5
compromised_xapp,greedy_twin,naive,phi,radioml,3,300,0.9928939582441179,0.9934764536845879,0.39666666666666667,0.4666666666666667,1,0.0,0.0,27.63,41.25936865190986,0.5262272915774512,0.13666666666666666,0.17666666666666667,0.15333333333333332,0.0,0.0,0.12,3.5
compromised_xapp,greedy_twin,naive,phi,radioml,4,300,0.9926355737038182,0.993471368671275,0.43666666666666665,0.55,1,0.0,0.0,28.12,42.18803077953124,0.44263557370381806,0.14666666666666667,0.24333333333333335,0.16,0.0,0.0,0.22333333333333333,3.5
compromised_xapp,greedy_twin,naive,phi,radioml,5,300,0.9928951471274807,0.9934768209381345,0.43666666666666665,0.5433333333333333,1,0.0,0.0,28.15,44.61063775328742,0.44956181379414734,0.13666666666666666,0.20666666666666667,0.13666666666666666,0.0,0.0,0.25666666666666665,3.5
compromised_xapp,greedy_twin,naive,phi,radioml,6,300,0.9925054254658819,0.992380849695546,0.43,0.52,1,0.0,0.0,28.29,50.57066500933682,0.4725054254658818,0.13666666666666666,0.22666666666666666,0.15666666666666668,0.0,0.0,0.21666666666666667,3.5
compromised_xapp,greedy_twin,naive,phi,radioml,7,300,0.9927655129123211,0.9934781409737561,0.44,0.5433333333333333,1,0.0,0.0,28.156666666666666,44.349846792423506,0.44943217957898773,0.17,0.22333333333333333,0.17,0.0,0.0,0.21,3.5
compromised_xapp,greedy_twin,naive,phi,radioml,8,300,0.9921806301500443,0.974,0.45666666666666667,0.5533333333333333,1,0.0,0.0,27.983333333333334,41.85383122239152,0.43884729681671103,0.17333333333333334,0.22333333333333333,0.18333333333333332,0.0,0.0,0.16,3.5
compromised_xapp,greedy_twin,naive,phi,radioml,9,300,0.9925056246303999,0.9924304396187171,0.4533333333333333,0.5733333333333334,1,0.0,0.0,28.13,44.42469289131906,0.4191722912970663,0.15333333333333332,0.24333333333333335,0.18333333333333332,0.0,0.0,0.22666666666666666,3.5
compromised_xapp,shield_filter,naive,phi,radioml,0,300,0.9567720549587557,0.7791999999999994,0.0,0.04666666666666667,1,0.02,0.0,26.34,39.13312465836299,0.910105388292089,0.0,0.02666666666666667,0.02,0.0,0.0,0.0,3.5
compromised_xapp,shield_filter,naive,phi,radioml,1,300,0.9518167228213507,0.7791999999999997,0.0,0.056666666666666664,1,0.02666666666666667,0.0,26.18,40.35575750617435,0.895150056154684,0.0,0.03666666666666667,0.02,0.0,0.0,0.0,3.5
compromised_xapp,shield_filter,naive,phi,radioml,2,300,0.9745145706413725,0.7792,0.0,0.09333333333333334,1,0.006666666666666667,0.0,26.52,41.10881961604048,0.8811812373080392,0.0,0.08,0.013333333333333334,0.0,0.0,0.0,3.5
compromised_xapp,shield_filter,naive,phi,radioml,3,300,0.9409233455166606,0.7732895834352336,0.0,0.11,1,0.04,0.0,26.17,41.72895853923696,0.8309233455166605,0.0,0.08666666666666667,0.023333333333333334,0.0,0.0,0.0,3.5
compromised_xapp,shield_filter,naive,phi,radioml,4,300,0.9514296994608838,0.7791999999999999,0.0,0.10666666666666667,1,0.02666666666666667,0.0,26.39,41.92594638821203,0.8447630327942172,0.0,0.09333333333333334,0.016666666666666666,0.0,0.0,0.0,3.5
compromised_xapp,shield_filter,naive,phi,radioml,5,300,0.9487894649948233,0.7791999999999948,0.0,0.03333333333333333,1,0.03,0.0,26.17,40.67786650658069,0.91545613166149,0.0,0.02666666666666667,0.01,0.0,0.0,0.0,3.5
compromised_xapp,shield_filter,naive,phi,radioml,6,300,0.9702631408550209,0.7792,0.0,0.07666666666666666,1,0.01,0.0,26.36,41.362945195494305,0.8935964741883542,0.0,0.056666666666666664,0.02,0.0,0.0,0.0,3.5
compromised_xapp,shield_filter,naive,phi,radioml,7,300,0.9532355554124482,0.7791999999999999,0.0,0.08666666666666667,1,0.023333333333333334,0.0,26.4,40.860154949285295,0.8665688887457815,0.0,0.06,0.02666666666666667,0.0,0.0,0.0,3.5
compromised_xapp,shield_filter,naive,phi,radioml,8,300,0.9701373586812815,0.7792,0.0,0.10333333333333333,1,0.006666666666666667,0.0,26.42,39.368016030219174,0.866804025347948,0.0,0.09666666666666666,0.006666666666666667,0.0,0.0,0.0,3.5
compromised_xapp,shield_filter,naive,phi,radioml,9,300,0.9255667025469999,0.31514162876064755,0.0,0.08666666666666667,1,0.05,0.0,25.85,40.4963615773026,0.8389000358803332,0.0,0.06333333333333334,0.023333333333333334,0.0,0.0,0.0,3.5
compromised_xapp,shield_repair,naive,phi,radioml,0,300,0.9927291917464377,0.9934765587517644,0.0,0.18,1,0.0,0.476,26.73,40.83802369527111,0.8127291917464377,0.0,0.06333333333333334,0.12333333333333334,0.0,0.0,0.0,3.5
compromised_xapp,shield_repair,naive,phi,radioml,1,300,0.9928267999195026,0.9934780874216036,0.0,0.14,1,0.0,0.4673333333333333,26.48,39.053761833039516,0.8528267999195026,0.0,0.056666666666666664,0.08666666666666667,0.0,0.0,0.0,3.5
compromised_xapp,shield_repair,naive,phi,radioml,2,300,0.9923759249472238,0.9934793597504726,0.0,0.18,1,0.0,0.49666666666666665,26.78,41.68744769474674,0.8123759249472238,0.0,0.1,0.08666666666666667,0.0,0.0,0.0,3.5
compromised_xapp,shield_repair,naive,phi,radioml,3,300,0.992827554156036,0.9934738254940566,0.0,0.14666666666666667,1,0.0,0.48533333333333334,26.73,43.9411857837481,0.8461608874893695,0.0,0.06666666666666667,0.08666666666666667,0.0,0.0,0.0,3.5
compromised_xapp,shield_repair,naive,phi,radioml,4,300,0.9930902740054444,0.9934795032234869,0.0,0.20333333333333334,1,0.0,0.4826666666666667,26.73,42.80551373052967,0.7897569406721108,0.0,0.10666666666666667,0.10666666666666667,0.0,0.0,0.0,3.5
compromised_xapp,shield_repair,naive,phi,radioml,5,300,0.9927004277201857,0.9934627551654484,0.0,0.12,1,0.0,0.48133333333333334,26.82,40.28590802259774,0.8727004277201856,0.0,0.023333333333333334,0.09666666666666666,0.0,0.0,0.0,3.5
compromised_xapp,shield_repair,naive,phi,radioml,6,300,0.9925056790360528,0.9924395140817435,0.0,0.20666666666666667,1,0.0,0.4633333333333333,26.83,46.03450312804895,0.7858390123693859,0.0,0.09,0.13333333333333333,0.0,0.0,0.0,3.5
compromised_xapp,shield_repair,naive,phi,radioml,7,300,0.9925703891315218,0.9934301670105955,0.0,0.16666666666666666,1,0.0,0.4726666666666667,26.82,42.023831833251236,0.8259037224648551,0.0,0.043333333333333335,0.12666666666666668,0.0,0.0,0.0,3.5
compromised_xapp,shield_repair,naive,phi,radioml,8,300,0.9925053780595499,0.9923784881040209,0.0,0.22333333333333333,1,0.0,0.4746666666666667,26.78,39.56379904568498,0.7691720447262166,0.0,0.13666666666666666,0.11666666666666667,0.0,0.0,0.0,3.5
compromised_xapp,shield_repair,naive,phi,radioml,9,300,0.9924402965503282,0.974,0.0,0.21333333333333335,1,0.0,0.494,26.74,42.821773272301954,0.7791069632169948,0.0,0.11,0.12,0.0,0.0,0.0,3.5
compound,heuristic,naive,phi,radioml,0,300,0.9103458326530715,0.03523571655216257,0.0,0.23666666666666666,1,0.0,0.0,26.0,44.16666666666665,0.6736791659864048,0.0,0.0,0.23666666666666666,0.0,0.0,0.0,3.5
compound,heuristic,naive,phi,radioml,1,300,0.9212515662608335,0.3831040355933441,0.0,0.22,1,0.0,0.0,26.0,44.16666666666665,0.7012515662608335,0.0,0.0,0.22,0.0,0.0,0.0,3.5
compound,heuristic,naive,phi,radioml,2,300,0.9289530678648165,0.9105934609254008,0.0,0.22,1,0.0,0.0,26.0,44.16666666666665,0.7089530678648165,0.0,0.0,0.22,0.0,0.0,0.0,3.5
compound,heuristic,naive,phi,radioml,3,300,0.8957731041069227,0.0001971676829169613,0.0,0.21,1,0.0,0.0,26.0,44.16666666666665,0.6857731041069229,0.0,0.0,0.21,0.0,0.0,0.0,3.5
compound,heuristic,naive,phi,radioml,4,300,0.9009502501085981,0.00604256857320764,0.0,0.23666666666666666,1,0.0,0.0,26.0,44.16666666666665,0.6642835834419314,0.0,0.0,0.23666666666666666,0.0,0.0,0.0,3.5
compound,heuristic,naive,phi,radioml,5,300,0.9081363155756466,0.0003438586684486682,0.0,0.22,1,0.0,0.0,26.0,44.16666666666665,0.6881363155756465,0.0,0.0,0.22,0.0,0.0,0.0,3.5
compound,heuristic,naive,phi,radioml,6,300,0.920899563815258,0.8625315616416224,0.0,0.24333333333333335,1,0.0,0.0,26.0,44.16666666666665,0.6775662304819247,0.0,0.0,0.24333333333333335,0.0,0.0,0.0,3.5
compound,heuristic,naive,phi,radioml,7,300,0.9248302590711014,0.9113636641438512,0.0,0.23,2,0.0,0.0,26.0,44.16666666666665,0.6948302590711014,0.0,0.0,0.23,0.0,0.0,0.0,3.5
compound,heuristic,naive,phi,radioml,8,300,0.9040354260463394,0.0003765283282142835,0.0,0.21333333333333335,1,0.0,0.0,26.0,44.16666666666665,0.6907020927130058,0.0,0.0,0.21333333333333335,0.0,0.0,0.0,3.5
compound,heuristic,naive,phi,radioml,9,300,0.9075754152322417,7.387834896931826e-05,0.0,0.2,1,0.0,0.0,26.0,44.16666666666665,0.7075754152322419,0.0,0.0,0.2,0.0,0.0,0.0,3.5
compound,greedy_twin,naive,phi,radioml,0,300,0.925519855437383,0.716816819079638,0.5266666666666666,0.7633333333333333,1,0.0,0.0,29.406666666666666,41.42017627985086,0.16218652210404969,0.14666666666666667,0.3333333333333333,0.3433333333333333,0.016666666666666666,0.0,0.62,3.5
compound,greedy_twin,naive,phi,radioml,1,300,0.9293788884903497,0.7168638660933543,0.5333333333333333,0.7833333333333333,2,0.0,0.0,29.476666666666667,42.41927245287778,0.14604555515701634,0.14333333333333334,0.32666666666666666,0.39666666666666667,0.016666666666666666,0.0,0.63,3.5
compound,greedy_twin,naive,phi,radioml,2,300,0.9311910742869848,0.7154977458047372,0.61,0.8333333333333334,1,0.0,0.0,29.836666666666666,48.30713334638094,0.09785774095365142,0.16333333333333333,0.36666666666666664,0.43,0.016666666666666666,0.0,0.6633333333333333,3.5
compound,greedy_twin,naive,phi,radioml,3,300,0.9218803718051299,0.7147183092891227,0.53,0.8266666666666667,1,0.0,0.0,29.513333333333332,44.502295460458114,0.09521370513846321,0.16,0.39,0.3566666666666667,0.006666666666666667,0.0,0.6266666666666667,3.5
compound,greedy_twin,naive,phi,radioml,4,300,0.9187194938330504,0.7157380579459889,0.5266666666666666,0.8166666666666667,1,0.0,0.0,29.356666666666666,42.11578302765424,0.10205282716638366,0.14333333333333334,0.3566666666666667,0.3933333333333333,0.0033333333333333335,0.0,0.67,3.5
compound,greedy_twin,naive,phi,radioml,5,300,0.9223469394173912,0.6951942992052916,0.5566666666666666,0.8466666666666667,1,0.0,0.0,29.813333333333333,39.01146339223292,0.0756802727507247,0.15333333333333332,0.45,0.32666666666666666,0.006666666666666667,0.0,0.7233333333333334,3.5
compound,greedy_twin,naive,phi,radioml,6,300,0.9301074874783846,0.7168499052091396,0.5366666666666666,0.8233333333333334,1,0.0,0.0,29.653333333333332,44.620408537958625,0.10677415414505122,0.12333333333333334,0.38,0.39666666666666667,0.02,0.0,0.6633333333333333,3.5
compound,greedy_twin,naive,phi,radioml,7,300,0.9408604275573127,0.7791999205047571,0.5533333333333333,0.8466666666666667,1,0.0,0.0,29.936666666666667,45.88533229331324,0.09419376089064593,0.17666666666666667,0.41333333333333333,0.34,0.006666666666666667,0.0,0.74,3.5
compound,greedy_twin,naive,phi,radioml,8,300,0.9194792252552478,0.5484009599998025,0.5666666666666667,0.8133333333333334,2,0.0,0.0,29.683333333333334,39.35125176356452,0.10614589192191469,0.18666666666666668,0.45,0.3566666666666667,0.016666666666666666,0.0,0.7166666666666667,3.5
compound,greedy_twin,naive,phi,radioml,9,300,0.9410748611937823,0.7791999937732851,0.6,0.8566666666666667,1,0.0,0.0,29.82,41.51465216322266,0.08440819452711541,0.18666666666666668,0.41,0.4266666666666667,0.0033333333333333335,0.0,0.7133333333333334,3.5
compound,shield_filter,naive,phi,radioml,0,300,0.7500570341423604,1.0575934355464864e-08,0.0,0.18666666666666668,1,0.10666666666666667,0.0,25.56,38.06373849045962,0.5633903674756937,0.0,0.05,0.15,0.0,0.006666666666666667,0.0,3.5
compound,shield_filter,naive,phi,radioml,1,300,0.7470894997767692,1.777599021149722e-08,0.0,0.2,2,0.12333333333333334,0.0,25.66,40.014157611355756,0.5470894997767692,0.0,0.02666666666666667,0.17,0.0,0.01,0.0,3.5
compound,shield_filter,naive,phi,radioml,2,300,0.7502204038598231,1.8983270478520185e-08,0.0,0.22666666666666666,1,0.1,0.0,25.79,43.79011076246422,0.5235537371931565,0.0,0.04,0.20333333333333334,0.0,0.0033333333333333335,0.0,3.5
compound,shield_filter,naive,phi,radioml,3,300,0.7611594013452593,9.65984191697847e-09,0.0,0.23666666666666666,1,0.08666666666666667,0.0,25.66,40.42202520144662,0.5244927346785926,0.0,0.08666666666666667,0.16333333333333333,0.0,0.0,0.0,3.5
compound,shield_filter,naive,phi,radioml,4,300,0.7457588919740203,1.3280852545613442e-09,0.0,0.21666666666666667,4,0.1,0.0,25.56,40.820264743858594,0.5290922253073537,0.0,0.07,0.17666666666666667,0.0,0.0033333333333333335,0.0,3.5
compound,shield_filter,naive,phi,radioml,5,300,0.7252986850354182,5.6827050030169525e-09,0.0,0.20666666666666667,1,0.11666666666666667,0.0,25.57,37.22989857593128,0.5186320183687515,0.0,0.11,0.11333333333333333,0.0,0.013333333333333334,0.0,3.5
compound,shield_filter,naive,phi,radioml,6,300,0.7426767651948792,1.9227478537250907e-08,0.0,0.23666666666666666,1,0.10333333333333333,0.0,25.88,44.0063697181767,0.5060100985282125,0.0,0.09,0.16666666666666666,0.0,0.0033333333333333335,0.0,3.5
compound,shield_filter,naive,phi,radioml,7,300,0.7671986816008449,2.7858087563614808e-08,0.0,0.21,1,0.09666666666666666,0.0,25.94,40.67876594233048,0.5571986816008451,0.0,0.09333333333333334,0.15,0.0,0.01,0.0,3.5
compound,shield_filter,naive,phi,radioml,8,300,0.7195318295360598,5.070894300285112e-09,0.0,0.21666666666666667,2,0.11333333333333333,0.0,25.59,39.8627934250652,0.5028651628693932,0.0,0.1,0.14666666666666667,0.0,0.01,0.0,3.5
compound,shield_filter,naive,phi,radioml,9,300,0.7184977842066239,1.8857668896107663e-08,0.0,0.24333333333333335,1,0.08666666666666667,0.0,25.63,40.42576404159275,0.4751644508732906,0.0,0.056666666666666664,0.18333333333333332,0.0,0.04,0.0,3.5
compound,shield_repair,naive,phi,radioml,0,300,0.8998769059087851,0.07077084560479827,0.0,0.3433333333333333,1,0.0,0.5313333333333333,27.34,39.872623035303775,0.5565435725754518,0.0,0.10666666666666667,0.29333333333333333,0.0,0.0,0.0,3.5
compound,shield_repair,naive,phi,radioml,1,300,0.9403653269265699,0.8898466018512784,0.0,0.37666666666666665,2,0.0,0.5593333333333333,27.41,41.257390347215164,0.5636986602599032,0.0,0.056666666666666664,0.3433333333333333,0.0,0.0,0.0,3.5
compound,shield_repair,naive,phi,radioml,2,300,0.9165356626443012,0.7168638300091843,0.0,0.38,1,0.0,0.5446666666666666,27.63,45.68658056313842,0.536535662644301,0.0,0.06333333333333334,0.35,0.0,0.0,0.0,3.5
compound,shield_repair,naive,phi,radioml,3,300,0.9220287248141725,0.7017171857575814,0.0,0.3566666666666667,1,0.0,0.5413333333333333,27.22,39.056318107041534,0.5653620581475061,0.0,0.13,0.2866666666666667,0.0,0.0,0.0,3.5
compound,shield_repair,naive,phi,radioml,4,300,0.9061920946422102,0.388742214736447,0.0,0.37,1,0.0,0.5406666666666666,27.19,38.27323963064836,0.5361920946422103,0.0,0.16,0.31333333333333335,0.0,0.0,0.0,3.5
compound,shield_repair,naive,phi,radioml,5,300,0.9307367079562002,0.7791258579955705,0.0,0.38666666666666666,1,0.0,0.5493333333333333,27.48,36.74431919966235,0.5440700412895336,0.0,0.20333333333333334,0.27666666666666667,0.0,0.0,0.0,3.5
compound,shield_repair,naive,phi,radioml,6,300,0.915101440151639,0.7157906348459673,0.0,0.4266666666666667,1,0.0,0.5446666666666666,27.47,43.94946166937382,0.4884347734849724,0.0,0.16333333333333333,0.3333333333333333,0.0,0.0,0.0,3.5
compound,shield_repair,naive,phi,radioml,7,300,0.915335013092842,0.6784924578330749,0.0,0.39,1,0.0,0.55,27.42,43.08646903746616,0.525335013092842,0.0,0.16666666666666666,0.2966666666666667,0.0,0.0,0.0,3.5
compound,shield_repair,naive,phi,radioml,8,300,0.9049380438039799,0.06246815926733129,0.0,0.43,2,0.0,0.5706666666666667,27.43,41.019474641926,0.47493804380397997,0.0,0.21333333333333335,0.31333333333333335,0.0,0.0,0.0,3.5
compound,shield_repair,naive,phi,radioml,9,300,0.9198969393828035,0.71686393132131,0.0,0.43,1,0.0,0.5533333333333333,27.47,39.12590824760961,0.48989693938280365,0.0,0.16666666666666666,0.38,0.0,0.0,0.0,3.5
narrowband,heuristic,adaptive,phi,radioml,0,300,0.9934799991383666,0.9934799981032509,0.0,0.0,1,0.0,0.0,26.0,44.16666666666665,0.9934799991383666,0.0,0.0,0.0,0.0,0.0,0.0,3.5
narrowband,heuristic,adaptive,phi,radioml,1,300,0.9934799975574355,0.9934799966296911,0.0,0.0,1,0.0,0.0,26.0,44.16666666666665,0.9934799975574355,0.0,0.0,0.0,0.0,0.0,0.0,3.5
narrowband,heuristic,adaptive,phi,radioml,2,300,0.9934799992355436,0.9934799969082236,0.0,0.0,1,0.0,0.0,26.0,44.16666666666665,0.9934799992355436,0.0,0.0,0.0,0.0,0.0,0.0,3.5
narrowband,heuristic,adaptive,phi,radioml,3,300,0.9934799985751636,0.9934799981168557,0.0,0.0,1,0.0,0.0,26.0,44.16666666666665,0.9934799985751636,0.0,0.0,0.0,0.0,0.0,0.0,3.5
narrowband,heuristic,adaptive,phi,radioml,4,300,0.9901684482410862,0.9934799985363232,0.0,0.0,1,0.0,0.0,26.0,44.16666666666665,0.9901684482410862,0.0,0.0,0.0,0.0,0.0,0.0,3.5
narrowband,heuristic,adaptive,phi,radioml,5,300,0.9934799984087931,0.993479996319088,0.0,0.0,1,0.0,0.0,26.0,44.16666666666665,0.9934799984087931,0.0,0.0,0.0,0.0,0.0,0.0,3.5
narrowband,heuristic,adaptive,phi,radioml,6,300,0.9934799983188931,0.9934799974176785,0.0,0.0,1,0.0,0.0,26.0,44.16666666666665,0.9934799983188931,0.0,0.0,0.0,0.0,0.0,0.0,3.5
narrowband,heuristic,adaptive,phi,radioml,7,300,0.9934799988811979,0.9934799979528288,0.0,0.0,1,0.0,0.0,26.0,44.16666666666665,0.9934799988811979,0.0,0.0,0.0,0.0,0.0,0.0,3.5
narrowband,heuristic,adaptive,phi,radioml,8,300,0.9901684717173986,0.9934799976353959,0.0,0.0,1,0.0,0.0,26.0,44.16666666666665,0.9901684717173986,0.0,0.0,0.0,0.0,0.0,0.0,3.5
narrowband,heuristic,adaptive,phi,radioml,9,300,0.9934799994701681,0.9934799986531602,0.0,0.0,1,0.0,0.0,26.0,44.16666666666665,0.9934799994701681,0.0,0.0,0.0,0.0,0.0,0.0,3.5
narrowband,greedy_twin,adaptive,phi,radioml,0,300,0.9852333356564195,0.9739999999786468,0.06,0.32,1,0.0,0.0,28.55666666666667,50.79639297730681,0.6652333356564193,0.03666666666666667,0.22333333333333333,0.016666666666666666,0.0,0.0,0.11,3.5
narrowband,greedy_twin,adaptive,phi,radioml,1,300,0.9861424813592105,0.9739999999995769,0.056666666666666664,0.31333333333333335,1,0.0,0.0,28.596666666666668,50.735262843225456,0.6728091480258771,0.023333333333333334,0.23333333333333334,0.03333333333333333,0.0,0.0,0.08333333333333333,3.5
narrowband,greedy_twin,adaptive,phi,radioml,2,300,0.9856878679274527,0.9739999999972572,0.03666666666666667,0.20666666666666667,1,0.0,0.0,28.466666666666665,51.019153794901584,0.779021201260786,0.023333333333333334,0.11,0.016666666666666666,0.0,0.0,0.07666666666666666,3.5
narrowband,greedy_twin,adaptive,phi,radioml,3,300,0.985687006185118,0.9739999999983614,0.08666666666666667,0.39,1,0.0,0.0,28.94333333333333,55.182603498393746,0.5956870061851179,0.05333333333333334,0.16333333333333333,0.03333333333333333,0.0,0.0,0.23,3.5
narrowband,greedy_twin,adaptive,phi,radioml,4,300,0.9857527555993173,0.9739999999993442,0.043333333333333335,0.21,1,0.0,0.0,28.6,52.825307698127624,0.7757527555993171,0.03333333333333333,0.14333333333333334,0.016666666666666666,0.0,0.0,0.05,3.5
narrowband,greedy_twin,adaptive,phi,radioml,5,300,0.9845188224784807,0.9739999999979003,0.06,0.2966666666666667,1,0.0,0.0,28.7,46.8023489575659,0.6878521558118139,0.02666666666666667,0.16666666666666666,0.023333333333333334,0.0,0.0,0.14333333333333334,3.5
narrowband,greedy_twin,adaptive,phi,radioml,6,300,0.9861424233025244,0.9739999999996101,0.05,0.23666666666666666,1,0.0,0.0,28.41,45.89787335365182,0.7494757566358579,0.03666666666666667,0.14666666666666667,0.013333333333333334,0.0,0.0,0.07333333333333333,3.5
narrowband,greedy_twin,adaptive,phi,radioml,7,300,0.9853619248839129,0.9739999999996787,0.06666666666666667,0.29,1,0.0,0.0,28.626666666666665,51.53750754439035,0.6953619248839129,0.04666666666666667,0.12666666666666668,0.023333333333333334,0.0,0.0,0.18333333333333332,3.5
narrowband,greedy_twin,adaptive,phi,radioml,8,300,0.9851682308260291,0.9739999999976102,0.04666666666666667,0.17333333333333334,1,0.0,0.0,28.66,53.320233427624416,0.8118348974926958,0.03,0.08666666666666667,0.0033333333333333335,0.0,0.0,0.07666666666666666,3.5
narrowband,greedy_twin,adaptive,phi,radioml,9,300,0.9856874825322236,0.9739999999998792,0.07,0.20666666666666667,1,0.0,0.0,28.716666666666665,54.93067679683122,0.7790208158655569,0.05,0.11,0.03,0.0,0.0,0.09,3.5
narrowband,shield_filter,adaptive,phi,radioml,0,300,0.9856878595897338,0.9739999999982981,0.0,0.24666666666666667,1,0.0,0.0,28.346666666666668,49.228146662670746,0.7390211929230671,0.0,0.20333333333333334,0.0,0.0,0.0,0.05,3.5
narrowband,shield_filter,adaptive,phi,radioml,1,300,0.9862074146799508,0.9739999999996171,0.0,0.26666666666666666,1,0.0,0.0,28.49,50.87236978024516,0.719540748013284,0.0,0.22666666666666666,0.0,0.0,0.0,0.056666666666666664,3.5
narrowband,shield_filter,adaptive,phi,radioml,2,300,0.9858177350267321,0.9739999999994979,0.0,0.17333333333333334,1,0.0,0.0,28.366666666666667,51.019153794901584,0.8124844016933988,0.0,0.1,0.0,0.0,0.0,0.07666666666666666,3.5
narrowband,shield_filter,adaptive,phi,radioml,3,300,0.9860116764815211,0.9739999999997565,0.0,0.22333333333333333,1,0.0,0.0,28.776666666666667,54.97723729919851,0.7626783431481878,0.0,0.13666666666666666,0.0,0.0,0.0,0.10333333333333333,3.5
narrowband,shield_filter,adaptive,phi,radioml,4,300,0.9859475210532158,0.9739999999994403,0.0,0.16333333333333333,1,0.0,0.0,28.49,52.82179441323576,0.8226141877198825,0.0,0.13666666666666666,0.0,0.0,0.0,0.02666666666666667,3.5
narrowband,shield_filter,adaptive,phi,radioml,5,300,0.9845837553391019,0.9739999999996461,0.0,0.18,1,0.0,0.0,28.506666666666668,46.79940060056762,0.804583755339102,0.0,0.14666666666666667,0.0,0.0,0.0,0.043333333333333335,3.5
narrowband,shield_filter,adaptive,phi,radioml,6,300,0.9863372252447262,0.973999999999947,0.0,0.17,1,0.0,0.0,28.376666666666665,45.83824951061113,0.8163372252447263,0.0,0.13666666666666666,0.0,0.0,0.0,0.03666666666666667,3.5
narrowband,shield_filter,adaptive,phi,radioml,7,300,0.9855567267847178,0.9739999999998821,0.0,0.16,1,0.0,0.0,28.493333333333332,51.53955093127681,0.8255567267847178,0.0,0.10666666666666667,0.0,0.0,0.0,0.08,3.5
narrowband,shield_filter,adaptive,phi,radioml,8,300,0.9854279641503481,0.9739999999989739,0.0,0.08333333333333333,1,0.0,0.0,28.56,53.31700675168286,0.9020946308170147,0.0,0.07333333333333333,0.0,0.0,0.0,0.02,3.5
narrowband,shield_filter,adaptive,phi,radioml,9,300,0.9860121411714404,0.9739999999999417,0.0,0.11666666666666667,1,0.0,0.0,28.573333333333334,54.82250038613369,0.869345474504774,0.0,0.09,0.0,0.0,0.0,0.02666666666666667,3.5
narrowband,shield_repair,adaptive,phi,radioml,0,300,0.9856226649054247,0.9739999999933434,0.0,0.25666666666666665,1,0.0,0.17066666666666666,28.293333333333333,49.15195770815328,0.728955998238758,0.0,0.20333333333333334,0.0,0.0,0.0,0.06,3.5
narrowband,shield_repair,adaptive,phi,radioml,1,300,0.986337225723945,0.9739999999993717,0.0,0.2633333333333333,1,0.0,0.17933333333333334,28.39,50.498601495268865,0.7230038923906117,0.0,0.22333333333333333,0.0,0.0,0.0,0.056666666666666664,3.5
narrowband,shield_repair,adaptive,phi,radioml,2,300,0.9857525629185199,0.973999999996115,0.0,0.18,1,0.0,0.168,28.21,50.90097424932594,0.8057525629185198,0.0,0.10333333333333333,0.0,0.0,0.0,0.08,3.5
narrowband,shield_repair,adaptive,phi,radioml,3,300,0.9858168460135,0.9739999999988088,0.0,0.25333333333333335,1,0.0,0.18066666666666667,28.703333333333333,50.202601646114736,0.7324835126801665,0.0,0.14666666666666667,0.0,0.0,0.0,0.12666666666666668,3.5
narrowband,shield_repair,adaptive,phi,radioml,4,300,0.9860124842271102,0.9739999999994187,0.0,0.16666666666666666,1,0.0,0.16666666666666666,28.47,53.309695137049495,0.8193458175604436,0.0,0.14,0.0,0.0,0.0,0.02666666666666667,3.5
narrowband,shield_repair,adaptive,phi,radioml,5,300,0.9849085572054681,0.9739999999864114,0.0,0.2,1,0.0,0.18466666666666667,28.35333333333333,45.041336706428964,0.784908557205468,0.0,0.15333333333333332,0.0,0.0,0.0,0.06,3.5
narrowband,shield_repair,adaptive,phi,radioml,6,300,0.9862722730629713,0.9739999999972485,0.0,0.16666666666666666,1,0.0,0.16066666666666668,28.296666666666667,45.83580941963048,0.8196056063963045,0.0,0.13666666666666666,0.0,0.0,0.0,0.03333333333333333,3.5
narrowband,shield_repair,adaptive,phi,radioml,7,300,0.9854267913199317,0.9739999999998383,0.0,0.16666666666666666,1,0.0,0.188,28.363333333333333,48.29495079441403,0.8187601246532649,0.0,0.10666666666666667,0.0,0.0,0.0,0.08666666666666667,3.5
narrowband,shield_repair,adaptive,phi,radioml,8,300,0.9852327051865122,0.9739999999927168,0.0,0.07666666666666666,1,0.0,0.17466666666666666,28.516666666666666,53.188317804165436,0.9085660385198455,0.0,0.07333333333333333,0.0,0.0,0.0,0.013333333333333334,3.5
narrowband,shield_repair,adaptive,phi,radioml,9,300,0.9861419550090511,0.9739999999998866,0.0,0.12,1,0.0,0.17733333333333334,28.403333333333332,53.71178369693174,0.8661419550090511,0.0,0.09,0.0,0.0,0.0,0.03,3.5
wideband,heuristic,adaptive,phi,radioml,0,300,0.815869721618104,2.7204265721494265e-08,0.0,0.0,1,0.0,0.0,26.0,44.16666666666665,0.815869721618104,0.0,0.0,0.0,0.0,0.0,0.0,3.5
wideband,heuristic,adaptive,phi,radioml,1,300,0.8472466604360632,4.7401291229518174e-07,0.0,0.0,1,0.0,0.0,26.0,44.16666666666665,0.8472466604360632,0.0,0.0,0.0,0.0,0.0,0.0,3.5
wideband,heuristic,adaptive,phi,radioml,2,300,0.8172965371416668,1.0944810193746748e-07,0.0,0.0,2,0.0,0.0,26.0,44.16666666666665,0.8172965371416668,0.0,0.0,0.0,0.0,0.0,0.0,3.5
wideband,heuristic,adaptive,phi,radioml,3,300,0.8389969893182297,5.81066966886732e-08,0.0,0.0,2,0.0,0.0,26.0,44.16666666666665,0.8389969893182297,0.0,0.0,0.0,0.0,0.0,0.0,3.5
wideband,heuristic,adaptive,phi,radioml,4,300,0.7879427905763405,1.0058369302882466e-07,0.0,0.0,2,0.0,0.0,26.0,44.16666666666665,0.7879427905763405,0.0,0.0,0.0,0.0,0.0,0.0,3.5
wideband,heuristic,adaptive,phi,radioml,5,300,0.8066757024945899,4.1884870634344184e-08,0.0,0.0,1,0.0,0.0,26.0,44.16666666666665,0.8066757024945899,0.0,0.0,0.0,0.0,0.0,0.0,3.5
wideband,heuristic,adaptive,phi,radioml,6,300,0.8286580408670443,1.989089726777392e-06,0.0,0.0,2,0.0,0.0,26.0,44.16666666666665,0.8286580408670443,0.0,0.0,0.0,0.0,0.0,0.0,3.5
wideband,heuristic,adaptive,phi,radioml,7,300,0.8270460293297544,7.345857782637262e-07,0.0,0.0,1,0.0,0.0,26.0,44.16666666666665,0.8270460293297544,0.0,0.0,0.0,0.0,0.0,0.0,3.5
wideband,heuristic,adaptive,phi,radioml,8,300,0.8165649624168724,5.602021376461275e-08,0.0,0.0,1,0.0,0.0,26.0,44.16666666666665,0.8165649624168724,0.0,0.0,0.0,0.0,0.0,0.0,3.5
wideband,heuristic,adaptive,phi,radioml,9,300,0.8009100434247765,4.6223378320745706e-08,0.0,0.0,2,0.0,0.0,26.0,44.16666666666665,0.8009100434247765,0.0,0.0,0.0,0.0,0.0,0.0,3.5
wideband,greedy_twin,adaptive,phi,radioml,0,300,0.899148485062462,0.0038296840484391,0.08333333333333333,0.63,1,0.0,0.0,29.38,54.412498400310255,0.2691484850624621,0.04,0.11,0.02,0.0,0.0,0.62,3.5
wideband,greedy_twin,adaptive,phi,radioml,1,300,0.8856405971676126,2.2089973830133542e-05,0.07666666666666666,0.6133333333333333,1,0.0,0.0,29.24,47.09889739744816,0.2723072638342791,0.02666666666666667,0.14666666666666667,0.023333333333333334,0.0,0.0,0.5433333333333333,3.5
wideband,greedy_twin,adaptive,phi,radioml,2,300,0.8831208516913432,8.453520413619219e-05,0.1,0.5966666666666667,1,0.0,0.0,29.216666666666665,52.40428706463391,0.28645418502467657,0.04,0.17333333333333334,0.043333333333333335,0.0,0.0,0.5266666666666666,3.5
wideband,greedy_twin,adaptive,phi,radioml,3,300,0.8877139117564076,3.0197484880594994e-05,0.1,0.6533333333333333,1,0.0,0.0,29.316666666666666,50.322211040271334,0.2343805784230741,0.04666666666666667,0.22333333333333333,0.03333333333333333,0.0,0.0,0.5666666666666667,3.5
wideband,greedy_twin,adaptive,phi,radioml,4,300,0.8954007002708317,4.291459096357737e-05,0.09666666666666666,0.6833333333333333,1,0.0,0.0,29.436666666666667,51.87112085757133,0.2120673669374983,0.05333333333333334,0.23333333333333334,0.023333333333333334,0.0,0.0,0.6333333333333333,3.5
wideband,greedy_twin,adaptive,phi,radioml,5,300,0.9050322613997397,0.0006908292607768505,0.05333333333333334,0.6466666666666666,1,0.0,0.0,29.256666666666668,44.3158127581046,0.2583655947330729,0.03333333333333333,0.16,0.016666666666666666,0.0,0.0,0.5666666666666667,3.5
wideband,greedy_twin,adaptive,phi,radioml,6,300,0.8976299428434338,1.9771360348503437e-06,0.05333333333333334,0.5133333333333333,1,0.0,0.0,28.99,48.74039650485293,0.3842966095101002,0.02666666666666667,0.24333333333333335,0.02,0.0,0.0,0.41333333333333333,3.5
wideband,greedy_twin,adaptive,phi,radioml,7,300,0.873712694833861,4.036035934257517e-05,0.09333333333333334,0.5833333333333334,2,0.0,0.0,29.196666666666665,50.505787644214045,0.29037936150052773,0.056666666666666664,0.17666666666666667,0.03,0.0,0.0,0.5066666666666667,3.5
wideband,greedy_twin,adaptive,phi,radioml,8,300,0.9252188772748142,0.4846280133283772,0.05333333333333334,0.6366666666666667,1,0.0,0.0,29.433333333333334,53.32403607960201,0.28855221060814756,0.02,0.17333333333333334,0.02,0.0,0.0,0.5633333333333334,3.5
wideband,greedy_twin,adaptive,phi,radioml,9,300,0.8963571170484911,0.0003993632206039039,0.06,0.6433333333333333,1,0.0,0.0,29.31,49.44513867972373,0.2530237837151576,0.03666666666666667,0.2,0.023333333333333334,0.0,0.0,0.5533333333333333,3.5
wideband,shield_filter,adaptive,phi,radioml,0,300,0.890543015590887,0.0017972287448415566,0.0,0.53,1,0.0,0.0,29.083333333333332,54.411863552099625,0.360543015590887,0.0,0.09666666666666666,0.0,0.0,0.0,0.5133333333333333,3.5
wideband,shield_filter,adaptive,phi,radioml,1,300,0.8718527986202705,2.8400823577073868e-05,0.0,0.45666666666666667,1,0.0,0.0,29.03,51.61125022514638,0.41518613195360377,0.0,0.16,0.0,0.0,0.0,0.36333333333333334,3.5
wideband,shield_filter,adaptive,phi,radioml,2,300,0.8801324748291565,8.31787390461383e-05,0.0,0.53,1,0.0,0.0,29.063333333333333,48.862715560750146,0.35013247482915644,0.0,0.13333333333333333,0.0,0.0,0.0,0.4533333333333333,3.5
wideband,shield_filter,adaptive,phi,radioml,3,300,0.8705827056907204,5.976105479790289e-05,0.0,0.4033333333333333,1,0.0,0.0,29.033333333333335,50.32762607245948,0.46724937235738706,0.0,0.12333333333333334,0.0,0.0,0.0,0.34,3.5
wideband,shield_filter,adaptive,phi,radioml,4,300,0.8664979205749304,3.678949153206276e-05,0.0,0.4,1,0.0,0.0,28.836666666666666,49.26895683419112,0.46649792057493034,0.0,0.17666666666666667,0.0,0.0,0.0,0.27,3.5
wideband,shield_filter,adaptive,phi,radioml,5,300,0.8643788144482861,6.736592529577995e-06,0.0,0.41333333333333333,1,0.0,0.0,29.116666666666667,51.18706903467216,0.4510454811149529,0.0,0.12333333333333334,0.0,0.0,0.0,0.3466666666666667,3.5
wideband,shield_filter,adaptive,phi,radioml,6,300,0.8859096306353788,7.46395949892227e-09,0.0,0.36,1,0.0,0.0,28.793333333333333,48.74039649701035,0.5259096306353787,0.0,0.13333333333333333,0.0,0.0,0.0,0.2866666666666667,3.5
wideband,shield_filter,adaptive,phi,radioml,7,300,0.8747867048661522,1.01743738722587e-05,0.0,0.44666666666666666,2,0.0,0.0,29.14666666666667,55.34633107630624,0.42812003819948546,0.0,0.15333333333333332,0.0,0.0,0.0,0.36666666666666664,3.5
wideband,shield_filter,adaptive,phi,radioml,8,300,0.9004946182517286,9.593579685384675e-05,0.0,0.5133333333333333,1,0.0,0.0,29.206666666666667,50.51339018041745,0.3871612849183951,0.0,0.12666666666666668,0.0,0.0,0.0,0.44666666666666666,3.5
wideband,shield_filter,adaptive,phi,radioml,9,300,0.8810713246114229,0.0003993632206039039,0.0,0.5833333333333334,1,0.0,0.0,29.203333333333333,49.4419780926336,0.2977379912780896,0.0,0.21,0.0,0.0,0.0,0.49333333333333335,3.5
wideband,shield_repair,adaptive,phi,radioml,0,300,0.8747080619523128,7.841049617944526e-08,0.0,0.37666666666666665,1,0.0,0.184,28.583333333333332,42.925701818359165,0.4980413952856461,0.0,0.20666666666666667,0.0,0.0,0.0,0.27,3.5
wideband,shield_repair,adaptive,phi,radioml,1,300,0.8701154631267688,3.260396904202153e-08,0.0,0.37333333333333335,1,0.0,0.196,28.616666666666667,44.87828284981385,0.49678212979343545,0.0,0.17,0.0,0.0,0.0,0.2833333333333333,3.5
wideband,shield_repair,adaptive,phi,radioml,2,300,0.8722591213980633,1.3387817743985467e-06,0.0,0.41333333333333333,1,0.0,0.17533333333333334,28.653333333333332,50.20910567099735,0.45892578806473,0.0,0.12333333333333334,0.0,0.0,0.0,0.34,3.5
wideband,shield_repair,adaptive,phi,radioml,3,300,0.8730649773360013,1.2305117196082969e-05,0.0,0.35333333333333333,1,0.0,0.17,28.746666666666666,48.63381119427088,0.5197316440026679,0.0,0.11666666666666667,0.0,0.0,0.0,0.27,3.5
wideband,shield_repair,adaptive,phi,radioml,4,300,0.8597302324427157,4.169441440155262e-06,0.0,0.4033333333333333,1,0.0,0.184,28.563333333333333,48.28746813760139,0.45639689910938225,0.0,0.16666666666666666,0.0,0.0,0.0,0.2733333333333333,3.5
wideband,shield_repair,adaptive,phi,radioml,5,300,0.8978963736329408,1.944468704671397e-05,0.0,0.38,1,0.0,0.184,28.893333333333334,50.25691578739741,0.5178963736329407,0.0,0.11333333333333333,0.0,0.0,0.0,0.32,3.5
wideband,shield_repair,adaptive,phi,radioml,6,300,0.8794373381991166,1.3039562411310424e-09,0.0,0.39666666666666667,1,0.0,0.186,28.613333333333333,47.95933109240338,0.48277067153244996,0.0,0.21666666666666667,0.0,0.0,0.0,0.23333333333333334,3.5
wideband,shield_repair,adaptive,phi,radioml,7,300,0.8800948220495798,1.5176457239838735e-06,0.0,0.43333333333333335,2,0.0,0.196,28.91,50.3413241434399,0.44676148871624644,0.0,0.11666666666666667,0.0,0.0,0.0,0.36333333333333334,3.5
wideband,shield_repair,adaptive,phi,radioml,8,300,0.9078450878383884,0.0013792798184021657,0.0,0.5,1,0.0,0.18,29.133333333333333,54.28057275688689,0.40784508783838835,0.0,0.1,0.0,0.0,0.0,0.4766666666666667,3.5
wideband,shield_repair,adaptive,phi,radioml,9,300,0.8935225005831944,3.09138806274921e-05,0.0,0.5166666666666667,1,0.0,0.17466666666666666,28.91,49.280891335086835,0.3768558339165277,0.0,0.14,0.0,0.0,0.0,0.43666666666666665,3.5
bursty,heuristic,adaptive,phi,radioml,0,300,0.9874921168448886,0.9934798861719453,0.0,0.0,1,0.0,0.0,26.0,44.16666666666665,0.9874921168448886,0.0,0.0,0.0,0.0,0.0,0.0,3.5
bursty,heuristic,adaptive,phi,radioml,1,300,0.9933350945289021,0.9934799116787887,0.0,0.0,1,0.0,0.0,26.0,44.16666666666665,0.9933350945289021,0.0,0.0,0.0,0.0,0.0,0.0,3.5
bursty,heuristic,adaptive,phi,radioml,2,300,0.99347994574487,0.993479887137482,0.0,0.0,1,0.0,0.0,26.0,44.16666666666665,0.99347994574487,0.0,0.0,0.0,0.0,0.0,0.0,3.5
bursty,heuristic,adaptive,phi,radioml,3,300,0.9902598089405791,0.9934798920259353,0.0,0.0,1,0.0,0.0,26.0,44.16666666666665,0.9902598089405791,0.0,0.0,0.0,0.0,0.0,0.0,3.5
bursty,heuristic,adaptive,phi,radioml,4,300,0.993373196023366,0.9934799108720688,0.0,0.0,1,0.0,0.0,26.0,44.16666666666665,0.993373196023366,0.0,0.0,0.0,0.0,0.0,0.0,3.5
bursty,heuristic,adaptive,phi,radioml,5,300,0.9934797695091402,0.9934799211656893,0.0,0.0,1,0.0,0.0,26.0,44.16666666666665,0.9934797695091402,0.0,0.0,0.0,0.0,0.0,0.0,3.5
bursty,heuristic,adaptive,phi,radioml,6,300,0.9889440178120417,0.993479840386772,0.0,0.0,1,0.0,0.0,26.0,44.16666666666665,0.9889440178120417,0.0,0.0,0.0,0.0,0.0,0.0,3.5
bursty,heuristic,adaptive,phi,radioml,7,300,0.9933387204658042,0.9934798755667938,0.0,0.0,1,0.0,0.0,26.0,44.16666666666665,0.9933387204658042,0.0,0.0,0.0,0.0,0.0,0.0,3.5
bursty,heuristic,adaptive,phi,radioml,8,300,0.9915272391528613,0.9934798901836194,0.0,0.0,1,0.0,0.0,26.0,44.16666666666665,0.9915272391528613,0.0,0.0,0.0,0.0,0.0,0.0,3.5
bursty,heuristic,adaptive,phi,radioml,9,300,0.9919374894769362,0.9934798694227697,0.0,0.0,1,0.0,0.0,26.0,44.16666666666665,0.9919374894769362,0.0,0.0,0.0,0.0,0.0,0.0,3.5
bursty,greedy_twin,adaptive,phi,radioml,0,300,0.9853562198326161,0.9739999999661014,0.05,0.23666666666666666,1,0.0,0.0,28.226666666666667,50.063950240175714,0.7486895531659493,0.023333333333333334,0.19666666666666666,0.02,0.0,0.0,0.02666666666666667,3.5
bursty,greedy_twin,adaptive,phi,radioml,1,300,0.9838687919125954,0.9739999991812326,0.07,0.37333333333333335,1,0.0,0.0,28.543333333333333,49.72472272128441,0.6105354585792621,0.04,0.27,0.03,0.0,0.0,0.13666666666666666,3.5
bursty,greedy_twin,adaptive,phi,radioml,2,300,0.9829000012832965,0.9739999999221075,0.05,0.22333333333333333,1,0.0,0.0,28.1,52.97900463856679,0.7595666679499632,0.02666666666666667,0.16666666666666666,0.02,0.0,0.0,0.043333333333333335,3.5
bursty,greedy_twin,adaptive,phi,radioml,3,300,0.9785896506517876,0.9739999998925113,0.08333333333333333,0.29333333333333333,1,0.0,0.0,28.39666666666667,48.60354918832411,0.6852563173184543,0.043333333333333335,0.19333333333333333,0.04,0.0,0.0,0.08,3.5
bursty,greedy_twin,adaptive,phi,radioml,4,300,0.9847120417896635,0.9739999999519006,0.06,0.27,1,0.0,0.0,28.53,50.85802594795282,0.7147120417896636,0.04,0.15333333333333332,0.016666666666666666,0.0,0.0,0.13666666666666666,3.5
bursty,greedy_twin,adaptive,phi,radioml,5,300,0.982375642534403,0.9739999997971036,0.05333333333333334,0.20333333333333334,1,0.0,0.0,28.246666666666666,48.812958748470436,0.7790423092010695,0.02,0.13333333333333333,0.03,0.0,0.0,0.04,3.5
bursty,greedy_twin,adaptive,phi,radioml,6,300,0.9857483115402276,0.9739999999574087,0.06666666666666667,0.24,1,0.0,0.0,28.026666666666667,50.469665734154965,0.7457483115402277,0.04,0.15,0.02,0.0,0.0,0.08666666666666667,3.5
bursty,greedy_twin,adaptive,phi,radioml,7,300,0.984518417848343,0.9739999997834515,0.07333333333333333,0.30666666666666664,1,0.0,0.0,28.493333333333332,51.808028658988455,0.6778517511816763,0.05,0.18333333333333332,0.02,0.0,0.0,0.16333333333333333,3.5
bursty,greedy_twin,adaptive,phi,radioml,8,300,0.9842079830324876,0.973999999983107,0.04666666666666667,0.14,1,0.0,0.0,28.356666666666666,53.567809186851235,0.8442079830324876,0.03,0.08,0.006666666666666667,0.0,0.0,0.05333333333333334,3.5
bursty,greedy_twin,adaptive,phi,radioml,9,300,0.9815286650730678,0.9739999997618198,0.06,0.24,1,0.0,0.0,28.416666666666668,51.337332836412415,0.7415286650730679,0.03,0.13,0.03,0.0,0.0,0.08333333333333333,3.5
bursty,shield_filter,adaptive,phi,radioml,0,300,0.9855510170869839,0.9739999999733695,0.0,0.19333333333333333,1,0.0,0.0,28.033333333333335,50.05614559102028,0.7922176837536506,0.0,0.17333333333333334,0.0,0.0,0.0,0.02,3.5
bursty,shield_filter,adaptive,phi,radioml,1,300,0.9851674845672881,0.973999999384345,0.0,0.2733333333333333,1,0.0,0.0,28.31,49.72465989147635,0.7118341512339547,0.0,0.25333333333333335,0.0,0.0,0.0,0.05,3.5
bursty,shield_filter,adaptive,phi,radioml,2,300,0.9831768206561514,0.9739999999221075,0.0,0.14,1,0.0,0.0,27.87,48.15106581454273,0.8431768206561514,0.0,0.14,0.0,0.0,0.0,0.0,3.5
bursty,shield_filter,adaptive,phi,radioml,3,300,0.9822976220771473,0.9739999999322594,0.0,0.26,1,0.0,0.0,28.226666666666667,53.05951645755317,0.7222976220771473,0.0,0.23,0.0,0.0,0.0,0.03666666666666667,3.5
bursty,shield_filter,adaptive,phi,radioml,4,300,0.9846471117027932,0.9739999999672948,0.0,0.14333333333333334,1,0.0,0.0,28.3,50.67880150808137,0.8413137783694599,0.0,0.13,0.0,0.0,0.0,0.013333333333333334,3.5
bursty,shield_filter,adaptive,phi,radioml,5,300,0.9823106996485478,0.9739999998472437,0.0,0.14,1,0.0,0.0,28.09,45.718981416790086,0.842310699648548,0.0,0.11666666666666667,0.0,0.0,0.0,0.023333333333333334,3.5
bursty,shield_filter,adaptive,phi,radioml,6,300,0.9856833464584311,0.9739999999574087,0.0,0.14666666666666667,1,0.0,0.0,27.866666666666667,50.462921351164425,0.8390166797917644,0.0,0.13,0.0,0.0,0.0,0.02,3.5
bursty,shield_filter,adaptive,phi,radioml,7,300,0.9848430279709862,0.9739999997834515,0.0,0.19,1,0.0,0.0,28.273333333333333,51.35441102304709,0.794843027970986,0.0,0.15333333333333332,0.0,0.0,0.0,0.07333333333333333,3.5
bursty,shield_filter,adaptive,phi,radioml,8,300,0.9844676859838232,0.9739999999918427,0.0,0.08333333333333333,1,0.0,0.0,28.236666666666668,53.56587207256684,0.9011343526504898,0.0,0.06333333333333334,0.0,0.0,0.0,0.02,3.5
bursty,shield_filter,adaptive,phi,radioml,9,300,0.9818533030293323,0.9739999997712667,0.0,0.15,1,0.0,0.0,28.25,51.33381908607973,0.8318533030293322,0.0,0.11666666666666667,0.0,0.0,0.0,0.03333333333333333,3.5
bursty,shield_repair,adaptive,phi,radioml,0,300,0.9853623298818026,0.9739999999398299,0.0,0.19,1,0.0,0.16666666666666666,27.643333333333334,51.446982634892684,0.7953623298818028,0.0,0.19,0.0,0.0,0.0,0.0,3.5
bursty,shield_repair,adaptive,phi,radioml,1,300,0.9852964879727627,0.973999999268813,0.0,0.26,1,0.0,0.18266666666666667,27.89666666666667,49.804173361896865,0.7252964879727627,0.0,0.24666666666666667,0.0,0.0,0.0,0.04666666666666667,3.5
bursty,shield_repair,adaptive,phi,radioml,2,300,0.9836139018256108,0.9739999998057122,0.0,0.14666666666666667,1,0.0,0.15933333333333333,27.426666666666666,46.708745769894776,0.8369472351589441,0.0,0.14666666666666667,0.0,0.0,0.0,0.0,3.5
bursty,shield_repair,adaptive,phi,radioml,3,300,0.978914280554769,0.9739999998925113,0.0,0.18666666666666668,1,0.0,0.17066666666666666,27.89,48.490188280349024,0.7922476138881024,0.0,0.17,0.0,0.0,0.0,0.02,3.5
bursty,shield_repair,adaptive,phi,radioml,4,300,0.9855557981813388,0.9739999999519006,0.0,0.10666666666666667,1,0.0,0.17666666666666667,27.88,46.62083552798896,0.8788891315146721,0.0,0.10333333333333333,0.0,0.0,0.0,0.01,3.5
bursty,shield_repair,adaptive,phi,radioml,5,300,0.9793293586496666,0.9739999998042423,0.0,0.14,1,0.0,0.17933333333333334,27.783333333333335,48.81305901399514,0.8393293586496666,0.0,0.13333333333333333,0.0,0.0,0.0,0.006666666666666667,3.5
bursty,shield_repair,adaptive,phi,radioml,6,300,0.986916958348926,0.9739999999583313,0.0,0.13666666666666666,1,0.0,0.18133333333333335,27.23,48.21101035623844,0.8502502916822595,0.0,0.13,0.0,0.0,0.0,0.013333333333333334,3.5
bursty,shield_repair,adaptive,phi,radioml,7,300,0.9852975255488506,0.9739999997852952,0.0,0.18,1,0.0,0.18066666666666667,27.79,50.398360078773145,0.8052975255488504,0.0,0.15,0.0,0.0,0.0,0.06,3.5
bursty,shield_repair,adaptive,phi,radioml,8,300,0.9850367090845625,0.9739999999078873,0.0,0.07,1,0.0,0.16533333333333333,27.893333333333334,52.38537376767113,0.9150367090845625,0.0,0.07,0.0,0.0,0.0,0.0,3.5
bursty,shield_repair,adaptive,phi,radioml,9,300,0.9792204891332585,0.9739999994749998,0.0,0.11666666666666667,1,0.0,0.172,27.696666666666665,48.982499118774385,0.8625538224665918,0.0,0.11666666666666667,0.0,0.0,0.0,0.0,3.5
backhaul,heuristic,adaptive,phi,radioml,0,300,0.9600990699034052,0.9140015977470194,0.0,0.0,1,0.0,0.0,26.0,44.16666666666665,0.9600990699034052,0.0,0.0,0.0,0.0,0.0,0.0,3.5
backhaul,heuristic,adaptive,phi,radioml,1,300,0.9571848617165303,0.9140015962654964,0.0,0.0,1,0.0,0.0,26.0,44.16666666666665,0.9571848617165303,0.0,0.0,0.0,0.0,0.0,0.0,3.5
backhaul,heuristic,adaptive,phi,radioml,2,300,0.960099067120013,0.914001593180764,0.0,0.0,1,0.0,0.0,26.0,44.16666666666665,0.960099067120013,0.0,0.0,0.0,0.0,0.0,0.0,3.5
backhaul,heuristic,adaptive,phi,radioml,3,300,0.9603639972214417,0.9140015979999202,0.0,0.0,1,0.0,0.0,26.0,44.16666666666665,0.9603639972214417,0.0,0.0,0.0,0.0,0.0,0.0,3.5
backhaul,heuristic,adaptive,phi,radioml,4,300,0.9600990693562945,0.9140015979473942,0.0,0.0,1,0.0,0.0,26.0,44.16666666666665,0.9600990693562945,0.0,0.0,0.0,0.0,0.0,0.0,3.5
backhaul,heuristic,adaptive,phi,radioml,5,300,0.9595692127551232,0.9140015980215559,0.0,0.0,1,0.0,0.0,26.0,44.16666666666665,0.9595692127551232,0.0,0.0,0.0,0.0,0.0,0.0,3.5
backhaul,heuristic,adaptive,phi,radioml,6,300,0.959834139916829,0.9140015956464097,0.0,0.0,1,0.0,0.0,26.0,44.16666666666665,0.959834139916829,0.0,0.0,0.0,0.0,0.0,0.0,3.5
backhaul,heuristic,adaptive,phi,radioml,7,300,0.9582445733132181,0.9140015960371437,0.0,0.0,1,0.0,0.0,26.0,44.16666666666665,0.9582445733132181,0.0,0.0,0.0,0.0,0.0,0.0,3.5
backhaul,heuristic,adaptive,phi,radioml,8,300,0.9632782047273258,0.914001596241794,0.0,0.0,1,0.0,0.0,26.0,44.16666666666665,0.9632782047273258,0.0,0.0,0.0,0.0,0.0,0.0,3.5
backhaul,heuristic,adaptive,phi,radioml,9,300,0.9632782047053237,0.914001596615192,0.0,0.0,1,0.0,0.0,26.0,44.16666666666665,0.9632782047053237,0.0,0.0,0.0,0.0,0.0,0.0,3.5
backhaul,greedy_twin,adaptive,phi,radioml,0,300,0.954423366716273,0.89608,0.05333333333333334,0.22,2,0.0,0.0,28.336666666666666,49.80212855760359,0.7344233667162731,0.02,0.15666666666666668,0.03,0.0,0.0,0.06333333333333334,3.5
backhaul,greedy_twin,adaptive,phi,radioml,1,300,0.9544982923053172,0.89608,0.07666666666666666,0.26,3,0.0,0.0,28.673333333333332,48.782677767285236,0.6944982923053172,0.05,0.11,0.03,0.0,0.0,0.14333333333333334,3.5
backhaul,greedy_twin,adaptive,phi,radioml,2,300,0.9520627170573994,0.89608,0.06,0.23666666666666666,1,0.0,0.0,28.55,58.28417836082917,0.7153960503907328,0.03666666666666667,0.12,0.03,0.0,0.0,0.09666666666666666,3.5
backhaul,greedy_twin,adaptive,phi,radioml,3,300,0.9554204939157561,0.89608,0.06666666666666667,0.24333333333333335,1,0.0,0.0,28.38,52.6215300806283,0.7120871605824228,0.03333333333333333,0.15333333333333332,0.03666666666666667,0.0,0.0,0.05,3.5
backhaul,greedy_twin,adaptive,phi,radioml,4,300,0.9557869427460743,0.89608,0.04666666666666667,0.2866666666666667,1,0.0,0.0,28.566666666666666,49.603117547721844,0.6691202760794077,0.02666666666666667,0.2,0.023333333333333334,0.0,0.0,0.11333333333333333,3.5
backhaul,greedy_twin,adaptive,phi,radioml,5,300,0.9563527100328583,0.89608,0.07333333333333333,0.37,1,0.0,0.0,28.67,47.451403217459514,0.586352710032858,0.03666666666666667,0.20333333333333334,0.03666666666666667,0.0,0.0,0.15333333333333332,3.5
backhaul,greedy_twin,adaptive,phi,radioml,6,300,0.953982107142089,0.89608,0.07,0.36,2,0.0,0.0,28.513333333333332,49.1770712482128,0.5939821071420888,0.05333333333333334,0.22,0.03666666666666667,0.0,0.0,0.15,3.5
backhaul,greedy_twin,adaptive,phi,radioml,7,300,0.9535525667891189,0.89608,0.06333333333333334,0.24,1,0.0,0.0,28.33,51.871585066326105,0.7135525667891189,0.05,0.14,0.016666666666666666,0.0,0.0,0.08666666666666667,3.5
backhaul,greedy_twin,adaptive,phi,radioml,8,300,0.9545449110562523,0.89608,0.05333333333333334,0.30666666666666664,1,0.0,0.0,28.773333333333333,49.74171386871813,0.6478782443895856,0.03,0.13333333333333333,0.013333333333333334,0.0,0.0,0.19,3.5
backhaul,greedy_twin,adaptive,phi,radioml,9,300,0.9526037074588216,0.8960799999999998,0.07333333333333333,0.32666666666666666,2,0.0,0.0,28.513333333333332,47.907412178685185,0.625937040792155,0.043333333333333335,0.21666666666666667,0.03333333333333333,0.0,0.0,0.07,3.5
backhaul,shield_filter,adaptive,phi,radioml,0,300,0.9543429101332364,0.89608,0.0,0.15333333333333332,1,0.0,0.0,28.226666666666667,49.76264328886002,0.8010095767999031,0.0,0.14666666666666667,0.0,0.0,0.0,0.03666666666666667,3.5
backhaul,shield_filter,adaptive,phi,radioml,1,300,0.9544930882895343,0.89608,0.0,0.15,3,0.0,0.0,28.493333333333332,48.78224107461066,0.8044930882895344,0.0,0.09333333333333334,0.0,0.0,0.0,0.08,3.5
backhaul,shield_filter,adaptive,phi,radioml,2,300,0.9521015357491276,0.89608,0.0,0.13666666666666666,1,0.0,0.0,28.30666666666667,54.98417722705171,0.8154348690824609,0.0,0.07666666666666666,0.0,0.0,0.0,0.06333333333333334,3.5
backhaul,shield_filter,adaptive,phi,radioml,3,300,0.9546177195544394,0.89608,0.0,0.17,1,0.0,0.0,28.263333333333332,47.52554195877297,0.7846177195544395,0.0,0.15,0.0,0.0,0.0,0.02,3.5
backhaul,shield_filter,adaptive,phi,radioml,4,300,0.9560414541265216,0.89608,0.0,0.22666666666666666,1,0.0,0.0,28.406666666666666,49.56131397862368,0.7293747874598548,0.0,0.18666666666666668,0.0,0.0,0.0,0.08,3.5
backhaul,shield_filter,adaptive,phi,radioml,5,300,0.9556929085098864,0.89608,0.0,0.24333333333333335,1,0.0,0.0,28.506666666666668,53.99315758487255,0.7123595751765531,0.0,0.17,0.0,0.0,0.0,0.07666666666666666,3.5
backhaul,shield_filter,adaptive,phi,radioml,6,300,0.9552389092313359,0.89608,0.0,0.09666666666666666,2,0.0,0.0,28.05666666666667,45.95862161226925,0.8585722425646692,0.0,0.09,0.0,0.0,0.0,0.006666666666666667,3.5
backhaul,shield_filter,adaptive,phi,radioml,7,300,0.954051250103909,0.89608,0.0,0.15333333333333332,1,0.0,0.0,28.32,51.87165507853363,0.8007179167705757,0.0,0.12,0.0,0.0,0.0,0.043333333333333335,3.5
backhaul,shield_filter,adaptive,phi,radioml,8,300,0.9552539462676344,0.89608,0.0,0.2,1,0.0,0.0,28.57,48.78834387783351,0.7552539462676344,0.0,0.10666666666666667,0.0,0.0,0.0,0.1,3.5
backhaul,shield_filter,adaptive,phi,radioml,9,300,0.9528426654786418,0.89608,0.0,0.24333333333333335,1,0.0,0.0,28.483333333333334,48.20969528107228,0.7095093321453085,0.0,0.20666666666666667,0.0,0.0,0.0,0.03666666666666667,3.5
backhaul,shield_repair,adaptive,phi,radioml,0,300,0.9501768852318054,0.8960799999999981,0.0,0.23333333333333334,1,0.0,0.21866666666666668,28.203333333333333,49.75756115396318,0.7168435518984722,0.0,0.19333333333333333,0.0,0.0,0.0,0.043333333333333335,3.5
backhaul,shield_repair,adaptive,phi,radioml,1,300,0.9535806946725003,0.8960799999999998,0.0,0.2,3,0.0,0.224,28.163333333333334,46.54826945588786,0.7535806946725001,0.0,0.13333333333333333,0.0,0.0,0.0,0.07333333333333333,3.5
backhaul,shield_repair,adaptive,phi,radioml,2,300,0.9508647705125853,0.89608,0.0,0.16666666666666666,1,0.0,0.21933333333333332,27.95,49.24712925806517,0.7841981038459187,0.0,0.1,0.0,0.0,0.0,0.07,3.5
backhaul,shield_repair,adaptive,phi,radioml,3,300,0.9545943412195161,0.8960799999999995,0.0,0.15333333333333332,3,0.0,0.216,27.716666666666665,50.09276916946884,0.8012610078861828,0.0,0.14666666666666667,0.0,0.0,0.0,0.006666666666666667,3.5
backhaul,shield_repair,adaptive,phi,radioml,4,300,0.9548986237576302,0.89608,0.0,0.16333333333333333,3,0.0,0.21866666666666668,27.976666666666667,49.17297098737414,0.7915652904242969,0.0,0.16333333333333333,0.0,0.0,0.0,0.0,3.5
backhaul,shield_repair,adaptive,phi,radioml,5,300,0.9565528476710735,0.89608,0.0,0.23,1,0.0,0.20666666666666667,28.1,46.7709429915182,0.7265528476710735,0.0,0.16333333333333333,0.0,0.0,0.0,0.06666666666666667,3.5
backhaul,shield_repair,adaptive,phi,radioml,6,300,0.9550414760816943,0.8960799999999998,0.0,0.17,2,0.0,0.21866666666666668,27.95,49.42976024985315,0.7850414760816944,0.0,0.11666666666666667,0.0,0.0,0.0,0.08,3.5
backhaul,shield_repair,adaptive,phi,radioml,7,300,0.9543966165323746,0.89608,0.0,0.14,1,0.0,0.212,27.81,46.17455147517248,0.8143966165323746,0.0,0.11333333333333333,0.0,0.0,0.0,0.03666666666666667,3.5
backhaul,shield_repair,adaptive,phi,radioml,8,300,0.9548849290727529,0.8960799999999998,0.0,0.18666666666666668,1,0.0,0.21333333333333335,28.17,48.260868558473554,0.7682182624060865,0.0,0.10333333333333333,0.0,0.0,0.0,0.09666666666666666,3.5
backhaul,shield_repair,adaptive,phi,radioml,9,300,0.9551138191211783,0.8960799999999985,0.0,0.11666666666666667,2,0.0,0.20933333333333334,28.15,54.618565942782034,0.8384471524545117,0.0,0.1,0.0,0.0,0.0,0.016666666666666666,3.5
compromised_xapp,heuristic,adaptive,phi,radioml,0,300,0.9934799995980785,0.9934799993295406,0.0,0.0,1,0.0,0.0,26.0,44.16666666666665,0.9934799995980785,0.0,0.0,0.0,0.0,0.0,0.0,3.5
compromised_xapp,heuristic,adaptive,phi,radioml,1,300,0.9934799998180679,0.9934799995723044,0.0,0.0,1,0.0,0.0,26.0,44.16666666666665,0.9934799998180679,0.0,0.0,0.0,0.0,0.0,0.0,3.5
compromised_xapp,heuristic,adaptive,phi,radioml,2,300,0.9934799994110642,0.9934799982951077,0.0,0.0,1,0.0,0.0,26.0,44.16666666666665,0.9934799994110642,0.0,0.0,0.0,0.0,0.0,0.0,3.5
compromised_xapp,heuristic,adaptive,phi,radioml,3,300,0.9934221835507082,0.9934799985270052,0.0,0.0,1,0.0,0.0,26.0,44.16666666666665,0.9934221835507082,0.0,0.0,0.0,0.0,0.0,0.0,3.5
compromised_xapp,heuristic,adaptive,phi,radioml,4,300,0.9934799995515259,0.9934799992640235,0.0,0.0,1,0.0,0.0,26.0,44.16666666666665,0.9934799995515259,0.0,0.0,0.0,0.0,0.0,0.0,3.5
compromised_xapp,heuristic,adaptive,phi,radioml,5,300,0.9934081667614159,0.9934799988674683,0.0,0.0,1,0.0,0.0,26.0,44.16666666666665,0.9934081667614159,0.0,0.0,0.0,0.0,0.0,0.0,3.5
compromised_xapp,heuristic,adaptive,phi,radioml,6,300,0.9934799997333107,0.9934799993263503,0.0,0.0,1,0.0,0.0,26.0,44.16666666666665,0.9934799997333107,0.0,0.0,0.0,0.0,0.0,0.0,3.5
compromised_xapp,heuristic,adaptive,phi,radioml,7,300,0.9934799996722965,0.9934799989075106,0.0,0.0,1,0.0,0.0,26.0,44.16666666666665,0.9934799996722965,0.0,0.0,0.0,0.0,0.0,0.0,3.5
compromised_xapp,heuristic,adaptive,phi,radioml,8,300,0.9934678737614888,0.9934799994934659,0.0,0.0,1,0.0,0.0,26.0,44.16666666666665,0.9934678737614888,0.0,0.0,0.0,0.0,0.0,0.0,3.5
compromised_xapp,heuristic,adaptive,phi,radioml,9,300,0.9930222082064707,0.9934799994950234,0.0,0.0,1,0.0,0.0,26.0,44.16666666666665,0.9930222082064707,0.0,0.0,0.0,0.0,0.0,0.0,3.5
compromised_xapp,greedy_twin,adaptive,phi,radioml,0,300,0.9823763708607908,0.9739999999948058,0.056666666666666664,0.73,1,0.0,0.0,29.39,45.88653491724304,0.2523763708607907,0.03333333333333333,0.18333333333333332,0.44333333333333336,0.0,0.0,0.61,3.5
compromised_xapp,greedy_twin,adaptive,phi,radioml,1,300,0.9824408129802567,0.9739999999669743,0.06333333333333334,0.7833333333333333,1,0.0,0.0,29.486666666666668,54.17610729286567,0.1991074796469231,0.03,0.14333333333333334,0.39,0.0,0.0,0.63,3.5
compromised_xapp,greedy_twin,adaptive,phi,radioml,2,300,0.9828307640695436,0.9739999999924912,0.06666666666666667,0.8366666666666667,1,0.0,0.0,29.493333333333332,54.01655256646862,0.1461640974028768,0.043333333333333335,0.22333333333333333,0.45,0.0,0.0,0.7266666666666667,3.5
compromised_xapp,greedy_twin,adaptive,phi,radioml,3,300,0.9830900728500785,0.9739999999997739,0.056666666666666664,0.76,1,0.0,0.0,29.356666666666666,49.48387808320253,0.22309007285007837,0.03666666666666667,0.17666666666666667,0.39,0.0,0.0,0.61,3.5
compromised_xapp,greedy_twin,adaptive,phi,radioml,4,300,0.9825061263709077,0.9739999999788029,0.09333333333333334,0.7833333333333333,1,0.0,0.0,29.533333333333335,51.93267328744703,0.19917279303757449,0.07,0.22333333333333333,0.38,0.0,0.0,0.64,3.5
compromised_xapp,greedy_twin,adaptive,phi,radioml,5,300,0.9832178739380157,0.9739999999998664,0.056666666666666664,0.78,1,0.0,0.0,29.416666666666668,52.920488506563565,0.2032178739380156,0.04,0.20666666666666667,0.39666666666666667,0.0,0.0,0.61,3.5
compromised_xapp,greedy_twin,adaptive,phi,radioml,6,300,0.9825682075348158,0.9739999999906899,0.07666666666666666,0.7366666666666667,1,0.0,0.0,29.373333333333335,52.684006288125474,0.2459015408681491,0.04666666666666667,0.16,0.4033333333333333,0.0,0.0,0.62,3.5
compromised_xapp,greedy_twin,adaptive,phi,radioml,7,300,0.9831554247810813,0.9739999999999425,0.043333333333333335,0.76,1,0.0,0.0,29.356666666666666,51.96534637341967,0.22315542478108133,0.04,0.18,0.3933333333333333,0.0,0.0,0.5866666666666667,3.5
compromised_xapp,greedy_twin,adaptive,phi,radioml,8,300,0.982376379363558,0.9739999999991064,0.04666666666666667,0.8166666666666667,1,0.0,0.0,29.536666666666665,48.849788970967666,0.16570971269689128,0.03666666666666667,0.23,0.42,0.0,0.0,0.73,3.5
compromised_xapp,greedy_twin,adaptive,phi,radioml,9,300,0.9827006885748354,0.9739999999992847,0.07333333333333333,0.7066666666666667,1,0.0,0.0,29.3,46.30045735866528,0.2760340219081687,0.05,0.12,0.4166666666666667,0.0,0.0,0.52,3.5
compromised_xapp,shield_filter,adaptive,phi,radioml,0,300,0.982636104118817,0.9739999999961144,0.0,0.71,1,0.0,0.0,29.31,45.88653486395813,0.2726361041188171,0.0,0.17666666666666667,0.4166666666666667,0.0,0.0,0.6033333333333334,3.5
compromised_xapp,shield_filter,adaptive,phi,radioml,1,300,0.9825707194959178,0.9739999999933051,0.0,0.7366666666666667,1,0.0,0.0,29.36,53.557140608902955,0.24590405282925104,0.0,0.13333333333333333,0.36,0.0,0.0,0.5966666666666667,3.5
compromised_xapp,shield_filter,adaptive,phi,radioml,2,300,0.9830904979906048,0.973999999999521,0.0,0.8133333333333334,1,0.0,0.0,29.38,51.72660730271664,0.16975716465727128,0.0,0.21333333333333335,0.43333333333333335,0.0,0.0,0.6766666666666666,3.5
compromised_xapp,shield_filter,adaptive,phi,radioml,3,300,0.983219939518683,0.9739999999999427,0.0,0.7133333333333334,1,0.0,0.0,29.3,47.430421936368965,0.2698866061853496,0.0,0.17,0.36333333333333334,0.0,0.0,0.5566666666666666,3.5
compromised_xapp,shield_filter,adaptive,phi,radioml,4,300,0.9825710498512901,0.9739999999993545,0.0,0.7533333333333333,1,0.0,0.0,29.416666666666668,49.69496197455713,0.22923771651795677,0.0,0.21333333333333335,0.35,0.0,0.0,0.6066666666666667,3.5
compromised_xapp,shield_filter,adaptive,phi,radioml,5,300,0.9832178737778331,0.9739999999999608,0.0,0.75,1,0.0,0.0,29.346666666666668,52.92048833470637,0.23321787377783276,0.0,0.19666666666666666,0.39666666666666667,0.0,0.0,0.59,3.5
compromised_xapp,shield_filter,adaptive,phi,radioml,6,300,0.9826331383760949,0.9739999999911532,0.0,0.69,1,0.0,0.0,29.32,51.16252834684546,0.29263313837609495,0.0,0.15,0.39,0.0,0.0,0.5666666666666667,3.5
compromised_xapp,shield_filter,adaptive,phi,radioml,7,300,0.983220358119762,0.9739999999999844,0.0,0.7466666666666667,1,0.0,0.0,29.336666666666666,51.55402780896767,0.23655369145309546,0.0,0.17666666666666667,0.37666666666666665,0.0,0.0,0.5733333333333334,3.5
compromised_xapp,shield_filter,adaptive,phi,radioml,8,300,0.9825062459848288,0.9739999999999456,0.0,0.8066666666666666,1,0.0,0.0,29.536666666666665,48.849788970967666,0.1758395793181623,0.0,0.23,0.41,0.0,0.0,0.73,3.5
compromised_xapp,shield_filter,adaptive,phi,radioml,9,300,0.9826357544159116,0.9739999999993285,0.0,0.6766666666666666,1,0.0,0.0,29.323333333333334,50.150455984540926,0.3059690877492451,0.0,0.12,0.39,0.0,0.0,0.54,3.5
compromised_xapp,shield_repair,adaptive,phi,radioml,0,300,0.9793610883057238,0.9739999999948058,0.0,0.7133333333333334,1,0.0,0.13333333333333333,29.213333333333335,45.593746521162075,0.2660277549723906,0.0,0.17,0.4066666666666667,0.0,0.0,0.5833333333333334,3.5
compromised_xapp,shield_repair,adaptive,phi,radioml,1,300,0.982505702402248,0.9739999999527283,0.0,0.7333333333333333,1,0.0,0.14266666666666666,29.266666666666666,51.24748268514288,0.24917236906891455,0.0,0.13333333333333333,0.37333333333333335,0.0,0.0,0.5866666666666667,3.5
compromised_xapp,shield_repair,adaptive,phi,radioml,2,300,0.9830902873373945,0.9739999999974693,0.0,0.82,1,0.0,0.14933333333333335,29.216666666666665,52.157428123205264,0.16309028733739445,0.0,0.21333333333333335,0.44666666666666666,0.0,0.0,0.6733333333333333,3.5
compromised_xapp,shield_repair,adaptive,phi,radioml,3,300,0.983219932485812,0.9739999999990795,0.0,0.7233333333333334,1,0.0,0.14133333333333334,29.263333333333332,47.862173868049176,0.25988659915247875,0.0,0.17,0.36666666666666664,0.0,0.0,0.5833333333333334,3.5
compromised_xapp,shield_repair,adaptive,phi,radioml,4,300,0.9828957176762765,0.9739999999979815,0.0,0.7366666666666667,1,0.0,0.16333333333333333,29.246666666666666,47.8738937465876,0.24622905100960973,0.0,0.21333333333333335,0.36666666666666664,0.0,0.0,0.5766666666666667,3.5
compromised_xapp,shield_repair,adaptive,phi,radioml,5,300,0.9831529297268367,0.9739999999995341,0.0,0.7566666666666667,1,0.0,0.154,29.236666666666668,51.75904630811405,0.2264862630601697,0.0,0.19666666666666666,0.4066666666666667,0.0,0.0,0.5833333333333334,3.5
compromised_xapp,shield_repair,adaptive,phi,radioml,6,300,0.9825062013450927,0.9739999999911532,0.0,0.6966666666666667,1,0.0,0.14133333333333334,29.21,46.960150816226985,0.28583953467842593,0.0,0.15,0.3933333333333333,0.0,0.0,0.5733333333333334,3.5
compromised_xapp,shield_repair,adaptive,phi,radioml,7,300,0.9830904341448524,0.9739999999999172,0.0,0.7466666666666667,1,0.0,0.14,29.313333333333333,51.55402785648125,0.2364237674781857,0.0,0.17666666666666667,0.39,0.0,0.0,0.5866666666666667,3.5
compromised_xapp,shield_repair,adaptive,phi,radioml,8,300,0.9822464853298745,0.9739999999990115,0.0,0.8033333333333333,1,0.0,0.132,29.513333333333332,48.6105374744985,0.17891315199654115,0.0,0.23,0.41333333333333333,0.0,0.0,0.7333333333333333,3.5
compromised_xapp,shield_repair,adaptive,phi,radioml,9,300,0.9830251563852391,0.9739999999990061,0.0,0.67,1,0.0,0.14733333333333334,29.09,44.78810058806672,0.3130251563852391,0.0,0.12333333333333334,0.4,0.0,0.0,0.5166666666666667,3.5
compound,heuristic,adaptive,phi,radioml,0,300,0.9103458326530715,0.03523571655216257,0.0,0.23666666666666666,1,0.0,0.0,26.0,44.16666666666665,0.6736791659864048,0.0,0.0,0.23666666666666666,0.0,0.0,0.0,3.5
compound,heuristic,adaptive,phi,radioml,1,300,0.9212515662608335,0.3831040355933441,0.0,0.22,1,0.0,0.0,26.0,44.16666666666665,0.7012515662608335,0.0,0.0,0.22,0.0,0.0,0.0,3.5
compound,heuristic,adaptive,phi,radioml,2,300,0.9289530678648165,0.9105934609254008,0.0,0.22,1,0.0,0.0,26.0,44.16666666666665,0.7089530678648165,0.0,0.0,0.22,0.0,0.0,0.0,3.5
compound,heuristic,adaptive,phi,radioml,3,300,0.8957731041069227,0.0001971676829169613,0.0,0.21,1,0.0,0.0,26.0,44.16666666666665,0.6857731041069229,0.0,0.0,0.21,0.0,0.0,0.0,3.5
compound,heuristic,adaptive,phi,radioml,4,300,0.9009502501085981,0.00604256857320764,0.0,0.23666666666666666,1,0.0,0.0,26.0,44.16666666666665,0.6642835834419314,0.0,0.0,0.23666666666666666,0.0,0.0,0.0,3.5
compound,heuristic,adaptive,phi,radioml,5,300,0.9081363155756466,0.0003438586684486682,0.0,0.22,1,0.0,0.0,26.0,44.16666666666665,0.6881363155756465,0.0,0.0,0.22,0.0,0.0,0.0,3.5
compound,heuristic,adaptive,phi,radioml,6,300,0.920899563815258,0.8625315616416224,0.0,0.24333333333333335,1,0.0,0.0,26.0,44.16666666666665,0.6775662304819247,0.0,0.0,0.24333333333333335,0.0,0.0,0.0,3.5
compound,heuristic,adaptive,phi,radioml,7,300,0.9248302590711014,0.9113636641438512,0.0,0.23,2,0.0,0.0,26.0,44.16666666666665,0.6948302590711014,0.0,0.0,0.23,0.0,0.0,0.0,3.5
compound,heuristic,adaptive,phi,radioml,8,300,0.9040354260463394,0.0003765283282142835,0.0,0.21333333333333335,1,0.0,0.0,26.0,44.16666666666665,0.6907020927130058,0.0,0.0,0.21333333333333335,0.0,0.0,0.0,3.5
compound,heuristic,adaptive,phi,radioml,9,300,0.9075754152322417,7.387834896931826e-05,0.0,0.2,1,0.0,0.0,26.0,44.16666666666665,0.7075754152322419,0.0,0.0,0.2,0.0,0.0,0.0,3.5
compound,greedy_twin,adaptive,phi,radioml,0,300,0.9491625768075401,0.8960799933275294,0.03333333333333333,0.8333333333333334,1,0.0,0.0,29.626666666666665,54.68038078004398,0.1158292434742068,0.01,0.23666666666666666,0.5133333333333333,0.0,0.0,0.7566666666666667,3.5
compound,greedy_twin,adaptive,phi,radioml,1,300,0.9574208735273464,0.8960799990989404,0.06,0.8433333333333334,2,0.0,0.0,29.626666666666665,50.13451636650427,0.1140875401940131,0.04,0.17666666666666667,0.51,0.0,0.0,0.7566666666666667,3.5
compound,greedy_twin,adaptive,phi,radioml,2,300,0.9504556260696571,0.8960799973195406,0.04666666666666667,0.85,1,0.0,0.0,29.573333333333334,51.5806742429905,0.1004556260696569,0.03,0.17333333333333334,0.5333333333333333,0.0,0.0,0.7833333333333333,3.5
compound,greedy_twin,adaptive,phi,radioml,3,300,0.955901674314678,0.8960799968105091,0.07,0.88,1,0.0,0.0,29.736666666666668,51.73782707259438,0.07590167431467794,0.04,0.21666666666666667,0.5266666666666666,0.0,0.0,0.84,3.5
compound,greedy_twin,adaptive,phi,radioml,4,300,0.9547918021116656,0.8960799992129584,0.05333333333333334,0.79,1,0.0,0.0,29.566666666666666,51.61791396948663,0.1647918021116656,0.03333333333333333,0.25333333333333335,0.5133333333333333,0.0,0.0,0.7133333333333334,3.5
compound,greedy_twin,adaptive,phi,radioml,5,300,0.9547219666207415,0.8960799936965255,0.05,0.8366666666666667,1,0.0,0.0,29.616666666666667,51.098161713336566,0.11805529995407489,0.03,0.22666666666666666,0.5433333333333333,0.0,0.0,0.77,3.5
compound,greedy_twin,adaptive,phi,radioml,6,300,0.9497887987983883,0.8960799866574374,0.08,0.8566666666666667,2,0.0,0.0,29.586666666666666,52.02504241989708,0.09312213213172155,0.06333333333333334,0.22,0.4866666666666667,0.0,0.0,0.7866666666666666,3.5
compound,greedy_twin,adaptive,phi,radioml,7,300,0.9558958319653474,0.8960799949709986,0.04,0.8466666666666667,2,0.0,0.0,29.623333333333335,52.83201736287609,0.10922916529868082,0.03333333333333333,0.23666666666666666,0.5166666666666667,0.0,0.0,0.7633333333333333,3.5
compound,greedy_twin,adaptive,phi,radioml,8,300,0.9587547323956935,0.8960799984779884,0.06,0.87,1,0.0,0.0,29.736666666666668,49.78380227399216,0.08875473239569348,0.043333333333333335,0.11,0.48333333333333334,0.0,0.0,0.8266666666666667,3.5
compound,greedy_twin,adaptive,phi,radioml,9,300,0.9542897934462182,0.8960799928753654,0.05333333333333334,0.8666666666666667,1,0.0,0.0,29.72,54.55474143328976,0.08762312677955159,0.03666666666666667,0.22333333333333333,0.53,0.0,0.0,0.8033333333333333,3.5
compound,shield_filter,adaptive,phi,radioml,0,300,0.9455879951278022,0.8960799933275294,0.0,0.8233333333333334,1,0.0,0.0,29.54,54.68032247832402,0.12225466179446881,0.0,0.26666666666666666,0.5,0.0,0.0,0.7533333333333333,3.5
compound,shield_filter,adaptive,phi,radioml,1,300,0.9561835394392477,0.8960799980694221,0.0,0.83,1,0.0,0.0,29.55,50.17067921603967,0.12618353943924768,0.0,0.18666666666666668,0.5066666666666667,0.0,0.0,0.81,3.5
compound,shield_filter,adaptive,phi,radioml,2,300,0.947400975489339,0.8960799972306294,0.0,0.8466666666666667,1,0.0,0.0,29.53,52.39630189803051,0.10073430882267241,0.0,0.16666666666666666,0.5133333333333333,0.0,0.0,0.7866666666666666,3.5
compound,shield_filter,adaptive,phi,radioml,3,300,0.9521270385892513,0.896079998582667,0.0,0.8633333333333333,1,0.0,0.0,29.72,51.53275413087932,0.08879370525591783,0.0,0.21,0.52,0.0,0.0,0.8333333333333334,3.5
compound,shield_filter,adaptive,phi,radioml,4,300,0.9517783019956915,0.8960799971962269,0.0,0.78,1,0.0,0.0,29.5,51.37867100730597,0.17177830199569147,0.0,0.20333333333333334,0.49666666666666665,0.0,0.0,0.7233333333333334,3.5
compound,shield_filter,adaptive,phi,radioml,5,300,0.9536089792985454,0.8960799963924884,0.0,0.81,1,0.0,0.0,29.57,51.67286411340873,0.1436089792985454,0.0,0.15666666666666668,0.5066666666666667,0.0,0.0,0.74,3.5
compound,shield_filter,adaptive,phi,radioml,6,300,0.951012503968379,0.8960799983914398,0.0,0.8266666666666667,2,0.0,0.0,29.51,50.68595224008091,0.12434583730171246,0.0,0.21,0.4866666666666667,0.0,0.0,0.77,3.5
compound,shield_filter,adaptive,phi,radioml,7,300,0.9437818678716167,0.896079995022042,0.0,0.8633333333333333,2,0.0,0.0,29.626666666666665,54.60153285163218,0.08044853453828352,0.0,0.17333333333333334,0.5066666666666667,0.0,0.0,0.7833333333333333,3.5
compound,shield_filter,adaptive,phi,radioml,8,300,0.9520257528691953,0.896079996083321,0.0,0.87,1,0.0,0.0,29.72,53.25497348899305,0.0820257528691954,0.0,0.06,0.5133333333333333,0.0,0.0,0.8333333333333334,3.5
compound,shield_filter,adaptive,phi,radioml,9,300,0.9487455580035778,0.8960799871427556,0.0,0.84,1,0.0,0.0,29.633333333333333,49.71845409312257,0.10874555800357785,0.0,0.27666666666666667,0.5266666666666666,0.0,0.0,0.77,3.5
compound,shield_repair,adaptive,phi,radioml,0,300,0.9575402809324715,0.8960799990289127,0.0,0.8,1,0.0,0.17533333333333334,29.406666666666666,46.8068384692004,0.15754028093247133,0.0,0.18333333333333332,0.48,0.0,0.0,0.7466666666666667,3.5
compound,shield_repair,adaptive,phi,radioml,1,300,0.9509981479233606,0.8960799913471462,0.0,0.8233333333333334,1,0.0,0.17533333333333334,29.406666666666666,46.634568126244496,0.12766481459002715,0.0,0.25,0.51,0.0,0.0,0.79,3.5
compound,shield_repair,adaptive,phi,radioml,2,300,0.9472703485410239,0.8960799901625285,0.0,0.8333333333333334,1,0.0,0.176,29.35333333333333,51.4198095544923,0.11393701520769066,0.0,0.18333333333333332,0.5233333333333333,0.0,0.0,0.76,3.5
compound,shield_repair,adaptive,phi,radioml,3,300,0.9493960978049084,0.8960799911361463,0.0,0.8533333333333334,2,0.0,0.184,29.653333333333332,51.496531787010454,0.09606276447157498,0.0,0.2,0.5066666666666667,0.0,0.0,0.8066666666666666,3.5
compound,shield_repair,adaptive,phi,radioml,4,300,0.9522269024854821,0.8960799964075423,0.0,0.77,1,0.0,0.18,29.4,50.02567100295203,0.18222690248548198,0.0,0.20333333333333334,0.5,0.0,0.0,0.6966666666666667,3.5
compound,shield_repair,adaptive,phi,radioml,5,300,0.9539225515721028,0.8960799963924884,0.0,0.81,1,0.0,0.17866666666666667,29.516666666666666,51.67286411340873,0.14392255157210282,0.0,0.15666666666666668,0.51,0.0,0.0,0.75,3.5
compound,shield_repair,adaptive,phi,radioml,6,300,0.9483513657461259,0.8960799960699009,0.0,0.83,2,0.0,0.17266666666666666,29.413333333333334,51.97572607592896,0.11835136574612602,0.0,0.21,0.48333333333333334,0.0,0.0,0.7666666666666667,3.5
compound,shield_repair,adaptive,phi,radioml,7,300,0.9486866174839386,0.896079987129453,0.0,0.83,2,0.0,0.19,29.46,50.852097090406915,0.1186866174839385,0.0,0.15,0.5,0.0,0.0,0.7366666666666667,3.5
compound,shield_repair,adaptive,phi,radioml,8,300,0.947480248039427,0.896079981620949,0.0,0.8333333333333334,1,0.0,0.182,29.63,49.78366959044521,0.11414691470609357,0.0,0.12,0.5,0.0,0.0,0.7933333333333333,3.5
compound,shield_repair,adaptive,phi,radioml,9,300,0.9485228816674653,0.8960799833552082,0.0,0.8466666666666667,1,0.0,0.18133333333333335,29.526666666666667,49.644056543135804,0.10185621500079851,0.0,0.26,0.5433333333333333,0.0,0.0,0.7833333333333333,3.5
narrowband,heuristic,adaptive,phi_plus,radioml,0,300,0.9934799991383666,0.9934799981032509,0.043333333333333335,0.0,1,0.0,0.0,26.0,44.16666666666665,0.9934799991383666,0.0,0.0,0.0,0.0,0.0,0.0,3.5
narrowband,heuristic,adaptive,phi_plus,radioml,1,300,0.9934799975574355,0.9934799966296911,0.06666666666666667,0.0,1,0.0,0.0,26.0,44.16666666666665,0.9934799975574355,0.0,0.0,0.0,0.0,0.0,0.0,3.5
narrowband,heuristic,adaptive,phi_plus,radioml,2,300,0.9934799992355436,0.9934799969082236,0.06,0.0,1,0.0,0.0,26.0,44.16666666666665,0.9934799992355436,0.0,0.0,0.0,0.0,0.0,0.0,3.5
narrowband,heuristic,adaptive,phi_plus,radioml,3,300,0.9934799985751636,0.9934799981168557,0.06333333333333334,0.0,1,0.0,0.0,26.0,44.16666666666665,0.9934799985751636,0.0,0.0,0.0,0.0,0.0,0.0,3.5
narrowband,heuristic,adaptive,phi_plus,radioml,4,300,0.9901684482410862,0.9934799985363232,0.06,0.0,1,0.0,0.0,26.0,44.16666666666665,0.9901684482410862,0.0,0.0,0.0,0.0,0.0,0.0,3.5
narrowband,heuristic,adaptive,phi_plus,radioml,5,300,0.9934799984087931,0.993479996319088,0.06333333333333334,0.0,1,0.0,0.0,26.0,44.16666666666665,0.9934799984087931,0.0,0.0,0.0,0.0,0.0,0.0,3.5
narrowband,heuristic,adaptive,phi_plus,radioml,6,300,0.9934799983188931,0.9934799974176785,0.07666666666666666,0.0,1,0.0,0.0,26.0,44.16666666666665,0.9934799983188931,0.0,0.0,0.0,0.0,0.0,0.0,3.5
narrowband,heuristic,adaptive,phi_plus,radioml,7,300,0.9934799988811979,0.9934799979528288,0.04,0.0,1,0.0,0.0,26.0,44.16666666666665,0.9934799988811979,0.0,0.0,0.0,0.0,0.0,0.0,3.5
narrowband,heuristic,adaptive,phi_plus,radioml,8,300,0.9901684717173986,0.9934799976353959,0.07333333333333333,0.0,1,0.0,0.0,26.0,44.16666666666665,0.9901684717173986,0.0,0.0,0.0,0.0,0.0,0.0,3.5
narrowband,heuristic,adaptive,phi_plus,radioml,9,300,0.9934799994701681,0.9934799986531602,0.08666666666666667,0.0,1,0.0,0.0,26.0,44.16666666666665,0.9934799994701681,0.0,0.0,0.0,0.0,0.0,0.0,3.5
narrowband,greedy_twin,adaptive,phi_plus,radioml,0,300,0.9852333356564195,0.9739999999786468,0.9433333333333334,0.32,1,0.0,0.0,28.55666666666667,50.79639297730681,0.6652333356564193,0.03666666666666667,0.22333333333333333,0.016666666666666666,0.0,0.0,0.11,3.5
narrowband,greedy_twin,adaptive,phi_plus,radioml,1,300,0.9861424813592105,0.9739999999995769,0.96,0.31333333333333335,1,0.0,0.0,28.596666666666668,50.735262843225456,0.6728091480258771,0.023333333333333334,0.23333333333333334,0.03333333333333333,0.0,0.0,0.08333333333333333,3.5
narrowband,greedy_twin,adaptive,phi_plus,radioml,2,300,0.9856878679274527,0.9739999999972572,0.9266666666666666,0.20666666666666667,1,0.0,0.0,28.466666666666665,51.019153794901584,0.779021201260786,0.023333333333333334,0.11,0.016666666666666666,0.0,0.0,0.07666666666666666,3.5
narrowband,greedy_twin,adaptive,phi_plus,radioml,3,300,0.985687006185118,0.9739999999983614,0.9733333333333334,0.39,1,0.0,0.0,28.94333333333333,55.182603498393746,0.5956870061851179,0.05333333333333334,0.16333333333333333,0.03333333333333333,0.0,0.0,0.23,3.5
narrowband,greedy_twin,adaptive,phi_plus,radioml,4,300,0.9857527555993173,0.9739999999993442,0.9733333333333334,0.21,1,0.0,0.0,28.6,52.825307698127624,0.7757527555993171,0.03333333333333333,0.14333333333333334,0.016666666666666666,0.0,0.0,0.05,3.5
narrowband,greedy_twin,adaptive,phi_plus,radioml,5,300,0.9845188224784807,0.9739999999979003,0.9466666666666667,0.2966666666666667,1,0.0,0.0,28.7,46.8023489575659,0.6878521558118139,0.02666666666666667,0.16666666666666666,0.023333333333333334,0.0,0.0,0.14333333333333334,3.5
narrowband,greedy_twin,adaptive,phi_plus,radioml,6,300,0.9861424233025244,0.9739999999996101,0.9366666666666666,0.23666666666666666,1,0.0,0.0,28.41,45.89787335365182,0.7494757566358579,0.03666666666666667,0.14666666666666667,0.013333333333333334,0.0,0.0,0.07333333333333333,3.5
narrowband,greedy_twin,adaptive,phi_plus,radioml,7,300,0.9853619248839129,0.9739999999996787,0.94,0.29,1,0.0,0.0,28.626666666666665,51.53750754439035,0.6953619248839129,0.04666666666666667,0.12666666666666668,0.023333333333333334,0.0,0.0,0.18333333333333332,3.5
narrowband,greedy_twin,adaptive,phi_plus,radioml,8,300,0.9851682308260291,0.9739999999976102,0.9566666666666667,0.17333333333333334,1,0.0,0.0,28.66,53.320233427624416,0.8118348974926958,0.03,0.08666666666666667,0.0033333333333333335,0.0,0.0,0.07666666666666666,3.5
narrowband,greedy_twin,adaptive,phi_plus,radioml,9,300,0.9856874825322236,0.9739999999998792,0.9666666666666667,0.20666666666666667,1,0.0,0.0,28.716666666666665,54.93067679683122,0.7790208158655569,0.05,0.11,0.03,0.0,0.0,0.09,3.5
narrowband,shield_filter,adaptive,phi_plus,radioml,0,300,0.7055430107056728,1.3275553395287095e-09,0.0,0.0,1,0.30333333333333334,0.0,23.62,40.50571555282954,0.7055430107056728,0.0,0.0,0.0,0.0,0.0,0.0,3.5
narrowband,shield_filter,adaptive,phi_plus,radioml,1,300,0.7436332921339492,1.952031813252076e-09,0.0,0.0,1,0.2633333333333333,0.0,23.72,38.02878703048398,0.7436332921339492,0.0,0.0,0.0,0.0,0.0,0.0,3.5
narrowband,shield_filter,adaptive,phi_plus,radioml,2,300,0.7497580298624131,1.5714695076978203e-09,0.0,0.0,1,0.24,0.0,23.86,38.69375016695009,0.7497580298624131,0.0,0.0,0.0,0.0,0.0,0.0,3.5
narrowband,shield_filter,adaptive,phi_plus,radioml,3,300,0.74418145826053,1.584477622569396e-09,0.0,0.0,2,0.28,0.0,23.79,37.11382365029126,0.74418145826053,0.0,0.0,0.0,0.0,0.0,0.0,3.5
narrowband,shield_filter,adaptive,phi_plus,radioml,4,300,0.7624349751428123,1.6610540840470121e-09,0.0,0.0,3,0.26,0.0,23.96,38.545300130223154,0.7624349751428123,0.0,0.0,0.0,0.0,0.0,0.0,3.5
narrowband,shield_filter,adaptive,phi_plus,radioml,5,300,0.7247217432873053,2.1779048058758034e-09,0.0,0.0033333333333333335,4,0.28,0.0,23.59,38.8571798724977,0.721388409953972,0.0,0.0,0.0,0.0,0.0033333333333333335,0.0,3.5
narrowband,shield_filter,adaptive,phi_plus,radioml,6,300,0.7623374045017272,2.6749348022166268e-09,0.0,0.0,1,0.25333333333333335,0.0,23.89,38.617125464871876,0.7623374045017272,0.0,0.0,0.0,0.0,0.0,0.0,3.5
narrowband,shield_filter,adaptive,phi_plus,radioml,7,300,0.7845692154902688,2.512587869699878e-09,0.0,0.0,1,0.24,0.0,23.86,36.98477195831707,0.7845692154902688,0.0,0.0,0.0,0.0,0.0,0.0,3.5
narrowband,shield_filter,adaptive,phi_plus,radioml,8,300,0.747802758973349,1.7497255990623589e-09,0.0,0.0,1,0.2833333333333333,0.0,23.85,37.91218509046129,0.747802758973349,0.0,0.0,0.0,0.0,0.0,0.0,3.5
narrowband,shield_filter,adaptive,phi_plus,radioml,9,300,0.7548127004947809,2.0208522735135076e-09,0.0,0.0,1,0.26,0.0,23.78,38.713647446306155,0.7548127004947809,0.0,0.0,0.0,0.0,0.0,0.0,3.5
narrowband,shield_repair,adaptive,phi_plus,radioml,0,300,0.9762950134086009,0.9736726499871519,0.0,0.0,1,0.0,0.768,24.14,40.48366828231799,0.9762950134086009,0.0,0.0,0.0,0.0,0.0,0.0,3.5
narrowband,shield_repair,adaptive,phi_plus,radioml,1,300,0.9768575230215423,0.9737071610776062,0.0,0.0,1,0.0,0.766,24.06,37.970591541588476,0.9768575230215423,0.0,0.0,0.0,0.0,0.0,0.0,3.5
narrowband,shield_repair,adaptive,phi_plus,radioml,2,300,0.9850570371513728,0.9738031081853264,0.0,0.0,1,0.0,0.7613333333333333,24.06,36.796085836516376,0.9850570371513728,0.0,0.0,0.0,0.0,0.0,0.0,3.5
narrowband,shield_repair,adaptive,phi_plus,radioml,3,300,0.9643384741831441,0.972734463773215,0.0,0.0,1,0.0,0.7966666666666666,23.96,37.76424966616821,0.9643384741831441,0.0,0.0,0.0,0.0,0.0,0.0,3.5
narrowband,shield_repair,adaptive,phi_plus,radioml,4,300,0.9777548999992589,0.9736615579297503,0.0,0.0,1,0.0,0.7613333333333333,23.95,38.43108227225023,0.9777548999992589,0.0,0.0,0.0,0.0,0.0,0.0,3.5
narrowband,shield_repair,adaptive,phi_plus,radioml,5,300,0.9735087277025434,0.9735506410632281,0.0,0.0,1,0.0,0.7826666666666666,23.86,36.78572923825547,0.9735087277025434,0.0,0.0,0.0,0.0,0.0,0.0,3.5
narrowband,shield_repair,adaptive,phi_plus,radioml,6,300,0.9746666933413023,0.9735134359474131,0.0,0.0,1,0.0,0.7813333333333333,23.79,38.14622132604765,0.9746666933413023,0.0,0.0,0.0,0.0,0.0,0.0,3.5
narrowband,shield_repair,adaptive,phi_plus,radioml,7,300,0.9884462285843874,0.9738373923461128,0.0,0.0,1,0.0,0.7613333333333333,24.04,36.13478239683833,0.9884462285843874,0.0,0.0,0.0,0.0,0.0,0.0,3.5
narrowband,shield_repair,adaptive,phi_plus,radioml,8,300,0.9829959649360097,0.9736930819441643,0.0,0.0,1,0.0,0.7766666666666666,23.79,40.32682168164161,0.9829959649360097,0.0,0.0,0.0,0.0,0.0,0.0,3.5
narrowband,shield_repair,adaptive,phi_plus,radioml,9,300,0.978422094344038,0.9738803497298031,0.0,0.0,1,0.0,0.776,24.11,39.54432649113327,0.978422094344038,0.0,0.0,0.0,0.0,0.0,0.0,3.5
wideband,heuristic,adaptive,phi_plus,radioml,0,300,0.815869721618104,2.7204265721494265e-08,0.043333333333333335,0.0,1,0.0,0.0,26.0,44.16666666666665,0.815869721618104,0.0,0.0,0.0,0.0,0.0,0.0,3.5
wideband,heuristic,adaptive,phi_plus,radioml,1,300,0.8472466604360632,4.7401291229518174e-07,0.06666666666666667,0.0,1,0.0,0.0,26.0,44.16666666666665,0.8472466604360632,0.0,0.0,0.0,0.0,0.0,0.0,3.5
wideband,heuristic,adaptive,phi_plus,radioml,2,300,0.8172965371416668,1.0944810193746748e-07,0.06,0.0,2,0.0,0.0,26.0,44.16666666666665,0.8172965371416668,0.0,0.0,0.0,0.0,0.0,0.0,3.5
wideband,heuristic,adaptive,phi_plus,radioml,3,300,0.8389969893182297,5.81066966886732e-08,0.06333333333333334,0.0,2,0.0,0.0,26.0,44.16666666666665,0.8389969893182297,0.0,0.0,0.0,0.0,0.0,0.0,3.5
wideband,heuristic,adaptive,phi_plus,radioml,4,300,0.7879427905763405,1.0058369302882466e-07,0.06,0.0,2,0.0,0.0,26.0,44.16666666666665,0.7879427905763405,0.0,0.0,0.0,0.0,0.0,0.0,3.5
wideband,heuristic,adaptive,phi_plus,radioml,5,300,0.8066757024945899,4.1884870634344184e-08,0.06333333333333334,0.0,1,0.0,0.0,26.0,44.16666666666665,0.8066757024945899,0.0,0.0,0.0,0.0,0.0,0.0,3.5
wideband,heuristic,adaptive,phi_plus,radioml,6,300,0.8286580408670443,1.989089726777392e-06,0.07666666666666666,0.0,2,0.0,0.0,26.0,44.16666666666665,0.8286580408670443,0.0,0.0,0.0,0.0,0.0,0.0,3.5
wideband,heuristic,adaptive,phi_plus,radioml,7,300,0.8270460293297544,7.345857782637262e-07,0.04,0.0,1,0.0,0.0,26.0,44.16666666666665,0.8270460293297544,0.0,0.0,0.0,0.0,0.0,0.0,3.5
wideband,heuristic,adaptive,phi_plus,radioml,8,300,0.8165649624168724,5.602021376461275e-08,0.07333333333333333,0.0,1,0.0,0.0,26.0,44.16666666666665,0.8165649624168724,0.0,0.0,0.0,0.0,0.0,0.0,3.5
wideband,heuristic,adaptive,phi_plus,radioml,9,300,0.8009100434247765,4.6223378320745706e-08,0.08666666666666667,0.0,2,0.0,0.0,26.0,44.16666666666665,0.8009100434247765,0.0,0.0,0.0,0.0,0.0,0.0,3.5
wideband,greedy_twin,adaptive,phi_plus,radioml,0,300,0.899148485062462,0.0038296840484391,0.9366666666666666,0.63,1,0.0,0.0,29.38,54.412498400310255,0.2691484850624621,0.04,0.11,0.02,0.0,0.0,0.62,3.5
wideband,greedy_twin,adaptive,phi_plus,radioml,1,300,0.8856405971676126,2.2089973830133542e-05,0.9466666666666667,0.6133333333333333,1,0.0,0.0,29.24,47.09889739744816,0.2723072638342791,0.02666666666666667,0.14666666666666667,0.023333333333333334,0.0,0.0,0.5433333333333333,3.5
wideband,greedy_twin,adaptive,phi_plus,radioml,2,300,0.8831208516913432,8.453520413619219e-05,0.9366666666666666,0.5966666666666667,1,0.0,0.0,29.216666666666665,52.40428706463391,0.28645418502467657,0.04,0.17333333333333334,0.043333333333333335,0.0,0.0,0.5266666666666666,3.5
wideband,greedy_twin,adaptive,phi_plus,radioml,3,300,0.8877139117564076,3.0197484880594994e-05,0.9433333333333334,0.6533333333333333,1,0.0,0.0,29.316666666666666,50.322211040271334,0.2343805784230741,0.04666666666666667,0.22333333333333333,0.03333333333333333,0.0,0.0,0.5666666666666667,3.5
wideband,greedy_twin,adaptive,phi_plus,radioml,4,300,0.8954007002708317,4.291459096357737e-05,0.9533333333333334,0.6833333333333333,1,0.0,0.0,29.436666666666667,51.87112085757133,0.2120673669374983,0.05333333333333334,0.23333333333333334,0.023333333333333334,0.0,0.0,0.6333333333333333,3.5
wideband,greedy_twin,adaptive,phi_plus,radioml,5,300,0.9050322613997397,0.0006908292607768505,0.9366666666666666,0.6466666666666666,1,0.0,0.0,29.256666666666668,44.3158127581046,0.2583655947330729,0.03333333333333333,0.16,0.016666666666666666,0.0,0.0,0.5666666666666667,3.5
wideband,greedy_twin,adaptive,phi_plus,radioml,6,300,0.8976299428434338,1.9771360348503437e-06,0.9033333333333333,0.5133333333333333,1,0.0,0.0,28.99,48.74039650485293,0.3842966095101002,0.02666666666666667,0.24333333333333335,0.02,0.0,0.0,0.41333333333333333,3.5
wideband,greedy_twin,adaptive,phi_plus,radioml,7,300,0.873712694833861,4.036035934257517e-05,0.9333333333333333,0.5833333333333334,2,0.0,0.0,29.196666666666665,50.505787644214045,0.29037936150052773,0.056666666666666664,0.17666666666666667,0.03,0.0,0.0,0.5066666666666667,3.5
wideband,greedy_twin,adaptive,phi_plus,radioml,8,300,0.9252188772748142,0.4846280133283772,0.9433333333333334,0.6366666666666667,1,0.0,0.0,29.433333333333334,53.32403607960201,0.28855221060814756,0.02,0.17333333333333334,0.02,0.0,0.0,0.5633333333333334,3.5
wideband,greedy_twin,adaptive,phi_plus,radioml,9,300,0.8963571170484911,0.0003993632206039039,0.9566666666666667,0.6433333333333333,1,0.0,0.0,29.31,49.44513867972373,0.2530237837151576,0.03666666666666667,0.2,0.023333333333333334,0.0,0.0,0.5533333333333333,3.5
wideband,shield_filter,adaptive,phi_plus,radioml,0,300,0.4572407925784025,2.4335910819143007e-12,0.0,0.0,2,0.37,0.0,23.22,36.92925592881848,0.4572407925784025,0.0,0.0,0.0,0.0,0.0,0.0,3.5
wideband,shield_filter,adaptive,phi_plus,radioml,1,300,0.4585633386665567,3.357845673935287e-12,0.0,0.0,3,0.38333333333333336,0.0,23.06,37.41322700461523,0.4585633386665567,0.0,0.0,0.0,0.0,0.0,0.0,3.5
wideband,shield_filter,adaptive,phi_plus,radioml,2,300,0.5075774357611376,3.686508020346877e-12,0.0,0.0,1,0.36666666666666664,0.0,23.11,37.15385891422183,0.5075774357611376,0.0,0.0,0.0,0.0,0.0,0.0,3.5
wideband,shield_filter,adaptive,phi_plus,radioml,3,300,0.46486821588737676,2.1228277342042584e-12,0.0,0.0033333333333333335,5,0.34,0.0,23.35,40.56324993708808,0.4615348825540434,0.0,0.0,0.0,0.0,0.0033333333333333335,0.0,3.5
wideband,shield_filter,adaptive,phi_plus,radioml,4,300,0.4678590026061837,2.0979650652683257e-12,0.0,0.0,1,0.33666666666666667,0.0,23.43,38.685726072363835,0.4678590026061837,0.0,0.0,0.0,0.0,0.0,0.0,3.5
wideband,shield_filter,adaptive,phi_plus,radioml,5,300,0.4631676189228278,3.684814765722689e-12,0.0,0.0,2,0.34,0.0,23.24,38.71307416927688,0.4631676189228278,0.0,0.0,0.0,0.0,0.0,0.0,3.5
wideband,shield_filter,adaptive,phi_plus,radioml,6,300,0.48546551995038917,1.433948484003551e-12,0.0,0.0,1,0.34,0.0,23.16,38.162570216898,0.48546551995038917,0.0,0.0,0.0,0.0,0.0,0.0,3.5
wideband,shield_filter,adaptive,phi_plus,radioml,7,300,0.47820242943794955,2.9130535476428055e-12,0.0,0.0,9,0.37,0.0,23.15,41.5607182006984,0.47820242943794955,0.0,0.0,0.0,0.0,0.0,0.0,3.5
wideband,shield_filter,adaptive,phi_plus,radioml,8,300,0.4563831699035752,2.62868617036416e-12,0.0,0.0,2,0.37,0.0,23.22,37.938361783544615,0.4563831699035752,0.0,0.0,0.0,0.0,0.0,0.0,3.5
wideband,shield_filter,adaptive,phi_plus,radioml,9,300,0.4505592500787469,2.959003910126736e-12,0.0,0.0,3,0.38333333333333336,0.0,23.09,37.8135228108593,0.4505592500787469,0.0,0.0,0.0,0.0,0.0,0.0,3.5
wideband,shield_repair,adaptive,phi_plus,radioml,0,300,0.44354017921605066,4.334065317411813e-17,0.0,0.0,10,0.0,0.834,22.21,39.96983330176735,0.44354017921605066,0.0,0.0,0.0,0.0,0.0,0.0,3.5
wideband,shield_repair,adaptive,phi_plus,radioml,1,300,0.48768809366876087,1.3668462818842253e-16,0.0,0.0,1,0.0,0.8206666666666667,22.48,36.16340135432226,0.48768809366876087,0.0,0.0,0.0,0.0,0.0,0.0,3.5
wideband,shield_repair,adaptive,phi_plus,radioml,2,300,0.4758872867340319,7.42679896466549e-18,0.0,0.0,1,0.0,0.7946666666666666,22.81,36.60905437990091,0.4758872867340319,0.0,0.0,0.0,0.0,0.0,0.0,3.5
wideband,shield_repair,adaptive,phi_plus,radioml,3,300,0.4344587123798264,3.29244581633082e-17,0.0,0.0,4,0.0,0.84,22.51,38.836582822131135,0.4344587123798264,0.0,0.0,0.0,0.0,0.0,0.0,3.5
wideband,shield_repair,adaptive,phi_plus,radioml,4,300,0.4701113595854553,2.309850135798355e-15,0.0,0.0,1,0.0,0.8,22.61,38.2027817229045,0.4701113595854553,0.0,0.0,0.0,0.0,0.0,0.0,3.5
wideband,shield_repair,adaptive,phi_plus,radioml,5,300,0.4522459270137391,5.522887198375332e-17,0.0,0.0,2,0.0,0.8126666666666666,22.32,36.4707442528725,0.4522459270137391,0.0,0.0,0.0,0.0,0.0,0.0,3.5
wideband,shield_repair,adaptive,phi_plus,radioml,6,300,0.45132555749084957,1.5967900998248542e-13,0.0,0.0,1,0.0,0.8233333333333334,23.04,37.822270876798584,0.45132555749084957,0.0,0.0,0.0,0.0,0.0,0.0,3.5
wideband,shield_repair,adaptive,phi_plus,radioml,7,300,0.47189758292366624,1.5113463631798548e-15,0.0,0.0,1,0.0,0.8233333333333334,22.91,39.66514992887225,0.47189758292366624,0.0,0.0,0.0,0.0,0.0,0.0,3.5
wideband,shield_repair,adaptive,phi_plus,radioml,8,300,0.46668435520428336,1.1832139755432807e-18,0.0,0.0,2,0.0,0.8326666666666667,22.25,36.51038540156798,0.46668435520428336,0.0,0.0,0.0,0.0,0.0,0.0,3.5
wideband,shield_repair,adaptive,phi_plus,radioml,9,300,0.43168095354887065,5.276135557827142e-15,0.0,0.0,2,0.0,0.8173333333333334,23.31,39.32344494243972,0.43168095354887065,0.0,0.0,0.0,0.0,0.0,0.0,3.5
bursty,heuristic,adaptive,phi_plus,radioml,0,300,0.9874921168448886,0.9934798861719453,0.04,0.0,1,0.0,0.0,26.0,44.16666666666665,0.9874921168448886,0.0,0.0,0.0,0.0,0.0,0.0,3.5
bursty,heuristic,adaptive,phi_plus,radioml,1,300,0.9933350945289021,0.9934799116787887,0.08,0.0,1,0.0,0.0,26.0,44.16666666666665,0.9933350945289021,0.0,0.0,0.0,0.0,0.0,0.0,3.5
bursty,heuristic,adaptive,phi_plus,radioml,2,300,0.99347994574487,0.993479887137482,0.06,0.0,1,0.0,0.0,26.0,44.16666666666665,0.99347994574487,0.0,0.0,0.0,0.0,0.0,0.0,3.5
bursty,heuristic,adaptive,phi_plus,radioml,3,300,0.9902598089405791,0.9934798920259353,0.07,0.0,1,0.0,0.0,26.0,44.16666666666665,0.9902598089405791,0.0,0.0,0.0,0.0,0.0,0.0,3.5
bursty,heuristic,adaptive,phi_plus,radioml,4,300,0.993373196023366,0.9934799108720688,0.056666666666666664,0.0,1,0.0,0.0,26.0,44.16666666666665,0.993373196023366,0.0,0.0,0.0,0.0,0.0,0.0,3.5
bursty,heuristic,adaptive,phi_plus,radioml,5,300,0.9934797695091402,0.9934799211656893,0.05333333333333334,0.0,1,0.0,0.0,26.0,44.16666666666665,0.9934797695091402,0.0,0.0,0.0,0.0,0.0,0.0,3.5
bursty,heuristic,adaptive,phi_plus,radioml,6,300,0.9889440178120417,0.993479840386772,0.07333333333333333,0.0,1,0.0,0.0,26.0,44.16666666666665,0.9889440178120417,0.0,0.0,0.0,0.0,0.0,0.0,3.5
bursty,heuristic,adaptive,phi_plus,radioml,7,300,0.9933387204658042,0.9934798755667938,0.043333333333333335,0.0,1,0.0,0.0,26.0,44.16666666666665,0.9933387204658042,0.0,0.0,0.0,0.0,0.0,0.0,3.5
bursty,heuristic,adaptive,phi_plus,radioml,8,300,0.9915272391528613,0.9934798901836194,0.08333333333333333,0.0,1,0.0,0.0,26.0,44.16666666666665,0.9915272391528613,0.0,0.0,0.0,0.0,0.0,0.0,3.5
bursty,heuristic,adaptive,phi_plus,radioml,9,300,0.9919374894769362,0.9934798694227697,0.06333333333333334,0.0,1,0.0,0.0,26.0,44.16666666666665,0.9919374894769362,0.0,0.0,0.0,0.0,0.0,0.0,3.5
bursty,greedy_twin,adaptive,phi_plus,radioml,0,300,0.9853562198326161,0.9739999999661014,0.8566666666666667,0.23666666666666666,1,0.0,0.0,28.226666666666667,50.063950240175714,0.7486895531659493,0.023333333333333334,0.19666666666666666,0.02,0.0,0.0,0.02666666666666667,3.5
bursty,greedy_twin,adaptive,phi_plus,radioml,1,300,0.9838687919125954,0.9739999991812326,0.91,0.37333333333333335,1,0.0,0.0,28.543333333333333,49.72472272128441,0.6105354585792621,0.04,0.27,0.03,0.0,0.0,0.13666666666666666,3.5
bursty,greedy_twin,adaptive,phi_plus,radioml,2,300,0.9829000012832965,0.9739999999221075,0.83,0.22333333333333333,1,0.0,0.0,28.1,52.97900463856679,0.7595666679499632,0.02666666666666667,0.16666666666666666,0.02,0.0,0.0,0.043333333333333335,3.5
bursty,greedy_twin,adaptive,phi_plus,radioml,3,300,0.9785896506517876,0.9739999998925113,0.8833333333333333,0.29333333333333333,1,0.0,0.0,28.39666666666667,48.60354918832411,0.6852563173184543,0.043333333333333335,0.19333333333333333,0.04,0.0,0.0,0.08,3.5
bursty,greedy_twin,adaptive,phi_plus,radioml,4,300,0.9847120417896635,0.9739999999519006,0.8966666666666666,0.27,1,0.0,0.0,28.53,50.85802594795282,0.7147120417896636,0.04,0.15333333333333332,0.016666666666666666,0.0,0.0,0.13666666666666666,3.5
bursty,greedy_twin,adaptive,phi_plus,radioml,5,300,0.982375642534403,0.9739999997971036,0.8566666666666667,0.20333333333333334,1,0.0,0.0,28.246666666666666,48.812958748470436,0.7790423092010695,0.02,0.13333333333333333,0.03,0.0,0.0,0.04,3.5
bursty,greedy_twin,adaptive,phi_plus,radioml,6,300,0.9857483115402276,0.9739999999574087,0.81,0.24,1,0.0,0.0,28.026666666666667,50.469665734154965,0.7457483115402277,0.04,0.15,0.02,0.0,0.0,0.08666666666666667,3.5
bursty,greedy_twin,adaptive,phi_plus,radioml,7,300,0.984518417848343,0.9739999997834515,0.8866666666666667,0.30666666666666664,1,0.0,0.0,28.493333333333332,51.808028658988455,0.6778517511816763,0.05,0.18333333333333332,0.02,0.0,0.0,0.16333333333333333,3.5
bursty,greedy_twin,adaptive,phi_plus,radioml,8,300,0.9842079830324876,0.973999999983107,0.8666666666666667,0.14,1,0.0,0.0,28.356666666666666,53.567809186851235,0.8442079830324876,0.03,0.08,0.006666666666666667,0.0,0.0,0.05333333333333334,3.5
bursty,greedy_twin,adaptive,phi_plus,radioml,9,300,0.9815286650730678,0.9739999997618198,0.8766666666666667,0.24,1,0.0,0.0,28.416666666666668,51.337332836412415,0.7415286650730679,0.03,0.13,0.03,0.0,0.0,0.08333333333333333,3.5
bursty,shield_filter,adaptive,phi_plus,radioml,0,300,0.9090759323676023,0.04545423567602373,0.0,0.0,1,0.19,0.0,23.65,40.352178851374234,0.9090759323676023,0.0,0.0,0.0,0.0,0.0,0.0,3.5
bursty,shield_filter,adaptive,phi_plus,radioml,1,300,0.9322228250411877,0.23197916036396218,0.0,0.0,1,0.14666666666666667,0.0,23.69,36.5677357442939,0.9322228250411877,0.0,0.0,0.0,0.0,0.0,0.0,3.5
bursty,shield_filter,adaptive,phi_plus,radioml,2,300,0.9284833897591712,0.051704797023790376,0.0,0.0,2,0.16333333333333333,0.0,23.85,37.56033946158325,0.9284833897591712,0.0,0.0,0.0,0.0,0.0,0.0,3.5
bursty,shield_filter,adaptive,phi_plus,radioml,3,300,0.9443555055906664,0.7057675974523523,0.0,0.0,1,0.18666666666666668,0.0,23.74,39.53552901060921,0.9443555055906664,0.0,0.0,0.0,0.0,0.0,0.0,3.5
bursty,shield_filter,adaptive,phi_plus,radioml,4,300,0.9169878014995211,0.15679678012558523,0.0,0.0,1,0.2,0.0,23.73,36.733195427091175,0.9169878014995211,0.0,0.0,0.0,0.0,0.0,0.0,3.5
bursty,shield_filter,adaptive,phi_plus,radioml,5,300,0.9105176500358868,0.08789688482083984,0.0,0.0,5,0.15666666666666668,0.0,23.73,37.11031271374497,0.9105176500358868,0.0,0.0,0.0,0.0,0.0,0.0,3.5
bursty,shield_filter,adaptive,phi_plus,radioml,6,300,0.9003811972148835,0.033533740047863275,0.0,0.0,1,0.17,0.0,23.68,37.26408844148764,0.9003811972148835,0.0,0.0,0.0,0.0,0.0,0.0,3.5
bursty,shield_filter,adaptive,phi_plus,radioml,7,300,0.9040364955398135,0.0354367077607816,0.0,0.0,1,0.14333333333333334,0.0,23.81,37.35868546223911,0.9040364955398135,0.0,0.0,0.0,0.0,0.0,0.0,3.5
bursty,shield_filter,adaptive,phi_plus,radioml,8,300,0.9277052833003677,0.07222812988037039,0.0,0.0,2,0.22333333333333333,0.0,23.44,37.706032325344864,0.9277052833003677,0.0,0.0,0.0,0.0,0.0,0.0,3.5
bursty,shield_filter,adaptive,phi_plus,radioml,9,300,0.9222225604354622,0.07748321093440648,0.0,0.0,1,0.21333333333333335,0.0,23.61,38.77376313671515,0.9222225604354622,0.0,0.0,0.0,0.0,0.0,0.0,3.5
bursty,shield_repair,adaptive,phi_plus,radioml,0,300,0.9287831229086866,0.09788278415490102,0.0,0.0,1,0.0,0.696,23.3,40.19104702096157,0.9287831229086866,0.0,0.0,0.0,0.0,0.0,0.0,3.5
bursty,shield_repair,adaptive,phi_plus,radioml,1,300,0.9380420395619149,0.33440479374007775,0.0,0.0,1,0.0,0.7066666666666667,23.33,37.27401660894552,0.9380420395619149,0.0,0.0,0.0,0.0,0.0,0.0,3.5
bursty,shield_repair,adaptive,phi_plus,radioml,2,300,0.9519240823613395,0.910027909350822,0.0,0.0,2,0.0,0.6946666666666667,23.34,39.47948150151625,0.9519240823613395,0.0,0.0,0.0,0.0,0.0,0.0,3.5
bursty,shield_repair,adaptive,phi_plus,radioml,3,300,0.943912219946803,0.5393134795550207,0.0,0.0,2,0.0,0.7153333333333334,23.1,37.77470290523751,0.943912219946803,0.0,0.0,0.0,0.0,0.0,0.0,3.5
bursty,shield_repair,adaptive,phi_plus,radioml,4,300,0.9251804179190571,0.13443251927379637,0.0,0.0,1,0.0,0.716,23.2,38.5307175514387,0.9251804179190571,0.0,0.0,0.0,0.0,0.0,0.0,3.5
bursty,shield_repair,adaptive,phi_plus,radioml,5,300,0.9245691120039466,0.0523528407830198,0.0,0.0,2,0.0,0.7226666666666667,23.17,36.89767434566515,0.9245691120039466,0.0,0.0,0.0,0.0,0.0,0.0,3.5
bursty,shield_repair,adaptive,phi_plus,radioml,6,300,0.9333394686021711,0.19797833546258117,0.0,0.0,1,0.0,0.7133333333333334,23.25,35.470203517257126,0.9333394686021711,0.0,0.0,0.0,0.0,0.0,0.0,3.5
bursty,shield_repair,adaptive,phi_plus,radioml,7,300,0.9363871767361672,0.09197083196431917,0.0,0.0,1,0.0,0.6953333333333334,23.16,37.13537138861911,0.9363871767361672,0.0,0.0,0.0,0.0,0.0,0.0,3.5
bursty,shield_repair,adaptive,phi_plus,radioml,8,300,0.9321480332121329,0.06436544618672188,0.0,0.0,5,0.0,0.7306666666666667,23.09,39.581715095167915,0.9321480332121329,0.0,0.0,0.0,0.0,0.0,0.0,3.5
bursty,shield_repair,adaptive,phi_plus,radioml,9,300,0.9360709801361308,0.3944745653840657,0.0,0.0,2,0.0,0.714,23.27,37.78285482052433,0.9360709801361308,0.0,0.0,0.0,0.0,0.0,0.0,3.5
backhaul,heuristic,adaptive,phi_plus,radioml,0,300,0.9600990699034052,0.9140015977470194,0.07333333333333333,0.0,1,0.0,0.0,26.0,44.16666666666665,0.9600990699034052,0.0,0.0,0.0,0.0,0.0,0.0,3.5
backhaul,heuristic,adaptive,phi_plus,radioml,1,300,0.9571848617165303,0.9140015962654964,0.06,0.0,1,0.0,0.0,26.0,44.16666666666665,0.9571848617165303,0.0,0.0,0.0,0.0,0.0,0.0,3.5
backhaul,heuristic,adaptive,phi_plus,radioml,2,300,0.960099067120013,0.914001593180764,0.05333333333333334,0.0,1,0.0,0.0,26.0,44.16666666666665,0.960099067120013,0.0,0.0,0.0,0.0,0.0,0.0,3.5
backhaul,heuristic,adaptive,phi_plus,radioml,3,300,0.9603639972214417,0.9140015979999202,0.07,0.0,1,0.0,0.0,26.0,44.16666666666665,0.9603639972214417,0.0,0.0,0.0,0.0,0.0,0.0,3.5
backhaul,heuristic,adaptive,phi_plus,radioml,4,300,0.9600990693562945,0.9140015979473942,0.07333333333333333,0.0,1,0.0,0.0,26.0,44.16666666666665,0.9600990693562945,0.0,0.0,0.0,0.0,0.0,0.0,3.5
backhaul,heuristic,adaptive,phi_plus,radioml,5,300,0.9595692127551232,0.9140015980215559,0.07333333333333333,0.0,1,0.0,0.0,26.0,44.16666666666665,0.9595692127551232,0.0,0.0,0.0,0.0,0.0,0.0,3.5
backhaul,heuristic,adaptive,phi_plus,radioml,6,300,0.959834139916829,0.9140015956464097,0.1,0.0,1,0.0,0.0,26.0,44.16666666666665,0.959834139916829,0.0,0.0,0.0,0.0,0.0,0.0,3.5
backhaul,heuristic,adaptive,phi_plus,radioml,7,300,0.9582445733132181,0.9140015960371437,0.06333333333333334,0.0,1,0.0,0.0,26.0,44.16666666666665,0.9582445733132181,0.0,0.0,0.0,0.0,0.0,0.0,3.5
backhaul,heuristic,adaptive,phi_plus,radioml,8,300,0.9632782047273258,0.914001596241794,0.06,0.0,1,0.0,0.0,26.0,44.16666666666665,0.9632782047273258,0.0,0.0,0.0,0.0,0.0,0.0,3.5
backhaul,heuristic,adaptive,phi_plus,radioml,9,300,0.9632782047053237,0.914001596615192,0.08333333333333333,0.0,1,0.0,0.0,26.0,44.16666666666665,0.9632782047053237,0.0,0.0,0.0,0.0,0.0,0.0,3.5
backhaul,greedy_twin,adaptive,phi_plus,radioml,0,300,0.954423366716273,0.89608,0.8833333333333333,0.22,2,0.0,0.0,28.336666666666666,49.80212855760359,0.7344233667162731,0.02,0.15666666666666668,0.03,0.0,0.0,0.06333333333333334,3.5
backhaul,greedy_twin,adaptive,phi_plus,radioml,1,300,0.9544982923053172,0.89608,0.9066666666666666,0.26,3,0.0,0.0,28.673333333333332,48.782677767285236,0.6944982923053172,0.05,0.11,0.03,0.0,0.0,0.14333333333333334,3.5
backhaul,greedy_twin,adaptive,phi_plus,radioml,2,300,0.9520627170573994,0.89608,0.91,0.23666666666666666,1,0.0,0.0,28.55,58.28417836082917,0.7153960503907328,0.03666666666666667,0.12,0.03,0.0,0.0,0.09666666666666666,3.5
backhaul,greedy_twin,adaptive,phi_plus,radioml,3,300,0.9554204939157561,0.89608,0.8933333333333333,0.24333333333333335,1,0.0,0.0,28.38,52.6215300806283,0.7120871605824228,0.03333333333333333,0.15333333333333332,0.03666666666666667,0.0,0.0,0.05,3.5
backhaul,greedy_twin,adaptive,phi_plus,radioml,4,300,0.9557869427460743,0.89608,0.9033333333333333,0.2866666666666667,1,0.0,0.0,28.566666666666666,49.603117547721844,0.6691202760794077,0.02666666666666667,0.2,0.023333333333333334,0.0,0.0,0.11333333333333333,3.5
backhaul,greedy_twin,adaptive,phi_plus,radioml,5,300,0.9563527100328583,0.89608,0.88,0.37,1,0.0,0.0,28.67,47.451403217459514,0.586352710032858,0.03666666666666667,0.20333333333333334,0.03666666666666667,0.0,0.0,0.15333333333333332,3.5
backhaul,greedy_twin,adaptive,phi_plus,radioml,6,300,0.953982107142089,0.89608,0.89,0.36,2,0.0,0.0,28.513333333333332,49.1770712482128,0.5939821071420888,0.05333333333333334,0.22,0.03666666666666667,0.0,0.0,0.15,3.5
backhaul,greedy_twin,adaptive,phi_plus,radioml,7,300,0.9535525667891189,0.89608,0.8666666666666667,0.24,1,0.0,0.0,28.33,51.871585066326105,0.7135525667891189,0.05,0.14,0.016666666666666666,0.0,0.0,0.08666666666666667,3.5
backhaul,greedy_twin,adaptive,phi_plus,radioml,8,300,0.9545449110562523,0.89608,0.91,0.30666666666666664,1,0.0,0.0,28.773333333333333,49.74171386871813,0.6478782443895856,0.03,0.13333333333333333,0.013333333333333334,0.0,0.0,0.19,3.5
backhaul,greedy_twin,adaptive,phi_plus,radioml,9,300,0.9526037074588216,0.8960799999999998,0.89,0.32666666666666666,2,0.0,0.0,28.513333333333332,47.907412178685185,0.625937040792155,0.043333333333333335,0.21666666666666667,0.03333333333333333,0.0,0.0,0.07,3.5
backhaul,shield_filter,adaptive,phi_plus,radioml,0,300,0.8488586039867664,0.3477174099578898,0.0,0.0033333333333333335,1,0.22,0.0,23.84,39.30750639045726,0.8455252706534331,0.0,0.0033333333333333335,0.0,0.0,0.0,0.0,3.5
backhaul,shield_filter,adaptive,phi_plus,radioml,1,300,0.8319441574402499,0.34771750922661104,0.0,0.0,2,0.25666666666666665,0.0,23.38,38.0381888188888,0.8319441574402499,0.0,0.0,0.0,0.0,0.0,0.0,3.5
backhaul,shield_filter,adaptive,phi_plus,radioml,2,300,0.8312630801197171,0.34771747376649176,0.0,0.0,1,0.23,0.0,23.61,38.477738055932974,0.8312630801197171,0.0,0.0,0.0,0.0,0.0,0.0,3.5
backhaul,shield_filter,adaptive,phi_plus,radioml,3,300,0.8301428788113687,0.34771606899355095,0.0,0.0,1,0.2633333333333333,0.0,23.59,39.332618772448924,0.8301428788113687,0.0,0.0,0.0,0.0,0.0,0.0,3.5
backhaul,shield_filter,adaptive,phi_plus,radioml,4,300,0.8508540579525081,0.3477174192053276,0.0,0.0,3,0.25666666666666665,0.0,23.51,38.840177807412395,0.8508540579525081,0.0,0.0,0.0,0.0,0.0,0.0,3.5
backhaul,shield_filter,adaptive,phi_plus,radioml,5,300,0.8371986521908006,0.3477171109414545,0.0,0.0,1,0.25666666666666665,0.0,23.32,36.860384674295766,0.8371986521908006,0.0,0.0,0.0,0.0,0.0,0.0,3.5
backhaul,shield_filter,adaptive,phi_plus,radioml,6,300,0.850585724824543,0.3477174471206802,0.0,0.0,2,0.21,0.0,23.77,39.871634911283635,0.850585724824543,0.0,0.0,0.0,0.0,0.0,0.0,3.5
backhaul,shield_filter,adaptive,phi_plus,radioml,7,300,0.8765235932465946,0.34771787610052063,0.0,0.0,1,0.24,0.0,23.7,35.46091374504185,0.8765235932465946,0.0,0.0,0.0,0.0,0.0,0.0,3.5
backhaul,shield_filter,adaptive,phi_plus,radioml,8,300,0.8673483111282824,0.34771762633589753,0.0,0.0,1,0.25333333333333335,0.0,23.513333333333332,36.21676642683789,0.8673483111282824,0.0,0.0,0.0,0.0,0.0,0.0,3.5
backhaul,shield_filter,adaptive,phi_plus,radioml,9,300,0.8463296488818486,0.3477167818281836,0.0,0.0,1,0.27,0.0,23.69,41.07807325989052,0.8463296488818486,0.0,0.0,0.0,0.0,0.0,0.0,3.5
backhaul,shield_repair,adaptive,phi_plus,radioml,0,300,0.9205480407861543,0.6817999999997211,0.0,0.0,2,0.0,0.756,24.06,39.04627586746401,0.9205480407861543,0.0,0.0,0.0,0.0,0.0,0.0,3.5
backhaul,shield_repair,adaptive,phi_plus,radioml,1,300,0.9176229289565867,0.34771799271299897,0.0,0.0,1,0.0,0.7526666666666667,23.68,36.28111883158771,0.9176229289565867,0.0,0.0,0.0,0.0,0.0,0.0,3.5
backhaul,shield_repair,adaptive,phi_plus,radioml,2,300,0.9111022102035086,0.3477179768849332,0.0,0.0,1,0.0,0.756,23.68,36.04064975800972,0.9111022102035086,0.0,0.0,0.0,0.0,0.0,0.0,3.5
backhaul,shield_repair,adaptive,phi_plus,radioml,3,300,0.9141971220863726,0.3477179859071487,0.0,0.0,1,0.0,0.764,23.72,40.28364788096924,0.9141971220863726,0.0,0.0,0.0,0.0,0.0,0.0,3.5
backhaul,shield_repair,adaptive,phi_plus,radioml,4,300,0.9123615810165895,0.347717987661372,0.0,0.0,1,0.0,0.7573333333333333,23.55,37.9354067922044,0.9123615810165895,0.0,0.0,0.0,0.0,0.0,0.0,3.5
backhaul,shield_repair,adaptive,phi_plus,radioml,5,300,0.899161777977531,0.3477179178843903,0.0,0.0,1,0.0,0.766,23.61,36.78603419714415,0.899161777977531,0.0,0.0,0.0,0.0,0.0,0.0,3.5
backhaul,shield_repair,adaptive,phi_plus,radioml,6,300,0.91803412689675,0.6650958894298433,0.0,0.0,1,0.0,0.754,23.81,39.75082211751156,0.91803412689675,0.0,0.0,0.0,0.0,0.0,0.0,3.5
backhaul,shield_repair,adaptive,phi_plus,radioml,7,300,0.913661465310689,0.3477179504386574,0.0,0.0,1,0.0,0.7713333333333333,23.61,36.71737201729151,0.913661465310689,0.0,0.0,0.0,0.0,0.0,0.0,3.5
backhaul,shield_repair,adaptive,phi_plus,radioml,8,300,0.9175866279076816,0.34771799819728233,0.0,0.0,1,0.0,0.7593333333333333,23.62,38.552113737357004,0.9175866279076816,0.0,0.0,0.0,0.0,0.0,0.0,3.5
backhaul,shield_repair,adaptive,phi_plus,radioml,9,300,0.9230499169062152,0.5355386207026753,0.0,0.0,1,0.0,0.766,23.55,37.65470103368708,0.9230499169062152,0.0,0.0,0.0,0.0,0.0,0.0,3.5
compromised_xapp,heuristic,adaptive,phi_plus,radioml,0,300,0.9934799995980785,0.9934799993295406,0.056666666666666664,0.0,1,0.0,0.0,26.0,44.16666666666665,0.9934799995980785,0.0,0.0,0.0,0.0,0.0,0.0,3.5
compromised_xapp,heuristic,adaptive,phi_plus,radioml,1,300,0.9934799998180679,0.9934799995723044,0.1,0.0,1,0.0,0.0,26.0,44.16666666666665,0.9934799998180679,0.0,0.0,0.0,0.0,0.0,0.0,3.5
compromised_xapp,heuristic,adaptive,phi_plus,radioml,2,300,0.9934799994110642,0.9934799982951077,0.05,0.0,1,0.0,0.0,26.0,44.16666666666665,0.9934799994110642,0.0,0.0,0.0,0.0,0.0,0.0,3.5
compromised_xapp,heuristic,adaptive,phi_plus,radioml,3,300,0.9934221835507082,0.9934799985270052,0.06666666666666667,0.0,1,0.0,0.0,26.0,44.16666666666665,0.9934221835507082,0.0,0.0,0.0,0.0,0.0,0.0,3.5
compromised_xapp,heuristic,adaptive,phi_plus,radioml,4,300,0.9934799995515259,0.9934799992640235,0.07,0.0,1,0.0,0.0,26.0,44.16666666666665,0.9934799995515259,0.0,0.0,0.0,0.0,0.0,0.0,3.5
compromised_xapp,heuristic,adaptive,phi_plus,radioml,5,300,0.9934081667614159,0.9934799988674683,0.06,0.0,1,0.0,0.0,26.0,44.16666666666665,0.9934081667614159,0.0,0.0,0.0,0.0,0.0,0.0,3.5
compromised_xapp,heuristic,adaptive,phi_plus,radioml,6,300,0.9934799997333107,0.9934799993263503,0.06666666666666667,0.0,1,0.0,0.0,26.0,44.16666666666665,0.9934799997333107,0.0,0.0,0.0,0.0,0.0,0.0,3.5
compromised_xapp,heuristic,adaptive,phi_plus,radioml,7,300,0.9934799996722965,0.9934799989075106,0.08333333333333333,0.0,1,0.0,0.0,26.0,44.16666666666665,0.9934799996722965,0.0,0.0,0.0,0.0,0.0,0.0,3.5
compromised_xapp,heuristic,adaptive,phi_plus,radioml,8,300,0.9934678737614888,0.9934799994934659,0.09666666666666666,0.0,1,0.0,0.0,26.0,44.16666666666665,0.9934678737614888,0.0,0.0,0.0,0.0,0.0,0.0,3.5
compromised_xapp,heuristic,adaptive,phi_plus,radioml,9,300,0.9930222082064707,0.9934799994950234,0.08666666666666667,0.0,1,0.0,0.0,26.0,44.16666666666665,0.9930222082064707,0.0,0.0,0.0,0.0,0.0,0.0,3.5
compromised_xapp,greedy_twin,adaptive,phi_plus,radioml,0,300,0.9823763708607908,0.9739999999948058,0.9566666666666667,0.73,1,0.0,0.0,29.39,45.88653491724304,0.2523763708607907,0.03333333333333333,0.18333333333333332,0.44333333333333336,0.0,0.0,0.61,3.5
compromised_xapp,greedy_twin,adaptive,phi_plus,radioml,1,300,0.9824408129802567,0.9739999999669743,0.9833333333333333,0.7833333333333333,1,0.0,0.0,29.486666666666668,54.17610729286567,0.1991074796469231,0.03,0.14333333333333334,0.39,0.0,0.0,0.63,3.5
compromised_xapp,greedy_twin,adaptive,phi_plus,radioml,2,300,0.9828307640695436,0.9739999999924912,0.9633333333333334,0.8366666666666667,1,0.0,0.0,29.493333333333332,54.01655256646862,0.1461640974028768,0.043333333333333335,0.22333333333333333,0.45,0.0,0.0,0.7266666666666667,3.5
compromised_xapp,greedy_twin,adaptive,phi_plus,radioml,3,300,0.9830900728500785,0.9739999999997739,0.9766666666666667,0.76,1,0.0,0.0,29.356666666666666,49.48387808320253,0.22309007285007837,0.03666666666666667,0.17666666666666667,0.39,0.0,0.0,0.61,3.5
compromised_xapp,greedy_twin,adaptive,phi_plus,radioml,4,300,0.9825061263709077,0.9739999999788029,0.98,0.7833333333333333,1,0.0,0.0,29.533333333333335,51.93267328744703,0.19917279303757449,0.07,0.22333333333333333,0.38,0.0,0.0,0.64,3.5
compromised_xapp,greedy_twin,adaptive,phi_plus,radioml,5,300,0.9832178739380157,0.9739999999998664,0.97,0.78,1,0.0,0.0,29.416666666666668,52.920488506563565,0.2032178739380156,0.04,0.20666666666666667,0.39666666666666667,0.0,0.0,0.61,3.5
compromised_xapp,greedy_twin,adaptive,phi_plus,radioml,6,300,0.9825682075348158,0.9739999999906899,0.96,0.7366666666666667,1,0.0,0.0,29.373333333333335,52.684006288125474,0.2459015408681491,0.04666666666666667,0.16,0.4033333333333333,0.0,0.0,0.62,3.5
compromised_xapp,greedy_twin,adaptive,phi_plus,radioml,7,300,0.9831554247810813,0.9739999999999425,0.9666666666666667,0.76,1,0.0,0.0,29.356666666666666,51.96534637341967,0.22315542478108133,0.04,0.18,0.3933333333333333,0.0,0.0,0.5866666666666667,3.5
compromised_xapp,greedy_twin,adaptive,phi_plus,radioml,8,300,0.982376379363558,0.9739999999991064,0.97,0.8166666666666667,1,0.0,0.0,29.536666666666665,48.849788970967666,0.16570971269689128,0.03666666666666667,0.23,0.42,0.0,0.0,0.73,3.5
compromised_xapp,greedy_twin,adaptive,phi_plus,radioml,9,300,0.9827006885748354,0.9739999999992847,0.9666666666666667,0.7066666666666667,1,0.0,0.0,29.3,46.30045735866528,0.2760340219081687,0.05,0.12,0.4166666666666667,0.0,0.0,0.52,3.5
compromised_xapp,shield_filter,adaptive,phi_plus,radioml,0,300,0.4437905786925316,0.0022653698678009515,0.0,0.0,10,0.67,0.0,21.78,36.781599718774444,0.4437905786925316,0.0,0.0,0.0,0.0,0.0,0.0,3.5
compromised_xapp,shield_filter,adaptive,phi_plus,radioml,1,300,0.43318240074122455,0.002532991420585767,0.0,0.0,1,0.6666666666666666,0.0,21.74,38.39892090429595,0.43318240074122455,0.0,0.0,0.0,0.0,0.0,0.0,3.5
compromised_xapp,shield_filter,adaptive,phi_plus,radioml,2,300,0.4503898858995231,0.002904102065290145,0.0,0.0,2,0.64,0.0,21.84,38.808210237661214,0.4503898858995231,0.0,0.0,0.0,0.0,0.0,0.0,3.5
compromised_xapp,shield_filter,adaptive,phi_plus,radioml,3,300,0.44723687144430735,0.003779694513991407,0.0,0.0,3,0.6866666666666666,0.0,21.723333333333333,39.280759015010695,0.44723687144430735,0.0,0.0,0.0,0.0,0.0,0.0,3.5
compromised_xapp,shield_filter,adaptive,phi_plus,radioml,4,300,0.45176577543635743,0.0020399133051224056,0.0,0.0,9,0.6633333333333333,0.0,21.88,38.18734408437575,0.45176577543635743,0.0,0.0,0.0,0.0,0.0,0.0,3.5
compromised_xapp,shield_filter,adaptive,phi_plus,radioml,5,300,0.4076206772602231,0.0032344786386667122,0.0,0.0,10,0.7,0.0,21.51,39.097724217283705,0.4076206772602231,0.0,0.0,0.0,0.0,0.0,0.0,3.5
compromised_xapp,shield_filter,adaptive,phi_plus,radioml,6,300,0.41689590091524215,0.0022841964458649297,0.0,0.0,5,0.6933333333333334,0.0,21.633333333333333,41.78024806068015,0.41689590091524215,0.0,0.0,0.0,0.0,0.0,0.0,3.5
compromised_xapp,shield_filter,adaptive,phi_plus,radioml,7,300,0.44086536083780886,0.0023453367728695326,0.0,0.0,2,0.68,0.0,21.66,37.89862397231356,0.44086536083780886,0.0,0.0,0.0,0.0,0.0,0.0,3.5
compromised_xapp,shield_filter,adaptive,phi_plus,radioml,8,300,0.4139029891148243,0.0018830089336972983,0.0,0.0033333333333333335,5,0.7,0.0,21.5,38.12551361204628,0.410569655781491,0.0,0.0033333333333333335,0.0,0.0,0.0,0.0,3.5
compromised_xapp,shield_filter,adaptive,phi_plus,radioml,9,300,0.43260610854108666,0.0029506533126917992,0.0,0.0,4,0.7066666666666667,0.0,21.61,39.691263664092,0.43260610854108666,0.0,0.0,0.0,0.0,0.0,0.0,3.5
compromised_xapp,shield_repair,adaptive,phi_plus,radioml,0,300,0.981383455513493,0.9739969839955783,0.0,0.02,1,0.0,0.9133333333333333,19.5,37.546125255335426,0.9613834555134931,0.0,0.0,0.02,0.0,0.0,0.0,3.5
compromised_xapp,shield_repair,adaptive,phi_plus,radioml,1,300,0.9834138900473064,0.9739966577956601,0.0,0.05,1,0.0,0.9106666666666666,19.29,38.21446073201424,0.9334138900473063,0.0,0.0,0.05,0.0,0.0,0.0,3.5
compromised_xapp,shield_repair,adaptive,phi_plus,radioml,2,300,0.9846895539567041,0.9739938006575641,0.0,0.06,1,0.0,0.906,19.36,36.95877712637284,0.9246895539567042,0.0,0.0,0.06,0.0,0.0,0.0,3.5
compromised_xapp,shield_repair,adaptive,phi_plus,radioml,3,300,0.9790600379510632,0.9739946155429224,0.0,0.04,1,0.0,0.92,19.69,37.86001726043638,0.9390600379510632,0.0,0.0,0.04,0.0,0.0,0.0,3.5
compromised_xapp,shield_repair,adaptive,phi_plus,radioml,4,300,0.9842560935624515,0.9739982123376019,0.0,0.02666666666666667,1,0.0,0.906,19.44,38.319106991009605,0.9575894268957847,0.0,0.0,0.02666666666666667,0.0,0.0,0.0,3.5
compromised_xapp,shield_repair,adaptive,phi_plus,radioml,5,300,0.9777058379292514,0.9739968473676992,0.0,0.03666666666666667,1,0.0,0.9093333333333333,19.43,38.29445764293576,0.9410391712625845,0.0,0.0,0.03666666666666667,0.0,0.0,0.0,3.5
compromised_xapp,shield_repair,adaptive,phi_plus,radioml,6,300,0.9843871526912903,0.9739937503475291,0.0,0.02666666666666667,1,0.0,0.8986666666666666,19.77,37.246479949667474,0.9577204860246237,0.0,0.0,0.02666666666666667,0.0,0.0,0.0,3.5
compromised_xapp,shield_repair,adaptive,phi_plus,radioml,7,300,0.9796209739569299,0.973997022885715,0.0,0.03666666666666667,1,0.0,0.9106666666666666,20.12,37.648538092283644,0.9429543072902633,0.0,0.0,0.03666666666666667,0.0,0.0,0.0,3.5
compromised_xapp,shield_repair,adaptive,phi_plus,radioml,8,300,0.9814873473755392,0.9739972840255331,0.0,0.043333333333333335,1,0.0,0.9073333333333333,19.58,38.98242938420883,0.9381540140422059,0.0,0.0,0.043333333333333335,0.0,0.0,0.0,3.5
compromised_xapp,shield_repair,adaptive,phi_plus,radioml,9,300,0.9785069762020375,0.973997228832885,0.0,0.023333333333333334,1,0.0,0.9186666666666666,19.44,37.2257214245282,0.9551736428687042,0.0,0.0033333333333333335,0.02,0.0,0.0,0.0,3.5
compound,heuristic,adaptive,phi_plus,radioml,0,300,0.9103458326530715,0.03523571655216257,0.2633333333333333,0.23666666666666666,1,0.0,0.0,26.0,44.16666666666665,0.6736791659864048,0.0,0.0,0.23666666666666666,0.0,0.0,0.0,3.5
compound,heuristic,adaptive,phi_plus,radioml,1,300,0.9212515662608335,0.3831040355933441,0.25,0.22,1,0.0,0.0,26.0,44.16666666666665,0.7012515662608335,0.0,0.0,0.22,0.0,0.0,0.0,3.5
compound,heuristic,adaptive,phi_plus,radioml,2,300,0.9289530678648165,0.9105934609254008,0.25666666666666665,0.22,1,0.0,0.0,26.0,44.16666666666665,0.7089530678648165,0.0,0.0,0.22,0.0,0.0,0.0,3.5
compound,heuristic,adaptive,phi_plus,radioml,3,300,0.8957731041069227,0.0001971676829169613,0.21333333333333335,0.21,1,0.0,0.0,26.0,44.16666666666665,0.6857731041069229,0.0,0.0,0.21,0.0,0.0,0.0,3.5
compound,heuristic,adaptive,phi_plus,radioml,4,300,0.9009502501085981,0.00604256857320764,0.29333333333333333,0.23666666666666666,1,0.0,0.0,26.0,44.16666666666665,0.6642835834419314,0.0,0.0,0.23666666666666666,0.0,0.0,0.0,3.5
compound,heuristic,adaptive,phi_plus,radioml,5,300,0.9081363155756466,0.0003438586684486682,0.25333333333333335,0.22,1,0.0,0.0,26.0,44.16666666666665,0.6881363155756465,0.0,0.0,0.22,0.0,0.0,0.0,3.5
compound,heuristic,adaptive,phi_plus,radioml,6,300,0.920899563815258,0.8625315616416224,0.27666666666666667,0.24333333333333335,1,0.0,0.0,26.0,44.16666666666665,0.6775662304819247,0.0,0.0,0.24333333333333335,0.0,0.0,0.0,3.5
compound,heuristic,adaptive,phi_plus,radioml,7,300,0.9248302590711014,0.9113636641438512,0.25333333333333335,0.23,2,0.0,0.0,26.0,44.16666666666665,0.6948302590711014,0.0,0.0,0.23,0.0,0.0,0.0,3.5
compound,heuristic,adaptive,phi_plus,radioml,8,300,0.9040354260463394,0.0003765283282142835,0.2633333333333333,0.21333333333333335,1,0.0,0.0,26.0,44.16666666666665,0.6907020927130058,0.0,0.0,0.21333333333333335,0.0,0.0,0.0,3.5
compound,heuristic,adaptive,phi_plus,radioml,9,300,0.9075754152322417,7.387834896931826e-05,0.22,0.2,1,0.0,0.0,26.0,44.16666666666665,0.7075754152322419,0.0,0.0,0.2,0.0,0.0,0.0,3.5
compound,greedy_twin,adaptive,phi_plus,radioml,0,300,0.9491625768075401,0.8960799933275294,0.9666666666666667,0.8333333333333334,1,0.0,0.0,29.626666666666665,54.68038078004398,0.1158292434742068,0.01,0.23666666666666666,0.5133333333333333,0.0,0.0,0.7566666666666667,3.5
compound,greedy_twin,adaptive,phi_plus,radioml,1,300,0.9574208735273464,0.8960799990989404,0.98,0.8433333333333334,2,0.0,0.0,29.626666666666665,50.13451636650427,0.1140875401940131,0.04,0.17666666666666667,0.51,0.0,0.0,0.7566666666666667,3.5
compound,greedy_twin,adaptive,phi_plus,radioml,2,300,0.9504556260696571,0.8960799973195406,0.9633333333333334,0.85,1,0.0,0.0,29.573333333333334,51.5806742429905,0.1004556260696569,0.03,0.17333333333333334,0.5333333333333333,0.0,0.0,0.7833333333333333,3.5
compound,greedy_twin,adaptive,phi_plus,radioml,3,300,0.955901674314678,0.8960799968105091,0.9833333333333333,0.88,1,0.0,0.0,29.736666666666668,51.73782707259438,0.07590167431467794,0.04,0.21666666666666667,0.5266666666666666,0.0,0.0,0.84,3.5
compound,greedy_twin,adaptive,phi_plus,radioml,4,300,0.9547918021116656,0.8960799992129584,0.98,0.79,1,0.0,0.0,29.566666666666666,51.61791396948663,0.1647918021116656,0.03333333333333333,0.25333333333333335,0.5133333333333333,0.0,0.0,0.7133333333333334,3.5
compound,greedy_twin,adaptive,phi_plus,radioml,5,300,0.9547219666207415,0.8960799936965255,0.97,0.8366666666666667,1,0.0,0.0,29.616666666666667,51.098161713336566,0.11805529995407489,0.03,0.22666666666666666,0.5433333333333333,0.0,0.0,0.77,3.5
compound,greedy_twin,adaptive,phi_plus,radioml,6,300,0.9497887987983883,0.8960799866574374,0.9566666666666667,0.8566666666666667,2,0.0,0.0,29.586666666666666,52.02504241989708,0.09312213213172155,0.06333333333333334,0.22,0.4866666666666667,0.0,0.0,0.7866666666666666,3.5
compound,greedy_twin,adaptive,phi_plus,radioml,7,300,0.9558958319653474,0.8960799949709986,0.9766666666666667,0.8466666666666667,2,0.0,0.0,29.623333333333335,52.83201736287609,0.10922916529868082,0.03333333333333333,0.23666666666666666,0.5166666666666667,0.0,0.0,0.7633333333333333,3.5
compound,greedy_twin,adaptive,phi_plus,radioml,8,300,0.9587547323956935,0.8960799984779884,0.97,0.87,1,0.0,0.0,29.736666666666668,49.78380227399216,0.08875473239569348,0.043333333333333335,0.11,0.48333333333333334,0.0,0.0,0.8266666666666667,3.5
compound,greedy_twin,adaptive,phi_plus,radioml,9,300,0.9542897934462182,0.8960799928753654,0.98,0.8666666666666667,1,0.0,0.0,29.72,54.55474143328976,0.08762312677955159,0.03666666666666667,0.22333333333333333,0.53,0.0,0.0,0.8033333333333333,3.5
compound,shield_filter,adaptive,phi_plus,radioml,0,300,0.30073286527536386,2.4986850906115516e-09,0.0,0.01,4,0.69,0.0,21.52,37.243409512756514,0.29073286527536385,0.0,0.0,0.01,0.0,0.0,0.0,3.5
compound,shield_filter,adaptive,phi_plus,radioml,1,300,0.30883571059291764,1.7815596782892718e-09,0.0,0.0,24,0.6866666666666666,0.0,21.59,38.87859602939069,0.30883571059291764,0.0,0.0,0.0,0.0,0.0,0.0,3.5
compound,shield_filter,adaptive,phi_plus,radioml,2,300,0.31029440316620627,1.7103040390590949e-09,0.0,0.01,2,0.6733333333333333,0.0,21.61,38.49265159866656,0.30029440316620626,0.0,0.0,0.01,0.0,0.0,0.0,3.5
compound,shield_filter,adaptive,phi_plus,radioml,3,300,0.28681374968923007,1.1525490605561382e-09,0.0,0.006666666666666667,3,0.72,0.0,21.4,37.56314664173392,0.28014708302256336,0.0,0.0033333333333333335,0.006666666666666667,0.0,0.0,0.0,3.5
compound,shield_filter,adaptive,phi_plus,radioml,4,300,0.2924109971331105,1.992104010917666e-09,0.0,0.0033333333333333335,14,0.7066666666666667,0.0,21.49,37.49427261168025,0.2890776637997772,0.0,0.0,0.0033333333333333335,0.0,0.0,0.0,3.5
compound,shield_filter,adaptive,phi_plus,radioml,5,300,0.29254482304138985,1.7753129777291299e-09,0.0,0.0,1,0.68,0.0,21.5,38.43934810989643,0.29254482304138985,0.0,0.0,0.0,0.0,0.0,0.0,3.5
compound,shield_filter,adaptive,phi_plus,radioml,6,300,0.30053887372243576,1.6153547400301588e-09,0.0,0.006666666666666667,2,0.7033333333333334,0.0,21.553333333333335,38.87674828686373,0.2938722070557691,0.0,0.0,0.006666666666666667,0.0,0.0,0.0,3.5
compound,shield_filter,adaptive,phi_plus,radioml,7,300,0.32007658145434636,8.961547770014417e-10,0.0,0.01,2,0.6733333333333333,0.0,21.7,41.678397962041615,0.31007658145434636,0.0,0.0,0.01,0.0,0.0,0.0,3.5
compound,shield_filter,adaptive,phi_plus,radioml,8,300,0.29229678426770905,1.7102722107571822e-09,0.0,0.01,12,0.7533333333333333,0.0,21.333333333333332,36.842613139200594,0.2822967842677091,0.0,0.0,0.01,0.0,0.0,0.0,3.5
compound,shield_filter,adaptive,phi_plus,radioml,9,300,0.3122659122735425,2.7716601417929005e-09,0.0,0.0033333333333333335,1,0.7133333333333334,0.0,21.5,39.81390725090961,0.30893257894020915,0.0,0.0,0.0033333333333333335,0.0,0.0,0.0,3.5
compound,shield_repair,adaptive,phi_plus,radioml,0,300,0.3423454837322862,3.8521879633153207e-16,0.0,0.03,7,0.0,0.928,20.91,38.578124243180554,0.3123454837322862,0.0,0.0,0.03,0.0,0.0,0.0,3.5
compound,shield_repair,adaptive,phi_plus,radioml,1,300,0.3303138374876517,4.251255950694779e-14,0.0,0.023333333333333334,4,0.0,0.9233333333333333,20.82,39.73543356856036,0.3069805041543184,0.0,0.0,0.023333333333333334,0.0,0.0,0.0,3.5
compound,shield_repair,adaptive,phi_plus,radioml,2,300,0.355753921277325,3.314574573536113e-12,0.0,0.03,2,0.0,0.9073333333333333,20.92,40.807314584326974,0.32575392127732505,0.0,0.0033333333333333335,0.02666666666666667,0.0,0.0,0.0,3.5
compound,shield_repair,adaptive,phi_plus,radioml,3,300,0.3778860215620611,6.390003140627814e-10,0.0,0.03333333333333333,4,0.0,0.9326666666666666,21.32,37.73429209650349,0.34455268822872775,0.0,0.0,0.03333333333333333,0.0,0.0,0.0,3.5
compound,shield_repair,adaptive,phi_plus,radioml,4,300,0.34961704872050975,3.1545472314273495e-13,0.0,0.04666666666666667,14,0.0,0.9133333333333333,21.15,37.783593425824684,0.302950382053843,0.0,0.0033333333333333335,0.043333333333333335,0.0,0.0,0.0,3.5
compound,shield_repair,adaptive,phi_plus,radioml,5,300,0.3985952112840243,2.1433954609980778e-10,0.0,0.02,1,0.0,0.93,21.58,37.69743912604673,0.37859521128402424,0.0,0.0,0.02,0.0,0.0,0.0,3.5
compound,shield_repair,adaptive,phi_plus,radioml,6,300,0.3510286335822411,1.2356728762538445e-13,0.0,0.023333333333333334,2,0.0,0.916,20.8,38.16109299915276,0.3276953002489078,0.0,0.0033333333333333335,0.02,0.0,0.0,0.0,3.5
compound,shield_repair,adaptive,phi_plus,radioml,7,300,0.37629818067454995,5.588839935975874e-11,0.0,0.03,2,0.0,0.9233333333333333,21.19,38.682161271334635,0.34629818067455,0.0,0.0,0.03,0.0,0.0,0.0,3.5
compound,shield_repair,adaptive,phi_plus,radioml,8,300,0.349158492393316,9.191195129492856e-11,0.0,0.03666666666666667,12,0.0,0.93,20.71,38.42299326423251,0.3124918257266493,0.0,0.0,0.03666666666666667,0.0,0.0,0.0,3.5
compound,shield_repair,adaptive,phi_plus,radioml,9,300,0.36385414911869174,7.932502247846306e-12,0.0,0.02666666666666667,1,0.0,0.916,21.07,39.57544474444951,0.33718748245202507,0.0,0.0033333333333333335,0.023333333333333334,0.0,0.0,0.0,3.5
