scenario,controller,planner,predicate_set,perception,seed,cycles,mean_pdr,p05_pdr,violation_rate_phi,hazard_rate,recovery_cycles,fallback_rate,repair_rate,mean_power_dbm,max_pa_temp_c,mean_reward,h_rf,h_pwr,h_relay,h_part,h_starve,h_therm,twin
narrowband,greedy_twin,naive,phi,radioml,0,300,0.988003127625117,0.9739999999787553,0.21666666666666667,0.27,1,0.0,0.0,26.67,37.12726996838054,0.718003127625117,0.09333333333333334,0.14333333333333334,0.08666666666666667,0.0,0.0,0.0,perception_aware
narrowband,greedy_twin,naive,phi,radioml,1,300,0.9913891354875062,0.9798954577588974,0.18666666666666668,0.25333333333333335,1,0.0,0.0,26.823333333333334,51.508903455550275,0.7380558021541729,0.07666666666666666,0.13333333333333333,0.06,0.0,0.0,0.023333333333333334,perception_aware
narrowband,greedy_twin,naive,phi,radioml,2,300,0.99136607691883,0.9765310528310237,0.22666666666666666,0.33666666666666667,1,0.0,0.0,27.27,41.11366061499793,0.6546994102521634,0.08,0.18333333333333332,0.06333333333333334,0.0,0.0,0.09,perception_aware
narrowband,greedy_twin,naive,phi,radioml,3,300,0.9918454416492117,0.9853622162794051,0.18333333333333332,0.23,1,0.0,0.0,26.826666666666668,47.029837703938526,0.7618454416492118,0.06333333333333334,0.14,0.043333333333333335,0.0,0.0,0.006666666666666667,perception_aware
narrowband,greedy_twin,naive,phi,radioml,4,300,0.9915343611230102,0.9835467870667524,0.24666666666666667,0.2966666666666667,1,0.0,0.0,27.01,46.524459169189534,0.6948676944563433,0.07333333333333333,0.12666666666666668,0.12333333333333334,0.0,0.0,0.03,perception_aware
narrowband,greedy_twin,naive,phi,radioml,5,300,0.9905151526948828,0.9739999993479302,0.23,0.3,1,0.0,0.0,26.85333333333333,36.040878158190395,0.6905151526948827,0.11,0.13666666666666666,0.09,0.0,0.0,0.056666666666666664,perception_aware
narrowband,greedy_twin,naive,phi,radioml,6,300,0.9876525421403373,0.9803290981155012,0.17666666666666667,0.21333333333333335,1,0.0,0.0,26.673333333333332,41.21878737102796,0.7743192088070039,0.07,0.10333333333333333,0.06333333333333334,0.0,0.0,0.013333333333333334,perception_aware
narrowband,greedy_twin,naive,phi,radioml,7,300,0.9919982219345599,0.9859597314300426,0.23,0.32,1,0.0,0.0,27.25,42.012172358883184,0.6719982219345598,0.06666666666666667,0.16,0.06666666666666667,0.0,0.0,0.07,perception_aware
narrowband,greedy_twin,naive,phi,radioml,8,300,0.9909197518025818,0.9739998584430145,0.23,0.2866666666666667,1,0.0,0.0,27.336666666666666,42.179841390284494,0.7042530851359152,0.08,0.17,0.06666666666666667,0.0,0.0,0.04,perception_aware
narrowband,greedy_twin,naive,phi,radioml,9,300,0.9911926254149843,0.9775315058982461,0.25666666666666665,0.33666666666666667,1,0.0,0.0,27.153333333333332,46.21105747903723,0.6545259587483176,0.10333333333333333,0.15333333333333332,0.08333333333333333,0.0,0.0,0.08333333333333333,perception_aware
narrowband,greedy_twin,naive,phi,radioml,10,300,0.9916319670040017,0.9739999527235773,0.20666666666666667,0.25333333333333335,1,0.0,0.0,26.873333333333335,42.867017970350915,0.7382986336706683,0.08,0.11333333333333333,0.08,0.0,0.0,0.0,perception_aware
narrowband,greedy_twin,naive,phi,radioml,11,300,0.9905017706208453,0.9799065911589517,0.19666666666666666,0.25,1,0.0,0.0,26.86,41.709814403937614,0.7405017706208452,0.07666666666666666,0.14,0.04666666666666667,0.0,0.0,0.006666666666666667,perception_aware
narrowband,greedy_twin,naive,phi,radioml,12,300,0.9917213872228827,0.9739999918558663,0.23333333333333334,0.3433333333333333,1,0.0,0.0,27.60333333333333,48.79702042072904,0.6483880538895493,0.1,0.21666666666666667,0.05333333333333334,0.0,0.0,0.09333333333333334,perception_aware
narrowband,greedy_twin,naive,phi,radioml,13,300,0.9920653018256651,0.9856355973543316,0.20333333333333334,0.26666666666666666,1,0.0,0.0,26.906666666666666,46.81722522925338,0.7253986351589986,0.07666666666666666,0.14333333333333334,0.06666666666666667,0.0,0.0,0.02666666666666667,perception_aware
narrowband,greedy_twin,naive,phi,radioml,14,300,0.9916983560887581,0.9815207654247952,0.18666666666666668,0.22,1,0.0,0.0,26.89666666666667,43.66957069880611,0.7716983560887583,0.056666666666666664,0.11,0.08,0.0,0.0,0.016666666666666666,perception_aware
narrowband,greedy_twin,naive,phi,radioml,15,300,0.9914045875163132,0.9739990496772845,0.21333333333333335,0.25666666666666665,1,0.0,0.0,27.05,42.91684676415743,0.7347379208496466,0.07,0.12333333333333334,0.07333333333333333,0.0,0.0,0.06666666666666667,perception_aware
narrowband,greedy_twin,naive,phi,radioml,16,300,0.9910901813724873,0.9840539181962237,0.19666666666666666,0.21333333333333335,1,0.0,0.0,26.716666666666665,41.06203457349863,0.7777568480391541,0.07,0.09666666666666666,0.08,0.0,0.0,0.006666666666666667,perception_aware
narrowband,greedy_twin,naive,phi,radioml,17,300,0.989798391301621,0.9834311123685981,0.18666666666666668,0.23,1,0.0,0.0,26.963333333333335,42.936275015075665,0.759798391301621,0.06333333333333334,0.11333333333333333,0.04666666666666667,0.0,0.0,0.03333333333333333,perception_aware
narrowband,greedy_twin,naive,phi,radioml,18,300,0.9882835214121042,0.9739999826508637,0.22666666666666666,0.27,2,0.0,0.0,27.10333333333333,40.36786662750112,0.7182835214121043,0.07333333333333333,0.13666666666666666,0.09666666666666666,0.0,0.0,0.023333333333333334,perception_aware
narrowband,greedy_twin,naive,phi,radioml,19,300,0.9912761746206251,0.9811756835254415,0.20666666666666667,0.25666666666666665,1,0.0,0.0,27.063333333333333,48.314573200389844,0.7346095079539583,0.06333333333333334,0.13,0.06666666666666667,0.0,0.0,0.06,perception_aware
narrowband,greedy_twin,naive,phi,radioml,20,300,0.9913839035974022,0.9739999995565126,0.22,0.26,1,0.0,0.0,26.83,47.32565059847712,0.7313839035974025,0.06333333333333334,0.13,0.08,0.0,0.0,0.02,perception_aware
narrowband,greedy_twin,naive,phi,radioml,21,300,0.9915098783378098,0.9774389789913801,0.22666666666666666,0.29,1,0.0,0.0,27.01,45.85140024009205,0.7015098783378096,0.08333333333333333,0.14,0.07333333333333333,0.0,0.0,0.06666666666666667,perception_aware
narrowband,greedy_twin,naive,phi,radioml,22,300,0.99218089969401,0.9857342950704756,0.25,0.31,1,0.0,0.0,26.96,42.70657667251386,0.68218089969401,0.09666666666666666,0.14666666666666667,0.08333333333333333,0.0,0.0,0.06,perception_aware
narrowband,greedy_twin,naive,phi,radioml,23,300,0.991890217789356,0.9827422394869113,0.19333333333333333,0.22666666666666666,1,0.0,0.0,26.89666666666667,45.02695568984754,0.7652235511226894,0.06333333333333334,0.11333333333333333,0.06666666666666667,0.0,0.0,0.02666666666666667,perception_aware
narrowband,greedy_twin,naive,phi,radioml,24,300,0.9912005851556022,0.9739999866063268,0.21666666666666667,0.3,1,0.0,0.0,26.85,41.64619568372889,0.6912005851556021,0.08666666666666667,0.15666666666666668,0.09,0.0,0.0,0.016666666666666666,perception_aware
narrowband,greedy_twin,naive,phi,radioml,25,300,0.9916473282252635,0.9833743077574036,0.24333333333333335,0.2866666666666667,1,0.0,0.0,27.203333333333333,43.241051322808254,0.7049806615585968,0.1,0.14,0.056666666666666664,0.0,0.0,0.056666666666666664,perception_aware
narrowband,greedy_twin,naive,phi,radioml,26,300,0.9909284673800368,0.9739999687974823,0.20333333333333334,0.25666666666666665,1,0.0,0.0,27.143333333333334,50.067588633963986,0.7342618007133701,0.05333333333333334,0.15666666666666668,0.07,0.0,0.0,0.04,perception_aware
narrowband,greedy_twin,naive,phi,radioml,27,300,0.9885035349766008,0.9795488649985639,0.21333333333333335,0.24333333333333335,1,0.0,0.0,26.923333333333332,38.45533582194879,0.7451702016432674,0.10333333333333333,0.09666666666666666,0.05333333333333334,0.0,0.0,0.02,perception_aware
narrowband,greedy_twin,naive,phi,radioml,28,300,0.9912931988366896,0.9746618276754239,0.23666666666666666,0.2866666666666667,1,0.0,0.0,26.923333333333332,44.596385470438,0.704626532170023,0.1,0.14,0.08,0.0,0.0,0.03666666666666667,perception_aware
narrowband,greedy_twin,naive,phi,radioml,29,300,0.9885535871259363,0.9808235674787033,0.25,0.36,1,0.0,0.0,27.423333333333332,41.496279161483606,0.6285535871259362,0.06,0.20333333333333334,0.09,0.0,0.0,0.1,perception_aware
narrowband,shield_filter,naive,phi,radioml,0,300,0.9838076034836221,0.9835662180172019,0.0,0.07333333333333333,1,0.0033333333333333335,0.0,26.093333333333334,38.778857216610845,0.9104742701502888,0.0,0.07333333333333333,0.0,0.0,0.0,0.0,perception_aware
narrowband,shield_filter,naive,phi,radioml,1,300,0.9887196092968331,0.985901943836891,0.0,0.08,1,0.0,0.0,26.166666666666668,38.38993011496725,0.908719609296833,0.0,0.08,0.0,0.0,0.0,0.0,perception_aware
narrowband,shield_filter,naive,phi,radioml,2,300,0.9881348224870965,0.9867999948895287,0.0,0.07666666666666666,1,0.0,0.0,26.223333333333333,40.3690736843426,0.9114681558204298,0.0,0.07666666666666666,0.0,0.0,0.0,0.0,perception_aware
narrowband,shield_filter,naive,phi,radioml,3,300,0.9871666311856709,0.977428812384566,0.0,0.06666666666666667,1,0.0,0.0,26.02,38.594410297620406,0.9204999645190043,0.0,0.06666666666666667,0.0,0.0,0.0,0.0,perception_aware
narrowband,shield_filter,naive,phi,radioml,4,300,0.9876477836384288,0.9850231343973375,0.0,0.043333333333333335,1,0.0033333333333333335,0.0,26.28,45.45146378064814,0.9443144503050954,0.0,0.043333333333333335,0.0,0.0,0.0,0.0,perception_aware
narrowband,shield_filter,naive,phi,radioml,5,300,0.9880705784995325,0.9739601566079967,0.0,0.056666666666666664,1,0.0,0.0,26.22,38.65925120780146,0.9314039118328659,0.0,0.056666666666666664,0.0,0.0,0.0,0.0,perception_aware
narrowband,shield_filter,naive,phi,radioml,6,300,0.9870291370569145,0.9820678254598714,0.0,0.043333333333333335,1,0.0,0.0,26.2,38.10859523043092,0.9436958037235812,0.0,0.043333333333333335,0.0,0.0,0.0,0.0,perception_aware
narrowband,shield_filter,naive,phi,radioml,7,300,0.9884793787035331,0.9864399823042866,0.0,0.08333333333333333,1,0.0033333333333333335,0.0,26.406666666666666,41.89224132597778,0.9051460453701998,0.0,0.08333333333333333,0.0,0.0,0.0,0.0,perception_aware
narrowband,shield_filter,naive,phi,radioml,8,300,0.9864869069043948,0.9739999440150681,0.0,0.07,1,0.0,0.0,26.233333333333334,41.23033591414395,0.9164869069043948,0.0,0.07,0.0,0.0,0.0,0.0,perception_aware
narrowband,shield_filter,naive,phi,radioml,9,300,0.9875714150941682,0.9851581307808156,0.0,0.04,1,0.0,0.0,26.246666666666666,46.194894816558275,0.9475714150941682,0.0,0.04,0.0,0.0,0.0,0.0,perception_aware
narrowband,shield_filter,naive,phi,radioml,10,300,0.9880143073892742,0.9746281463585066,0.0,0.056666666666666664,1,0.0,0.0,26.263333333333332,42.49609256290931,0.9313476407226076,0.0,0.056666666666666664,0.0,0.0,0.0,0.0,perception_aware
narrowband,shield_filter,naive,phi,radioml,11,300,0.9843432585927339,0.9816269021906874,0.0,0.08666666666666667,1,0.0,0.0,26.166666666666668,42.37941401836771,0.8976765919260672,0.0,0.08666666666666667,0.0,0.0,0.0,0.0,perception_aware
narrowband,shield_filter,naive,phi,radioml,12,300,0.9917998701787096,0.9888512373764462,0.0,0.08333333333333333,1,0.0,0.0,26.403333333333332,39.09153107146052,0.9084665368453761,0.0,0.08333333333333333,0.0,0.0,0.0,0.0,perception_aware
narrowband,shield_filter,naive,phi,radioml,13,300,0.981874340772809,0.9871054470858864,0.0,0.05333333333333334,1,0.0033333333333333335,0.0,26.07,40.05922988806013,0.9285410074394757,0.0,0.05333333333333334,0.0,0.0,0.0,0.0,perception_aware
narrowband,shield_filter,naive,phi,radioml,14,300,0.9842952935999248,0.9837302287833491,0.0,0.03666666666666667,1,0.0,0.0,26.166666666666668,41.5001603221944,0.9476286269332581,0.0,0.03666666666666667,0.0,0.0,0.0,0.0,perception_aware
narrowband,shield_filter,naive,phi,radioml,15,300,0.9907936329103417,0.9817746435585001,0.0,0.02666666666666667,1,0.0,0.0,26.153333333333332,38.85018939833208,0.9641269662436751,0.0,0.02666666666666667,0.0,0.0,0.0,0.0,perception_aware
narrowband,shield_filter,naive,phi,radioml,16,300,0.9905246870457673,0.9841693325589622,0.0,0.016666666666666666,1,0.0,0.0,26.016666666666666,40.152025890880296,0.9738580203791006,0.0,0.016666666666666666,0.0,0.0,0.0,0.0,perception_aware
narrowband,shield_filter,naive,phi,radioml,17,300,0.9862268114462229,0.9852096805408928,0.0,0.043333333333333335,1,0.0033333333333333335,0.0,26.263333333333332,40.63522017987933,0.9428934781128896,0.0,0.043333333333333335,0.0,0.0,0.0,0.0,perception_aware
narrowband,shield_filter,naive,phi,radioml,18,300,0.9847122990897396,0.984399388477076,0.0,0.04666666666666667,2,0.0033333333333333335,0.0,26.086666666666666,38.115349127805636,0.9380456324230728,0.0,0.04666666666666667,0.0,0.0,0.0,0.0,perception_aware
narrowband,shield_filter,naive,phi,radioml,19,300,0.9880798701480887,0.9735387764869975,0.0,0.05,1,0.0033333333333333335,0.0,26.206666666666667,40.90177524663083,0.9380798701480887,0.0,0.05,0.0,0.0,0.0,0.0,perception_aware
narrowband,shield_filter,naive,phi,radioml,20,300,0.9884941963881559,0.9835645376539555,0.0,0.05,1,0.0,0.0,26.086666666666666,40.85735745010819,0.938494196388156,0.0,0.05,0.0,0.0,0.0,0.0,perception_aware
narrowband,shield_filter,naive,phi,radioml,21,300,0.9906593981510707,0.9841940530732113,0.0,0.04666666666666667,1,0.0,0.0,26.2,39.81853642980289,0.9439927314844041,0.0,0.04666666666666667,0.0,0.0,0.0,0.0,perception_aware
narrowband,shield_filter,naive,phi,radioml,22,300,0.984677745136456,0.9866819974092812,0.0,0.06333333333333334,1,0.006666666666666667,0.0,26.14,40.57551137273765,0.9213444118031229,0.0,0.06333333333333334,0.0,0.0,0.0,0.0,perception_aware
narrowband,shield_filter,naive,phi,radioml,23,300,0.9877647051353853,0.9853471611086696,0.0,0.03333333333333333,1,0.0,0.0,26.2,43.33832689739709,0.954431371802052,0.0,0.03333333333333333,0.0,0.0,0.0,0.0,perception_aware
narrowband,shield_filter,naive,phi,radioml,24,300,0.9779967162229511,0.9798228536787619,0.0,0.10333333333333333,1,0.006666666666666667,0.0,26.173333333333332,39.711776492987376,0.8746633828896179,0.0,0.10333333333333333,0.0,0.0,0.0,0.0,perception_aware
narrowband,shield_filter,naive,phi,radioml,25,300,0.9908916695423556,0.9866689123313784,0.0,0.03666666666666667,1,0.0033333333333333335,0.0,26.186666666666667,41.1256208354497,0.9542250028756892,0.0,0.03666666666666667,0.0,0.0,0.0,0.0,perception_aware
narrowband,shield_filter,naive,phi,radioml,26,300,0.9867345573100054,0.9826279954685583,0.0,0.05,1,0.0,0.0,26.10333333333333,39.380644412936036,0.9367345573100052,0.0,0.05,0.0,0.0,0.0,0.0,perception_aware
narrowband,shield_filter,naive,phi,radioml,27,300,0.9856188546481955,0.9870007225418759,0.0,0.02666666666666667,1,0.0,0.0,26.176666666666666,39.54981056229238,0.9589521879815288,0.0,0.02666666666666667,0.0,0.0,0.0,0.0,perception_aware
narrowband,shield_filter,naive,phi,radioml,28,300,0.9879754694456634,0.9827264030953821,0.0,0.056666666666666664,1,0.0,0.0,26.173333333333332,39.29078605672162,0.9313088027789967,0.0,0.056666666666666664,0.0,0.0,0.0,0.0,perception_aware
narrowband,shield_filter,naive,phi,radioml,29,300,0.9863822877695084,0.9818047030464276,0.0,0.11,1,0.0,0.0,26.393333333333334,36.847649449929584,0.8763822877695084,0.0,0.11,0.0,0.0,0.0,0.0,perception_aware
narrowband,shield_repair,naive,phi,radioml,0,300,0.9880242168209619,0.978923189052068,0.0,0.09,1,0.0,0.3393333333333333,26.373333333333335,39.38416139973205,0.8980242168209619,0.0,0.09,0.0,0.0,0.0,0.0,perception_aware
narrowband,shield_repair,naive,phi,radioml,1,300,0.9919748535714139,0.9862040077432356,0.0,0.07,1,0.0,0.3526666666666667,26.116666666666667,37.047020273997454,0.921974853571414,0.0,0.07,0.0,0.0,0.0,0.0,perception_aware
narrowband,shield_repair,naive,phi,radioml,2,300,0.9917386442042933,0.986216833923414,0.0,0.08666666666666667,1,0.0,0.3433333333333333,26.516666666666666,43.477845856006226,0.9050719775376266,0.0,0.08666666666666667,0.0,0.0,0.0,0.0,perception_aware
narrowband,shield_repair,naive,phi,radioml,3,300,0.9913094631734024,0.9740378726870449,0.0,0.08,1,0.0,0.34933333333333333,26.293333333333333,40.222933489860175,0.9113094631734024,0.0,0.08,0.0,0.0,0.0,0.0,perception_aware
narrowband,shield_repair,naive,phi,radioml,4,300,0.9913785826992142,0.9828326994417224,0.0,0.05333333333333334,1,0.0,0.35533333333333333,26.436666666666667,43.81480587817549,0.9380452493658809,0.0,0.05333333333333334,0.0,0.0,0.0,0.0,perception_aware
narrowband,shield_repair,naive,phi,radioml,5,300,0.9913751484815786,0.9739999750442907,0.0,0.07,1,0.0,0.364,26.22,42.97830657562457,0.9213751484815785,0.0,0.07,0.0,0.0,0.0,0.0,perception_aware
narrowband,shield_repair,naive,phi,radioml,6,300,0.9881037584983559,0.9760995643579743,0.0,0.05,1,0.0,0.3313333333333333,26.336666666666666,39.176749180916616,0.9381037584983558,0.0,0.05,0.0,0.0,0.0,0.0,perception_aware
narrowband,shield_repair,naive,phi,radioml,7,300,0.991855894290604,0.9860873959933631,0.0,0.07666666666666666,1,0.0,0.35333333333333333,26.54,40.84516121912245,0.9151892276239373,0.0,0.07666666666666666,0.0,0.0,0.0,0.0,perception_aware
narrowband,shield_repair,naive,phi,radioml,8,300,0.9913994329883754,0.9739998467528639,0.0,0.08,1,0.0,0.3506666666666667,26.413333333333334,40.84265473396387,0.9113994329883754,0.0,0.08,0.0,0.0,0.0,0.0,perception_aware
narrowband,shield_repair,naive,phi,radioml,9,300,0.9914299924921931,0.9813884458287413,0.0,0.06,1,0.0,0.34933333333333333,26.37,46.80636337569092,0.9314299924921932,0.0,0.06,0.0,0.0,0.0,0.0,perception_aware
narrowband,shield_repair,naive,phi,radioml,10,300,0.9913774634717455,0.9739999138207099,0.0,0.06,1,0.0,0.3486666666666667,26.56,41.32939903684903,0.9313774634717453,0.0,0.06,0.0,0.0,0.0,0.0,perception_aware
narrowband,shield_repair,naive,phi,radioml,11,300,0.9902556292311613,0.9800175783162567,0.0,0.08333333333333333,1,0.0,0.34933333333333333,26.27,41.856959715189426,0.9069222958978279,0.0,0.08333333333333333,0.0,0.0,0.0,0.0,perception_aware
narrowband,shield_repair,naive,phi,radioml,12,300,0.9919150322415256,0.9873331192776016,0.0,0.1,1,0.0,0.348,26.593333333333334,42.01634319749612,0.8919150322415255,0.0,0.1,0.0,0.0,0.0,0.0,perception_aware
narrowband,shield_repair,naive,phi,radioml,13,300,0.98564179826578,0.9856355973543316,0.0,0.06,1,0.0,0.338,26.3,44.40614788639988,0.9256417982657801,0.0,0.06,0.0,0.0,0.0,0.0,perception_aware
narrowband,shield_repair,naive,phi,radioml,14,300,0.9903096463777765,0.983552693888572,0.0,0.03666666666666667,1,0.0,0.35133333333333333,26.336666666666666,42.699164678777294,0.9536429797111098,0.0,0.03666666666666667,0.0,0.0,0.0,0.0,perception_aware
narrowband,shield_repair,naive,phi,radioml,15,300,0.9910060254663231,0.9739899834956328,0.0,0.03333333333333333,1,0.0,0.34933333333333333,26.25,39.14890636233422,0.9576726921329896,0.0,0.03333333333333333,0.0,0.0,0.0,0.0,perception_aware
narrowband,shield_repair,naive,phi,radioml,16,300,0.9894868533275243,0.9739472231975844,0.0,0.03,1,0.0,0.3453333333333333,26.196666666666665,40.56096648598634,0.9594868533275243,0.0,0.03,0.0,0.0,0.0,0.0,perception_aware
narrowband,shield_repair,naive,phi,radioml,17,300,0.9907498194524829,0.9820357915365934,0.0,0.043333333333333335,1,0.0,0.3473333333333333,26.38,40.36871313134177,0.9474164861191495,0.0,0.043333333333333335,0.0,0.0,0.0,0.0,perception_aware
narrowband,shield_repair,naive,phi,radioml,18,300,0.9884714372120456,0.9805866943864,0.0,0.06,2,0.0,0.33666666666666667,26.433333333333334,37.78833581011911,0.9284714372120455,0.0,0.06,0.0,0.0,0.0,0.0,perception_aware
narrowband,shield_repair,naive,phi,radioml,19,300,0.9917361395861943,0.982771908353275,0.0,0.056666666666666664,1,0.0,0.3486666666666667,26.323333333333334,37.586296992211665,0.9350694729195277,0.0,0.056666666666666664,0.0,0.0,0.0,0.0,perception_aware
narrowband,shield_repair,naive,phi,radioml,20,300,0.9915354596854932,0.9759492629239875,0.0,0.06666666666666667,1,0.0,0.3606666666666667,26.206666666666667,43.774875041522776,0.9248687930188265,0.0,0.06666666666666667,0.0,0.0,0.0,0.0,perception_aware
narrowband,shield_repair,naive,phi,radioml,21,300,0.9909615016292037,0.9783132551274027,0.0,0.05,1,0.0,0.336,26.323333333333334,38.011178527270665,0.9409615016292037,0.0,0.05,0.0,0.0,0.0,0.0,perception_aware
narrowband,shield_repair,naive,phi,radioml,22,300,0.9920639987068038,0.9859166947920663,0.0,0.08,1,0.0,0.352,26.29,40.3013579741607,0.9120639987068038,0.0,0.08,0.0,0.0,0.0,0.0,perception_aware
narrowband,shield_repair,naive,phi,radioml,23,300,0.9887223320957863,0.9845880445721726,0.0,0.05333333333333334,1,0.0,0.328,26.336666666666666,47.14606459827318,0.935388998762453,0.0,0.05333333333333334,0.0,0.0,0.0,0.0,perception_aware
narrowband,shield_repair,naive,phi,radioml,24,300,0.9881284785351446,0.9845814941549973,0.0,0.11666666666666667,1,0.0,0.346,26.236666666666668,37.41816296124434,0.8714618118684779,0.0,0.11666666666666667,0.0,0.0,0.0,0.0,perception_aware
narrowband,shield_repair,naive,phi,radioml,25,300,0.9918618250822594,0.986535854115542,0.0,0.04,1,0.0,0.346,26.44,40.721654416169336,0.9518618250822594,0.0,0.04,0.0,0.0,0.0,0.0,perception_aware
narrowband,shield_repair,naive,phi,radioml,26,300,0.9870017962211238,0.9739999652524689,0.0,0.05333333333333334,1,0.0,0.3486666666666667,26.383333333333333,43.68044776961958,0.9336684628877905,0.0,0.05333333333333334,0.0,0.0,0.0,0.0,perception_aware
narrowband,shield_repair,naive,phi,radioml,27,300,0.9883159902254601,0.9744025285914022,0.0,0.04,1,0.0,0.3426666666666667,26.333333333333332,42.49802023295755,0.9483159902254602,0.0,0.04,0.0,0.0,0.0,0.0,perception_aware
narrowband,shield_repair,naive,phi,radioml,28,300,0.9914126916582675,0.9746618235809715,0.0,0.06333333333333334,1,0.0,0.34,26.29,40.40401353844726,0.9280793583249342,0.0,0.06333333333333334,0.0,0.0,0.0,0.0,perception_aware
narrowband,shield_repair,naive,phi,radioml,29,300,0.9883160997247099,0.9802348224476377,0.0,0.09333333333333334,1,0.0,0.36466666666666664,26.546666666666667,42.76656004369439,0.8949827663913764,0.0,0.09333333333333334,0.0,0.0,0.0,0.0,perception_aware
wideband,greedy_twin,naive,phi,radioml,0,300,0.8863281661198003,0.5178167543846661,0.2733333333333333,0.68,2,0.0,0.0,28.773333333333333,37.74271885454186,0.20632816611980023,0.1,0.38666666666666666,0.08,0.0,0.0,0.5466666666666666,perception_aware
wideband,greedy_twin,naive,phi,radioml,1,300,0.8744208998454095,0.0847573270213553,0.26666666666666666,0.6333333333333333,2,0.0,0.0,28.6,51.530411115107874,0.2410875665120762,0.09333333333333334,0.34,0.06333333333333334,0.0,0.0,0.4766666666666667,perception_aware
wideband,greedy_twin,naive,phi,radioml,2,300,0.8858271016638408,0.18396684420931964,0.2866666666666667,0.6866666666666666,1,0.0,0.0,28.893333333333334,41.11531629604025,0.19916043499717412,0.07666666666666666,0.3333333333333333,0.08333333333333333,0.0,0.0,0.5466666666666666,perception_aware
wideband,greedy_twin,naive,phi,radioml,3,300,0.8900823210843483,0.3933794430100351,0.30666666666666664,0.6566666666666666,2,0.0,0.0,28.756666666666668,47.119442538609306,0.23341565441768172,0.08333333333333333,0.32666666666666666,0.1,0.0,0.0,0.5133333333333333,perception_aware
wideband,greedy_twin,naive,phi,radioml,4,300,0.8776811469092888,0.2193018543467242,0.32666666666666666,0.67,1,0.0,0.0,28.89,46.529526715431494,0.20768114690928877,0.09333333333333334,0.32666666666666666,0.12333333333333334,0.0,0.0,0.5566666666666666,perception_aware
wideband,greedy_twin,naive,phi,radioml,5,300,0.8782465891316928,0.22389861364619107,0.37666666666666665,0.7366666666666667,4,0.0,0.0,28.863333333333333,36.04607328680409,0.1415799224650264,0.11666666666666667,0.3466666666666667,0.13333333333333333,0.0,0.0,0.5766666666666667,perception_aware
wideband,greedy_twin,naive,phi,radioml,6,300,0.880876747093158,0.4172158245140288,0.32,0.6466666666666666,5,0.0,0.0,28.79,41.21721488831869,0.2342100804264913,0.11333333333333333,0.2866666666666667,0.09333333333333334,0.0,0.0,0.5166666666666667,perception_aware
wideband,greedy_twin,naive,phi,radioml,7,300,0.8949376363984101,0.5449403375766337,0.31,0.69,5,0.0,0.0,28.876666666666665,42.00819518348427,0.20493763639841006,0.10333333333333333,0.31333333333333335,0.06,0.0,0.0,0.5966666666666667,perception_aware
wideband,greedy_twin,naive,phi,radioml,8,300,0.892074383282663,0.37893882069358364,0.3333333333333333,0.7466666666666667,1,0.0,0.0,29.313333333333333,42.27310704891745,0.14540771661599622,0.1,0.38333333333333336,0.09,0.0,0.0,0.64,perception_aware
wideband,greedy_twin,naive,phi,radioml,9,300,0.8739090204911679,0.06723818057935761,0.36,0.7233333333333334,1,0.0,0.0,29.153333333333332,46.21626066048975,0.1505756871578347,0.09333333333333334,0.33666666666666667,0.09,0.0,0.0,0.5966666666666667,perception_aware
wideband,greedy_twin,naive,phi,radioml,10,300,0.8918581339060077,0.5488612546235545,0.30333333333333334,0.6233333333333333,1,0.0,0.0,28.88,42.871156350411866,0.2685248005726743,0.08333333333333333,0.30666666666666664,0.09666666666666666,0.0,0.0,0.49,perception_aware
wideband,greedy_twin,naive,phi,radioml,11,300,0.8824232866008256,0.27206330499950543,0.31666666666666665,0.6633333333333333,1,0.0,0.0,28.653333333333332,41.714058418641386,0.21908995326749217,0.12333333333333334,0.35,0.09333333333333334,0.0,0.0,0.5333333333333333,perception_aware
wideband,greedy_twin,naive,phi,radioml,12,300,0.8959647229991109,0.4275051107566392,0.32,0.66,1,0.0,0.0,29.1,48.80720359934107,0.23596472299911084,0.12,0.3433333333333333,0.06,0.0,0.0,0.54,perception_aware
wideband,greedy_twin,naive,phi,radioml,13,300,0.8803308536891254,0.4134864203245212,0.27666666666666667,0.67,2,0.0,0.0,28.966666666666665,46.82138608220414,0.21033085368912557,0.07333333333333333,0.30666666666666664,0.06333333333333334,0.0,0.0,0.56,perception_aware
wideband,greedy_twin,naive,phi,radioml,14,300,0.855583396064978,0.0031955278941411974,0.3466666666666667,0.6466666666666666,10,0.0,0.0,29.03,43.672888879652916,0.20891672939831127,0.09666666666666666,0.2833333333333333,0.09333333333333334,0.0,0.0,0.5266666666666666,perception_aware
wideband,greedy_twin,naive,phi,radioml,15,300,0.8712459987112876,0.013359418041017724,0.2833333333333333,0.5933333333333334,1,0.0,0.0,28.803333333333335,44.2736481573571,0.2779126653779542,0.09666666666666666,0.2733333333333333,0.06666666666666667,0.0,0.0,0.52,perception_aware
wideband,greedy_twin,naive,phi,radioml,16,300,0.8858535652677479,0.14565739988946794,0.2833333333333333,0.5766666666666667,4,0.0,0.0,28.55666666666667,41.44815556037947,0.3091868986010813,0.09666666666666666,0.24333333333333335,0.08333333333333333,0.0,0.0,0.46,perception_aware
wideband,greedy_twin,naive,phi,radioml,17,300,0.889946326208367,0.4377991817546397,0.32,0.6633333333333333,2,0.0,0.0,28.933333333333334,42.93134066199363,0.22661299287503364,0.10666666666666667,0.31333333333333335,0.08666666666666667,0.0,0.0,0.56,perception_aware
wideband,greedy_twin,naive,phi,radioml,18,300,0.8977483772404549,0.46253244710693764,0.33,0.71,4,0.0,0.0,29.036666666666665,40.247917827626296,0.18774837724045473,0.11,0.32666666666666666,0.10666666666666667,0.0,0.0,0.57,perception_aware
wideband,greedy_twin,naive,phi,radioml,19,300,0.8638618050560422,0.0007331514841641512,0.28,0.59,1,0.0,0.0,28.753333333333334,48.32224729529706,0.2738618050560422,0.06333333333333334,0.27,0.08,0.0,0.0,0.4766666666666667,perception_aware
wideband,greedy_twin,naive,phi,radioml,20,300,0.8673417847670718,0.1565621426782587,0.32666666666666666,0.6533333333333333,2,0.0,0.0,28.846666666666668,47.33131069985986,0.21400845143373867,0.09,0.32666666666666666,0.07,0.0,0.0,0.5333333333333333,perception_aware
wideband,greedy_twin,naive,phi,radioml,21,300,0.8775406879888397,0.3041483920994526,0.31666666666666665,0.6766666666666666,1,0.0,0.0,28.76,45.8544469083138,0.2008740213221731,0.09,0.31666666666666665,0.09666666666666666,0.0,0.0,0.55,perception_aware
wideband,greedy_twin,naive,phi,radioml,22,300,0.8801005094049037,0.322163709311848,0.38,0.7266666666666667,1,0.0,0.0,29.10333333333333,42.7132416081221,0.15343384273823707,0.1,0.37333333333333335,0.12666666666666668,0.0,0.0,0.5833333333333334,perception_aware
wideband,greedy_twin,naive,phi,radioml,23,300,0.875041033218486,0.3791323399453794,0.2633333333333333,0.62,2,0.0,0.0,28.696666666666665,45.031911726298816,0.2550410332184859,0.08,0.29333333333333333,0.06,0.0,0.0,0.5,perception_aware
wideband,greedy_twin,naive,phi,radioml,24,300,0.8773912734808611,0.3170576303497051,0.2866666666666667,0.68,1,0.0,0.0,28.83,41.64761979813496,0.1973912734808611,0.09,0.42333333333333334,0.11333333333333333,0.0,0.0,0.49,perception_aware
wideband,greedy_twin,naive,phi,radioml,25,300,0.8902607661440679,0.3678979243752188,0.31333333333333335,0.6366666666666667,2,0.0,0.0,28.816666666666666,43.397542119223225,0.2535940994774011,0.1,0.31333333333333335,0.07,0.0,0.0,0.5,perception_aware
wideband,greedy_twin,naive,phi,radioml,26,300,0.871291457488911,0.08799090574086116,0.3333333333333333,0.62,1,0.0,0.0,29.026666666666667,50.071745926307024,0.25129145748891113,0.08,0.33,0.08,0.0,0.0,0.5,perception_aware
wideband,greedy_twin,naive,phi,radioml,27,300,0.8649927240548599,0.02930153060101979,0.30666666666666664,0.6466666666666666,1,0.0,0.0,28.666666666666668,38.45858762847655,0.2183260573881933,0.13333333333333333,0.27666666666666667,0.05333333333333334,0.0,0.0,0.48333333333333334,perception_aware
wideband,greedy_twin,naive,phi,radioml,28,300,0.8718476701118447,0.36109499869219336,0.33,0.63,1,0.0,0.0,28.73,44.724542815506716,0.24184767011184466,0.13,0.31333333333333335,0.07666666666666666,0.0,0.0,0.4666666666666667,perception_aware
wideband,greedy_twin,naive,phi,radioml,29,300,0.9025186547729707,0.440993220279599,0.36333333333333334,0.78,1,0.0,0.0,29.29,41.49905201851448,0.1225186547729706,0.09,0.4166666666666667,0.10333333333333333,0.0,0.0,0.6633333333333333,perception_aware
wideband,shield_filter,naive,phi,radioml,0,300,0.8212272716168786,0.011517049724953255,0.0,0.25,1,0.0033333333333333335,0.0,27.21,39.391823383607914,0.5712272716168786,0.0,0.25,0.0,0.0,0.0,0.0,perception_aware
wideband,shield_filter,naive,phi,radioml,1,300,0.8199459486518101,0.00089324930591751,0.0,0.19,2,0.0,0.0,27.123333333333335,38.39101197829205,0.6299459486518102,0.0,0.19,0.0,0.0,0.0,0.0,perception_aware
wideband,shield_filter,naive,phi,radioml,2,300,0.8200136733641284,0.000185757660898329,0.0,0.16333333333333333,1,0.0,0.0,27.163333333333334,40.372465519742576,0.6566803400307951,0.0,0.16333333333333333,0.0,0.0,0.0,0.0,perception_aware
wideband,shield_filter,naive,phi,radioml,3,300,0.8174461578826105,0.00014975697740151107,0.0,0.16,2,0.0033333333333333335,0.0,27.076666666666668,38.67952737172773,0.6574461578826104,0.0,0.16,0.0,0.0,0.0,0.0,perception_aware
wideband,shield_filter,naive,phi,radioml,4,300,0.8039432092421559,0.00046571477139159876,0.0,0.16,1,0.0033333333333333335,0.0,27.253333333333334,45.45337498255773,0.6439432092421558,0.0,0.16,0.0,0.0,0.0,0.0,perception_aware
wideband,shield_filter,naive,phi,radioml,5,300,0.8106144045518855,0.00047263150619893183,0.0,0.16,4,0.0,0.0,27.186666666666667,38.66208420197662,0.6506144045518856,0.0,0.16,0.0,0.0,0.0,0.0,perception_aware
wideband,shield_filter,naive,phi,radioml,6,300,0.8094028164890207,0.0002801344680100603,0.0,0.10666666666666667,5,0.0,0.0,27.133333333333333,38.10545696308317,0.7027361498223541,0.0,0.10666666666666667,0.0,0.0,0.0,0.0,perception_aware
wideband,shield_filter,naive,phi,radioml,7,300,0.8122613686362596,0.0007076192271617891,0.0,0.13,5,0.0033333333333333335,0.0,27.08,41.89751580164508,0.6822613686362596,0.0,0.13,0.0,0.0,0.0,0.0,perception_aware
wideband,shield_filter,naive,phi,radioml,8,300,0.7908798608987614,0.00010666165853036117,0.0,0.16666666666666666,1,0.006666666666666667,0.0,27.036666666666665,41.26395221940076,0.6242131942320945,0.0,0.16666666666666666,0.0,0.0,0.0,0.0,perception_aware
wideband,shield_filter,naive,phi,radioml,9,300,0.7743612919838107,0.00013326079005451905,0.0,0.11,1,0.0033333333333333335,0.0,26.953333333333333,46.18756265984693,0.6643612919838107,0.0,0.11,0.0,0.0,0.0,0.0,perception_aware
wideband,shield_filter,naive,phi,radioml,10,300,0.8249423325505397,0.0015428504553917897,0.0,0.14333333333333334,2,0.0,0.0,27.233333333333334,42.498825062776866,0.6816089992172064,0.0,0.14333333333333334,0.0,0.0,0.0,0.0,perception_aware
wideband,shield_filter,naive,phi,radioml,11,300,0.8092909505235091,0.0001754826462116456,0.0,0.19,1,0.0,0.0,27.013333333333332,42.382119557120674,0.6192909505235091,0.0,0.19,0.0,0.0,0.0,0.0,perception_aware
wideband,shield_filter,naive,phi,radioml,12,300,0.829353127408631,0.001695414985880283,0.0,0.14666666666666667,1,0.006666666666666667,0.0,27.11,39.09907218211193,0.6826864607419643,0.0,0.14666666666666667,0.0,0.0,0.0,0.0,perception_aware
wideband,shield_filter,naive,phi,radioml,13,300,0.8017824947944033,0.00037894077849259214,0.0,0.13,2,0.006666666666666667,0.0,27.136666666666667,40.06150839382749,0.6717824947944033,0.0,0.13,0.0,0.0,0.0,0.0,perception_aware
wideband,shield_filter,naive,phi,radioml,14,300,0.7914538538483827,0.00013243041756496262,0.0,0.08,4,0.0,0.0,27.093333333333334,41.50193008991433,0.7114538538483828,0.0,0.08,0.0,0.0,0.0,0.0,perception_aware
wideband,shield_filter,naive,phi,radioml,15,300,0.802162994907864,0.00039501634337811103,0.0,0.09333333333333334,1,0.0,0.0,27.10333333333333,40.20474955014443,0.7088296615745306,0.0,0.09333333333333334,0.0,0.0,0.0,0.0,perception_aware
wideband,shield_filter,naive,phi,radioml,16,300,0.8280753867744175,0.0006350530444900161,0.0,0.09333333333333334,4,0.0033333333333333335,0.0,27.043333333333333,40.15318916502242,0.7347420534410841,0.0,0.09333333333333334,0.0,0.0,0.0,0.0,perception_aware
wideband,shield_filter,naive,phi,radioml,17,300,0.8018292886856153,0.00011013107142508241,0.0,0.11,2,0.006666666666666667,0.0,26.946666666666665,40.636678399616805,0.6918292886856153,0.0,0.11,0.0,0.0,0.0,0.0,perception_aware
wideband,shield_filter,naive,phi,radioml,18,300,0.7995908170096675,0.000125985248981336,0.0,0.14333333333333334,4,0.0033333333333333335,0.0,26.973333333333333,38.117760232522556,0.6562574836763342,0.0,0.14333333333333334,0.0,0.0,0.0,0.0,perception_aware
wideband,shield_filter,naive,phi,radioml,19,300,0.7915283565982365,8.217438688331585e-05,0.0,0.11,1,0.0033333333333333335,0.0,27.03,40.90350040890296,0.6815283565982365,0.0,0.11,0.0,0.0,0.0,0.0,perception_aware
wideband,shield_filter,naive,phi,radioml,20,300,0.7974816852862183,0.00019065308726702238,0.0,0.15,2,0.006666666666666667,0.0,27.003333333333334,40.857834723518806,0.6474816852862184,0.0,0.15,0.0,0.0,0.0,0.0,perception_aware
wideband,shield_filter,naive,phi,radioml,21,300,0.8057026901045066,0.0015321305829448396,0.0,0.15666666666666668,10,0.0,0.0,27.01,39.819102612592026,0.64903602343784,0.0,0.15666666666666668,0.0,0.0,0.0,0.0,perception_aware
wideband,shield_filter,naive,phi,radioml,22,300,0.7998309349566289,0.00017442908521015824,0.0,0.17666666666666667,3,0.006666666666666667,0.0,27.023333333333333,40.57763489758008,0.6231642682899623,0.0,0.17666666666666667,0.0,0.0,0.0,0.0,perception_aware
wideband,shield_filter,naive,phi,radioml,23,300,0.8254884007165414,0.0006702283131410462,0.0,0.12,2,0.0,0.0,27.076666666666668,43.341251286795476,0.7054884007165413,0.0,0.12,0.0,0.0,0.0,0.0,perception_aware
wideband,shield_filter,naive,phi,radioml,24,300,0.8126568165030049,0.0002665240898576711,0.0,0.3,1,0.006666666666666667,0.0,27.23,39.714682351873925,0.512656816503005,0.0,0.3,0.0,0.0,0.0,0.0,perception_aware
wideband,shield_filter,naive,phi,radioml,25,300,0.8168576149556989,0.0006211557572135211,0.0,0.13666666666666666,2,0.0033333333333333335,0.0,27.183333333333334,41.27892438251417,0.6801909482890324,0.0,0.13666666666666666,0.0,0.0,0.0,0.0,perception_aware
wideband,shield_filter,naive,phi,radioml,26,300,0.8077943030776504,0.000371322711094743,0.0,0.11333333333333333,1,0.0,0.0,27.02,39.385876457137734,0.694460969744317,0.0,0.11333333333333333,0.0,0.0,0.0,0.0,perception_aware
wideband,shield_filter,naive,phi,radioml,27,300,0.7914145828910788,0.0004897883088783795,0.0,0.10333333333333333,3,0.0033333333333333335,0.0,26.95,39.54945434610648,0.6880812495577456,0.0,0.10333333333333333,0.0,0.0,0.0,0.0,perception_aware
wideband,shield_filter,naive,phi,radioml,28,300,0.8016786293999169,0.000996922187843651,0.0,0.12,1,0.0033333333333333335,0.0,27.0,39.40264411236506,0.6816786293999169,0.0,0.12,0.0,0.0,0.0,0.0,perception_aware
wideband,shield_filter,naive,phi,radioml,29,300,0.8334730738654457,0.006891751665743301,0.0,0.21666666666666667,8,0.0,0.0,27.19333333333333,36.84895564823681,0.6168064071987789,0.0,0.21666666666666667,0.0,0.0,0.0,0.0,perception_aware
wideband,shield_repair,naive,phi,radioml,0,300,0.8703061458387761,0.5087141755341426,0.0,0.2833333333333333,2,0.0,0.348,27.733333333333334,39.9977883735229,0.5869728125054428,0.0,0.27666666666666667,0.0,0.0,0.0,0.006666666666666667,perception_aware
wideband,shield_repair,naive,phi,radioml,1,300,0.850513884526229,0.0016295236469301092,0.0,0.21333333333333335,2,0.0,0.36933333333333335,27.303333333333335,37.05027810211773,0.6371805511928956,0.0,0.21333333333333335,0.0,0.0,0.0,0.0,perception_aware
wideband,shield_repair,naive,phi,radioml,2,300,0.8509683778587214,0.00019889108651828776,0.0,0.18333333333333332,1,0.0,0.3546666666666667,27.456666666666667,43.48102483704474,0.6676350445253882,0.0,0.18333333333333332,0.0,0.0,0.0,0.0,perception_aware
wideband,shield_repair,naive,phi,radioml,3,300,0.8649437225055211,0.01762021334423635,0.0,0.17666666666666667,2,0.0,0.36666666666666664,27.51,40.30902050708833,0.6882770558388546,0.0,0.17666666666666667,0.0,0.0,0.0,0.0,perception_aware
wideband,shield_repair,naive,phi,radioml,4,300,0.8459327481549885,0.0010804726405048803,0.0,0.18,1,0.0,0.36933333333333335,27.626666666666665,46.40602463184592,0.6659327481549887,0.0,0.18,0.0,0.0,0.0,0.0,perception_aware
wideband,shield_repair,naive,phi,radioml,5,300,0.8512290216737763,0.002735546885924609,0.0,0.18333333333333332,4,0.0,0.38133333333333336,27.43,43.06996702830009,0.667895688340443,0.0,0.18333333333333332,0.0,0.0,0.0,0.0,perception_aware
wideband,shield_repair,naive,phi,radioml,6,300,0.8552559171608682,0.14467778518026198,0.0,0.13333333333333333,5,0.0,0.3466666666666667,27.506666666666668,39.17975091628915,0.7219225838275349,0.0,0.13333333333333333,0.0,0.0,0.0,0.0,perception_aware
wideband,shield_repair,naive,phi,radioml,7,300,0.8613675992091997,0.009770830350662257,0.0,0.15666666666666668,5,0.0,0.368,27.386666666666667,40.85204150970383,0.704700932542533,0.0,0.15666666666666668,0.0,0.0,0.0,0.0,perception_aware
wideband,shield_repair,naive,phi,radioml,8,300,0.8493018818454416,0.0011575077706616822,0.0,0.20333333333333334,1,0.0,0.36666666666666664,27.573333333333334,40.9050066751721,0.6459685485121084,0.0,0.20333333333333334,0.0,0.0,0.0,0.0,perception_aware
wideband,shield_repair,naive,phi,radioml,9,300,0.8208631525544833,0.008332622090259697,0.0,0.12,1,0.0,0.368,27.43,46.80946132682445,0.7008631525544833,0.0,0.12,0.0,0.0,0.0,0.0,perception_aware
wideband,shield_repair,naive,phi,radioml,10,300,0.865416765293063,0.36548062465329895,0.0,0.16333333333333333,2,0.0,0.358,27.78,41.36353877094813,0.7020834319597297,0.0,0.16333333333333333,0.0,0.0,0.0,0.0,perception_aware
wideband,shield_repair,naive,phi,radioml,11,300,0.8415659659167847,0.0006834206872023521,0.0,0.22666666666666666,1,0.0,0.36866666666666664,27.346666666666668,41.85966639421311,0.614899299250118,0.0,0.22666666666666666,0.0,0.0,0.0,0.0,perception_aware
wideband,shield_repair,naive,phi,radioml,12,300,0.858970380754858,0.32021813047987474,0.0,0.17666666666666667,1,0.0,0.358,27.48,42.02446242716481,0.6823037140881912,0.0,0.17666666666666667,0.0,0.0,0.0,0.0,perception_aware
wideband,shield_repair,naive,phi,radioml,13,300,0.8303839089035951,0.0009623665960535223,0.0,0.13666666666666666,2,0.0,0.3506666666666667,27.506666666666668,44.40803910215837,0.6937172422369285,0.0,0.13666666666666666,0.0,0.0,0.0,0.0,perception_aware
wideband,shield_repair,naive,phi,radioml,14,300,0.8273172028736483,0.00024049137314473032,0.0,0.09333333333333334,10,0.0,0.36733333333333335,27.43,42.70170551660592,0.733983869540315,0.0,0.09333333333333334,0.0,0.0,0.0,0.0,perception_aware
wideband,shield_repair,naive,phi,radioml,15,300,0.8336858529206582,0.012019215699631373,0.0,0.12333333333333334,4,0.0,0.36333333333333334,27.363333333333333,40.49467431352056,0.7103525195873249,0.0,0.11,0.0,0.0,0.0,0.013333333333333334,perception_aware
wideband,shield_repair,naive,phi,radioml,16,300,0.8594617989891559,0.0010710722192547137,0.0,0.1,4,0.0,0.35933333333333334,27.326666666666668,40.7580672592605,0.7594617989891558,0.0,0.1,0.0,0.0,0.0,0.0,perception_aware
wideband,shield_repair,naive,phi,radioml,17,300,0.8429700727087007,0.00023176901018035742,0.0,0.14,2,0.0,0.362,27.303333333333335,40.34461355396956,0.7029700727087008,0.0,0.14,0.0,0.0,0.0,0.0,perception_aware
wideband,shield_repair,naive,phi,radioml,18,300,0.8502557947366106,0.056355785821746406,0.0,0.17,4,0.0,0.35133333333333333,27.553333333333335,37.6664451079527,0.6802557947366107,0.0,0.17,0.0,0.0,0.0,0.0,perception_aware
wideband,shield_repair,naive,phi,radioml,19,300,0.8293237004600448,0.0007340126499116314,0.0,0.12666666666666668,1,0.0,0.36533333333333334,27.463333333333335,37.591171640357345,0.7026570337933781,0.0,0.12666666666666668,0.0,0.0,0.0,0.0,perception_aware
wideband,shield_repair,naive,phi,radioml,20,300,0.8431909592195812,0.010763375605060787,0.0,0.18,2,0.0,0.38266666666666665,27.453333333333333,43.77942919794215,0.6631909592195812,0.0,0.18,0.0,0.0,0.0,0.0,perception_aware
wideband,shield_repair,naive,phi,radioml,21,300,0.846780015082386,0.011971431169990972,0.0,0.16666666666666666,1,0.0,0.3526666666666667,27.383333333333333,40.60251001039993,0.6801133484157192,0.0,0.16666666666666666,0.0,0.0,0.0,0.0,perception_aware
wideband,shield_repair,naive,phi,radioml,22,300,0.847804116726639,0.00862089827642841,0.0,0.20666666666666667,3,0.0,0.364,27.44,40.3102623010107,0.6411374500599724,0.0,0.20666666666666667,0.0,0.0,0.0,0.0,perception_aware
wideband,shield_repair,naive,phi,radioml,23,300,0.8499155501899265,0.0007305667678089418,0.0,0.14333333333333334,2,0.0,0.3426666666666667,27.34,47.14938416778637,0.7065822168565932,0.0,0.14333333333333334,0.0,0.0,0.0,0.0,perception_aware
wideband,shield_repair,naive,phi,radioml,24,300,0.8430735166250583,0.04792027832750734,0.0,0.32,1,0.0,0.35933333333333334,27.4,37.4203760489026,0.5230735166250582,0.0,0.32,0.0,0.0,0.0,0.0,perception_aware
wideband,shield_repair,naive,phi,radioml,25,300,0.8590565642828791,0.009132888740264659,0.0,0.15,2,0.0,0.36133333333333334,27.663333333333334,40.876944442363346,0.7090565642828792,0.0,0.15,0.0,0.0,0.0,0.0,perception_aware
wideband,shield_repair,naive,phi,radioml,26,300,0.840074756096232,0.01052185847806943,0.0,0.13333333333333333,1,0.0,0.36733333333333335,27.456666666666667,43.18184513821165,0.7067414227628986,0.0,0.13333333333333333,0.0,0.0,0.0,0.0,perception_aware
wideband,shield_repair,naive,phi,radioml,27,300,0.8370584317347982,0.0009479663340804459,0.0,0.12333333333333334,1,0.0,0.3606666666666667,27.383333333333333,42.499563817242404,0.7137250984014649,0.0,0.12333333333333334,0.0,0.0,0.0,0.0,perception_aware
wideband,shield_repair,naive,phi,radioml,28,300,0.8435755406371371,0.008808191946100698,0.0,0.15666666666666668,1,0.0,0.3486666666666667,27.363333333333333,40.517558877209915,0.6869088739704706,0.0,0.15666666666666668,0.0,0.0,0.0,0.0,perception_aware
wideband,shield_repair,naive,phi,radioml,29,300,0.8732124516090604,0.39759236466837466,0.0,0.25,8,0.0,0.37133333333333335,27.686666666666667,42.769314101116855,0.6232124516090604,0.0,0.25,0.0,0.0,0.0,0.0,perception_aware
bursty,greedy_twin,naive,phi,radioml,0,300,0.9851804815616957,0.9701798959883512,0.24,0.24333333333333335,1,0.0,0.0,26.136666666666667,40.38489144128688,0.7418471482283622,0.08333333333333333,0.11666666666666667,0.07,0.0,0.0,0.0,perception_aware
bursty,greedy_twin,naive,phi,radioml,1,300,0.9833669444308053,0.9739999744579343,0.21333333333333335,0.22666666666666666,1,0.0,0.0,25.823333333333334,43.2226610119143,0.7567002777641386,0.08333333333333333,0.1,0.06333333333333334,0.0,0.0,0.013333333333333334,perception_aware
bursty,greedy_twin,naive,phi,radioml,2,300,0.9819977452975102,0.9739985535111465,0.23,0.25,1,0.0,0.0,25.886666666666667,39.44781289788261,0.7319977452975102,0.09333333333333334,0.11666666666666667,0.06666666666666667,0.0,0.0,0.02,perception_aware
bursty,greedy_twin,naive,phi,radioml,3,300,0.9764912548439774,0.9663122488232749,0.17333333333333334,0.18333333333333332,1,0.0,0.0,25.74,40.599302314087396,0.793157921510644,0.09,0.08333333333333333,0.043333333333333335,0.0,0.0,0.0,perception_aware
bursty,greedy_twin,naive,phi,radioml,4,300,0.9847438683387437,0.9738402751491646,0.21333333333333335,0.22666666666666666,1,0.0,0.0,25.94,47.39332954155612,0.7580772016720772,0.06,0.10333333333333333,0.08666666666666667,0.0,0.0,0.006666666666666667,perception_aware
bursty,greedy_twin,naive,phi,radioml,5,300,0.9841954651524937,0.9731272850139703,0.24333333333333335,0.25666666666666665,3,0.0,0.0,26.21,39.81088178002692,0.7275287984858271,0.07,0.12666666666666668,0.08333333333333333,0.0,0.0,0.0,perception_aware
bursty,greedy_twin,naive,phi,radioml,6,300,0.9788990399184448,0.9659327956601867,0.21,0.22666666666666666,1,0.0,0.0,25.913333333333334,47.42562154248195,0.7522323732517783,0.06666666666666667,0.10666666666666667,0.07666666666666666,0.0,0.0,0.03,perception_aware
bursty,greedy_twin,naive,phi,radioml,7,300,0.9863369279950732,0.9720157922166404,0.22,0.23666666666666666,1,0.0,0.0,25.96,41.988464393335676,0.7496702613284065,0.07666666666666666,0.10333333333333333,0.08,0.0,0.0,0.016666666666666666,perception_aware
bursty,greedy_twin,naive,phi,radioml,8,300,0.9882558600738126,0.9739652815252249,0.21,0.21666666666666667,1,0.0,0.0,26.02,47.35011294286382,0.7715891934071459,0.05,0.11666666666666667,0.07333333333333333,0.0,0.0,0.016666666666666666,perception_aware
bursty,greedy_twin,naive,phi,radioml,9,300,0.985250935751958,0.9653040144279091,0.22333333333333333,0.24666666666666667,1,0.0,0.0,26.036666666666665,38.96692157743216,0.7385842690852913,0.07333333333333333,0.13333333333333333,0.07666666666666666,0.0,0.0,0.03333333333333333,perception_aware
bursty,greedy_twin,naive,phi,radioml,10,300,0.9856234607196722,0.9739221489796233,0.23666666666666666,0.2633333333333333,1,0.0,0.0,26.526666666666667,47.049310989022935,0.7222901273863389,0.05,0.13333333333333333,0.08333333333333333,0.0,0.0,0.043333333333333335,perception_aware
bursty,greedy_twin,naive,phi,radioml,11,300,0.9838143592490045,0.9738703225217745,0.19333333333333333,0.19666666666666666,1,0.0,0.0,25.72,39.71706759662477,0.7871476925823381,0.06333333333333334,0.08666666666666667,0.08666666666666667,0.0,0.0,0.0,perception_aware
bursty,greedy_twin,naive,phi,radioml,12,300,0.9849420880788279,0.9736465986398418,0.21666666666666667,0.23,1,0.0,0.0,25.906666666666666,42.81032627824398,0.7549420880788278,0.1,0.1,0.06666666666666667,0.0,0.0,0.016666666666666666,perception_aware
bursty,greedy_twin,naive,phi,radioml,13,300,0.9824674410330583,0.9651033301486656,0.22333333333333333,0.23,1,0.0,0.0,25.953333333333333,39.74380291064088,0.7524674410330582,0.07,0.11333333333333333,0.06333333333333334,0.0,0.0,0.006666666666666667,perception_aware
bursty,greedy_twin,naive,phi,radioml,14,300,0.9868628760290862,0.9697258164481778,0.27,0.27666666666666667,1,0.0,0.0,26.326666666666668,38.61045967169996,0.7101962093624196,0.09333333333333334,0.12666666666666668,0.11,0.0,0.0,0.006666666666666667,perception_aware
bursty,greedy_twin,naive,phi,radioml,15,300,0.9810625562557156,0.9664616905584019,0.27,0.28,1,0.0,0.0,25.8,43.44608347311175,0.7010625562557156,0.1,0.09666666666666666,0.11,0.0,0.0,0.0,perception_aware
bursty,greedy_twin,naive,phi,radioml,16,300,0.9854766173227688,0.9738595196259193,0.2,0.21,1,0.0,0.0,25.923333333333332,41.818434728992564,0.7754766173227686,0.07333333333333333,0.10333333333333333,0.05,0.0,0.0,0.013333333333333334,perception_aware
bursty,greedy_twin,naive,phi,radioml,17,300,0.9832376288739546,0.9724132963370941,0.25666666666666665,0.26666666666666666,1,0.0,0.0,25.846666666666668,43.00897281875677,0.716570962207288,0.09,0.09666666666666666,0.09666666666666666,0.0,0.0,0.006666666666666667,perception_aware
bursty,greedy_twin,naive,phi,radioml,18,300,0.9866452036470804,0.9739884115236338,0.23,0.24666666666666667,1,0.0,0.0,26.266666666666666,47.034885772156414,0.7399785369804137,0.1,0.11666666666666667,0.06333333333333334,0.0,0.0,0.02,perception_aware
bursty,greedy_twin,naive,phi,radioml,19,300,0.9829466041037548,0.9714292966068419,0.21666666666666667,0.22,1,0.0,0.0,26.136666666666667,44.19148103611582,0.7629466041037548,0.07666666666666666,0.1,0.08,0.0,0.0,0.006666666666666667,perception_aware
bursty,greedy_twin,naive,phi,radioml,20,300,0.9771114226917836,0.9651416576949207,0.23333333333333334,0.23666666666666666,2,0.0,0.0,25.87,41.79239126237754,0.7404447560251171,0.07,0.10333333333333333,0.10333333333333333,0.0,0.0,0.0,perception_aware
bursty,greedy_twin,naive,phi,radioml,21,300,0.981418467935165,0.9706376465644297,0.18,0.18666666666666668,1,0.0,0.0,25.796666666666667,39.670939022875764,0.7947518012684984,0.056666666666666664,0.08666666666666667,0.06,0.0,0.0,0.0,perception_aware
bursty,greedy_twin,naive,phi,radioml,22,300,0.9835062685176972,0.9690467064599694,0.26666666666666666,0.27666666666666667,1,0.0,0.0,26.37,44.528177066557056,0.7068396018510303,0.08666666666666667,0.12333333333333334,0.1,0.0,0.0,0.013333333333333334,perception_aware
bursty,greedy_twin,naive,phi,radioml,23,300,0.9810448520508358,0.9732171438698197,0.19666666666666666,0.2,1,0.0,0.0,25.85333333333333,47.308364189134245,0.7810448520508357,0.06333333333333334,0.09333333333333334,0.07333333333333333,0.0,0.0,0.0,perception_aware
bursty,greedy_twin,naive,phi,radioml,24,300,0.9868821950641287,0.9729553331719346,0.17333333333333334,0.19666666666666666,1,0.0,0.0,25.893333333333334,46.08278907493918,0.790215528397462,0.043333333333333335,0.11,0.07666666666666666,0.0,0.0,0.006666666666666667,perception_aware
bursty,greedy_twin,naive,phi,radioml,25,300,0.9824764987014593,0.9676207306750687,0.22666666666666666,0.23666666666666666,1,0.0,0.0,26.06,45.51106114470309,0.7458098320347925,0.08,0.10666666666666667,0.08,0.0,0.0,0.006666666666666667,perception_aware
bursty,greedy_twin,naive,phi,radioml,26,300,0.9859648414508282,0.9715065247772893,0.19,0.20333333333333334,1,0.0,0.0,25.89,42.776643655119464,0.7826315081174949,0.04,0.09333333333333334,0.08666666666666667,0.0,0.0,0.0,perception_aware
bursty,greedy_twin,naive,phi,radioml,27,300,0.9882821375510534,0.9726925849689352,0.24333333333333335,0.26,1,0.0,0.0,26.17,45.08913554560459,0.7282821375510534,0.09666666666666666,0.12666666666666668,0.06333333333333334,0.0,0.0,0.03,perception_aware
bursty,greedy_twin,naive,phi,radioml,28,300,0.988910975297235,0.973872171835168,0.2,0.20333333333333334,1,0.0,0.0,25.65,42.18393991512562,0.7855776419639016,0.1,0.07333333333333333,0.04666666666666667,0.0,0.0,0.0,perception_aware
bursty,greedy_twin,naive,phi,radioml,29,300,0.9826441655006556,0.9732442517082994,0.21666666666666667,0.24333333333333335,1,0.0,0.0,26.243333333333332,41.1783645180061,0.7393108321673225,0.06666666666666667,0.13666666666666666,0.07666666666666666,0.0,0.0,0.05,perception_aware
bursty,shield_filter,naive,phi,radioml,0,300,0.9772921639923345,0.9608820222205782,0.0,0.006666666666666667,1,0.0,0.0,24.923333333333332,40.13453228731572,0.9706254973256678,0.0,0.006666666666666667,0.0,0.0,0.0,0.0,perception_aware
bursty,shield_filter,naive,phi,radioml,1,300,0.9747630473681195,0.9732936323568194,0.0,0.013333333333333334,1,0.0,0.0,24.946666666666665,37.42618211278248,0.9614297140347862,0.0,0.013333333333333334,0.0,0.0,0.0,0.0,perception_aware
bursty,shield_filter,naive,phi,radioml,2,300,0.9806012827486252,0.9761626570506057,0.0,0.013333333333333334,1,0.0033333333333333335,0.0,24.733333333333334,41.63103633766076,0.9672679494152919,0.0,0.013333333333333334,0.0,0.0,0.0,0.0,perception_aware
bursty,shield_filter,naive,phi,radioml,3,300,0.9737658182655662,0.9600273201135159,0.0,0.016666666666666666,1,0.0,0.0,24.923333333333332,40.13362941672196,0.9570991515988995,0.0,0.016666666666666666,0.0,0.0,0.0,0.0,perception_aware
bursty,shield_filter,naive,phi,radioml,4,300,0.9774996287261938,0.9668267091129575,0.0,0.013333333333333334,1,0.0,0.0,24.803333333333335,40.1143376594293,0.9641662953928604,0.0,0.013333333333333334,0.0,0.0,0.0,0.0,perception_aware
bursty,shield_filter,naive,phi,radioml,5,300,0.9765637345682531,0.9456710783441664,0.0,0.013333333333333334,3,0.0,0.0,25.003333333333334,39.69728497399793,0.9632304012349198,0.0,0.013333333333333334,0.0,0.0,0.0,0.0,perception_aware
bursty,shield_filter,naive,phi,radioml,6,300,0.9689205629653027,0.9527807024245699,0.0,0.013333333333333334,1,0.0033333333333333335,0.0,24.796666666666667,40.9415111021877,0.9555872296319694,0.0,0.013333333333333334,0.0,0.0,0.0,0.0,perception_aware
bursty,shield_filter,naive,phi,radioml,7,300,0.9785072115026734,0.9701248259587996,0.0,0.006666666666666667,1,0.0033333333333333335,0.0,24.906666666666666,38.20984663123465,0.9718405448360068,0.0,0.006666666666666667,0.0,0.0,0.0,0.0,perception_aware
bursty,shield_filter,naive,phi,radioml,8,300,0.9790202614583537,0.958039922026806,0.0,0.0033333333333333335,1,0.0033333333333333335,0.0,24.846666666666668,37.98126587575428,0.9756869281250203,0.0,0.0033333333333333335,0.0,0.0,0.0,0.0,perception_aware
bursty,shield_filter,naive,phi,radioml,9,300,0.9788366644423017,0.9617657306567878,0.0,0.013333333333333334,1,0.0,0.0,24.886666666666667,39.69142310581735,0.9655033311089684,0.0,0.013333333333333334,0.0,0.0,0.0,0.0,perception_aware
bursty,shield_filter,naive,phi,radioml,10,300,0.9775561270264062,0.9661312552701858,0.0,0.0033333333333333335,1,0.0,0.0,25.016666666666666,41.755847578399354,0.9742227936930729,0.0,0.0033333333333333335,0.0,0.0,0.0,0.0,perception_aware
bursty,shield_filter,naive,phi,radioml,11,300,0.9787334426967527,0.9722554785206414,0.0,0.006666666666666667,1,0.0,0.0,24.76,39.1843366869373,0.9720667760300861,0.0,0.006666666666666667,0.0,0.0,0.0,0.0,perception_aware
bursty,shield_filter,naive,phi,radioml,12,300,0.979207028078269,0.9695553186769258,0.0,0.01,1,0.0,0.0,24.9,38.658922443575385,0.969207028078269,0.0,0.01,0.0,0.0,0.0,0.0,perception_aware
bursty,shield_filter,naive,phi,radioml,13,300,0.9785360425617512,0.9627612033578774,0.0,0.0033333333333333335,1,0.0,0.0,24.763333333333332,39.96491578338724,0.9752027092284178,0.0,0.0033333333333333335,0.0,0.0,0.0,0.0,perception_aware
bursty,shield_filter,naive,phi,radioml,14,300,0.9821164601779988,0.9640756776139768,0.0,0.006666666666666667,1,0.0,0.0,24.956666666666667,38.75851296375384,0.9754497935113322,0.0,0.006666666666666667,0.0,0.0,0.0,0.0,perception_aware
bursty,shield_filter,naive,phi,radioml,15,300,0.9717311361981016,0.9362955271643932,0.0,0.016666666666666666,1,0.0,0.0,24.796666666666667,39.48695050871516,0.955064469531435,0.0,0.016666666666666666,0.0,0.0,0.0,0.0,perception_aware
bursty,shield_filter,naive,phi,radioml,16,300,0.9749801530580449,0.9645944645828016,0.0,0.0033333333333333335,1,0.0033333333333333335,0.0,24.933333333333334,41.253655292587446,0.9716468197247116,0.0,0.0033333333333333335,0.0,0.0,0.0,0.0,perception_aware
bursty,shield_filter,naive,phi,radioml,17,300,0.9692837958135866,0.9632802299580221,0.0,0.013333333333333334,1,0.0033333333333333335,0.0,24.883333333333333,38.65381484305129,0.9559504624802533,0.0,0.013333333333333334,0.0,0.0,0.0,0.0,perception_aware
bursty,shield_filter,naive,phi,radioml,18,300,0.9787195461635969,0.9702493593403954,0.0,0.006666666666666667,2,0.0,0.0,24.92,41.62709961765062,0.9720528794969302,0.0,0.006666666666666667,0.0,0.0,0.0,0.0,perception_aware
bursty,shield_filter,naive,phi,radioml,19,300,0.9787453447069671,0.9705170545579719,0.0,0.0033333333333333335,1,0.0033333333333333335,0.0,25.063333333333333,40.08559185223065,0.9754120113736338,0.0,0.0033333333333333335,0.0,0.0,0.0,0.0,perception_aware
bursty,shield_filter,naive,phi,radioml,20,300,0.9761616587191615,0.9449037701127512,0.0,0.01,2,0.0033333333333333335,0.0,24.77,40.18506979824718,0.9661616587191615,0.0,0.01,0.0,0.0,0.0,0.0,perception_aware
bursty,shield_filter,naive,phi,radioml,21,300,0.9774762496748827,0.9566534528219047,0.0,0.01,1,0.0,0.0,24.906666666666666,39.55360866391564,0.9674762496748827,0.0,0.01,0.0,0.0,0.0,0.0,perception_aware
bursty,shield_filter,naive,phi,radioml,22,300,0.9744847064067055,0.946718092626463,0.0,0.0033333333333333335,1,0.0,0.0,24.883333333333333,41.91243677223719,0.9711513730733721,0.0,0.0033333333333333335,0.0,0.0,0.0,0.0,perception_aware
bursty,shield_filter,naive,phi,radioml,23,300,0.966739745746527,0.9525156987608925,0.0,0.006666666666666667,2,0.0,0.0,24.746666666666666,39.20544952800482,0.9600730790798603,0.0,0.006666666666666667,0.0,0.0,0.0,0.0,perception_aware
bursty,shield_filter,naive,phi,radioml,24,300,0.983363336630847,0.970946638666957,0.0,0.02,1,0.0033333333333333335,0.0,24.89,38.887324853523495,0.9633633366308471,0.0,0.02,0.0,0.0,0.0,0.0,perception_aware
bursty,shield_filter,naive,phi,radioml,25,300,0.9757097817930351,0.9522842813266781,0.0,0.006666666666666667,1,0.006666666666666667,0.0,25.006666666666668,40.50939804596042,0.9690431151263684,0.0,0.006666666666666667,0.0,0.0,0.0,0.0,perception_aware
bursty,shield_filter,naive,phi,radioml,26,300,0.9773932757699675,0.9687760529856619,0.0,0.013333333333333334,1,0.0033333333333333335,0.0,25.08,43.52590174872529,0.9640599424366341,0.0,0.013333333333333334,0.0,0.0,0.0,0.0,perception_aware
bursty,shield_filter,naive,phi,radioml,27,300,0.9859448852351547,0.9726856125514418,0.0,0.006666666666666667,1,0.0,0.0,24.946666666666665,39.46317980932997,0.9792782185684881,0.0,0.006666666666666667,0.0,0.0,0.0,0.0,perception_aware
bursty,shield_filter,naive,phi,radioml,28,300,0.9836558676685528,0.9735051443235605,0.0,0.006666666666666667,1,0.0033333333333333335,0.0,24.933333333333334,40.999125382420004,0.9769892010018861,0.0,0.006666666666666667,0.0,0.0,0.0,0.0,perception_aware
bursty,shield_filter,naive,phi,radioml,29,300,0.9768398529031195,0.9623922267553509,0.0,0.006666666666666667,1,0.0033333333333333335,0.0,24.826666666666668,39.47469345428402,0.9701731862364528,0.0,0.006666666666666667,0.0,0.0,0.0,0.0,perception_aware
bursty,shield_repair,naive,phi,radioml,0,300,0.98383188848764,0.9635848677374804,0.0,0.02666666666666667,1,0.0,0.356,25.216666666666665,41.133461306320285,0.9571652218209734,0.0,0.02666666666666667,0.0,0.0,0.0,0.0,perception_aware
bursty,shield_repair,naive,phi,radioml,1,300,0.9854698370714294,0.9739321510045325,0.0,0.05,1,0.0,0.34933333333333333,25.226666666666667,39.13216416908098,0.9354698370714294,0.0,0.05,0.0,0.0,0.0,0.0,perception_aware
bursty,shield_repair,naive,phi,radioml,2,300,0.9821167256207666,0.9739261131144783,0.0,0.056666666666666664,1,0.0,0.354,25.05,39.75045022168684,0.9254500589540998,0.0,0.056666666666666664,0.0,0.0,0.0,0.0,perception_aware
bursty,shield_repair,naive,phi,radioml,3,300,0.9760463871683432,0.9660452668329287,0.0,0.03,1,0.0,0.3373333333333333,25.05,40.20889775960902,0.946046387168343,0.0,0.03,0.0,0.0,0.0,0.0,perception_aware
bursty,shield_repair,naive,phi,radioml,4,300,0.9834374368051473,0.9732962805005642,0.0,0.03,1,0.0,0.3486666666666667,25.276666666666667,43.74443957306365,0.9534374368051473,0.0,0.03,0.0,0.0,0.0,0.0,perception_aware
bursty,shield_repair,naive,phi,radioml,5,300,0.9815874147539275,0.973644273403568,0.0,0.03333333333333333,4,0.0,0.37666666666666665,25.303333333333335,39.516807834867095,0.9482540814205942,0.0,0.03333333333333333,0.0,0.0,0.0,0.0,perception_aware
bursty,shield_repair,naive,phi,radioml,6,300,0.9785747674206308,0.9660388049287939,0.0,0.013333333333333334,1,0.0,0.358,25.006666666666668,44.141609778843616,0.9652414340872975,0.0,0.013333333333333334,0.0,0.0,0.0,0.0,perception_aware
bursty,shield_repair,naive,phi,radioml,7,300,0.9859369343848933,0.9719098444028966,0.0,0.02666666666666667,1,0.0,0.3486666666666667,24.84,38.584934087672174,0.9592702677182267,0.0,0.02666666666666667,0.0,0.0,0.0,0.0,perception_aware
bursty,shield_repair,naive,phi,radioml,8,300,0.9857211097648758,0.9738841193148835,0.0,0.016666666666666666,1,0.0,0.3313333333333333,25.123333333333335,41.999813891251875,0.9690544430982091,0.0,0.016666666666666666,0.0,0.0,0.0,0.0,perception_aware
bursty,shield_repair,naive,phi,radioml,9,300,0.9826575651234896,0.9665888444487107,0.0,0.05333333333333334,1,0.0,0.33666666666666667,24.89666666666667,37.93133120004411,0.9293242317901562,0.0,0.05333333333333334,0.0,0.0,0.0,0.0,perception_aware
bursty,shield_repair,naive,phi,radioml,10,300,0.9840931538620513,0.9730377908189588,0.0,0.023333333333333334,1,0.0,0.3526666666666667,25.363333333333333,41.674939669107225,0.960759820528718,0.0,0.023333333333333334,0.0,0.0,0.0,0.0,perception_aware
bursty,shield_repair,naive,phi,radioml,11,300,0.985635425739811,0.9715722115976104,0.0,0.023333333333333334,1,0.0,0.34933333333333333,25.05666666666667,39.17436217689289,0.9623020924064777,0.0,0.023333333333333334,0.0,0.0,0.0,0.0,perception_aware
bursty,shield_repair,naive,phi,radioml,12,300,0.984729536123795,0.9739793400526598,0.0,0.02666666666666667,1,0.0,0.3506666666666667,25.09,40.657378020719,0.9580628694571283,0.0,0.02666666666666667,0.0,0.0,0.0,0.0,perception_aware
bursty,shield_repair,naive,phi,radioml,13,300,0.9829828808413038,0.9719553130553941,0.0,0.013333333333333334,1,0.0,0.3413333333333333,25.133333333333333,40.20239070517481,0.9696495475079704,0.0,0.013333333333333334,0.0,0.0,0.0,0.0,perception_aware
bursty,shield_repair,naive,phi,radioml,14,300,0.983231778981283,0.9666061720548949,0.0,0.013333333333333334,1,0.0,0.368,25.143333333333334,38.17567081334196,0.9698984456479497,0.0,0.013333333333333334,0.0,0.0,0.0,0.0,perception_aware
bursty,shield_repair,naive,phi,radioml,15,300,0.9805326048290116,0.963405285357948,0.0,0.02666666666666667,1,0.0,0.35933333333333334,25.046666666666667,38.96983153689834,0.953865938162345,0.0,0.02666666666666667,0.0,0.0,0.0,0.0,perception_aware
bursty,shield_repair,naive,phi,radioml,16,300,0.9848923405297144,0.9736613117794086,0.0,0.023333333333333334,1,0.0,0.3546666666666667,25.176666666666666,41.53132967332962,0.9615590071963811,0.0,0.023333333333333334,0.0,0.0,0.0,0.0,perception_aware
bursty,shield_repair,naive,phi,radioml,17,300,0.9830192680554145,0.9722922109868148,0.0,0.023333333333333334,1,0.0,0.338,24.976666666666667,38.916353361618356,0.9596859347220811,0.0,0.023333333333333334,0.0,0.0,0.0,0.0,perception_aware
bursty,shield_repair,naive,phi,radioml,18,300,0.9861855899397063,0.9732092075208549,0.0,0.016666666666666666,1,0.0,0.3526666666666667,25.123333333333335,42.56746910630438,0.9695189232730396,0.0,0.016666666666666666,0.0,0.0,0.0,0.0,perception_aware
bursty,shield_repair,naive,phi,radioml,19,300,0.9793670329664798,0.9730851233451724,0.0,0.03,1,0.0,0.342,25.35333333333333,41.68462941644947,0.9493670329664797,0.0,0.03,0.0,0.0,0.0,0.0,perception_aware
bursty,shield_repair,naive,phi,radioml,20,300,0.9776873896240624,0.9688334149119082,0.0,0.02,2,0.0,0.362,24.94,40.62849301315022,0.9576873896240624,0.0,0.02,0.0,0.0,0.0,0.0,perception_aware
bursty,shield_repair,naive,phi,radioml,21,300,0.9824866597197964,0.9670067664268862,0.0,0.03666666666666667,1,0.0,0.338,25.23,41.84668306416931,0.9458199930531297,0.0,0.03666666666666667,0.0,0.0,0.0,0.0,perception_aware
bursty,shield_repair,naive,phi,radioml,22,300,0.9835161199784133,0.9690866519378782,0.0,0.056666666666666664,1,0.0,0.36533333333333334,25.47,42.300940047826316,0.9268494533117465,0.0,0.056666666666666664,0.0,0.0,0.0,0.0,perception_aware
bursty,shield_repair,naive,phi,radioml,23,300,0.9802571705551122,0.9698120878677805,0.0,0.02666666666666667,1,0.0,0.33,25.126666666666665,43.76805263195697,0.9535905038884456,0.0,0.02666666666666667,0.0,0.0,0.0,0.0,perception_aware
bursty,shield_repair,naive,phi,radioml,24,300,0.9840250461135662,0.9738952427772835,0.0,0.043333333333333335,1,0.0,0.334,25.053333333333335,37.19310678247189,0.9406917127802329,0.0,0.043333333333333335,0.0,0.0,0.0,0.0,perception_aware
bursty,shield_repair,naive,phi,radioml,25,300,0.9827545139761364,0.9651651162836322,0.0,0.023333333333333334,1,0.0,0.342,25.26,41.25227107084914,0.9594211806428031,0.0,0.023333333333333334,0.0,0.0,0.0,0.0,perception_aware
bursty,shield_repair,naive,phi,radioml,26,300,0.9856125888412699,0.9726203208477011,0.0,0.013333333333333334,1,0.0,0.3473333333333333,24.986666666666668,42.5555898296836,0.9722792555079366,0.0,0.013333333333333334,0.0,0.0,0.0,0.0,perception_aware
bursty,shield_repair,naive,phi,radioml,27,300,0.9875275741194652,0.973440005347862,0.0,0.02666666666666667,1,0.0,0.36133333333333334,25.126666666666665,42.391621402652746,0.9608609074527984,0.0,0.02666666666666667,0.0,0.0,0.0,0.0,perception_aware
bursty,shield_repair,naive,phi,radioml,28,300,0.9892748231295176,0.9739938870414016,0.0,0.03,1,0.0,0.3433333333333333,25.036666666666665,38.429444276533054,0.9592748231295176,0.0,0.03,0.0,0.0,0.0,0.0,perception_aware
bursty,shield_repair,naive,phi,radioml,29,300,0.9817929346177766,0.9728781256375288,0.0,0.03666666666666667,1,0.0,0.35133333333333333,25.28,40.324114458881965,0.94512626795111,0.0,0.03666666666666667,0.0,0.0,0.0,0.0,perception_aware
backhaul,greedy_twin,naive,phi,radioml,0,300,0.9589651561936116,0.9139638293079331,0.22666666666666666,0.32666666666666666,1,0.0,0.0,26.88,42.29514813991358,0.6322984895269449,0.05,0.22,0.09,0.0,0.0,0.006666666666666667,perception_aware
backhaul,greedy_twin,naive,phi,radioml,1,300,0.9579361323088036,0.9139611442302684,0.23666666666666666,0.25,1,0.0,0.0,26.406666666666666,39.1111221231519,0.7079361323088036,0.1,0.1,0.08333333333333333,0.0,0.0,0.013333333333333334,perception_aware
backhaul,greedy_twin,naive,phi,radioml,2,300,0.9565487209480917,0.9139402252138757,0.25,0.30333333333333334,1,0.0,0.0,26.546666666666667,43.93449318705017,0.6532153876147582,0.09333333333333334,0.14666666666666667,0.09333333333333334,0.0,0.0,0.013333333333333334,perception_aware
backhaul,greedy_twin,naive,phi,radioml,3,300,0.9566250836668775,0.9139574350857271,0.22,0.29333333333333333,1,0.0,0.0,26.433333333333334,39.94755608758684,0.6632917503335442,0.07333333333333333,0.16,0.08666666666666667,0.0,0.0,0.023333333333333334,perception_aware
backhaul,greedy_twin,naive,phi,radioml,4,300,0.9580114434736879,0.91397014225373,0.2733333333333333,0.32666666666666666,1,0.0,0.0,26.85333333333333,46.32276806464242,0.6313447768070213,0.06,0.17,0.12333333333333334,0.0,0.0,0.03333333333333333,perception_aware
backhaul,greedy_twin,naive,phi,radioml,5,300,0.9552666263722529,0.9139595509351033,0.2,0.23666666666666666,1,0.0,0.0,26.58,38.17278507068477,0.7185999597055862,0.09,0.12666666666666668,0.07,0.0,0.0,0.0,perception_aware
backhaul,greedy_twin,naive,phi,radioml,6,300,0.9572424818254853,0.9139549687872812,0.21,0.26666666666666666,1,0.0,0.0,26.56,44.34341147687319,0.6905758151588187,0.06333333333333334,0.13333333333333333,0.10666666666666667,0.0,0.0,0.03,perception_aware
backhaul,greedy_twin,naive,phi,radioml,7,300,0.9579696980593354,0.9139661245514374,0.2733333333333333,0.30333333333333334,1,0.0,0.0,26.823333333333334,49.34606932605763,0.6546363647260021,0.08,0.14,0.10333333333333333,0.0,0.0,0.02666666666666667,perception_aware
backhaul,greedy_twin,naive,phi,radioml,8,300,0.9550808542918326,0.9138755150593917,0.22666666666666666,0.2833333333333333,1,0.0,0.0,26.95,40.51610290332458,0.6717475209584993,0.08,0.16666666666666666,0.08666666666666667,0.0,0.0,0.04666666666666667,perception_aware
backhaul,greedy_twin,naive,phi,radioml,9,300,0.9591778622699485,0.913962621745165,0.22333333333333333,0.2833333333333333,1,0.0,0.0,26.563333333333333,42.206522920141325,0.675844528936615,0.06666666666666667,0.16333333333333333,0.07,0.0,0.0,0.023333333333333334,perception_aware
backhaul,greedy_twin,naive,phi,radioml,10,300,0.9560742717669019,0.9139149557328092,0.21,0.25666666666666665,1,0.0,0.0,26.82,39.56708127342428,0.6994076051002349,0.06666666666666667,0.13,0.08333333333333333,0.0033333333333333335,0.0,0.02666666666666667,perception_aware
backhaul,greedy_twin,naive,phi,radioml,11,300,0.9568408763292245,0.9139532497059614,0.21,0.22333333333333333,1,0.0,0.0,26.32,40.93238682513053,0.7335075429958913,0.08333333333333333,0.09,0.07666666666666666,0.0,0.0,0.013333333333333334,perception_aware
backhaul,greedy_twin,naive,phi,radioml,12,300,0.9526639167776185,0.9139352221402257,0.22,0.25666666666666665,1,0.0,0.0,26.87,42.700927169175316,0.6959972501109518,0.07666666666666666,0.12666666666666668,0.07666666666666666,0.0,0.0,0.043333333333333335,perception_aware
backhaul,greedy_twin,naive,phi,radioml,13,300,0.9579227109639267,0.9137547261585753,0.22666666666666666,0.28,1,0.0,0.0,26.546666666666667,42.631766960275314,0.6779227109639265,0.08,0.14333333333333334,0.07,0.0,0.0,0.023333333333333334,perception_aware
backhaul,greedy_twin,naive,phi,radioml,14,300,0.9557282507196506,0.9139678484918377,0.22666666666666666,0.2866666666666667,1,0.0,0.0,26.766666666666666,44.129313925864516,0.669061584052984,0.06,0.16333333333333333,0.10666666666666667,0.0,0.0,0.013333333333333334,perception_aware
backhaul,greedy_twin,naive,phi,radioml,15,300,0.9610761668998744,0.9139683901328608,0.22333333333333333,0.2633333333333333,1,0.0,0.0,26.366666666666667,40.896168877293185,0.697742833566541,0.09666666666666666,0.11,0.08,0.0,0.0,0.016666666666666666,perception_aware
backhaul,greedy_twin,naive,phi,radioml,16,300,0.956349713035582,0.9139512591683691,0.23,0.27666666666666667,1,0.0,0.0,26.733333333333334,39.33299562822703,0.6796830463689156,0.08,0.13666666666666666,0.07333333333333333,0.0,0.0,0.02,perception_aware
backhaul,greedy_twin,naive,phi,radioml,17,300,0.9558965572238947,0.9135376967942391,0.2633333333333333,0.30333333333333334,1,0.0,0.0,26.723333333333333,43.10802320080867,0.6525632238905613,0.08666666666666667,0.14,0.1,0.0,0.0,0.03,perception_aware
backhaul,greedy_twin,naive,phi,radioml,18,300,0.9555051934709489,0.9139631684286025,0.24,0.29,1,0.0,0.0,26.93,44.90216439792422,0.6655051934709488,0.08666666666666667,0.15,0.1,0.0,0.0,0.023333333333333334,perception_aware
backhaul,greedy_twin,naive,phi,radioml,19,300,0.9578868933923865,0.9139377973512651,0.25666666666666665,0.29,1,0.0,0.0,26.68,49.49404028385545,0.6678868933923867,0.07,0.15666666666666668,0.10666666666666667,0.0,0.0,0.016666666666666666,perception_aware
backhaul,greedy_twin,naive,phi,radioml,20,300,0.9585065946230822,0.9139637994156096,0.25666666666666665,0.29333333333333333,1,0.0,0.0,26.68,46.32061313058794,0.6651732612897487,0.09333333333333334,0.13666666666666666,0.09333333333333334,0.0,0.0,0.023333333333333334,perception_aware
backhaul,greedy_twin,naive,phi,radioml,21,300,0.9524682580599466,0.9130769389497033,0.25333333333333335,0.29333333333333333,1,0.0,0.0,26.613333333333333,41.15647934653633,0.6591349247266133,0.10333333333333333,0.13666666666666666,0.10666666666666667,0.0,0.0,0.013333333333333334,perception_aware
backhaul,greedy_twin,naive,phi,radioml,22,300,0.9613114020590088,0.9139512735387998,0.25333333333333335,0.30333333333333334,1,0.0,0.0,26.59,47.743459536118586,0.6579780687256754,0.09,0.16666666666666666,0.09,0.0,0.0,0.0,perception_aware
backhaul,greedy_twin,naive,phi,radioml,23,300,0.9573203739879168,0.9127604776588978,0.28,0.32666666666666666,1,0.0,0.0,26.92,38.59921862933462,0.6306537073212501,0.09,0.15,0.12,0.0,0.0,0.07666666666666666,perception_aware
backhaul,greedy_twin,naive,phi,radioml,24,300,0.9586066587218833,0.9139798789336772,0.24666666666666667,0.3,1,0.0,0.0,26.73,47.8493534200872,0.6586066587218834,0.09,0.13666666666666666,0.1,0.0,0.0,0.016666666666666666,perception_aware
backhaul,greedy_twin,naive,phi,radioml,25,300,0.9599588210159644,0.9139767270568373,0.21333333333333335,0.27666666666666667,1,0.0,0.0,26.613333333333333,49.6475046314228,0.6832921543492979,0.07,0.14333333333333334,0.08,0.0,0.0,0.013333333333333334,perception_aware
backhaul,greedy_twin,naive,phi,radioml,26,300,0.9545412950269122,0.9139738693090892,0.21333333333333335,0.2633333333333333,1,0.0,0.0,26.85333333333333,44.72147825047991,0.6912079616935788,0.07,0.14333333333333334,0.07666666666666666,0.0,0.0,0.0,perception_aware
backhaul,greedy_twin,naive,phi,radioml,27,300,0.9594777980358883,0.913500112569087,0.2866666666666667,0.31333333333333335,1,0.0,0.0,26.626666666666665,42.768189309828635,0.6461444647025549,0.12,0.13,0.11666666666666667,0.0,0.0,0.02,perception_aware
backhaul,greedy_twin,naive,phi,radioml,28,300,0.9548749099858469,0.9139553081042944,0.22333333333333333,0.26,1,0.0,0.0,26.616666666666667,44.067418841979745,0.6948749099858469,0.09333333333333334,0.11,0.09,0.0,0.0,0.03333333333333333,perception_aware
backhaul,greedy_twin,naive,phi,radioml,29,300,0.9579805840507246,0.9139750304033206,0.24666666666666667,0.30333333333333334,1,0.0,0.0,26.58,39.65823293976016,0.6546472507173914,0.1,0.14666666666666667,0.08333333333333333,0.0,0.0,0.023333333333333334,perception_aware
backhaul,shield_filter,naive,phi,radioml,0,300,0.9466112961137947,0.9138843529372707,0.0,0.11333333333333333,1,0.006666666666666667,0.0,25.736666666666668,36.33325389997553,0.8332779627804612,0.0,0.11333333333333333,0.0,0.0,0.0,0.0,perception_aware
backhaul,shield_filter,naive,phi,radioml,1,300,0.9454900271897398,0.9139494019455695,0.0,0.03666666666666667,1,0.02,0.0,25.69333333333333,39.4603943114844,0.9088233605230732,0.0,0.03666666666666667,0.0,0.0,0.0,0.0,perception_aware
backhaul,shield_filter,naive,phi,radioml,2,300,0.948273787706518,0.9139559664287756,0.0,0.07666666666666666,1,0.006666666666666667,0.0,25.74,40.616167809312564,0.8716071210398514,0.0,0.07666666666666666,0.0,0.0,0.0,0.0,perception_aware
backhaul,shield_filter,naive,phi,radioml,3,300,0.9501410755162591,0.9139407098992263,0.0,0.07333333333333333,1,0.006666666666666667,0.0,25.62,39.581221478649184,0.8768077421829258,0.0,0.07333333333333333,0.0,0.0,0.0,0.0,perception_aware
backhaul,shield_filter,naive,phi,radioml,4,300,0.9532824519217195,0.9139412028549425,0.0,0.056666666666666664,1,0.0,0.0,25.82,40.48172238651032,0.8966157852550528,0.0,0.056666666666666664,0.0,0.0,0.0,0.0,perception_aware
backhaul,shield_filter,naive,phi,radioml,5,300,0.9473811548797759,0.8960792062029864,0.0,0.043333333333333335,1,0.006666666666666667,0.0,25.823333333333334,39.71902113489638,0.9040478215464426,0.0,0.043333333333333335,0.0,0.0,0.0,0.0,perception_aware
backhaul,shield_filter,naive,phi,radioml,6,300,0.9468437667561564,0.913214993077125,0.0,0.056666666666666664,1,0.01,0.0,25.713333333333335,42.61255399126303,0.8901771000894898,0.0,0.056666666666666664,0.0,0.0,0.0,0.0,perception_aware
backhaul,shield_filter,naive,phi,radioml,7,300,0.9441299653052806,0.7791960183024181,0.0,0.03666666666666667,1,0.01,0.0,25.60333333333333,41.51350878851747,0.907463298638614,0.0,0.03666666666666667,0.0,0.0,0.0,0.0,perception_aware
backhaul,shield_filter,naive,phi,radioml,8,300,0.9471431568074733,0.8951242336441001,0.0,0.043333333333333335,1,0.0033333333333333335,0.0,25.71,39.72540672843702,0.9038098234741397,0.0,0.043333333333333335,0.0,0.0,0.0,0.0,perception_aware
backhaul,shield_filter,naive,phi,radioml,9,300,0.9474262150728486,0.9138551467083275,0.0,0.06,1,0.016666666666666666,0.0,25.44333333333333,38.49632614067287,0.8874262150728487,0.0,0.06,0.0,0.0,0.0,0.0,perception_aware
backhaul,shield_filter,naive,phi,radioml,10,300,0.9500663729951199,0.9133528014436568,0.0,0.03666666666666667,1,0.006666666666666667,0.0,25.683333333333334,37.73892421118887,0.9133997063284534,0.0,0.03666666666666667,0.0,0.0,0.0,0.0,perception_aware
backhaul,shield_filter,naive,phi,radioml,11,300,0.9492124452378884,0.9135075123222416,0.0,0.013333333333333334,1,0.0033333333333333335,0.0,25.47,40.0419845448488,0.9358791119045551,0.0,0.013333333333333334,0.0,0.0,0.0,0.0,perception_aware
backhaul,shield_filter,naive,phi,radioml,12,300,0.9448177378910032,0.9139430824298218,0.0,0.043333333333333335,1,0.006666666666666667,0.0,25.96,41.035340948667475,0.9014844045576699,0.0,0.043333333333333335,0.0,0.0,0.0,0.0,perception_aware
backhaul,shield_filter,naive,phi,radioml,13,300,0.947003886161573,0.9127988346302159,0.0,0.06666666666666667,1,0.006666666666666667,0.0,25.66,40.8677938612615,0.8803372194949064,0.0,0.06666666666666667,0.0,0.0,0.0,0.0,perception_aware
backhaul,shield_filter,naive,phi,radioml,14,300,0.95337807871499,0.9139641896421972,0.0,0.056666666666666664,1,0.0,0.0,25.773333333333333,39.29987036790334,0.8967114120483234,0.0,0.056666666666666664,0.0,0.0,0.0,0.0,perception_aware
backhaul,shield_filter,naive,phi,radioml,15,300,0.9538206629207013,0.9139611771981199,0.0,0.05333333333333334,1,0.0033333333333333335,0.0,25.713333333333335,38.195358796909616,0.900487329587368,0.0,0.05333333333333334,0.0,0.0,0.0,0.0,perception_aware
backhaul,shield_filter,naive,phi,radioml,16,300,0.9472035988718541,0.9123491071026762,0.0,0.06666666666666667,1,0.01,0.0,25.736666666666668,39.40432583049038,0.8805369322051875,0.0,0.06666666666666667,0.0,0.0,0.0,0.0,perception_aware
backhaul,shield_filter,naive,phi,radioml,17,300,0.9503996735911896,0.913964136442282,0.0,0.043333333333333335,1,0.0033333333333333335,0.0,25.876666666666665,37.60128856915434,0.9070663402578563,0.0,0.043333333333333335,0.0,0.0,0.0,0.0,perception_aware
backhaul,shield_filter,naive,phi,radioml,18,300,0.9489951351214347,0.9139574487831253,0.0,0.04666666666666667,3,0.006666666666666667,0.0,25.69333333333333,42.14996041576286,0.902328468454768,0.0,0.04666666666666667,0.0,0.0,0.0,0.0,perception_aware
backhaul,shield_filter,naive,phi,radioml,19,300,0.945672034412958,0.8958606067178257,0.0,0.06,1,0.01,0.0,25.616666666666667,41.566555134827595,0.8856720344129579,0.0,0.06,0.0,0.0,0.0,0.0,perception_aware
backhaul,shield_filter,naive,phi,radioml,20,300,0.9472943330779363,0.9096973530872167,0.0,0.043333333333333335,1,0.01,0.0,25.51,41.394322904836116,0.903960999744603,0.0,0.043333333333333335,0.0,0.0,0.0,0.0,perception_aware
backhaul,shield_filter,naive,phi,radioml,21,300,0.9457106700921774,0.9135338285557096,0.0,0.06666666666666667,2,0.0033333333333333335,0.0,25.94,40.64244497672264,0.8790440034255107,0.0,0.06666666666666667,0.0,0.0,0.0,0.0,perception_aware
backhaul,shield_filter,naive,phi,radioml,22,300,0.949243161687177,0.9108787140341331,0.0,0.08333333333333333,1,0.006666666666666667,0.0,25.546666666666667,43.65805287664336,0.8659098283538437,0.0,0.08333333333333333,0.0,0.0,0.0,0.0,perception_aware
backhaul,shield_filter,naive,phi,radioml,23,300,0.9432136119466012,0.8960697856899159,0.0,0.03,1,0.016666666666666666,0.0,25.586666666666666,40.22775575892577,0.9132136119466012,0.0,0.03,0.0,0.0,0.0,0.0,perception_aware
backhaul,shield_filter,naive,phi,radioml,24,300,0.9518422049805034,0.9139613274319333,0.0,0.06,1,0.0033333333333333335,0.0,25.82,40.59428478266077,0.8918422049805035,0.0,0.06,0.0,0.0,0.0,0.0,perception_aware
backhaul,shield_filter,naive,phi,radioml,25,300,0.949162419609509,0.908162270423912,0.0,0.07333333333333333,1,0.006666666666666667,0.0,25.726666666666667,36.353517898392106,0.8758290862761756,0.0,0.07333333333333333,0.0,0.0,0.0,0.0,perception_aware
backhaul,shield_filter,naive,phi,radioml,26,300,0.9498701447556277,0.9139689587827071,0.0,0.07333333333333333,1,0.006666666666666667,0.0,26.07,40.038276917569696,0.8765368114222944,0.0,0.07333333333333333,0.0,0.0,0.0,0.0,perception_aware
backhaul,shield_filter,naive,phi,radioml,27,300,0.9505425460619913,0.8967115736385398,0.0,0.04,1,0.006666666666666667,0.0,25.613333333333333,41.8560088006957,0.9105425460619914,0.0,0.04,0.0,0.0,0.0,0.0,perception_aware
backhaul,shield_filter,naive,phi,radioml,28,300,0.9486599287134027,0.9139528426699773,0.0,0.02666666666666667,1,0.006666666666666667,0.0,25.776666666666667,40.68757100808302,0.921993262046736,0.0,0.02666666666666667,0.0,0.0,0.0,0.0,perception_aware
backhaul,shield_filter,naive,phi,radioml,29,300,0.9518659123465375,0.9139717194341297,0.0,0.056666666666666664,1,0.0,0.0,25.683333333333334,39.448927302611935,0.8951992456798709,0.0,0.056666666666666664,0.0,0.0,0.0,0.0,perception_aware
backhaul,shield_repair,naive,phi,radioml,0,300,0.9586022175280378,0.9139616774358239,0.0,0.13333333333333333,1,0.0,0.39066666666666666,25.75,39.148909686996255,0.8252688841947046,0.0,0.13333333333333333,0.0,0.0,0.0,0.0,perception_aware
backhaul,shield_repair,naive,phi,radioml,1,300,0.9585958935979907,0.8960798632382777,0.0,0.05333333333333334,1,0.0,0.4126666666666667,25.906666666666666,37.538589514418774,0.9052625602646571,0.0,0.05333333333333334,0.0,0.0,0.0,0.0,perception_aware
backhaul,shield_repair,naive,phi,radioml,2,300,0.9563890380872897,0.8960799623070069,0.0,0.09333333333333334,1,0.0,0.41333333333333333,25.873333333333335,43.436739347700886,0.8630557047539563,0.0,0.09333333333333334,0.0,0.0,0.0,0.0,perception_aware
backhaul,shield_repair,naive,phi,radioml,3,300,0.9563437793632283,0.9139391285613192,0.0,0.09,1,0.0,0.396,25.88,39.61756120894805,0.8663437793632284,0.0,0.09,0.0,0.0,0.0,0.0,perception_aware
backhaul,shield_repair,naive,phi,radioml,4,300,0.9570207238565448,0.910747864059676,0.0,0.07333333333333333,1,0.0,0.4166666666666667,26.053333333333335,41.25454998581056,0.8836873905232113,0.0,0.07333333333333333,0.0,0.0,0.0,0.0,perception_aware
backhaul,shield_repair,naive,phi,radioml,5,300,0.9561596264808411,0.9135278564925859,0.0,0.07,1,0.0,0.3933333333333333,25.656666666666666,43.539279047326886,0.886159626480841,0.0,0.07,0.0,0.0,0.0,0.0,perception_aware
backhaul,shield_repair,naive,phi,radioml,6,300,0.9561904825986077,0.9072190749087602,0.0,0.07333333333333333,1,0.0,0.394,26.086666666666666,43.57745723584043,0.8828571492652744,0.0,0.07333333333333333,0.0,0.0,0.0,0.0,perception_aware
backhaul,shield_repair,naive,phi,radioml,7,300,0.9584074483721315,0.8960796630872903,0.0,0.04666666666666667,1,0.0,0.4073333333333333,25.71,42.861864840445264,0.9117407817054648,0.0,0.04666666666666667,0.0,0.0,0.0,0.0,perception_aware
backhaul,shield_repair,naive,phi,radioml,8,300,0.9561188633869561,0.91391334267676,0.0,0.056666666666666664,1,0.0,0.4053333333333333,25.876666666666665,41.08036337526748,0.8994521967202894,0.0,0.056666666666666664,0.0,0.0,0.0,0.0,perception_aware
backhaul,shield_repair,naive,phi,radioml,9,300,0.9586500986029262,0.8960799798715434,0.0,0.1,2,0.0,0.37466666666666665,25.73,38.53838964321232,0.858650098602926,0.0,0.1,0.0,0.0,0.0,0.0,perception_aware
backhaul,shield_repair,naive,phi,radioml,10,300,0.9567627185271772,0.9133528014436568,0.0,0.04,1,0.0,0.38866666666666666,26.21,38.962143148462296,0.916762718527177,0.0,0.04,0.0,0.0,0.0,0.0,perception_aware
backhaul,shield_repair,naive,phi,radioml,11,300,0.9582358260290444,0.9129807421487477,0.0,0.013333333333333334,1,0.0,0.41,25.593333333333334,39.410714231002125,0.9449024926957111,0.0,0.013333333333333334,0.0,0.0,0.0,0.0,perception_aware
backhaul,shield_repair,naive,phi,radioml,12,300,0.9533418781951042,0.9135609216016302,0.0,0.056666666666666664,1,0.0,0.37666666666666665,26.013333333333332,39.94007855649298,0.8966752115284375,0.0,0.056666666666666664,0.0,0.0,0.0,0.0,perception_aware
backhaul,shield_repair,naive,phi,radioml,13,300,0.9583418224539749,0.9129079638171657,0.0,0.08666666666666667,1,0.0,0.398,25.89666666666667,40.96057660520369,0.8716751557873083,0.0,0.08666666666666667,0.0,0.0,0.0,0.0,perception_aware
backhaul,shield_repair,naive,phi,radioml,14,300,0.956505662662361,0.9139431651657652,0.0,0.08,1,0.0,0.4126666666666667,25.993333333333332,41.4265816351268,0.8765056626623611,0.0,0.08,0.0,0.0,0.0,0.0,perception_aware
backhaul,shield_repair,naive,phi,radioml,15,300,0.9609404917264144,0.9139475997689858,0.0,0.06333333333333334,1,0.0,0.392,25.64,37.757081344098836,0.8976071583930811,0.0,0.06333333333333334,0.0,0.0,0.0,0.0,perception_aware
backhaul,shield_repair,naive,phi,radioml,16,300,0.9559356728222635,0.910611030010917,0.0,0.07,1,0.0,0.39466666666666667,26.006666666666668,38.88008285570653,0.8859356728222635,0.0,0.07,0.0,0.0,0.0,0.0,perception_aware
backhaul,shield_repair,naive,phi,radioml,17,300,0.95595323978763,0.913826234917407,0.0,0.06666666666666667,1,0.0,0.39066666666666666,26.10333333333333,39.3698649189345,0.8892865731209634,0.0,0.06666666666666667,0.0,0.0,0.0,0.0,perception_aware
backhaul,shield_repair,naive,phi,radioml,18,300,0.9554092342847844,0.9136024043313689,0.0,0.06333333333333334,1,0.0,0.4146666666666667,25.996666666666666,40.24937092245382,0.8920759009514511,0.0,0.06333333333333334,0.0,0.0,0.0,0.0,perception_aware
backhaul,shield_repair,naive,phi,radioml,19,300,0.9586364288398761,0.9139377973512651,0.0,0.056666666666666664,1,0.0,0.4066666666666667,25.83,45.91539400165379,0.9019697621732095,0.0,0.056666666666666664,0.0,0.0,0.0,0.0,perception_aware
backhaul,shield_repair,naive,phi,radioml,20,300,0.9588708263687656,0.9139393456914562,0.0,0.06333333333333334,1,0.0,0.3993333333333333,25.78,42.57665726987363,0.8955374930354323,0.0,0.06333333333333334,0.0,0.0,0.0,0.0,perception_aware
backhaul,shield_repair,naive,phi,radioml,21,300,0.9526690735290467,0.896066917322057,0.0,0.07666666666666666,1,0.0,0.3953333333333333,25.973333333333333,40.97305099075422,0.8760024068623801,0.0,0.07666666666666666,0.0,0.0,0.0,0.0,perception_aware
backhaul,shield_repair,naive,phi,radioml,22,300,0.9605386069433742,0.9100525315463349,0.0,0.10666666666666667,1,0.0,0.402,25.846666666666668,42.68929091500569,0.8538719402767075,0.0,0.10666666666666667,0.0,0.0,0.0,0.0,perception_aware
backhaul,shield_repair,naive,phi,radioml,23,300,0.9576776858124805,0.8960798667171036,0.0,0.07,1,0.0,0.408,25.85333333333333,40.20440347927608,0.8876776858124803,0.0,0.07,0.0,0.0,0.0,0.0,perception_aware
backhaul,shield_repair,naive,phi,radioml,24,300,0.9583926184920379,0.9139586229708078,0.0,0.06666666666666667,1,0.0,0.39066666666666666,26.106666666666666,40.247665466228106,0.8917259518253712,0.0,0.06666666666666667,0.0,0.0,0.0,0.0,perception_aware
backhaul,shield_repair,naive,phi,radioml,25,300,0.9605776918076735,0.9139655246444975,0.0,0.08666666666666667,1,0.0,0.4033333333333333,25.95,42.41280131096845,0.8739110251410068,0.0,0.08666666666666667,0.0,0.0,0.0,0.0,perception_aware
backhaul,shield_repair,naive,phi,radioml,26,300,0.9552961224278166,0.9044956562751304,0.0,0.07666666666666666,1,0.0,0.3953333333333333,26.063333333333333,40.05303064334451,0.8786294557611499,0.0,0.07666666666666666,0.0,0.0,0.0,0.0,perception_aware
backhaul,shield_repair,naive,phi,radioml,27,300,0.959068418694604,0.9078862655161967,0.0,0.05,1,0.0,0.4126666666666667,25.63,41.76110985042408,0.909068418694604,0.0,0.05,0.0,0.0,0.0,0.0,perception_aware
backhaul,shield_repair,naive,phi,radioml,28,300,0.955210299895355,0.9137256623460585,0.0,0.04666666666666667,1,0.0,0.3993333333333333,26.016666666666666,44.87871335547985,0.9085436332286884,0.0,0.04666666666666667,0.0,0.0,0.0,0.0,perception_aware
backhaul,shield_repair,naive,phi,radioml,29,300,0.9576208415247252,0.9131903665268599,0.0,0.056666666666666664,1,0.0,0.39,25.9,39.788338515566466,0.9009541748580585,0.0,0.056666666666666664,0.0,0.0,0.0,0.0,perception_aware
compromised_xapp,greedy_twin,naive,phi,radioml,0,300,0.990758350419084,0.9739999997290648,0.3933333333333333,0.49333333333333335,1,0.0,0.0,27.83,44.63449761679281,0.49742501708575076,0.13333333333333333,0.19333333333333333,0.14,0.0,0.0,0.19666666666666666,perception_aware
compromised_xapp,greedy_twin,naive,phi,radioml,1,300,0.9913522604448254,0.9739999250235364,0.37,0.43333333333333335,1,0.0,0.0,27.576666666666668,42.62544551876026,0.558018927111492,0.13666666666666666,0.16,0.14,0.0,0.0,0.1,perception_aware
compromised_xapp,greedy_twin,naive,phi,radioml,2,300,0.9917375252860029,0.9784983013979625,0.39666666666666667,0.46,1,0.0,0.0,27.623333333333335,46.85562098862648,0.5317375252860029,0.12666666666666668,0.18666666666666668,0.16333333333333333,0.0,0.0,0.09333333333333334,perception_aware
compromised_xapp,greedy_twin,naive,phi,radioml,3,300,0.9913929101797074,0.9739999999986085,0.38666666666666666,0.44666666666666666,1,0.0,0.0,27.526666666666667,38.51685527126413,0.5447262435130406,0.14333333333333334,0.16333333333333333,0.15,0.0,0.0,0.1,perception_aware
compromised_xapp,greedy_twin,naive,phi,radioml,4,300,0.9909704610278015,0.9739957718916171,0.4266666666666667,0.5333333333333333,1,0.0,0.0,27.923333333333332,40.32506961179089,0.4576371276944683,0.14666666666666667,0.23,0.14333333333333334,0.0,0.0,0.21333333333333335,perception_aware
compromised_xapp,greedy_twin,naive,phi,radioml,5,300,0.9910526112061393,0.9739999998924167,0.41333333333333333,0.52,1,0.0,0.0,28.07,44.706597623606086,0.4710526112061394,0.13666666666666666,0.19666666666666666,0.12,0.0,0.0,0.2633333333333333,perception_aware
compromised_xapp,greedy_twin,naive,phi,radioml,6,300,0.9917957645580427,0.9739999971780344,0.4266666666666667,0.52,1,0.0,0.0,28.206666666666667,51.06555383263821,0.4717957645580428,0.13666666666666666,0.22666666666666666,0.15666666666666668,0.0,0.0,0.19333333333333333,perception_aware
compromised_xapp,greedy_twin,naive,phi,radioml,7,300,0.9918397618473868,0.973999999827204,0.4266666666666667,0.5266666666666666,1,0.0,0.0,27.986666666666668,40.63874008704824,0.4651730951807203,0.16333333333333333,0.2,0.16666666666666666,0.0,0.0,0.18,perception_aware
compromised_xapp,greedy_twin,naive,phi,radioml,8,300,0.9903433887590118,0.9739973374836831,0.43,0.52,1,0.0,0.0,27.75,42.12752517707231,0.47034338875901177,0.16666666666666666,0.20666666666666667,0.18,0.0,0.0,0.13666666666666666,perception_aware
compromised_xapp,greedy_twin,naive,phi,radioml,9,300,0.9914992568062357,0.9739999958538121,0.44666666666666666,0.5533333333333333,1,0.0,0.0,28.076666666666668,43.297209297766365,0.43816592347290245,0.15,0.24,0.18333333333333332,0.0,0.0,0.20333333333333334,perception_aware
compromised_xapp,greedy_twin,naive,phi,radioml,10,300,0.9917694115926853,0.973999999980623,0.44666666666666666,0.5733333333333334,1,0.0,0.0,28.33,45.034369667690946,0.418436078259352,0.12333333333333334,0.22666666666666666,0.15666666666666668,0.0,0.0,0.2833333333333333,perception_aware
compromised_xapp,greedy_twin,naive,phi,radioml,11,300,0.9919693355437015,0.9854744330211146,0.4,0.5433333333333333,1,0.0,0.0,27.846666666666668,40.313714306932276,0.448636002210368,0.13666666666666666,0.18666666666666668,0.13666666666666666,0.0,0.0,0.24666666666666667,perception_aware
compromised_xapp,greedy_twin,naive,phi,radioml,12,300,0.9916809849134601,0.9739999998317461,0.41,0.49666666666666665,1,0.0,0.0,27.826666666666668,42.548496274687615,0.4950143182467934,0.15,0.20666666666666667,0.15666666666666668,0.0,0.0,0.12333333333333334,perception_aware
compromised_xapp,greedy_twin,naive,phi,radioml,13,300,0.9902400452749839,0.9739986896234104,0.38666666666666666,0.43,1,0.0,0.0,27.27,39.81052438978997,0.5602400452749839,0.14666666666666667,0.15,0.18333333333333332,0.0,0.0,0.08333333333333333,perception_aware
compromised_xapp,greedy_twin,naive,phi,radioml,14,300,0.9912302751139956,0.973999999990881,0.38,0.4766666666666667,1,0.0,0.0,27.523333333333333,39.1660173327285,0.514563608447329,0.16,0.21666666666666667,0.13666666666666666,0.0,0.0,0.09333333333333334,perception_aware
compromised_xapp,greedy_twin,naive,phi,radioml,15,300,0.9898298493515366,0.9737860715607918,0.37666666666666665,0.44,1,0.0,0.0,27.373333333333335,44.16852537599829,0.5498298493515364,0.17,0.15666666666666668,0.15333333333333332,0.0,0.0,0.07333333333333333,perception_aware
compromised_xapp,greedy_twin,naive,phi,radioml,16,300,0.9912685883546635,0.9811729078292495,0.37,0.46,1,0.0,0.0,27.636666666666667,40.82030906315041,0.5312685883546635,0.10666666666666667,0.19,0.14,0.0,0.0,0.11333333333333333,perception_aware
compromised_xapp,greedy_twin,naive,phi,radioml,17,300,0.9913753358502758,0.9782232018803361,0.39666666666666667,0.52,1,0.0,0.0,27.883333333333333,44.343547858179285,0.4713753358502758,0.09333333333333334,0.20333333333333334,0.18333333333333332,0.0,0.0,0.17666666666666667,perception_aware
compromised_xapp,greedy_twin,naive,phi,radioml,18,300,0.9903994674354285,0.9739940147075727,0.42,0.4866666666666667,1,0.0,0.0,27.833333333333332,39.44720651886562,0.5037328007687618,0.15,0.19,0.16,0.0,0.0,0.11666666666666667,perception_aware
compromised_xapp,greedy_twin,naive,phi,radioml,19,300,0.9909881061138022,0.973999984023047,0.39,0.5033333333333333,1,0.0,0.0,27.85,40.077506114827635,0.48765477278046887,0.10333333333333333,0.2,0.15333333333333332,0.0,0.0,0.16666666666666666,perception_aware
compromised_xapp,greedy_twin,naive,phi,radioml,20,300,0.9911738489961397,0.973999966954655,0.42333333333333334,0.4866666666666667,1,0.0,0.0,27.726666666666667,42.72256464435607,0.504507182329473,0.16,0.19,0.16666666666666666,0.0,0.0,0.12666666666666668,perception_aware
compromised_xapp,greedy_twin,naive,phi,radioml,21,300,0.9918347609055326,0.9763487438120508,0.42,0.4866666666666667,1,0.0,0.0,27.606666666666666,49.958523177284924,0.5051680942388657,0.18333333333333332,0.19333333333333333,0.15333333333333332,0.0,0.0,0.12333333333333334,perception_aware
compromised_xapp,greedy_twin,naive,phi,radioml,22,300,0.9914406487872609,0.9739999943696817,0.42,0.48333333333333334,1,0.0,0.0,27.62,45.515049848038934,0.5081073154539278,0.16666666666666666,0.16333333333333333,0.17666666666666667,0.0,0.0,0.12333333333333334,perception_aware
compromised_xapp,greedy_twin,naive,phi,radioml,23,300,0.9910370143407359,0.9739999979612848,0.43666666666666665,0.5733333333333334,1,0.0,0.0,28.313333333333333,39.63874122088511,0.4177036810074027,0.17666666666666667,0.23333333333333334,0.13333333333333333,0.0,0.0,0.31,perception_aware
compromised_xapp,greedy_twin,naive,phi,radioml,24,300,0.9912827609181177,0.9739999975794518,0.45,0.5,1,0.0,0.0,27.643333333333334,38.905171819460506,0.49128276091811773,0.19,0.17666666666666667,0.15666666666666668,0.0,0.0,0.14333333333333334,perception_aware
compromised_xapp,greedy_twin,naive,phi,radioml,25,300,0.9922224005653368,0.9816172935663409,0.4,0.5133333333333333,1,0.0,0.0,28.246666666666666,43.947061539100716,0.47888906723200336,0.13,0.23333333333333334,0.13,0.0,0.0,0.26,perception_aware
compromised_xapp,greedy_twin,naive,phi,radioml,26,300,0.9916112263826896,0.973999999610283,0.3933333333333333,0.4766666666666667,1,0.0,0.0,28.066666666666666,44.64215999091028,0.5149445597160229,0.12333333333333334,0.21333333333333335,0.14,0.0,0.0,0.19333333333333333,perception_aware
compromised_xapp,greedy_twin,naive,phi,radioml,27,300,0.9919416964371071,0.9839535469975278,0.41,0.48333333333333334,1,0.0,0.0,27.66,44.6946803126912,0.5086083631037736,0.18,0.21333333333333335,0.14333333333333334,0.0,0.0,0.11333333333333333,perception_aware
compromised_xapp,greedy_twin,naive,phi,radioml,28,300,0.9915235370177953,0.9739999655331253,0.42333333333333334,0.51,1,0.0,0.0,27.886666666666667,42.83817724350787,0.4815235370177953,0.14666666666666667,0.23,0.18,0.0,0.0,0.15666666666666668,perception_aware
compromised_xapp,greedy_twin,naive,phi,radioml,29,300,0.9921499711191639,0.9830540426227482,0.44666666666666666,0.5033333333333333,1,0.0,0.0,27.773333333333333,37.73371978043189,0.4888166377858307,0.15,0.18,0.17,0.0,0.0,0.16333333333333333,perception_aware
compromised_xapp,shield_filter,naive,phi,radioml,0,300,0.9608802903120337,0.7791999782965592,0.0,0.043333333333333335,1,0.016666666666666666,0.0,26.293333333333333,38.5701422581094,0.9175469569787004,0.0,0.03,0.013333333333333334,0.0,0.0,0.0,perception_aware
compromised_xapp,shield_filter,naive,phi,radioml,1,300,0.9609649629743895,0.7791996521381459,0.0,0.06333333333333334,1,0.023333333333333334,0.0,26.176666666666666,40.78583375537695,0.8976316296410561,0.0,0.03666666666666667,0.02666666666666667,0.0,0.0,0.0,perception_aware
compromised_xapp,shield_filter,naive,phi,radioml,2,300,0.9749749598596842,0.9390680007421562,0.0,0.08666666666666667,1,0.006666666666666667,0.0,26.42,41.1097154784721,0.8883082931930175,0.0,0.07333333333333333,0.013333333333333334,0.0,0.0,0.0,perception_aware
compromised_xapp,shield_filter,naive,phi,radioml,3,300,0.9443880888451542,0.7661918251107289,0.0,0.1,1,0.04,0.0,26.136666666666667,39.04372057321652,0.8443880888451543,0.0,0.07666666666666666,0.023333333333333334,0.0,0.0,0.0,perception_aware
compromised_xapp,shield_filter,naive,phi,radioml,4,300,0.9547239848385406,0.7791998583628233,0.0,0.10666666666666667,1,0.02666666666666667,0.0,26.363333333333333,40.55305732436531,0.8480573181718739,0.0,0.09,0.02,0.0,0.0,0.0,perception_aware
compromised_xapp,shield_filter,naive,phi,radioml,5,300,0.9549268157800441,0.7791991079384666,0.0,0.043333333333333335,1,0.02666666666666667,0.0,26.333333333333332,41.224778615534944,0.9115934824467108,0.0,0.02666666666666667,0.02,0.0,0.0,0.0,perception_aware
compromised_xapp,shield_filter,naive,phi,radioml,6,300,0.9706909606767492,0.7791999268618884,0.0,0.08,1,0.01,0.0,26.413333333333334,41.91294550730419,0.8906909606767491,0.0,0.06,0.02,0.0,0.0,0.0,perception_aware
compromised_xapp,shield_filter,naive,phi,radioml,7,300,0.9663572247290582,0.779199976414216,0.0,0.09,1,0.013333333333333334,0.0,26.476666666666667,39.798237851979756,0.8763572247290582,0.0,0.06,0.03,0.0,0.0,0.0,perception_aware
compromised_xapp,shield_filter,naive,phi,radioml,8,300,0.9720647555867277,0.7791999504620581,0.0,0.10333333333333333,1,0.0033333333333333335,0.0,26.446666666666665,39.86962553705957,0.8687314222533943,0.0,0.09333333333333334,0.01,0.0,0.0,0.0,perception_aware
compromised_xapp,shield_filter,naive,phi,radioml,9,300,0.9403175687765036,0.516222268945728,0.0,0.08666666666666667,1,0.04,0.0,25.99,39.98064071178908,0.853650902109837,0.0,0.06333333333333334,0.023333333333333334,0.0,0.0,0.0,perception_aware
compromised_xapp,shield_filter,naive,phi,radioml,10,300,0.9670933499506728,0.7791999555593098,0.0,0.023333333333333334,1,0.013333333333333334,0.0,26.403333333333332,42.32741393317256,0.9437600166173393,0.0,0.02,0.0033333333333333335,0.0,0.0,0.0,perception_aware
compromised_xapp,shield_filter,naive,phi,radioml,11,300,0.9423117760635182,0.645866861343921,0.0,0.05333333333333334,1,0.04,0.0,26.05666666666667,40.44686032445839,0.8889784427301849,0.0,0.03666666666666667,0.02,0.0,0.0,0.0,perception_aware
compromised_xapp,shield_filter,naive,phi,radioml,12,300,0.9520642334888461,0.7791985747658049,0.0,0.09666666666666666,1,0.023333333333333334,0.0,26.293333333333333,38.73839384122652,0.8553975668221794,0.0,0.08333333333333333,0.016666666666666666,0.0,0.0,0.0,perception_aware
compromised_xapp,shield_filter,naive,phi,radioml,13,300,0.9622134143373879,0.7791998625655818,0.0,0.06333333333333334,1,0.02,0.0,26.303333333333335,38.836927605784105,0.8988800810040546,0.0,0.06,0.0033333333333333335,0.0,0.0,0.0,perception_aware
compromised_xapp,shield_filter,naive,phi,radioml,14,300,0.9662169340248825,0.7791999432495387,0.0,0.10333333333333333,1,0.01,0.0,26.293333333333333,39.37777056123556,0.8628836006915492,0.0,0.09,0.013333333333333334,0.0,0.0,0.0,perception_aware
compromised_xapp,shield_filter,naive,phi,radioml,15,300,0.9671899143112004,0.7791999406743835,0.0,0.06666666666666667,2,0.006666666666666667,0.0,26.406666666666666,38.279043119496414,0.9005232476445337,0.0,0.05333333333333334,0.016666666666666666,0.0,0.0,0.0,perception_aware
compromised_xapp,shield_filter,naive,phi,radioml,16,300,0.9622538744407251,0.7791999366914206,0.0,0.08,1,0.023333333333333334,0.0,26.34,40.06519962845986,0.8822538744407251,0.0,0.07,0.013333333333333334,0.0,0.0,0.0,perception_aware
compromised_xapp,shield_filter,naive,phi,radioml,17,300,0.9549910418449127,0.7791997084351506,0.0,0.08666666666666667,1,0.03666666666666667,0.0,26.116666666666667,40.74613747140394,0.868324375178246,0.0,0.07,0.016666666666666666,0.0,0.0,0.0,perception_aware
compromised_xapp,shield_filter,naive,phi,radioml,18,300,0.970152791376478,0.7791998973325066,0.0,0.07,1,0.006666666666666667,0.0,26.36,39.29192338772518,0.900152791376478,0.0,0.05333333333333334,0.02,0.0,0.0,0.0,perception_aware
compromised_xapp,shield_filter,naive,phi,radioml,19,300,0.9653539210568735,0.7791999335987493,0.0,0.06666666666666667,1,0.01,0.0,26.583333333333332,39.44294150098585,0.8986872543902067,0.0,0.056666666666666664,0.01,0.0,0.0,0.0,perception_aware
compromised_xapp,shield_filter,naive,phi,radioml,20,300,0.9611937511675906,0.7791999371942087,0.0,0.07666666666666666,1,0.016666666666666666,0.0,26.243333333333332,40.539364012236845,0.884527084500924,0.0,0.06,0.02,0.0,0.0,0.0,perception_aware
compromised_xapp,shield_filter,naive,phi,radioml,21,300,0.9632579380929568,0.779198935064794,0.0,0.08666666666666667,1,0.016666666666666666,0.0,26.35,39.26525663329892,0.8765912714262903,0.0,0.07333333333333333,0.016666666666666666,0.0,0.0,0.0,perception_aware
compromised_xapp,shield_filter,naive,phi,radioml,22,300,0.9688093656281872,0.779199909752447,0.0,0.06,1,0.01,0.0,26.4,40.52131165816832,0.9088093656281873,0.0,0.03666666666666667,0.02666666666666667,0.0,0.0,0.0,perception_aware
compromised_xapp,shield_filter,naive,phi,radioml,23,300,0.9660673395454805,0.779199817047608,0.0,0.06666666666666667,1,0.01,0.0,26.456666666666667,37.62069841744778,0.8994006728788141,0.0,0.05333333333333334,0.02,0.0,0.0,0.0,perception_aware
compromised_xapp,shield_filter,naive,phi,radioml,24,300,0.9578758741860406,0.7791997429711421,0.0,0.05,1,0.02,0.0,26.166666666666668,40.39044660615265,0.9078758741860407,0.0,0.03333333333333333,0.016666666666666666,0.0,0.0,0.0,perception_aware
compromised_xapp,shield_filter,naive,phi,radioml,25,300,0.9452438145327633,0.7788782003315402,0.0,0.06,1,0.04,0.0,26.243333333333332,38.788045507607535,0.885243814532763,0.0,0.04,0.02,0.0,0.0,0.0,perception_aware
compromised_xapp,shield_filter,naive,phi,radioml,26,300,0.9620358003830964,0.779199551587923,0.0,0.07,1,0.023333333333333334,0.0,26.39666666666667,42.76678529041459,0.8920358003830965,0.0,0.05,0.02,0.0,0.0,0.0,perception_aware
compromised_xapp,shield_filter,naive,phi,radioml,27,300,0.9632131032308376,0.77919997184855,0.0,0.12,1,0.03,0.0,26.3,38.23542913099921,0.8432131032308376,0.0,0.10666666666666667,0.013333333333333334,0.0,0.0,0.0,perception_aware
compromised_xapp,shield_filter,naive,phi,radioml,28,300,0.9555964341536859,0.779197282857446,0.0,0.09,1,0.03,0.0,26.316666666666666,41.70207216387581,0.8655964341536859,0.0,0.07666666666666666,0.013333333333333334,0.0,0.0,0.0,perception_aware
compromised_xapp,shield_filter,naive,phi,radioml,29,300,0.9419922789686389,0.6002636264023211,0.0,0.03333333333333333,2,0.04,0.0,26.123333333333335,37.99143897799542,0.9086589456353056,0.0,0.023333333333333334,0.01,0.0,0.0,0.0,perception_aware
compromised_xapp,shield_repair,naive,phi,radioml,0,300,0.9909157927914397,0.9739998847278607,0.0,0.17666666666666667,1,0.0,0.47,26.833333333333332,41.248406191752146,0.8142491261247731,0.0,0.06666666666666667,0.12666666666666668,0.0,0.0,0.0,perception_aware
compromised_xapp,shield_repair,naive,phi,radioml,1,300,0.991060798592659,0.9739582591099833,0.0,0.14333333333333334,1,0.0,0.46066666666666667,26.516666666666666,39.53399241716144,0.8477274652593257,0.0,0.04,0.10333333333333333,0.0,0.0,0.0,perception_aware
compromised_xapp,shield_repair,naive,phi,radioml,2,300,0.9902232146491391,0.9739990545059191,0.0,0.18333333333333332,1,0.0,0.49,26.823333333333334,44.13038365997444,0.8068898813158057,0.0,0.10333333333333333,0.08666666666666667,0.0,0.0,0.0,perception_aware
compromised_xapp,shield_repair,naive,phi,radioml,3,300,0.991194607710493,0.9739975990393982,0.0,0.15,1,0.0,0.484,26.9,41.70703841978707,0.8411946077104929,0.0,0.07333333333333333,0.08333333333333333,0.0,0.0,0.0,perception_aware
compromised_xapp,shield_repair,naive,phi,radioml,4,300,0.9914801061553373,0.9748318421191194,0.0,0.19,1,0.0,0.47533333333333333,26.793333333333333,40.436011617719785,0.8014801061553374,0.0,0.10333333333333333,0.1,0.0,0.0,0.0,perception_aware
compromised_xapp,shield_repair,naive,phi,radioml,5,300,0.9910840670812628,0.9739999989600181,0.0,0.13,1,0.0,0.478,26.816666666666666,43.26681634546129,0.8610840670812627,0.0,0.02666666666666667,0.10333333333333333,0.0,0.0,0.0,perception_aware
compromised_xapp,shield_repair,naive,phi,radioml,6,300,0.9915893434902443,0.9739804614860734,0.0,0.19333333333333333,1,0.0,0.46,26.863333333333333,43.29006586627735,0.7982560101569111,0.0,0.08333333333333333,0.12333333333333334,0.0,0.0,0.0,perception_aware
compromised_xapp,shield_repair,naive,phi,radioml,7,300,0.9919706226042696,0.9750845083194541,0.0,0.16333333333333333,1,0.0,0.4666666666666667,26.913333333333334,39.64877545446947,0.8286372892709363,0.0,0.043333333333333335,0.12333333333333334,0.0,0.0,0.0,perception_aware
compromised_xapp,shield_repair,naive,phi,radioml,8,300,0.9907921914528168,0.9739756675093415,0.0,0.21666666666666667,1,0.0,0.464,26.886666666666667,39.20189281337173,0.77412552478615,0.0,0.12333333333333334,0.12333333333333334,0.0,0.0,0.0,perception_aware
compromised_xapp,shield_repair,naive,phi,radioml,9,300,0.9913524268750367,0.9739999274472857,0.0,0.20666666666666667,1,0.0,0.48733333333333334,26.68,41.78970312413533,0.7846857602083699,0.0,0.11333333333333333,0.11333333333333333,0.0,0.0,0.0,perception_aware
compromised_xapp,shield_repair,naive,phi,radioml,10,300,0.9913628175244514,0.9739974664519352,0.0,0.16,1,0.0,0.48,27.153333333333332,43.89536628919334,0.8313628175244513,0.0,0.05,0.11666666666666667,0.0,0.0,0.0,perception_aware
compromised_xapp,shield_repair,naive,phi,radioml,11,300,0.9889732472001546,0.9739999184590586,0.0,0.16333333333333333,1,0.0,0.4706666666666667,26.743333333333332,40.52842617361668,0.8256399138668211,0.0,0.06333333333333334,0.1,0.0,0.0,0.0,perception_aware
compromised_xapp,shield_repair,naive,phi,radioml,12,300,0.9918211682407662,0.9809917934482172,0.0,0.15,1,0.0,0.466,26.83,38.62713267393605,0.8418211682407662,0.0,0.07,0.08333333333333333,0.0,0.0,0.0,perception_aware
compromised_xapp,shield_repair,naive,phi,radioml,13,300,0.9889017372639969,0.9739981885644363,0.0,0.17666666666666667,1,0.0,0.4786666666666667,26.566666666666666,38.09070278257819,0.8122350705973302,0.0,0.08333333333333333,0.11333333333333333,0.0,0.0,0.0,perception_aware
compromised_xapp,shield_repair,naive,phi,radioml,14,300,0.9910790454987943,0.9739994193434081,0.0,0.23,1,0.0,0.474,26.69,38.046963699901475,0.7610790454987943,0.0,0.11666666666666667,0.12333333333333334,0.0,0.0,0.0,perception_aware
compromised_xapp,shield_repair,naive,phi,radioml,15,300,0.9893603384185864,0.9737451106237467,0.0,0.18666666666666668,1,0.0,0.4633333333333333,26.713333333333335,38.39352644021628,0.8026936717519197,0.0,0.06333333333333334,0.13666666666666666,0.0,0.0,0.0,perception_aware
compromised_xapp,shield_repair,naive,phi,radioml,16,300,0.9913670880686584,0.9763741569013913,0.0,0.18333333333333332,1,0.0,0.47533333333333333,26.893333333333334,41.74447231386491,0.808033754735325,0.0,0.08,0.12,0.0,0.0,0.0,perception_aware
compromised_xapp,shield_repair,naive,phi,radioml,17,300,0.988803191900319,0.9739999758039497,0.0,0.19666666666666666,1,0.0,0.4613333333333333,26.80666666666667,47.08225335145881,0.7921365252336523,0.0,0.08666666666666667,0.12333333333333334,0.0,0.0,0.0,perception_aware
compromised_xapp,shield_repair,naive,phi,radioml,18,300,0.9907220213174183,0.9739997152845709,0.0,0.17333333333333334,1,0.0,0.4826666666666667,26.936666666666667,39.35662160937381,0.8173886879840849,0.0,0.06333333333333334,0.11333333333333333,0.0,0.0,0.0,perception_aware
compromised_xapp,shield_repair,naive,phi,radioml,19,300,0.9918557380074217,0.9783149102932421,0.0,0.17333333333333334,1,0.0,0.47733333333333333,26.873333333333335,42.12492653218972,0.8185224046740884,0.0,0.06,0.12,0.0,0.0,0.0,perception_aware
compromised_xapp,shield_repair,naive,phi,radioml,20,300,0.9885506277705783,0.9739967486957315,0.0,0.17666666666666667,1,0.0,0.45266666666666666,26.573333333333334,39.88080331136455,0.8118839611039116,0.0,0.08333333333333333,0.11333333333333333,0.0,0.0,0.0,perception_aware
compromised_xapp,shield_repair,naive,phi,radioml,21,300,0.991594924229913,0.973999932228721,0.0,0.21,1,0.0,0.4613333333333333,26.636666666666667,42.30302242087907,0.7815949242299132,0.0,0.09,0.13,0.0,0.0,0.0,perception_aware
compromised_xapp,shield_repair,naive,phi,radioml,22,300,0.98803182090532,0.9739986221100967,0.0,0.21333333333333335,1,0.0,0.488,26.78,42.34319296210721,0.7746984875719869,0.0,0.07333333333333333,0.15,0.0,0.0,0.0,perception_aware
compromised_xapp,shield_repair,naive,phi,radioml,23,300,0.990773996867246,0.973999869102676,0.0,0.19333333333333333,1,0.0,0.4826666666666667,26.996666666666666,38.59577661297602,0.7974406635339125,0.0,0.08,0.13333333333333333,0.0,0.0,0.0,perception_aware
compromised_xapp,shield_repair,naive,phi,radioml,24,300,0.9913846142250892,0.9739999632960258,0.0,0.16333333333333333,1,0.0,0.4786666666666667,26.596666666666668,37.939420663744365,0.828051280891756,0.0,0.04666666666666667,0.12,0.0,0.0,0.0,perception_aware
compromised_xapp,shield_repair,naive,phi,radioml,25,300,0.9918645296046184,0.9761865410406015,0.0,0.18,1,0.0,0.4786666666666667,26.98,39.756317148425836,0.8118645296046183,0.0,0.07,0.12,0.0,0.0,0.0,perception_aware
compromised_xapp,shield_repair,naive,phi,radioml,26,300,0.9914559382598463,0.9739998932765522,0.0,0.16,1,0.0,0.4513333333333333,26.773333333333333,44.668438078388284,0.8314559382598462,0.0,0.04666666666666667,0.12,0.0,0.0,0.0,perception_aware
compromised_xapp,shield_repair,naive,phi,radioml,27,300,0.99179854709053,0.9831099318935711,0.0,0.23666666666666666,1,0.0,0.4766666666666667,26.91,39.70576762893899,0.7551318804238633,0.0,0.16,0.10666666666666667,0.0,0.0,0.0,perception_aware
compromised_xapp,shield_repair,naive,phi,radioml,28,300,0.9907061204414868,0.9739999101747301,0.0,0.23333333333333334,1,0.0,0.47333333333333333,26.846666666666668,42.39124102463959,0.7573727871081534,0.0,0.10666666666666667,0.14333333333333334,0.0,0.0,0.0,perception_aware
compromised_xapp,shield_repair,naive,phi,radioml,29,300,0.9907454250008008,0.9739999611796526,0.0,0.14,1,0.0,0.49666666666666665,26.8,38.33449648002326,0.8507454250008007,0.0,0.03333333333333333,0.10666666666666667,0.0,0.0,0.0,perception_aware
compound,greedy_twin,naive,phi,radioml,0,300,0.935219980930672,0.7789389231407715,0.48333333333333334,0.7133333333333334,1,0.0,0.0,28.866666666666667,40.66457215200908,0.2218866475973386,0.16333333333333333,0.2733333333333333,0.33666666666666667,0.0,0.0,0.49666666666666665,perception_aware
compound,greedy_twin,naive,phi,radioml,1,300,0.939069269224313,0.8222060519448051,0.49333333333333335,0.7133333333333334,1,0.0,0.0,28.456666666666667,41.527799555760765,0.22573593589097962,0.16,0.22333333333333333,0.4266666666666667,0.0,0.0,0.41333333333333333,perception_aware
compound,greedy_twin,naive,phi,radioml,2,300,0.9365415922859055,0.7166908335272099,0.5533333333333333,0.78,1,0.0,0.0,29.266666666666666,45.989498232817375,0.15654159228590556,0.16,0.3,0.41,0.006666666666666667,0.0,0.5366666666666666,perception_aware
compound,greedy_twin,naive,phi,radioml,3,300,0.9190156568576231,0.655470987117601,0.5133333333333333,0.78,1,0.0,0.0,29.036666666666665,42.295296660922766,0.13901565685762302,0.18,0.34,0.36333333333333334,0.0033333333333333335,0.0,0.53,perception_aware
compound,greedy_twin,naive,phi,radioml,4,300,0.9291399217163636,0.7168511686066008,0.5,0.75,2,0.0,0.0,28.586666666666666,40.77610478060501,0.1791399217163637,0.16,0.2866666666666667,0.4266666666666667,0.0,0.0,0.4,perception_aware
compound,greedy_twin,naive,phi,radioml,5,300,0.938996360460543,0.7731092743378578,0.5133333333333333,0.7766666666666666,1,0.0,0.0,29.156666666666666,36.73112808247342,0.1623296937938763,0.16,0.38,0.33666666666666667,0.0033333333333333335,0.0,0.5566666666666666,perception_aware
compound,greedy_twin,naive,phi,radioml,6,300,0.9296565955297565,0.7122238999822398,0.49666666666666665,0.76,1,0.0,0.0,29.053333333333335,44.65119888052958,0.1696565955297565,0.12666666666666668,0.32,0.4033333333333333,0.013333333333333334,0.0,0.5033333333333333,perception_aware
compound,greedy_twin,naive,phi,radioml,7,300,0.9412767788352657,0.7791846651046538,0.54,0.7866666666666666,1,0.0,0.0,29.253333333333334,45.2280973097669,0.15461011216859902,0.2,0.3333333333333333,0.36666666666666664,0.0,0.0,0.5533333333333333,perception_aware
compound,greedy_twin,naive,phi,radioml,8,300,0.9349541968562255,0.767996292766446,0.54,0.79,3,0.0,0.0,29.313333333333333,40.4823786829667,0.14495419685622543,0.16666666666666666,0.39666666666666667,0.37666666666666665,0.01,0.0,0.6333333333333333,perception_aware
compound,greedy_twin,naive,phi,radioml,9,300,0.9363235120210991,0.8269698036526261,0.5733333333333334,0.8166666666666667,1,0.0,0.0,29.226666666666667,40.17220600928291,0.1196568453544325,0.19,0.3466666666666667,0.42333333333333334,0.0,0.0,0.5933333333333334,perception_aware
compound,greedy_twin,naive,phi,radioml,10,300,0.923711519944881,0.6686102200318639,0.5266666666666666,0.76,1,0.0,0.0,29.05666666666667,44.2663400157193,0.16371151994488084,0.14,0.30666666666666664,0.38,0.0033333333333333335,0.0,0.51,perception_aware
compound,greedy_twin,naive,phi,radioml,11,300,0.9389392845289902,0.7167329322892914,0.47333333333333333,0.7366666666666667,1,0.0,0.0,28.766666666666666,45.46391139831442,0.2022726178623236,0.12333333333333334,0.30333333333333334,0.42333333333333334,0.0033333333333333335,0.0,0.5,perception_aware
compound,greedy_twin,naive,phi,radioml,12,300,0.9227698095740144,0.7725353451442339,0.48333333333333334,0.7366666666666667,1,0.0,0.0,28.83,48.27337062315298,0.18610314290734792,0.13666666666666666,0.25333333333333335,0.36333333333333334,0.0033333333333333335,0.0,0.42,perception_aware
compound,greedy_twin,naive,phi,radioml,13,300,0.9285206310430779,0.8298990982919432,0.5,0.73,4,0.0,0.0,28.553333333333335,42.57290716295935,0.19852063104307774,0.14,0.29,0.39666666666666667,0.0033333333333333335,0.0,0.43333333333333335,perception_aware
compound,greedy_twin,naive,phi,radioml,14,300,0.923828560773098,0.7093192551098798,0.47,0.7366666666666667,2,0.0,0.0,28.726666666666667,41.95121357553942,0.18716189410643133,0.12333333333333334,0.32,0.42,0.0,0.0,0.37,perception_aware
compound,greedy_twin,naive,phi,radioml,15,300,0.9342197794347687,0.7784338334620318,0.51,0.7766666666666666,1,0.0,0.0,29.16,40.57198677268216,0.15755311276810222,0.13333333333333333,0.30333333333333334,0.38666666666666666,0.0,0.0,0.5833333333333334,perception_aware
compound,greedy_twin,naive,phi,radioml,16,300,0.9305029028218896,0.7678672883235231,0.47333333333333333,0.6833333333333333,4,0.0,0.0,28.79,39.94678855916844,0.24716956948855634,0.13666666666666666,0.2633333333333333,0.37666666666666665,0.0,0.0,0.44,perception_aware
compound,greedy_twin,naive,phi,radioml,17,300,0.9285787872014256,0.7150623640783894,0.5466666666666666,0.7866666666666666,2,0.0,0.0,29.243333333333332,40.23409212023278,0.14191212053475885,0.17666666666666667,0.33666666666666667,0.36333333333333334,0.0,0.0,0.58,perception_aware
compound,greedy_twin,naive,phi,radioml,18,300,0.9269685228909605,0.7165976596855466,0.5566666666666666,0.81,1,0.0,0.0,29.303333333333335,43.41899007881617,0.11696852289096067,0.17333333333333334,0.28,0.41333333333333333,0.0,0.0,0.5833333333333334,perception_aware
compound,greedy_twin,naive,phi,radioml,19,300,0.9272884522168764,0.7151332957220341,0.51,0.78,2,0.0,0.0,29.423333333333332,41.54061986569235,0.1472884522168763,0.12,0.3433333333333333,0.35333333333333333,0.0033333333333333335,0.0,0.6333333333333333,perception_aware
compound,greedy_twin,naive,phi,radioml,20,300,0.9416930588148156,0.8002794218363491,0.5233333333333333,0.77,1,0.0,0.0,29.093333333333334,42.850878728514395,0.17169305881481536,0.16666666666666666,0.31,0.39666666666666667,0.0,0.0,0.49666666666666665,perception_aware
compound,greedy_twin,naive,phi,radioml,21,300,0.9138115187223601,0.7035137450950327,0.5133333333333333,0.7266666666666667,2,0.0,0.0,28.86,49.98233021680907,0.18714485205569328,0.14333333333333334,0.2966666666666667,0.39,0.0,0.0,0.48,perception_aware
compound,greedy_twin,naive,phi,radioml,22,300,0.9340906197192688,0.7700402754546748,0.5166666666666667,0.7733333333333333,2,0.0,0.0,29.266666666666666,41.64392415006961,0.16075728638593548,0.16333333333333333,0.38333333333333336,0.4033333333333333,0.0033333333333333335,0.0,0.5733333333333334,perception_aware
compound,greedy_twin,naive,phi,radioml,23,300,0.9288731301310289,0.7688161238995577,0.5033333333333333,0.7566666666666667,1,0.0,0.0,29.0,39.79287802039934,0.17220646346436208,0.11333333333333333,0.3233333333333333,0.38666666666666666,0.0033333333333333335,0.0,0.5166666666666667,perception_aware
compound,greedy_twin,naive,phi,radioml,24,300,0.9377597293062252,0.7787655022550611,0.5233333333333333,0.8033333333333333,1,0.0,0.0,29.206666666666667,43.323701147469485,0.1344263959728917,0.16,0.31333333333333335,0.37333333333333335,0.0,0.0,0.5666666666666667,perception_aware
compound,greedy_twin,naive,phi,radioml,25,300,0.9356653813549165,0.7724212938939513,0.5366666666666666,0.77,3,0.0,0.0,29.10333333333333,48.93727606424886,0.16566538135491657,0.16666666666666666,0.3466666666666667,0.4033333333333333,0.006666666666666667,0.0,0.5533333333333333,perception_aware
compound,greedy_twin,naive,phi,radioml,26,300,0.9256473082291222,0.7167902155304221,0.49333333333333335,0.7566666666666667,2,0.0,0.0,28.93,44.515509595880346,0.16898064156245554,0.15333333333333332,0.3333333333333333,0.38333333333333336,0.0,0.0,0.47333333333333333,perception_aware
compound,greedy_twin,naive,phi,radioml,27,300,0.9369777982821048,0.7732977773221055,0.5566666666666666,0.7466666666666667,1,0.0,0.0,28.86,46.813700332580765,0.19031113161543806,0.18666666666666668,0.25666666666666665,0.38333333333333336,0.0033333333333333335,0.0,0.4166666666666667,perception_aware
compound,greedy_twin,naive,phi,radioml,28,300,0.9350721781793903,0.7168379552689713,0.5633333333333334,0.7733333333333333,1,0.0,0.0,29.013333333333332,40.62091938486445,0.16173884484605688,0.15666666666666668,0.2966666666666667,0.4266666666666667,0.0033333333333333335,0.0,0.4766666666666667,perception_aware
compound,greedy_twin,naive,phi,radioml,29,300,0.9330682819979325,0.7164708809460737,0.49666666666666665,0.7433333333333333,1,0.0,0.0,28.986666666666668,47.460062187406905,0.1897349486645992,0.16666666666666666,0.27,0.42,0.0033333333333333335,0.0,0.4766666666666667,perception_aware
compound,shield_filter,naive,phi,radioml,0,300,0.7673181666851566,0.0006795166497646368,0.0,0.19,1,0.09,0.0,25.7,38.070219166729814,0.5773181666851567,0.0,0.04666666666666667,0.15666666666666668,0.0,0.0,0.0,perception_aware
compound,shield_filter,naive,phi,radioml,1,300,0.7489669964738503,0.0004621826575123634,0.0,0.21,1,0.12,0.0,25.586666666666666,40.31278091233262,0.5389669964738503,0.0,0.02,0.18333333333333332,0.0,0.013333333333333334,0.0,perception_aware
compound,shield_filter,naive,phi,radioml,2,300,0.7562544398977151,0.0006310716435302486,0.0,0.22333333333333333,1,0.1,0.0,25.893333333333334,42.698799520842385,0.5329211065643819,0.0,0.04,0.2,0.0,0.0,0.0,perception_aware
compound,shield_filter,naive,phi,radioml,3,300,0.7646754333446002,0.0006619262397027853,0.0,0.23666666666666666,1,0.08666666666666667,0.0,25.73,40.373549333327325,0.5280087666779335,0.0,0.08,0.17,0.0,0.0,0.0,perception_aware
compound,shield_filter,naive,phi,radioml,4,300,0.7604283502720128,0.0003979177573318945,0.0,0.24666666666666667,4,0.11333333333333333,0.0,25.573333333333334,40.72863639294606,0.5137616836053461,0.0,0.07666666666666666,0.20333333333333334,0.0,0.0,0.0,perception_aware
compound,shield_filter,naive,phi,radioml,5,300,0.7445960586120859,0.00039182557392935364,0.0,0.20333333333333334,1,0.11666666666666667,0.0,25.673333333333332,36.34395566460273,0.5412627252787526,0.0,0.11,0.12,0.0,0.0033333333333333335,0.0,perception_aware
compound,shield_filter,naive,phi,radioml,6,300,0.7592980109651694,0.0007668015813651299,0.0,0.25333333333333335,1,0.1,0.0,25.923333333333332,44.150316190732944,0.505964677631836,0.0,0.08666666666666667,0.18666666666666668,0.0,0.0033333333333333335,0.0,perception_aware
compound,shield_filter,naive,phi,radioml,7,300,0.7690729164589014,0.000539391771539687,0.0,0.22333333333333333,1,0.09666666666666666,0.0,25.91,43.46668919896644,0.5457395831255681,0.0,0.08,0.16666666666666666,0.0,0.006666666666666667,0.0,perception_aware
compound,shield_filter,naive,phi,radioml,8,300,0.7364754043506235,0.00041169125009164634,0.0,0.23,2,0.10666666666666667,0.0,25.74,40.66056536026818,0.5064754043506235,0.0,0.10333333333333333,0.16,0.0,0.01,0.0,perception_aware
compound,shield_filter,naive,phi,radioml,9,300,0.7398601837948672,0.000577687704411772,0.0,0.24666666666666667,1,0.08,0.0,25.783333333333335,39.73152318137904,0.49319351712820053,0.0,0.04666666666666667,0.21,0.0,0.013333333333333334,0.0,perception_aware
compound,shield_filter,naive,phi,radioml,10,300,0.7737634538730858,0.0010376607450718193,0.0,0.22,1,0.07333333333333333,0.0,25.906666666666666,40.81883486649743,0.5537634538730858,0.0,0.06333333333333334,0.16333333333333333,0.0,0.0,0.0,perception_aware
compound,shield_filter,naive,phi,radioml,11,300,0.7771534569029231,0.0007661430338146302,0.0,0.24333333333333335,1,0.08333333333333333,0.0,25.996666666666666,41.391890264980645,0.5338201235695897,0.0,0.08666666666666667,0.19333333333333333,0.0,0.0,0.0,perception_aware
compound,shield_filter,naive,phi,radioml,12,300,0.7467784286911845,0.0006155479777099482,0.0,0.20666666666666667,1,0.11333333333333333,0.0,25.586666666666666,40.126660202995446,0.5401117620245177,0.0,0.03666666666666667,0.16666666666666666,0.0,0.006666666666666667,0.0,perception_aware
compound,shield_filter,naive,phi,radioml,13,300,0.7705210261595403,0.0012370560220625847,0.0,0.22666666666666666,1,0.08333333333333333,0.0,26.04,42.197549567002895,0.5438543594928738,0.0,0.07666666666666666,0.17,0.0,0.0,0.0,perception_aware
compound,shield_filter,naive,phi,radioml,14,300,0.7612671483743185,0.0011263893735190727,0.0,0.2733333333333333,2,0.10666666666666667,0.0,25.796666666666667,43.646421676698075,0.48793381504098515,0.0,0.09333333333333334,0.20666666666666667,0.0,0.0033333333333333335,0.0,perception_aware
compound,shield_filter,naive,phi,radioml,15,300,0.7612311764507912,0.000970448453166693,0.0,0.20333333333333334,4,0.07,0.0,25.996666666666666,40.38756841304216,0.5578978431174579,0.0,0.043333333333333335,0.16,0.0,0.0,0.0,perception_aware
compound,shield_filter,naive,phi,radioml,16,300,0.7859497132459369,0.00124771362341423,0.0,0.21333333333333335,6,0.06666666666666667,0.0,26.096666666666668,41.46375205456554,0.5726163799126037,0.0,0.03,0.18666666666666668,0.0,0.0,0.0,perception_aware
compound,shield_filter,naive,phi,radioml,17,300,0.724588338802832,0.0004613836699875906,0.0,0.17666666666666667,2,0.14,0.0,25.333333333333332,38.505916937400606,0.5479216721361653,0.0,0.04666666666666667,0.13,0.0,0.006666666666666667,0.0,perception_aware
compound,shield_filter,naive,phi,radioml,18,300,0.7499435275096188,0.00044427277075521053,0.0,0.17,1,0.1,0.0,25.67,43.39069027963485,0.5799435275096186,0.0,0.03,0.15,0.0,0.01,0.0,perception_aware
compound,shield_filter,naive,phi,radioml,19,300,0.7649308536427889,0.0018229955337644022,0.0,0.21333333333333335,2,0.08333333333333333,0.0,26.183333333333334,40.49590158495648,0.5515975203094556,0.0,0.06333333333333334,0.16666666666666666,0.0,0.0,0.0,perception_aware
compound,shield_filter,naive,phi,radioml,20,300,0.7646959959990448,0.0010612729783663103,0.0,0.25,1,0.09333333333333334,0.0,25.80666666666667,41.718177984884015,0.5146959959990448,0.0,0.08,0.20333333333333334,0.0,0.0,0.0,perception_aware
compound,shield_filter,naive,phi,radioml,21,300,0.7759315220023403,0.0006644255077042448,0.0,0.25,2,0.08,0.0,25.873333333333335,40.47815526250293,0.5259315220023403,0.0,0.07333333333333333,0.2,0.0,0.0,0.0,perception_aware
compound,shield_filter,naive,phi,radioml,22,300,0.7483211027727678,0.0007047556858878214,0.0,0.22,2,0.13,0.0,25.596666666666668,40.732924767684544,0.5283211027727678,0.0,0.09333333333333334,0.15666666666666668,0.0,0.006666666666666667,0.0,perception_aware
compound,shield_filter,naive,phi,radioml,23,300,0.7466820665887549,0.000507341773514828,0.0,0.22,1,0.09333333333333334,0.0,25.803333333333335,38.152118834470095,0.5266820665887549,0.0,0.06666666666666667,0.18333333333333332,0.0,0.0,0.0,perception_aware
compound,shield_filter,naive,phi,radioml,24,300,0.750978892407039,0.000984986325604287,0.0,0.21666666666666667,2,0.09666666666666666,0.0,25.793333333333333,40.33952473728359,0.5343122257403722,0.0,0.02666666666666667,0.19666666666666666,0.0,0.0033333333333333335,0.0,perception_aware
compound,shield_filter,naive,phi,radioml,25,300,0.7322909531326366,0.0005041960637831355,0.0,0.20666666666666667,3,0.1,0.0,25.52,38.12874219749335,0.5256242864659699,0.0,0.07,0.15666666666666668,0.0,0.006666666666666667,0.0,perception_aware
compound,shield_filter,naive,phi,radioml,26,300,0.7738178784809222,0.0008002305249674758,0.0,0.27,4,0.06666666666666667,0.0,26.04,44.25194932138798,0.5038178784809222,0.0,0.09333333333333334,0.20333333333333334,0.0,0.0,0.0,perception_aware
compound,shield_filter,naive,phi,radioml,27,300,0.7392523316398323,0.0006479218632560973,0.0,0.15333333333333332,1,0.11666666666666667,0.0,25.713333333333335,46.745211789212945,0.585918998306499,0.0,0.02,0.13666666666666666,0.0,0.0033333333333333335,0.0,perception_aware
compound,shield_filter,naive,phi,radioml,28,300,0.7355312341169941,0.0007529569310473493,0.0,0.2,1,0.11,0.0,25.60333333333333,40.3509786241441,0.535531234116994,0.0,0.04,0.18666666666666668,0.0,0.006666666666666667,0.0,perception_aware
compound,shield_filter,naive,phi,radioml,29,300,0.7750249033571395,0.0008146748005326945,0.0,0.25333333333333335,2,0.07666666666666666,0.0,25.97,38.649656429643834,0.5216915700238062,0.0,0.04,0.23666666666666666,0.0,0.0,0.0,perception_aware
compound,shield_repair,naive,phi,radioml,0,300,0.9308247579565735,0.7510880377962541,0.0,0.36,1,0.0,0.5233333333333333,27.44333333333333,39.12806453936193,0.5708247579565734,0.0,0.08666666666666667,0.32666666666666666,0.0,0.0,0.0,perception_aware
compound,shield_repair,naive,phi,radioml,1,300,0.9402578019851611,0.8591731637175003,0.0,0.4,1,0.0,0.5553333333333333,27.39666666666667,40.00036672305093,0.540257801985161,0.0,0.056666666666666664,0.37,0.0,0.0,0.0,perception_aware
compound,shield_repair,naive,phi,radioml,2,300,0.9318622943078017,0.7767294945547761,0.0,0.4066666666666667,1,0.0,0.5386666666666666,27.65,43.90709658433009,0.5251956276411349,0.0,0.07333333333333333,0.36,0.0,0.0,0.006666666666666667,perception_aware
compound,shield_repair,naive,phi,radioml,3,300,0.9193675245077191,0.7145437591301826,0.0,0.39,1,0.0,0.5373333333333333,27.346666666666668,39.01163691899736,0.5293675245077191,0.0,0.11666666666666667,0.32666666666666666,0.0,0.0,0.0,perception_aware
compound,shield_repair,naive,phi,radioml,4,300,0.9254897845107078,0.7774755537753382,0.0,0.4166666666666667,2,0.0,0.5326666666666666,27.366666666666667,36.846236270066534,0.5088231178440412,0.0,0.16333333333333333,0.34,0.0,0.0,0.0,perception_aware
compound,shield_repair,naive,phi,radioml,5,300,0.9421028038379375,0.8603082979459079,0.0,0.39,1,0.0,0.5413333333333333,27.436666666666667,35.70735269135838,0.5521028038379376,0.0,0.18,0.2966666666666667,0.0,0.0,0.0,perception_aware
compound,shield_repair,naive,phi,radioml,6,300,0.9206809205943036,0.7111059790997482,0.0,0.43333333333333335,1,0.0,0.5366666666666666,27.593333333333334,43.97438973901479,0.4873475872609704,0.0,0.16333333333333333,0.3466666666666667,0.0,0.0,0.0,perception_aware
compound,shield_repair,naive,phi,radioml,7,300,0.9275740367015294,0.7613880105085533,0.0,0.3933333333333333,1,0.0,0.5333333333333333,27.533333333333335,43.76354478134183,0.5342407033681961,0.0,0.13666666666666666,0.31666666666666665,0.0,0.0,0.0,perception_aware
compound,shield_repair,naive,phi,radioml,8,300,0.9255592379823921,0.7511996826759803,0.0,0.44666666666666666,2,0.0,0.56,27.513333333333332,42.165643195600076,0.4788925713157255,0.0,0.2,0.33666666666666667,0.0,0.0,0.0,perception_aware
compound,shield_repair,naive,phi,radioml,9,300,0.9258896252672597,0.7794057454267126,0.0,0.4166666666666667,1,0.0,0.5513333333333333,27.453333333333333,39.44267154104493,0.5092229586005931,0.0,0.13333333333333333,0.38,0.0,0.0,0.0,perception_aware
compound,shield_repair,naive,phi,radioml,10,300,0.9285561088797033,0.7703550771602847,0.0,0.4066666666666667,1,0.0,0.55,27.46,39.81391400895546,0.5218894422130366,0.0,0.1,0.33,0.0,0.0,0.0,perception_aware
compound,shield_repair,naive,phi,radioml,11,300,0.934984134095812,0.7771131925832386,0.0,0.44,1,0.0,0.53,27.483333333333334,45.25185702213723,0.4949841340958121,0.0,0.13666666666666666,0.36666666666666664,0.0,0.0,0.0,perception_aware
compound,shield_repair,naive,phi,radioml,12,300,0.9188329438503471,0.7709647209463805,0.0,0.35,1,0.0,0.5213333333333333,27.5,42.19453918522085,0.5688329438503472,0.0,0.08,0.29,0.0,0.0,0.0,perception_aware
compound,shield_repair,naive,phi,radioml,13,300,0.921612688904256,0.7778823610578981,0.0,0.41,3,0.0,0.5573333333333333,27.406666666666666,41.16368798521557,0.5116126889042559,0.0,0.11333333333333333,0.34,0.0,0.0,0.0,perception_aware
compound,shield_repair,naive,phi,radioml,14,300,0.9193117518443021,0.70785556379605,0.0,0.5033333333333333,2,0.0,0.538,27.52,43.81898526078779,0.4159784185109688,0.0,0.19,0.37666666666666665,0.0,0.0,0.0,perception_aware
compound,shield_repair,naive,phi,radioml,15,300,0.9276982209747856,0.7788627658069213,0.0,0.41333333333333333,2,0.0,0.5233333333333333,27.38,39.950400968088964,0.5143648876414523,0.0,0.07333333333333333,0.3566666666666667,0.0,0.0,0.0,perception_aware
compound,shield_repair,naive,phi,radioml,16,300,0.9311150268736096,0.8040250843535138,0.0,0.39666666666666667,3,0.0,0.5273333333333333,27.51,46.212659701830546,0.5344483602069429,0.0,0.08666666666666667,0.34,0.0,0.0,0.0,perception_aware
compound,shield_repair,naive,phi,radioml,17,300,0.9076719588536886,0.516235067642888,0.0,0.4,2,0.0,0.556,27.506666666666668,41.40148399414133,0.5076719588536885,0.0,0.11666666666666667,0.31333333333333335,0.0,0.0,0.0,perception_aware
compound,shield_repair,naive,phi,radioml,18,300,0.9139517217399483,0.7149125742200274,0.0,0.36666666666666664,1,0.0,0.534,27.6,42.079382459399326,0.5472850550732816,0.0,0.06666666666666667,0.33,0.0,0.0,0.0,perception_aware
compound,shield_repair,naive,phi,radioml,19,300,0.9302091610715721,0.7779342634200045,0.0,0.42333333333333334,2,0.0,0.5473333333333333,27.85333333333333,40.85126465203337,0.5068758277382388,0.0,0.14,0.33,0.0,0.0,0.016666666666666666,perception_aware
compound,shield_repair,naive,phi,radioml,20,300,0.9296471959374456,0.7616346973846022,0.0,0.42,1,0.0,0.5406666666666666,27.57,41.789671284493494,0.5096471959374456,0.0,0.14333333333333334,0.3566666666666667,0.0,0.0,0.0,perception_aware
compound,shield_repair,naive,phi,radioml,21,300,0.916661805915946,0.7278229568371918,0.0,0.44666666666666666,2,0.0,0.5426666666666666,27.456666666666667,41.35496290523508,0.46999513924927927,0.0,0.15666666666666668,0.3466666666666667,0.0,0.0,0.0,perception_aware
compound,shield_repair,naive,phi,radioml,22,300,0.9293451709136068,0.7523920214524118,0.0,0.4633333333333333,2,0.0,0.5406666666666666,27.47,40.988122252190095,0.4660118375802734,0.0,0.21666666666666667,0.35333333333333333,0.0,0.0,0.0,perception_aware
compound,shield_repair,naive,phi,radioml,23,300,0.9253302780185326,0.791323313864631,0.0,0.42,1,0.0,0.5433333333333333,27.213333333333335,38.13109527613092,0.5053302780185325,0.0,0.14,0.3466666666666667,0.0,0.0,0.0,perception_aware
compound,shield_repair,naive,phi,radioml,24,300,0.9213885211563073,0.7739079407005192,0.0,0.4033333333333333,1,0.0,0.534,27.57,40.565680007303506,0.5180551878229741,0.0,0.1,0.33666666666666667,0.0,0.0,0.0,perception_aware
compound,shield_repair,naive,phi,radioml,25,300,0.9250243915436994,0.7156049172316715,0.0,0.42333333333333334,3,0.0,0.5493333333333333,27.356666666666666,43.83219377608959,0.5016910582103662,0.0,0.13333333333333333,0.3433333333333333,0.0,0.0,0.0,perception_aware
compound,shield_repair,naive,phi,radioml,26,300,0.9210013633520083,0.75345118593181,0.0,0.45666666666666667,2,0.0,0.5313333333333333,27.43,47.32640537190985,0.46433469668534155,0.0,0.17333333333333334,0.3433333333333333,0.0,0.0,0.0,perception_aware
compound,shield_repair,naive,phi,radioml,27,300,0.9255668963284392,0.7769944839191311,0.0,0.3433333333333333,1,0.0,0.5426666666666666,27.593333333333334,46.13380020130048,0.582233562995106,0.0,0.07,0.3,0.0,0.0,0.0,perception_aware
compound,shield_repair,naive,phi,radioml,28,300,0.9349149418041354,0.8407868747804252,0.0,0.41333333333333333,1,0.0,0.5593333333333333,27.493333333333332,38.203660793638065,0.5215816084708018,0.0,0.11666666666666667,0.36,0.0,0.0,0.0,perception_aware
compound,shield_repair,naive,phi,radioml,29,300,0.9305384221308914,0.7765065197205329,0.0,0.42,1,0.0,0.5166666666666667,27.74,42.70325803881456,0.5105384221308914,0.0,0.07666666666666666,0.38,0.0,0.0,0.0,perception_aware
narrowband,greedy_twin,naive,phi,radioml,0,300,0.9879142410004745,0.9739999999576865,0.21666666666666667,0.27,1,0.0,0.0,26.67,37.12726996838054,0.7179142410004746,0.09333333333333334,0.14333333333333334,0.08666666666666667,0.0,0.0,0.0,label_as_truth
narrowband,greedy_twin,naive,phi,radioml,1,300,0.991384178777654,0.9798954577588974,0.18333333333333332,0.23666666666666666,1,0.0,0.0,26.74,51.50857276765325,0.7547175121109874,0.07666666666666666,0.11666666666666667,0.06,0.0,0.0,0.023333333333333334,label_as_truth
narrowband,greedy_twin,naive,phi,radioml,2,300,0.9914956921992537,0.9833461244761649,0.22,0.31,1,0.0,0.0,27.163333333333334,41.11366060575672,0.6814956921992538,0.08,0.17333333333333334,0.06333333333333334,0.0,0.0,0.06,label_as_truth
narrowband,greedy_twin,naive,phi,radioml,3,300,0.9918454416492117,0.9853622162794051,0.18333333333333332,0.23,1,0.0,0.0,26.826666666666668,47.029837703938526,0.7618454416492118,0.06333333333333334,0.14,0.043333333333333335,0.0,0.0,0.006666666666666667,label_as_truth
narrowband,greedy_twin,naive,phi,radioml,4,300,0.9913276903628471,0.9812887149510968,0.24333333333333335,0.29,1,0.0,0.0,26.96,46.54541904459355,0.701327690362847,0.06666666666666667,0.11666666666666667,0.12666666666666668,0.0,0.0,0.03,label_as_truth
narrowband,greedy_twin,naive,phi,radioml,5,300,0.9905215762297208,0.9739999993479302,0.23,0.3,1,0.0,0.0,26.85333333333333,36.040878158190395,0.6905215762297209,0.11,0.13666666666666666,0.09,0.0,0.0,0.056666666666666664,label_as_truth
narrowband,greedy_twin,naive,phi,radioml,6,300,0.9876391575521473,0.9803290981155012,0.17,0.20666666666666667,1,0.0,0.0,26.563333333333333,41.218259406820806,0.7809724908854807,0.06666666666666667,0.09666666666666666,0.06333333333333334,0.0,0.0,0.013333333333333334,label_as_truth
narrowband,greedy_twin,naive,phi,radioml,7,300,0.9919981168841142,0.9859597314300426,0.23,0.31333333333333335,1,0.0,0.0,27.22,42.012172358883184,0.678664783550781,0.06666666666666667,0.15333333333333332,0.06666666666666667,0.0,0.0,0.07,label_as_truth
narrowband,greedy_twin,naive,phi,radioml,8,300,0.9909197518025818,0.9739998584430145,0.23,0.2866666666666667,1,0.0,0.0,27.336666666666666,42.179841390284494,0.7042530851359152,0.08,0.17,0.06666666666666667,0.0,0.0,0.04,label_as_truth
narrowband,greedy_twin,naive,phi,radioml,9,300,0.9913117088820275,0.9851423444224248,0.25,0.31666666666666665,1,0.0,0.0,27.036666666666665,46.210031642072,0.6746450422153608,0.09666666666666666,0.14,0.07666666666666666,0.0,0.0,0.08,label_as_truth
narrowband,greedy_twin,naive,phi,radioml,10,300,0.991651427977946,0.9739999527235773,0.20666666666666667,0.25666666666666665,1,0.0,0.0,26.906666666666666,42.866934187731275,0.7349847613112794,0.07666666666666666,0.11666666666666667,0.08,0.0,0.0,0.006666666666666667,label_as_truth
narrowband,greedy_twin,naive,phi,radioml,11,300,0.9906067653330297,0.9836631955601045,0.18333333333333332,0.23666666666666666,1,0.0,0.0,26.77,41.709739170185074,0.7539400986663629,0.07333333333333333,0.13,0.04,0.0,0.0,0.006666666666666667,label_as_truth
narrowband,greedy_twin,naive,phi,radioml,12,300,0.9918960228824804,0.9780193419900998,0.20333333333333334,0.2733333333333333,1,0.0,0.0,27.203333333333333,48.797020475946496,0.7185626895491469,0.09,0.17333333333333334,0.043333333333333335,0.0,0.0,0.043333333333333335,label_as_truth
narrowband,greedy_twin,naive,phi,radioml,13,300,0.9920652591099363,0.9856355973543316,0.20333333333333334,0.26666666666666666,1,0.0,0.0,26.89666666666667,46.81712651889901,0.7253985924432694,0.07666666666666666,0.14333333333333334,0.06666666666666667,0.0,0.0,0.02666666666666667,label_as_truth
narrowband,greedy_twin,naive,phi,radioml,14,300,0.9916983560887581,0.9815207654247952,0.18666666666666668,0.22,1,0.0,0.0,26.89666666666667,43.66957069880611,0.7716983560887583,0.056666666666666664,0.11,0.08,0.0,0.0,0.016666666666666666,label_as_truth
narrowband,greedy_twin,naive,phi,radioml,15,300,0.9914043122022569,0.9739990496772845,0.21,0.2633333333333333,1,0.0,0.0,27.06,42.91684685918454,0.7280709788689235,0.06666666666666667,0.12333333333333334,0.07333333333333333,0.0,0.0,0.07666666666666666,label_as_truth
narrowband,greedy_twin,naive,phi,radioml,16,300,0.9910901813724873,0.9840539181962237,0.19666666666666666,0.21333333333333335,1,0.0,0.0,26.716666666666665,41.06203457349863,0.7777568480391541,0.07,0.09666666666666666,0.08,0.0,0.0,0.006666666666666667,label_as_truth
narrowband,greedy_twin,naive,phi,radioml,17,300,0.989798391301621,0.9834311123685981,0.18666666666666668,0.23,1,0.0,0.0,26.963333333333335,42.936275015075665,0.759798391301621,0.06333333333333334,0.11333333333333333,0.04666666666666667,0.0,0.0,0.03333333333333333,label_as_truth
narrowband,greedy_twin,naive,phi,radioml,18,300,0.9881610044196155,0.9739999826508637,0.22333333333333333,0.26666666666666666,2,0.0,0.0,27.06,40.242822291351864,0.7214943377529488,0.07,0.13333333333333333,0.09666666666666666,0.0,0.0,0.023333333333333334,label_as_truth
narrowband,greedy_twin,naive,phi,radioml,19,300,0.9912761746206251,0.9811756835254415,0.20666666666666667,0.25666666666666665,1,0.0,0.0,27.063333333333333,48.314573200389844,0.7346095079539583,0.06333333333333334,0.13,0.06666666666666667,0.0,0.0,0.06,label_as_truth
narrowband,greedy_twin,naive,phi,radioml,20,300,0.9910572221629165,0.9739999908662613,0.22,0.26,1,0.0,0.0,26.82,47.32565059847712,0.7310572221629167,0.06333333333333334,0.13,0.08,0.0,0.0,0.02,label_as_truth
narrowband,greedy_twin,naive,phi,radioml,21,300,0.9914737146706752,0.9774389789913801,0.22666666666666666,0.29,1,0.0,0.0,27.01,45.85140024009205,0.7014737146706752,0.08333333333333333,0.14,0.07333333333333333,0.0,0.0,0.06666666666666667,label_as_truth
narrowband,greedy_twin,naive,phi,radioml,22,300,0.9921486738365126,0.9836019098114832,0.23333333333333334,0.2833333333333333,1,0.0,0.0,26.82,42.70657667251386,0.7088153405031795,0.09333333333333334,0.13333333333333333,0.07333333333333333,0.0,0.0,0.04,label_as_truth
narrowband,greedy_twin,naive,phi,radioml,23,300,0.9919556342768351,0.9839413729179766,0.18666666666666668,0.22,1,0.0,0.0,26.863333333333333,45.02695568984754,0.7719556342768351,0.056666666666666664,0.11,0.06666666666666667,0.0,0.0,0.02666666666666667,label_as_truth
narrowband,greedy_twin,naive,phi,radioml,24,300,0.9895847057801006,0.9739999844066524,0.21666666666666667,0.29333333333333333,1,0.0,0.0,26.836666666666666,41.643156482785734,0.6962513724467672,0.08666666666666667,0.15666666666666668,0.09,0.0,0.0,0.01,label_as_truth
narrowband,greedy_twin,naive,phi,radioml,25,300,0.9911226623847798,0.9780379940175464,0.24666666666666667,0.29,1,0.0,0.0,27.173333333333332,43.241051322808254,0.7011226623847797,0.10333333333333333,0.14,0.06,0.0,0.0,0.056666666666666664,label_as_truth
narrowband,greedy_twin,naive,phi,radioml,26,300,0.9876887296882532,0.9739999687974823,0.19666666666666666,0.25,1,0.0,0.0,27.076666666666668,48.640239326862414,0.7376887296882532,0.05333333333333334,0.15,0.07,0.0,0.0,0.04,label_as_truth
narrowband,greedy_twin,naive,phi,radioml,27,300,0.9917124898248582,0.9795488649985639,0.20666666666666667,0.23,1,0.0,0.0,26.756666666666668,38.455335820461336,0.7617124898248583,0.10333333333333333,0.08666666666666667,0.05,0.0,0.0,0.01,label_as_truth
narrowband,greedy_twin,naive,phi,radioml,28,300,0.9912173701787643,0.9746618276754239,0.23333333333333334,0.27,1,0.0,0.0,26.8,44.605831877588656,0.7212173701787644,0.1,0.12666666666666668,0.07666666666666666,0.0,0.0,0.023333333333333334,label_as_truth
narrowband,greedy_twin,naive,phi,radioml,29,300,0.9884165591377044,0.9803557917727128,0.24,0.33666666666666667,1,0.0,0.0,27.283333333333335,41.496279161479755,0.6517498924710377,0.06,0.19,0.09,0.0,0.0,0.07,label_as_truth
narrowband,shield_filter,naive,phi,radioml,0,300,0.9837187168589797,0.9832996627183614,0.0,0.07333333333333333,1,0.0033333333333333335,0.0,26.093333333333334,38.778857216610845,0.9103853835256464,0.0,0.07333333333333333,0.0,0.0,0.0,0.0,label_as_truth
narrowband,shield_filter,naive,phi,radioml,1,300,0.9887146389288815,0.985901943836891,0.0,0.06666666666666667,1,0.0,0.0,26.116666666666667,38.38959942752372,0.9220479722622148,0.0,0.06666666666666667,0.0,0.0,0.0,0.0,label_as_truth
narrowband,shield_filter,naive,phi,radioml,2,300,0.9881348250258486,0.9867999948895287,0.0,0.07333333333333333,1,0.0,0.0,26.173333333333332,40.369073623159984,0.9148014916925152,0.0,0.07333333333333333,0.0,0.0,0.0,0.0,label_as_truth
narrowband,shield_filter,naive,phi,radioml,3,300,0.9871666311856709,0.977428812384566,0.0,0.06666666666666667,1,0.0,0.0,26.02,38.594410297620406,0.9204999645190043,0.0,0.06666666666666667,0.0,0.0,0.0,0.0,label_as_truth
narrowband,shield_filter,naive,phi,radioml,4,300,0.9876475971118047,0.9850231343973375,0.0,0.04,1,0.0033333333333333335,0.0,26.26,45.45146378064814,0.9476475971118047,0.0,0.04,0.0,0.0,0.0,0.0,label_as_truth
narrowband,shield_filter,naive,phi,radioml,5,300,0.9880683831974282,0.9739601566079967,0.0,0.056666666666666664,1,0.0,0.0,26.22,38.65925120780146,0.9314017165307615,0.0,0.056666666666666664,0.0,0.0,0.0,0.0,label_as_truth
narrowband,shield_filter,naive,phi,radioml,6,300,0.9870287678030922,0.9820678254598714,0.0,0.043333333333333335,1,0.0,0.0,26.17,38.10859523043092,0.9436954344697589,0.0,0.043333333333333335,0.0,0.0,0.0,0.0,label_as_truth
narrowband,shield_filter,naive,phi,radioml,7,300,0.9880681246577597,0.9864399823042866,0.0,0.07666666666666666,1,0.0033333333333333335,0.0,26.39666666666667,41.89224132597778,0.9114014579910931,0.0,0.07666666666666666,0.0,0.0,0.0,0.0,label_as_truth
narrowband,shield_filter,naive,phi,radioml,8,300,0.9864869069043948,0.9739999440150681,0.0,0.07,1,0.0,0.0,26.233333333333334,41.23033591414395,0.9164869069043948,0.0,0.07,0.0,0.0,0.0,0.0,label_as_truth
narrowband,shield_filter,naive,phi,radioml,9,300,0.9875610015330852,0.9851581307808156,0.0,0.03333333333333333,1,0.0,0.0,26.196666666666665,46.1941601058535,0.9542276681997519,0.0,0.03333333333333333,0.0,0.0,0.0,0.0,label_as_truth
narrowband,shield_filter,naive,phi,radioml,10,300,0.9880146753239561,0.9746281463585066,0.0,0.056666666666666664,1,0.0,0.0,26.263333333333332,42.49600878028968,0.9313480086572895,0.0,0.056666666666666664,0.0,0.0,0.0,0.0,label_as_truth
narrowband,shield_filter,naive,phi,radioml,11,300,0.9843175330280677,0.9816269021906874,0.0,0.08666666666666667,1,0.0,0.0,26.166666666666668,42.37941401836771,0.897650866361401,0.0,0.08666666666666667,0.0,0.0,0.0,0.0,label_as_truth
narrowband,shield_filter,naive,phi,radioml,12,300,0.9917971587972374,0.9888512373764462,0.0,0.06333333333333334,1,0.0,0.0,26.213333333333335,39.09153106924249,0.9284638254639042,0.0,0.06333333333333334,0.0,0.0,0.0,0.0,label_as_truth
narrowband,shield_filter,naive,phi,radioml,13,300,0.9844468779967974,0.9871054470858864,0.0,0.05333333333333334,1,0.0033333333333333335,0.0,26.06,40.05913117286343,0.9311135446634641,0.0,0.05333333333333334,0.0,0.0,0.0,0.0,label_as_truth
narrowband,shield_filter,naive,phi,radioml,14,300,0.9842952935999248,0.9837302287833491,0.0,0.03666666666666667,1,0.0,0.0,26.166666666666668,41.5001603221944,0.9476286269332581,0.0,0.03666666666666667,0.0,0.0,0.0,0.0,label_as_truth
narrowband,shield_filter,naive,phi,radioml,15,300,0.9907943993569435,0.9817746435585001,0.0,0.02666666666666667,1,0.0,0.0,26.153333333333332,38.85018939833208,0.9641277326902767,0.0,0.02666666666666667,0.0,0.0,0.0,0.0,label_as_truth
narrowband,shield_filter,naive,phi,radioml,16,300,0.9905246870457673,0.9841693325589622,0.0,0.016666666666666666,1,0.0,0.0,26.016666666666666,40.152025890880296,0.9738580203791006,0.0,0.016666666666666666,0.0,0.0,0.0,0.0,label_as_truth
narrowband,shield_filter,naive,phi,radioml,17,300,0.9862268114462229,0.9852096805408928,0.0,0.043333333333333335,1,0.0033333333333333335,0.0,26.263333333333332,40.63522017987933,0.9428934781128896,0.0,0.043333333333333335,0.0,0.0,0.0,0.0,label_as_truth
narrowband,shield_filter,naive,phi,radioml,18,300,0.9843292200661504,0.9843643797400198,0.0,0.04666666666666667,2,0.0033333333333333335,0.0,26.086666666666666,38.115349127805636,0.9376625533994837,0.0,0.04666666666666667,0.0,0.0,0.0,0.0,label_as_truth
narrowband,shield_filter,naive,phi,radioml,19,300,0.9872351788173558,0.9731490632373784,0.0,0.05,1,0.0033333333333333335,0.0,26.206666666666667,40.89983813376708,0.9372351788173557,0.0,0.05,0.0,0.0,0.0,0.0,label_as_truth
narrowband,shield_filter,naive,phi,radioml,20,300,0.9881675149536704,0.9803368657915368,0.0,0.05,1,0.0,0.0,26.076666666666668,40.85735745010819,0.9381675149536705,0.0,0.05,0.0,0.0,0.0,0.0,label_as_truth
narrowband,shield_filter,naive,phi,radioml,21,300,0.9906232344839363,0.9835759558206291,0.0,0.04666666666666667,1,0.0,0.0,26.2,39.81853642980289,0.9439565678172697,0.0,0.04666666666666667,0.0,0.0,0.0,0.0,label_as_truth
narrowband,shield_filter,naive,phi,radioml,22,300,0.9845693455900387,0.9857342950704756,0.0,0.056666666666666664,1,0.006666666666666667,0.0,26.08,40.57551137273765,0.9279026789233723,0.0,0.056666666666666664,0.0,0.0,0.0,0.0,label_as_truth
narrowband,shield_filter,naive,phi,radioml,23,300,0.9912305828699146,0.9863695589107795,0.0,0.03333333333333333,1,0.0,0.0,26.176666666666666,43.33832689740402,0.9578972495365815,0.0,0.03333333333333333,0.0,0.0,0.0,0.0,label_as_truth
narrowband,shield_filter,naive,phi,radioml,24,300,0.9779967162229511,0.9798228536787619,0.0,0.10333333333333333,1,0.006666666666666667,0.0,26.173333333333332,39.711776492987376,0.8746633828896179,0.0,0.10333333333333333,0.0,0.0,0.0,0.0,label_as_truth
narrowband,shield_filter,naive,phi,radioml,25,300,0.9908916695423556,0.9866689123313784,0.0,0.03666666666666667,1,0.0033333333333333335,0.0,26.186666666666667,41.1256208354497,0.9542250028756892,0.0,0.03666666666666667,0.0,0.0,0.0,0.0,label_as_truth
narrowband,shield_filter,naive,phi,radioml,26,300,0.9867345573100054,0.9826279954685583,0.0,0.05,1,0.0,0.0,26.10333333333333,39.380644412936036,0.9367345573100052,0.0,0.05,0.0,0.0,0.0,0.0,label_as_truth
narrowband,shield_filter,naive,phi,radioml,27,300,0.9882767091757323,0.9850355029090256,0.0,0.023333333333333334,1,0.0,0.0,26.076666666666668,39.54981056080492,0.9649433758423989,0.0,0.023333333333333334,0.0,0.0,0.0,0.0,label_as_truth
narrowband,shield_filter,naive,phi,radioml,28,300,0.9878928398118846,0.9803595134608332,0.0,0.04666666666666667,1,0.0,0.0,26.073333333333334,39.29075604811536,0.941226173145218,0.0,0.04666666666666667,0.0,0.0,0.0,0.0,label_as_truth
narrowband,shield_filter,naive,phi,radioml,29,300,0.9863102108868732,0.9818047030464276,0.0,0.10666666666666667,1,0.0,0.0,26.34,36.84764944992574,0.8796435442202065,0.0,0.10666666666666667,0.0,0.0,0.0,0.0,label_as_truth
narrowband,shield_repair,naive,phi,radioml,0,300,0.9879353301963196,0.9781334226143324,0.0,0.09,1,0.0,0.3393333333333333,26.373333333333335,39.38416139973205,0.8979353301963197,0.0,0.09,0.0,0.0,0.0,0.0,label_as_truth
narrowband,shield_repair,naive,phi,radioml,1,300,0.9919699273114047,0.9862040077432356,0.0,0.06,1,0.0,0.3526666666666667,26.076666666666668,37.04669145138613,0.9319699273114046,0.0,0.06,0.0,0.0,0.0,0.0,label_as_truth
narrowband,shield_repair,naive,phi,radioml,2,300,0.9917386240138192,0.986216833923414,0.0,0.08333333333333333,1,0.0,0.3433333333333333,26.473333333333333,43.47784584722318,0.9084052906804859,0.0,0.08333333333333333,0.0,0.0,0.0,0.0,label_as_truth
narrowband,shield_repair,naive,phi,radioml,3,300,0.9913094631734024,0.9740378726870449,0.0,0.08,1,0.0,0.34933333333333333,26.293333333333333,40.222933489860175,0.9113094631734024,0.0,0.08,0.0,0.0,0.0,0.0,label_as_truth
narrowband,shield_repair,naive,phi,radioml,4,300,0.9913776094491005,0.9828326994417224,0.0,0.05,1,0.0,0.35533333333333333,26.42,43.81480587817549,0.9413776094491004,0.0,0.05,0.0,0.0,0.0,0.0,label_as_truth
narrowband,shield_repair,naive,phi,radioml,5,300,0.9913815720164166,0.9739999750442907,0.0,0.07,1,0.0,0.364,26.22,42.97830657562457,0.9213815720164166,0.0,0.07,0.0,0.0,0.0,0.0,label_as_truth
narrowband,shield_repair,naive,phi,radioml,6,300,0.9882777174123313,0.9775986701673945,0.0,0.05,1,0.0,0.3313333333333333,26.30666666666667,39.176749180916616,0.9382777174123312,0.0,0.05,0.0,0.0,0.0,0.0,label_as_truth
narrowband,shield_repair,naive,phi,radioml,7,300,0.9918558080258246,0.9860873959933631,0.0,0.07,1,0.0,0.35333333333333333,26.51,40.84516121912245,0.9218558080258246,0.0,0.07,0.0,0.0,0.0,0.0,label_as_truth
narrowband,shield_repair,naive,phi,radioml,8,300,0.9913994329883754,0.9739998467528639,0.0,0.08,1,0.0,0.3506666666666667,26.413333333333334,40.84265473396387,0.9113994329883754,0.0,0.08,0.0,0.0,0.0,0.0,label_as_truth
narrowband,shield_repair,naive,phi,radioml,9,300,0.9915632219049424,0.9853908060206991,0.0,0.05333333333333334,1,0.0,0.34933333333333333,26.30666666666667,46.805337562417165,0.938229888571609,0.0,0.05333333333333334,0.0,0.0,0.0,0.0,label_as_truth
narrowband,shield_repair,naive,phi,radioml,10,300,0.9908281994660028,0.9739998920620482,0.0,0.06,2,0.0,0.3486666666666667,26.563333333333333,41.32931525422941,0.9308281994660028,0.0,0.06,0.0,0.0,0.0,0.0,label_as_truth
narrowband,shield_repair,naive,phi,radioml,11,300,0.9903630607913018,0.9836462220113689,0.0,0.08333333333333333,1,0.0,0.34933333333333333,26.243333333333332,41.856959715189426,0.9070297274579684,0.0,0.08333333333333333,0.0,0.0,0.0,0.0,label_as_truth
narrowband,shield_repair,naive,phi,radioml,12,300,0.9920326516902035,0.9880894321551976,0.0,0.08333333333333333,1,0.0,0.348,26.35,42.01633322099627,0.9086993183568701,0.0,0.08333333333333333,0.0,0.0,0.0,0.0,label_as_truth
narrowband,shield_repair,naive,phi,radioml,13,300,0.9889503548738131,0.9861132369098188,0.0,0.06,1,0.0,0.3373333333333333,26.32,44.40614788639989,0.9289503548738132,0.0,0.06,0.0,0.0,0.0,0.0,label_as_truth
narrowband,shield_repair,naive,phi,radioml,14,300,0.9902543041976283,0.9832011554049572,0.0,0.03666666666666667,1,0.0,0.35133333333333333,26.356666666666666,43.8086246787773,0.9535876375309617,0.0,0.03666666666666667,0.0,0.0,0.0,0.0,label_as_truth
narrowband,shield_repair,naive,phi,radioml,15,300,0.9910057508386281,0.9739899834956328,0.0,0.03333333333333333,1,0.0,0.34933333333333333,26.26,39.148906457361335,0.9576724175052947,0.0,0.03333333333333333,0.0,0.0,0.0,0.0,label_as_truth
narrowband,shield_repair,naive,phi,radioml,16,300,0.989551783206666,0.9739472231975844,0.0,0.03,1,0.0,0.3453333333333333,26.183333333333334,40.56096648598634,0.959551783206666,0.0,0.03,0.0,0.0,0.0,0.0,label_as_truth
narrowband,shield_repair,naive,phi,radioml,17,300,0.9907498194524829,0.9820357915365934,0.0,0.043333333333333335,1,0.0,0.3473333333333333,26.38,40.36871313134177,0.9474164861191495,0.0,0.043333333333333335,0.0,0.0,0.0,0.0,label_as_truth
narrowband,shield_repair,naive,phi,radioml,18,300,0.9883489297394767,0.9805866943864,0.0,0.06,2,0.0,0.33666666666666667,26.423333333333332,37.663291473985396,0.9283489297394768,0.0,0.06,0.0,0.0,0.0,0.0,label_as_truth
narrowband,shield_repair,naive,phi,radioml,19,300,0.9919882337326998,0.9836625457096674,0.0,0.056666666666666664,1,0.0,0.3486666666666667,26.323333333333334,37.586296992211665,0.9353215670660334,0.0,0.056666666666666664,0.0,0.0,0.0,0.0,label_as_truth
narrowband,shield_repair,naive,phi,radioml,20,300,0.9912113556697117,0.9739964138012552,0.0,0.06666666666666667,1,0.0,0.3606666666666667,26.216666666666665,43.774875041522776,0.9245446890030451,0.0,0.06666666666666667,0.0,0.0,0.0,0.0,label_as_truth
narrowband,shield_repair,naive,phi,radioml,21,300,0.9905541864917656,0.9779032705415891,0.0,0.05,1,0.0,0.336,26.29,37.71940840962533,0.9405541864917656,0.0,0.05,0.0,0.0,0.0,0.0,label_as_truth
narrowband,shield_repair,naive,phi,radioml,22,300,0.9920857639481485,0.9859166947920663,0.0,0.07,1,0.0,0.352,26.213333333333335,40.30135346457195,0.9220857639481485,0.0,0.07,0.0,0.0,0.0,0.0,label_as_truth
narrowband,shield_repair,naive,phi,radioml,23,300,0.9919664575032812,0.9845880445721726,0.0,0.05333333333333334,1,0.0,0.3273333333333333,26.326666666666668,47.146064598280105,0.9386331241699478,0.0,0.05333333333333334,0.0,0.0,0.0,0.0,label_as_truth
narrowband,shield_repair,naive,phi,radioml,24,300,0.988128342793554,0.9845814941549973,0.0,0.11666666666666667,1,0.0,0.346,26.233333333333334,37.41816296124434,0.8714616761268872,0.0,0.11666666666666667,0.0,0.0,0.0,0.0,label_as_truth
narrowband,shield_repair,naive,phi,radioml,25,300,0.9918618250822594,0.986535854115542,0.0,0.04,1,0.0,0.346,26.44,40.721654416169336,0.9518618250822594,0.0,0.04,0.0,0.0,0.0,0.0,label_as_truth
narrowband,shield_repair,naive,phi,radioml,26,300,0.9870017962211238,0.9739999652524689,0.0,0.05333333333333334,1,0.0,0.3486666666666667,26.383333333333333,43.68044776961958,0.9336684628877905,0.0,0.05333333333333334,0.0,0.0,0.0,0.0,label_as_truth
narrowband,shield_repair,naive,phi,radioml,27,300,0.991076936295226,0.9744025285914022,0.0,0.03666666666666667,1,0.0,0.3413333333333333,26.233333333333334,42.4980202314701,0.9544102696285593,0.0,0.03666666666666667,0.0,0.0,0.0,0.0,label_as_truth
narrowband,shield_repair,naive,phi,radioml,28,300,0.9911711178113063,0.9739998412939551,0.0,0.04666666666666667,1,0.0,0.34,26.153333333333332,40.41345992190915,0.9445044511446397,0.0,0.04666666666666667,0.0,0.0,0.0,0.0,label_as_truth
narrowband,shield_repair,naive,phi,radioml,29,300,0.9881218737699214,0.9802348224476377,0.0,0.09,1,0.0,0.36466666666666664,26.466666666666665,42.76656004369054,0.8981218737699215,0.0,0.09,0.0,0.0,0.0,0.0,label_as_truth
wideband,greedy_twin,naive,phi,radioml,0,300,0.7625475673440409,0.00026160594476353464,0.18666666666666668,0.32666666666666666,1,0.0,0.0,27.286666666666665,37.129054713599594,0.4358809006773742,0.07666666666666666,0.21666666666666667,0.06333333333333334,0.0,0.0033333333333333335,0.043333333333333335,label_as_truth
wideband,greedy_twin,naive,phi,radioml,1,300,0.7662900070105416,0.0006663950316747749,0.19666666666666666,0.33666666666666667,2,0.0,0.0,27.4,51.51196793100377,0.429623340343875,0.08333333333333333,0.22,0.05333333333333334,0.0,0.0,0.06666666666666667,label_as_truth
wideband,greedy_twin,naive,phi,radioml,2,300,0.7630102333132222,6.236022633778885e-05,0.2,0.35333333333333333,1,0.0,0.0,27.46,41.11272876496793,0.4096768999798889,0.07,0.20666666666666667,0.06333333333333334,0.0,0.0,0.06333333333333334,label_as_truth
wideband,greedy_twin,naive,phi,radioml,3,300,0.7762100582959086,0.00020341231445046145,0.21333333333333335,0.36,2,0.0,0.0,27.503333333333334,47.03034100292568,0.41621005829590846,0.056666666666666664,0.22,0.06333333333333334,0.0,0.0,0.11,label_as_truth
wideband,greedy_twin,naive,phi,radioml,4,300,0.7470051029858572,0.00046571477139159876,0.24666666666666667,0.36,1,0.0,0.0,27.486666666666668,46.54721652438069,0.38700510298585716,0.07,0.18666666666666668,0.12333333333333334,0.0,0.0,0.07666666666666666,label_as_truth
wideband,greedy_twin,naive,phi,radioml,5,300,0.7750782425037737,0.00019640870759321462,0.2633333333333333,0.4066666666666667,1,0.0,0.0,27.57,36.044326862504654,0.36841157583710704,0.09666666666666666,0.22666666666666666,0.10333333333333333,0.0,0.0,0.11666666666666667,label_as_truth
wideband,greedy_twin,naive,phi,radioml,6,300,0.7401396520172738,0.00014213897639614085,0.18,0.29,5,0.0,0.0,27.246666666666666,41.218916986294246,0.45013965201727385,0.056666666666666664,0.15333333333333332,0.06,0.0,0.0,0.08,label_as_truth
wideband,greedy_twin,naive,phi,radioml,7,300,0.7916734643725507,0.0007112927886266672,0.23333333333333334,0.36666666666666664,3,0.0,0.0,27.73,42.0134520486449,0.4250067977058839,0.07,0.20666666666666667,0.06666666666666667,0.0,0.0,0.10333333333333333,label_as_truth
wideband,greedy_twin,naive,phi,radioml,8,300,0.7593854283034102,0.00017029806997271164,0.24666666666666667,0.43,1,0.0,0.0,27.966666666666665,42.17987359288006,0.3293854283034101,0.08,0.25333333333333335,0.07,0.0,0.006666666666666667,0.18333333333333332,label_as_truth
wideband,greedy_twin,naive,phi,radioml,9,300,0.7370990809161763,0.00013454402069714105,0.24333333333333335,0.37,1,0.0,0.0,27.573333333333334,46.212592084375274,0.3670990809161764,0.08333333333333333,0.2,0.07,0.0,0.0033333333333333335,0.12,label_as_truth
wideband,greedy_twin,naive,phi,radioml,10,300,0.7730496917295322,0.0011367030012940128,0.22,0.3433333333333333,1,0.0,0.0,27.53,42.868592826278665,0.4297163583961988,0.06666666666666667,0.17666666666666667,0.08666666666666667,0.0,0.0,0.08666666666666667,label_as_truth
wideband,greedy_twin,naive,phi,radioml,11,300,0.7914004691200501,0.00034699965206929994,0.2,0.36333333333333334,1,0.0,0.0,27.47,41.71148366277065,0.4280671357867168,0.08666666666666667,0.21666666666666667,0.05,0.0,0.0,0.11,label_as_truth
wideband,greedy_twin,naive,phi,radioml,12,300,0.7794740591671558,0.0022729315083038935,0.19666666666666666,0.2966666666666667,1,0.0,0.0,27.73,48.79868574345121,0.48280739250048915,0.08,0.21333333333333335,0.03666666666666667,0.0,0.0,0.05,label_as_truth
wideband,greedy_twin,naive,phi,radioml,13,300,0.7594670421076045,0.0008610412689392773,0.19666666666666666,0.31666666666666665,2,0.0,0.0,27.606666666666666,46.81852358042032,0.4428003754409378,0.056666666666666664,0.17666666666666667,0.056666666666666664,0.0,0.0,0.09666666666666666,label_as_truth
wideband,greedy_twin,naive,phi,radioml,14,300,0.7559843539583964,0.0005042221658487331,0.2633333333333333,0.3466666666666667,10,0.0,0.0,27.753333333333334,43.67149996496764,0.4093176872917298,0.06666666666666667,0.17,0.09333333333333334,0.0,0.0033333333333333335,0.12666666666666668,label_as_truth
wideband,greedy_twin,naive,phi,radioml,15,300,0.7421990840898087,0.0002717249426764783,0.19333333333333333,0.27666666666666667,1,0.0,0.0,27.386666666666667,42.91732545604597,0.46553241742314205,0.07,0.13,0.056666666666666664,0.0,0.0,0.08333333333333333,label_as_truth
wideband,greedy_twin,naive,phi,radioml,16,300,0.7945826549587792,0.00038584025990714624,0.19,0.29,1,0.0,0.0,27.383333333333333,41.06213619867536,0.5045826549587793,0.06666666666666667,0.12666666666666668,0.07333333333333333,0.0,0.0,0.09333333333333334,label_as_truth
wideband,greedy_twin,naive,phi,radioml,17,300,0.7517033758655262,0.00019237302343462265,0.20666666666666667,0.29,2,0.0,0.0,27.446666666666665,42.93617593259916,0.4617033758655261,0.08,0.15666666666666668,0.05333333333333334,0.0,0.0,0.05333333333333334,label_as_truth
wideband,greedy_twin,naive,phi,radioml,18,300,0.7420420283191658,0.00016481442820823525,0.23666666666666666,0.3333333333333333,4,0.0,0.0,27.62,40.244794491880505,0.40870869498583234,0.08333333333333333,0.19666666666666666,0.09333333333333334,0.0,0.0,0.06666666666666667,label_as_truth
wideband,greedy_twin,naive,phi,radioml,19,300,0.7672914107143785,5.7285265472066616e-05,0.24,0.38666666666666666,1,0.0,0.0,27.753333333333334,48.316419333073625,0.38062474404771174,0.07333333333333333,0.19333333333333333,0.08333333333333333,0.0,0.0033333333333333335,0.17,label_as_truth
wideband,greedy_twin,naive,phi,radioml,20,300,0.7457525698684909,0.00018376200052457468,0.25,0.3566666666666667,2,0.0,0.0,27.55,47.326927426271965,0.38908590320182423,0.07333333333333333,0.19,0.06666666666666667,0.0,0.0033333333333333335,0.11666666666666667,label_as_truth
wideband,greedy_twin,naive,phi,radioml,21,300,0.7432443830313119,0.00040410332917583574,0.22666666666666666,0.38,1,0.0,0.0,27.46,45.85192694537045,0.36324438303131196,0.08,0.18666666666666668,0.06,0.0,0.006666666666666667,0.14333333333333334,label_as_truth
wideband,greedy_twin,naive,phi,radioml,22,300,0.7596799936140961,0.0001748769715985939,0.23333333333333334,0.39,3,0.0,0.0,27.473333333333333,42.709755765156196,0.36967999361409604,0.07666666666666666,0.22,0.07666666666666666,0.0,0.0033333333333333335,0.1,label_as_truth
wideband,greedy_twin,naive,phi,radioml,23,300,0.7313397513701342,0.0002869618651212177,0.20333333333333334,0.26666666666666666,2,0.0,0.0,27.39666666666667,45.029069342173685,0.4646730847034675,0.06333333333333334,0.15,0.056666666666666664,0.0,0.0033333333333333335,0.06666666666666667,label_as_truth
wideband,greedy_twin,naive,phi,radioml,24,300,0.7460616633155812,0.000629965015941679,0.23,0.44333333333333336,1,0.0,0.0,27.666666666666668,41.643206978882944,0.3027283299822479,0.07333333333333333,0.2866666666666667,0.09666666666666666,0.0,0.0,0.11666666666666667,label_as_truth
wideband,greedy_twin,naive,phi,radioml,25,300,0.7824517922436498,0.0007029263348245133,0.22333333333333333,0.33666666666666667,2,0.0,0.0,27.676666666666666,43.24109776410272,0.44578512557698313,0.08666666666666667,0.19333333333333333,0.05333333333333334,0.0,0.0,0.09,label_as_truth
wideband,greedy_twin,naive,phi,radioml,26,300,0.7562080415629616,0.0004884094316266154,0.23,0.36,1,0.0,0.0,27.89,48.64234067034627,0.39620804156296163,0.06,0.21333333333333335,0.05333333333333334,0.0,0.013333333333333334,0.15,label_as_truth
wideband,greedy_twin,naive,phi,radioml,27,300,0.7341211939300437,0.00021957819359296444,0.21666666666666667,0.3,4,0.0,0.0,27.423333333333332,38.45679071840262,0.4341211939300438,0.10333333333333333,0.16,0.03666666666666667,0.0,0.0,0.056666666666666664,label_as_truth
wideband,greedy_twin,naive,phi,radioml,28,300,0.7322472469869862,0.0006077156292897329,0.24666666666666667,0.3466666666666667,1,0.0,0.0,27.35333333333333,44.605445615516956,0.3855805803203195,0.10666666666666667,0.19333333333333333,0.07,0.0,0.0033333333333333335,0.07,label_as_truth
wideband,greedy_twin,naive,phi,radioml,29,300,0.8153000466417095,0.0006725841498433352,0.26666666666666666,0.53,1,0.0,0.0,28.09,41.49688440680166,0.28530004664170944,0.07333333333333333,0.2966666666666667,0.08333333333333333,0.0,0.0,0.24,label_as_truth
wideband,shield_filter,naive,phi,radioml,0,300,0.7397117829075345,0.00026160594476353464,0.0,0.15333333333333332,1,0.0033333333333333335,0.0,26.686666666666667,38.779656151194104,0.5863784495742012,0.0,0.15333333333333332,0.0,0.0,0.0,0.0,label_as_truth
wideband,shield_filter,naive,phi,radioml,1,300,0.7448625255091182,0.00031388856407121185,0.0,0.14333333333333334,2,0.0033333333333333335,0.0,26.583333333333332,38.39086036357159,0.6015291921757849,0.0,0.14333333333333334,0.0,0.0,0.0,0.0,label_as_truth
wideband,shield_filter,naive,phi,radioml,2,300,0.7411770073986281,7.683298937265836e-05,0.0,0.12333333333333334,1,0.0,0.0,26.7,40.371043497393416,0.6178436740652948,0.0,0.12333333333333334,0.0,0.0,0.0,0.0,label_as_truth
wideband,shield_filter,naive,phi,radioml,3,300,0.7523092828250665,0.00012120430299986694,0.0,0.12333333333333334,2,0.006666666666666667,0.0,26.64666666666667,38.59365555127085,0.6289759494917333,0.0,0.12333333333333334,0.0,0.0,0.0,0.0,label_as_truth
wideband,shield_filter,naive,phi,radioml,4,300,0.7312421537483482,0.0003378275848643238,0.0,0.11,1,0.0033333333333333335,0.0,26.743333333333332,45.45223375508382,0.6212421537483482,0.0,0.11,0.0,0.0,0.0,0.0,label_as_truth
wideband,shield_filter,naive,phi,radioml,5,300,0.7497034900334728,0.0002072100148377273,0.0,0.11666666666666667,1,0.0,0.0,26.74,38.662068391938206,0.6330368233668061,0.0,0.11666666666666667,0.0,0.0,0.0,0.0,label_as_truth
wideband,shield_filter,naive,phi,radioml,6,300,0.7159066675651776,0.00014213897639614085,0.0,0.08,5,0.0,0.0,26.626666666666665,38.10933433476642,0.6359066675651776,0.0,0.08,0.0,0.0,0.0,0.0,label_as_truth
wideband,shield_filter,naive,phi,radioml,7,300,0.7470596468706606,0.0006595405895031052,0.0,0.10333333333333333,5,0.0033333333333333335,0.0,26.726666666666667,41.893682302446585,0.6437263135373272,0.0,0.10333333333333333,0.0,0.0,0.0,0.0,label_as_truth
wideband,shield_filter,naive,phi,radioml,8,300,0.7109554111044036,4.0067171774701906e-05,0.0,0.12333333333333334,1,0.006666666666666667,0.0,26.6,41.231611845948265,0.5876220777710703,0.0,0.12,0.0,0.0,0.0033333333333333335,0.0,label_as_truth
wideband,shield_filter,naive,phi,radioml,9,300,0.7023932951788435,8.734936625534023e-05,0.0,0.09,1,0.0033333333333333335,0.0,26.57,46.19645540565324,0.6123932951788436,0.0,0.08666666666666667,0.0,0.0,0.0033333333333333335,0.0,label_as_truth
wideband,shield_filter,naive,phi,radioml,10,300,0.745060990870675,0.00036162550008358546,0.0,0.10333333333333333,3,0.0033333333333333335,0.0,26.713333333333335,42.49753819938622,0.6417276575373416,0.0,0.10333333333333333,0.0,0.0,0.0,0.0,label_as_truth
wideband,shield_filter,naive,phi,radioml,11,300,0.7545711136030824,0.00018143132343476003,0.0,0.14,1,0.0,0.0,26.676666666666666,42.381119621325745,0.6145711136030824,0.0,0.14,0.0,0.0,0.0,0.0,label_as_truth
wideband,shield_filter,naive,phi,radioml,12,300,0.7471757533435893,0.0007986423913984289,0.0,0.10666666666666667,1,0.006666666666666667,0.0,26.663333333333334,39.09204649721794,0.6405090866769225,0.0,0.10666666666666667,0.0,0.0,0.0,0.0,label_as_truth
wideband,shield_filter,naive,phi,radioml,13,300,0.7351315219605935,0.0003294979660035859,0.0,0.08333333333333333,2,0.01,0.0,26.626666666666665,40.060516138247685,0.6517981886272601,0.0,0.08333333333333333,0.0,0.0,0.0,0.0,label_as_truth
wideband,shield_filter,naive,phi,radioml,14,300,0.7330408001400531,0.00013243041756496262,0.0,0.056666666666666664,4,0.0,0.0,26.69333333333333,41.501205542679976,0.6763741334733864,0.0,0.056666666666666664,0.0,0.0,0.0,0.0,label_as_truth
wideband,shield_filter,naive,phi,radioml,15,300,0.717163836522711,0.00018056707489395597,0.0,0.05333333333333334,1,0.0,0.0,26.653333333333332,38.85023347562998,0.6638305031893776,0.0,0.05333333333333334,0.0,0.0,0.0,0.0,label_as_truth
wideband,shield_filter,naive,phi,radioml,16,300,0.7743547368726748,0.00019148768016800068,0.0,0.06333333333333334,1,0.0033333333333333335,0.0,26.726666666666667,40.153506500494665,0.7110214035393415,0.0,0.06333333333333334,0.0,0.0,0.0,0.0,label_as_truth
wideband,shield_filter,naive,phi,radioml,17,300,0.7310825313465863,0.00011013107142508241,0.0,0.08333333333333333,2,0.006666666666666667,0.0,26.533333333333335,40.63506402588777,0.6477491980132529,0.0,0.08333333333333333,0.0,0.0,0.0,0.0,label_as_truth
wideband,shield_filter,naive,phi,radioml,18,300,0.7034587936439713,9.40356085326213e-05,0.0,0.1,4,0.006666666666666667,0.0,26.436666666666667,38.11685173824775,0.6034587936439713,0.0,0.09333333333333334,0.0,0.0,0.006666666666666667,0.0,label_as_truth
wideband,shield_filter,naive,phi,radioml,19,300,0.7249700485028415,4.483388937915803e-05,0.0,0.08333333333333333,1,0.0033333333333333335,0.0,26.54,40.89921037050595,0.6416367151695083,0.0,0.08333333333333333,0.0,0.0,0.0,0.0,label_as_truth
wideband,shield_filter,naive,phi,radioml,20,300,0.7240374277915792,0.00015281777027093473,0.0,0.09,2,0.006666666666666667,0.0,26.573333333333334,40.85710836776476,0.6340374277915792,0.0,0.09,0.0,0.0,0.0,0.0,label_as_truth
wideband,shield_filter,naive,phi,radioml,21,300,0.7149243531725431,0.0010732056943585095,0.0,0.09666666666666666,10,0.0,0.0,26.60333333333333,39.81848228482615,0.6182576865058763,0.0,0.09,0.0,0.0,0.006666666666666667,0.0,label_as_truth
wideband,shield_filter,naive,phi,radioml,22,300,0.7339384258008179,0.0001677016270879486,0.0,0.14,3,0.006666666666666667,0.0,26.583333333333332,40.57644105387326,0.5939384258008179,0.0,0.14,0.0,0.0,0.0,0.0,label_as_truth
wideband,shield_filter,naive,phi,radioml,23,300,0.7298194098469509,0.0006693590715190186,0.0,0.06333333333333334,2,0.0,0.0,26.596666666666668,43.34064718181011,0.6664860765136176,0.0,0.06333333333333334,0.0,0.0,0.0,0.0,label_as_truth
wideband,shield_filter,naive,phi,radioml,24,300,0.7219906293608975,0.00021472253414644982,0.0,0.22333333333333333,1,0.01,0.0,26.77,39.71314960716163,0.4986572960275642,0.0,0.22333333333333333,0.0,0.0,0.0,0.0,label_as_truth
wideband,shield_filter,naive,phi,radioml,25,300,0.7572459038948318,0.0006211557572135211,0.0,0.10333333333333333,2,0.0033333333333333335,0.0,26.786666666666665,41.125712675684035,0.6539125705614985,0.0,0.10333333333333333,0.0,0.0,0.0,0.0,label_as_truth
wideband,shield_filter,naive,phi,radioml,26,300,0.7339350160999975,0.00047111536218132126,0.0,0.09333333333333334,1,0.0,0.0,26.65,39.38260196936597,0.6406016827666641,0.0,0.09,0.0,0.0,0.0033333333333333335,0.0,label_as_truth
wideband,shield_filter,naive,phi,radioml,27,300,0.7143916810389489,0.00021957819359296444,0.0,0.07666666666666666,3,0.0033333333333333335,0.0,26.533333333333335,39.54783937058102,0.6377250143722822,0.0,0.07666666666666666,0.0,0.0,0.0,0.0,label_as_truth
wideband,shield_filter,naive,phi,radioml,28,300,0.7033601914439989,0.00027821687834788923,0.0,0.10333333333333333,1,0.0033333333333333335,0.0,26.473333333333333,39.290775187677184,0.6000268581106656,0.0,0.09333333333333334,0.0,0.0,0.01,0.0,label_as_truth
wideband,shield_filter,naive,phi,radioml,29,300,0.777559513193316,0.00037623223948757983,0.0,0.18666666666666668,8,0.0,0.0,26.876666666666665,36.84850063810563,0.5908928465266493,0.0,0.18333333333333332,0.0,0.0,0.0033333333333333335,0.0,label_as_truth
wideband,shield_repair,naive,phi,radioml,0,300,0.7629336996016509,0.0003489799251120153,0.0,0.16,1,0.0,0.37133333333333335,26.906666666666666,39.3855458331427,0.6029336996016509,0.0,0.16,0.0,0.0,0.0,0.0,label_as_truth
wideband,shield_repair,naive,phi,radioml,1,300,0.7535844996328681,0.0008809954499545318,0.0,0.15333333333333332,2,0.0,0.38666666666666666,26.77,37.048779894822424,0.6002511662995348,0.0,0.15333333333333332,0.0,0.0,0.0,0.0,label_as_truth
wideband,shield_repair,naive,phi,radioml,2,300,0.7506846691159736,6.306366870201065e-05,0.0,0.12666666666666668,1,0.0,0.36933333333333335,26.876666666666665,43.47950695795842,0.6240180024493069,0.0,0.12666666666666668,0.0,0.0,0.0,0.0,label_as_truth
wideband,shield_repair,naive,phi,radioml,3,300,0.7657102186779785,0.00012977453060502398,0.0,0.13333333333333333,2,0.0,0.386,26.91,40.22324382921368,0.6323768853446452,0.0,0.13333333333333333,0.0,0.0,0.0,0.0,label_as_truth
wideband,shield_repair,naive,phi,radioml,4,300,0.7366250957165605,0.00045593902442819134,0.0,0.13,1,0.0,0.38533333333333336,26.94333333333333,43.81556880754289,0.6066250957165605,0.0,0.11666666666666667,0.0,0.0,0.016666666666666666,0.0,label_as_truth
wideband,shield_repair,naive,phi,radioml,5,300,0.7513484963658427,0.0002072100148377273,0.0,0.13,1,0.0,0.394,26.836666666666666,42.9812265272193,0.6213484963658428,0.0,0.12333333333333334,0.0,0.0,0.006666666666666667,0.0,label_as_truth
wideband,shield_repair,naive,phi,radioml,6,300,0.7320646294290929,0.00010838518768253579,0.0,0.09333333333333334,5,0.0,0.37333333333333335,26.756666666666668,39.177450137292425,0.6387312960957596,0.0,0.08666666666666667,0.0,0.0,0.006666666666666667,0.0,label_as_truth
wideband,shield_repair,naive,phi,radioml,7,300,0.7774641024086257,0.0007112927886266672,0.0,0.11666666666666667,3,0.0,0.382,26.963333333333335,40.84652430525,0.660797435741959,0.0,0.11,0.0,0.0,0.006666666666666667,0.0,label_as_truth
wideband,shield_repair,naive,phi,radioml,8,300,0.7303383596597236,6.449595472170866e-05,0.0,0.16,1,0.0,0.37933333333333336,26.846666666666668,40.84392882509678,0.5703383596597237,0.0,0.15,0.0,0.0,0.013333333333333334,0.0,label_as_truth
wideband,shield_repair,naive,phi,radioml,9,300,0.7158331878524578,7.030584845481113e-05,0.0,0.09666666666666666,1,0.0,0.38666666666666666,26.576666666666668,46.80797620510707,0.6191665211857912,0.0,0.09666666666666666,0.0,0.0,0.0,0.0,label_as_truth
wideband,shield_repair,naive,phi,radioml,10,300,0.7574996720594542,0.0019791108742997256,0.0,0.12666666666666668,2,0.0,0.37466666666666665,27.096666666666668,41.331059483662976,0.6308330053927874,0.0,0.12333333333333334,0.0,0.0,0.0033333333333333335,0.0,label_as_truth
wideband,shield_repair,naive,phi,radioml,11,300,0.7546680599686146,0.00015636820884030618,0.0,0.15333333333333332,1,0.0,0.37933333333333336,26.8,41.8585490318156,0.6013347266352813,0.0,0.15,0.0,0.0,0.0033333333333333335,0.0,label_as_truth
wideband,shield_repair,naive,phi,radioml,12,300,0.7618287789520918,0.0022729315083038935,0.0,0.14333333333333334,1,0.0,0.376,26.933333333333334,42.01705550041866,0.6184954456187584,0.0,0.14,0.0,0.0,0.0033333333333333335,0.0,label_as_truth
wideband,shield_repair,naive,phi,radioml,13,300,0.7471476506659656,0.0009413328058388081,0.0,0.09,2,0.0,0.36333333333333334,26.936666666666667,44.40706187605329,0.6571476506659656,0.0,0.09,0.0,0.0,0.0,0.0,label_as_truth
wideband,shield_repair,naive,phi,radioml,14,300,0.754515409619395,0.0002969358455974485,0.0,0.06333333333333334,10,0.0,0.38266666666666665,26.946666666666665,43.81029466190552,0.6911820762860615,0.0,0.06333333333333334,0.0,0.0,0.0,0.0,label_as_truth
wideband,shield_repair,naive,phi,radioml,15,300,0.7169694955992268,0.0002717249426764783,0.0,0.06,1,0.0,0.37933333333333336,26.673333333333332,39.150627079198145,0.6569694955992269,0.0,0.06,0.0,0.0,0.0,0.0,label_as_truth
wideband,shield_repair,naive,phi,radioml,16,300,0.7708969862587483,0.00019148768016800068,0.0,0.07,1,0.0,0.36866666666666664,26.92,40.56201302921749,0.7008969862587481,0.0,0.06666666666666667,0.0,0.0,0.0033333333333333335,0.0,label_as_truth
wideband,shield_repair,naive,phi,radioml,17,300,0.7587278474739482,0.00023075676870323272,0.0,0.09666666666666666,2,0.0,0.37666666666666665,26.83,40.36872358301194,0.6620611808072816,0.0,0.09666666666666666,0.0,0.0,0.0,0.0,label_as_truth
wideband,shield_repair,naive,phi,radioml,18,300,0.7309805589292477,0.0001241476942636779,0.0,0.12,4,0.0,0.37733333333333335,26.923333333333332,37.66427821863643,0.6109805589292477,0.0,0.11666666666666667,0.0,0.0,0.0033333333333333335,0.0,label_as_truth
wideband,shield_repair,naive,phi,radioml,19,300,0.728654134466284,4.214521600982931e-05,0.0,0.09666666666666666,1,0.0,0.382,26.826666666666668,37.586224677410115,0.6319874677996172,0.0,0.09333333333333334,0.0,0.0,0.006666666666666667,0.0,label_as_truth
wideband,shield_repair,naive,phi,radioml,20,300,0.7325803008832702,0.00019910147931350135,0.0,0.12,2,0.0,0.3993333333333333,26.843333333333334,43.77614761843078,0.6125803008832704,0.0,0.1,0.0,0.0,0.02,0.0,label_as_truth
wideband,shield_repair,naive,phi,radioml,21,300,0.7233957235623683,0.0009026357158964284,0.0,0.10333333333333333,1,0.0,0.37,26.80666666666667,37.72078112059947,0.620062390229035,0.0,0.1,0.0,0.0,0.006666666666666667,0.0,label_as_truth
wideband,shield_repair,naive,phi,radioml,22,300,0.7469432154260364,0.00011554389164456206,0.0,0.16,3,0.0,0.37933333333333336,26.726666666666667,40.30333690790193,0.5869432154260364,0.0,0.15666666666666668,0.0,0.0,0.006666666666666667,0.0,label_as_truth
wideband,shield_repair,naive,phi,radioml,23,300,0.7335366078825697,0.00019884207162185132,0.0,0.08666666666666667,2,0.0,0.3606666666666667,26.80666666666667,47.14817718796783,0.646869941215903,0.0,0.08333333333333333,0.0,0.0,0.0033333333333333335,0.0,label_as_truth
wideband,shield_repair,naive,phi,radioml,24,300,0.7410824706372732,0.0005286991061453396,0.0,0.23333333333333334,1,0.0,0.37533333333333335,26.836666666666666,37.41946722490003,0.5077491373039399,0.0,0.23333333333333334,0.0,0.0,0.0,0.0,label_as_truth
wideband,shield_repair,naive,phi,radioml,25,300,0.7655424497764367,0.0014181941784624857,0.0,0.12,2,0.0,0.376,27.03,40.72153508589105,0.6455424497764367,0.0,0.10666666666666667,0.0,0.0,0.016666666666666666,0.0,label_as_truth
wideband,shield_repair,naive,phi,radioml,26,300,0.7510744745823862,0.0004884094316266154,0.0,0.1,1,0.0,0.38,26.97,43.68252195428843,0.6510744745823861,0.0,0.09666666666666666,0.0,0.0,0.0033333333333333335,0.0,label_as_truth
wideband,shield_repair,naive,phi,radioml,27,300,0.7167133475627884,0.0001967119827054122,0.0,0.09333333333333334,3,0.0,0.38133333333333336,26.773333333333333,42.49792323422937,0.6233800142294551,0.0,0.08333333333333333,0.0,0.0,0.01,0.0,label_as_truth
wideband,shield_repair,naive,phi,radioml,28,300,0.7034488724744381,0.0002336935343180031,0.0,0.10666666666666667,4,0.0,0.372,26.626666666666665,40.41435980470731,0.5967822058077714,0.0,0.1,0.0,0.0,0.01,0.0,label_as_truth
wideband,shield_repair,naive,phi,radioml,29,300,0.7835803267626742,0.00037661725210835447,0.0,0.18333333333333332,8,0.0,0.38133333333333336,27.136666666666667,42.76819709471779,0.6002469934293408,0.0,0.18333333333333332,0.0,0.0,0.0,0.0,label_as_truth
bursty,greedy_twin,naive,phi,radioml,0,300,0.9851409597671167,0.9701798959883512,0.24,0.24333333333333335,1,0.0,0.0,26.126666666666665,40.384891441264074,0.7418076264337831,0.08333333333333333,0.11666666666666667,0.07,0.0,0.0,0.0,label_as_truth
bursty,greedy_twin,naive,phi,radioml,1,300,0.9835688727308366,0.9739999973559048,0.20666666666666667,0.22,1,0.0,0.0,25.81,43.22266101191429,0.7635688727308366,0.07666666666666666,0.09666666666666666,0.06333333333333334,0.0,0.0,0.013333333333333334,label_as_truth
bursty,greedy_twin,naive,phi,radioml,2,300,0.9822595629963659,0.9739996172547879,0.23333333333333334,0.25333333333333335,1,0.0,0.0,25.923333333333332,39.44781292287322,0.7289262296630326,0.09333333333333334,0.12,0.06666666666666667,0.0,0.0,0.02,label_as_truth
bursty,greedy_twin,naive,phi,radioml,3,300,0.9752670668408049,0.9663122488232749,0.17666666666666667,0.18666666666666668,1,0.0,0.0,25.763333333333332,40.59930231408741,0.7886004001741383,0.09,0.08666666666666667,0.04666666666666667,0.0,0.0,0.0,label_as_truth
bursty,greedy_twin,naive,phi,radioml,4,300,0.9830676716548571,0.9731074839391038,0.21333333333333335,0.22666666666666666,1,0.0,0.0,25.94,47.41428941695803,0.7564010049881905,0.06,0.10333333333333333,0.08666666666666667,0.0,0.0,0.006666666666666667,label_as_truth
bursty,greedy_twin,naive,phi,radioml,5,300,0.985520389960188,0.9736590073320589,0.24333333333333335,0.26,1,0.0,0.0,26.23,39.81088178002692,0.7255203899601883,0.06666666666666667,0.12666666666666668,0.08333333333333333,0.0,0.0,0.013333333333333334,label_as_truth
bursty,greedy_twin,naive,phi,radioml,6,300,0.9852519999773897,0.9726391150552676,0.21,0.22666666666666666,1,0.0,0.0,25.93,47.425621576893654,0.758585333310723,0.06666666666666667,0.10666666666666667,0.07666666666666666,0.0,0.0,0.03,label_as_truth
bursty,greedy_twin,naive,phi,radioml,7,300,0.9863761305034693,0.9732530373028984,0.21666666666666667,0.23333333333333334,1,0.0,0.0,25.926666666666666,41.988464393335676,0.7530427971701361,0.07666666666666666,0.1,0.08,0.0,0.0,0.016666666666666666,label_as_truth
bursty,greedy_twin,naive,phi,radioml,8,300,0.987314888805184,0.9738780259776316,0.20666666666666667,0.21333333333333335,1,0.0,0.0,25.956666666666667,46.90578873513535,0.7739815554718507,0.05,0.11333333333333333,0.07333333333333333,0.0,0.0,0.016666666666666666,label_as_truth
bursty,greedy_twin,naive,phi,radioml,9,300,0.9862636677416422,0.9669828001799331,0.22333333333333333,0.24666666666666667,1,0.0,0.0,26.05666666666667,38.967002519922744,0.7395970010749755,0.07333333333333333,0.13333333333333333,0.07666666666666666,0.0,0.0,0.03333333333333333,label_as_truth
bursty,greedy_twin,naive,phi,radioml,10,300,0.9857564212642751,0.9739221489796233,0.23666666666666666,0.2633333333333333,1,0.0,0.0,26.56,47.049310989022935,0.7224230879309418,0.05,0.13666666666666666,0.08,0.0,0.0,0.043333333333333335,label_as_truth
bursty,greedy_twin,naive,phi,radioml,11,300,0.9861616516279859,0.9739198275298214,0.2,0.20333333333333334,1,0.0,0.0,25.766666666666666,39.71709450034288,0.7828283182946526,0.07333333333333333,0.09,0.08666666666666667,0.0,0.0,0.0,label_as_truth
bursty,greedy_twin,naive,phi,radioml,12,300,0.9852094409366685,0.9739974355518897,0.21333333333333335,0.22666666666666666,1,0.0,0.0,25.89666666666667,42.81030973245876,0.7585427742700017,0.1,0.09666666666666666,0.06333333333333334,0.0,0.0,0.016666666666666666,label_as_truth
bursty,greedy_twin,naive,phi,radioml,13,300,0.9843914338115289,0.9708029603859134,0.22,0.22666666666666666,1,0.0,0.0,25.963333333333335,39.74380291064933,0.7577247671448624,0.06666666666666667,0.11333333333333333,0.06333333333333334,0.0,0.0,0.006666666666666667,label_as_truth
bursty,greedy_twin,naive,phi,radioml,14,300,0.9876357526093283,0.9703767261597678,0.26666666666666666,0.2733333333333333,1,0.0,0.0,26.316666666666666,38.610459671684616,0.714302419275995,0.09,0.12666666666666668,0.10666666666666667,0.0,0.0,0.006666666666666667,label_as_truth
bursty,greedy_twin,naive,phi,radioml,15,300,0.9815711548988079,0.9670841496695859,0.26666666666666666,0.28,1,0.0,0.0,25.833333333333332,43.44608347311175,0.701571154898808,0.09666666666666666,0.1,0.11,0.0,0.0,0.0,label_as_truth
bursty,greedy_twin,naive,phi,radioml,16,300,0.9853917036899195,0.9737571558951836,0.2,0.21,1,0.0,0.0,25.933333333333334,41.818613757072484,0.7753917036899193,0.07333333333333333,0.10333333333333333,0.05,0.0,0.0,0.013333333333333334,label_as_truth
bursty,greedy_twin,naive,phi,radioml,17,300,0.9840304001482497,0.9729841483657474,0.25333333333333335,0.2633333333333333,1,0.0,0.0,25.87,43.00897281876298,0.7206970668149163,0.09,0.09666666666666666,0.09333333333333334,0.0,0.0,0.006666666666666667,label_as_truth
bursty,greedy_twin,naive,phi,radioml,18,300,0.9872040541778688,0.9739944938367869,0.22666666666666666,0.24333333333333335,1,0.0,0.0,26.343333333333334,47.034885836906014,0.7438707208445353,0.09,0.12333333333333334,0.06333333333333334,0.0,0.0,0.02666666666666667,label_as_truth
bursty,greedy_twin,naive,phi,radioml,19,300,0.9838972325604926,0.9716748880711834,0.22,0.22333333333333333,1,0.0,0.0,26.14666666666667,44.19148103611582,0.7605638992271592,0.07666666666666666,0.1,0.08333333333333333,0.0,0.0,0.006666666666666667,label_as_truth
bursty,greedy_twin,naive,phi,radioml,20,300,0.9840854935244518,0.9714164388631866,0.22666666666666666,0.23,2,0.0,0.0,25.87,41.77144495451741,0.7540854935244518,0.06666666666666667,0.10333333333333333,0.09666666666666666,0.0,0.0,0.0,label_as_truth
bursty,greedy_twin,naive,phi,radioml,21,300,0.984940008759307,0.9729660952300752,0.18,0.18666666666666668,1,0.0,0.0,25.816666666666666,39.670939022875764,0.7982733420926404,0.056666666666666664,0.08666666666666667,0.06,0.0,0.0,0.0,label_as_truth
bursty,greedy_twin,naive,phi,radioml,22,300,0.9837353639279532,0.9690467064599694,0.2633333333333333,0.2733333333333333,1,0.0,0.0,26.4,44.52829905276069,0.7104020305946199,0.08,0.12666666666666668,0.09666666666666666,0.0,0.0,0.013333333333333334,label_as_truth
bursty,greedy_twin,naive,phi,radioml,23,300,0.9831668927267765,0.9732455542744627,0.20666666666666667,0.21,1,0.0,0.0,25.92,47.308364189134245,0.7731668927267766,0.06333333333333334,0.1,0.07666666666666666,0.0,0.0,0.0,label_as_truth
bursty,greedy_twin,naive,phi,radioml,24,300,0.9866098472513394,0.9717118466353389,0.17,0.19333333333333333,1,0.0,0.0,25.85,46.082768897152334,0.793276513918006,0.043333333333333335,0.10666666666666667,0.07666666666666666,0.0,0.0,0.006666666666666667,label_as_truth
bursty,greedy_twin,naive,phi,radioml,25,300,0.981918582805583,0.9666832527153728,0.22666666666666666,0.23666666666666666,1,0.0,0.0,25.996666666666666,45.506719429069996,0.7452519161389165,0.08333333333333333,0.10333333333333333,0.08333333333333333,0.0,0.0,0.006666666666666667,label_as_truth
bursty,greedy_twin,naive,phi,radioml,26,300,0.988498801220087,0.9737230566814536,0.19,0.20333333333333334,1,0.0,0.0,25.876666666666665,42.776643655119464,0.7851654678867539,0.043333333333333335,0.09,0.08666666666666667,0.0,0.0,0.0,label_as_truth
bursty,greedy_twin,naive,phi,radioml,27,300,0.9887977180937715,0.9727904747905628,0.24333333333333335,0.26,1,0.0,0.0,26.14666666666667,45.08913554558782,0.7287977180937715,0.09666666666666666,0.12666666666666668,0.06333333333333334,0.0,0.0,0.03,label_as_truth
bursty,greedy_twin,naive,phi,radioml,28,300,0.9891124979168986,0.9739589046607557,0.19666666666666666,0.2,1,0.0,0.0,25.65,42.183939906344946,0.7891124979168986,0.09666666666666666,0.07333333333333333,0.04666666666666667,0.0,0.0,0.0,label_as_truth
bursty,greedy_twin,naive,phi,radioml,29,300,0.9826441655006556,0.9732442517082994,0.21666666666666667,0.24333333333333335,1,0.0,0.0,26.243333333333332,41.1783645180061,0.7393108321673225,0.06666666666666667,0.13666666666666666,0.07666666666666666,0.0,0.0,0.05,label_as_truth
bursty,shield_filter,naive,phi,radioml,0,300,0.9798968827738372,0.9608820222205782,0.0,0.006666666666666667,1,0.0,0.0,24.913333333333334,40.13453228729292,0.9732302161071705,0.0,0.006666666666666667,0.0,0.0,0.0,0.0,label_as_truth
bursty,shield_filter,naive,phi,radioml,1,300,0.9753830518576077,0.9732936323568194,0.0,0.013333333333333334,1,0.0,0.0,24.966666666666665,37.426182122467154,0.9620497185242743,0.0,0.013333333333333334,0.0,0.0,0.0,0.0,label_as_truth
bursty,shield_filter,naive,phi,radioml,2,300,0.9806012827486252,0.9761626570506057,0.0,0.013333333333333334,1,0.0033333333333333335,0.0,24.733333333333334,41.63103633766076,0.9672679494152919,0.0,0.013333333333333334,0.0,0.0,0.0,0.0,label_as_truth
bursty,shield_filter,naive,phi,radioml,3,300,0.9729795556884354,0.9605630679441751,0.0,0.016666666666666666,1,0.0,0.0,24.913333333333334,40.13359940811569,0.9563128890217687,0.0,0.016666666666666666,0.0,0.0,0.0,0.0,label_as_truth
bursty,shield_filter,naive,phi,radioml,4,300,0.9758274466893972,0.9660300795566081,0.0,0.01,1,0.0,0.0,24.793333333333333,40.13517715635027,0.9658274466893974,0.0,0.01,0.0,0.0,0.0,0.0,label_as_truth
bursty,shield_filter,naive,phi,radioml,5,300,0.9789735451102622,0.9633815764491594,0.0,0.01,1,0.0,0.0,25.01,39.69728497399793,0.9689735451102622,0.0,0.01,0.0,0.0,0.0,0.0,label_as_truth
bursty,shield_filter,naive,phi,radioml,6,300,0.9759116536528639,0.9630298009075642,0.0,0.013333333333333334,1,0.0033333333333333335,0.0,24.823333333333334,40.941547732460705,0.9625783203195306,0.0,0.013333333333333334,0.0,0.0,0.0,0.0,label_as_truth
bursty,shield_filter,naive,phi,radioml,7,300,0.9785957474237315,0.9710919072154286,0.0,0.006666666666666667,1,0.0033333333333333335,0.0,24.906666666666666,38.20984663123465,0.9719290807570647,0.0,0.006666666666666667,0.0,0.0,0.0,0.0,label_as_truth
bursty,shield_filter,naive,phi,radioml,8,300,0.9820295351656326,0.9600820946571602,0.0,0.0033333333333333335,1,0.0033333333333333335,0.0,24.846666666666668,37.878729527326264,0.9786962018322992,0.0,0.0033333333333333335,0.0,0.0,0.0,0.0,label_as_truth
bursty,shield_filter,naive,phi,radioml,9,300,0.9788853207505701,0.9617657306567878,0.0,0.013333333333333334,1,0.0,0.0,24.89666666666667,39.69142310581735,0.9655519874172368,0.0,0.013333333333333334,0.0,0.0,0.0,0.0,label_as_truth
bursty,shield_filter,naive,phi,radioml,10,300,0.9777112800753419,0.9661312552701858,0.0,0.0033333333333333335,1,0.0,0.0,25.016666666666666,41.755847578399354,0.9743779467420086,0.0,0.0033333333333333335,0.0,0.0,0.0,0.0,label_as_truth
bursty,shield_filter,naive,phi,radioml,11,300,0.98275798704459,0.9733365423222736,0.0,0.006666666666666667,1,0.0,0.0,24.77,39.1843366869371,0.9760913203779233,0.0,0.006666666666666667,0.0,0.0,0.0,0.0,label_as_truth
bursty,shield_filter,naive,phi,radioml,12,300,0.979331659717187,0.9699813521597128,0.0,0.01,1,0.0,0.0,24.9,38.658922443575385,0.969331659717187,0.0,0.01,0.0,0.0,0.0,0.0,label_as_truth
bursty,shield_filter,naive,phi,radioml,13,300,0.9802609557560358,0.9651033301486656,0.0,0.0033333333333333335,1,0.0,0.0,24.783333333333335,39.96491578339686,0.9769276224227025,0.0,0.0033333333333333335,0.0,0.0,0.0,0.0,label_as_truth
bursty,shield_filter,naive,phi,radioml,14,300,0.9821245393466449,0.9640756776139768,0.0,0.006666666666666667,1,0.0,0.0,24.956666666666667,38.75851296375384,0.9754578726799783,0.0,0.006666666666666667,0.0,0.0,0.0,0.0,label_as_truth
bursty,shield_filter,naive,phi,radioml,15,300,0.9721688510043142,0.9477296416516119,0.0,0.016666666666666666,1,0.0,0.0,24.82,39.48695050871516,0.9555021843376476,0.0,0.016666666666666666,0.0,0.0,0.0,0.0,label_as_truth
bursty,shield_filter,naive,phi,radioml,16,300,0.9755429142812309,0.9645944645828016,0.0,0.0033333333333333335,1,0.0033333333333333335,0.0,24.963333333333335,41.253834320667366,0.9722095809478976,0.0,0.0033333333333333335,0.0,0.0,0.0,0.0,label_as_truth
bursty,shield_filter,naive,phi,radioml,17,300,0.9735944273804357,0.9664955862963188,0.0,0.013333333333333334,1,0.0,0.0,24.94,38.65381484305751,0.9602610940471024,0.0,0.013333333333333334,0.0,0.0,0.0,0.0,label_as_truth
bursty,shield_filter,naive,phi,radioml,18,300,0.9782228778406818,0.9687776415234197,0.0,0.006666666666666667,2,0.0,0.0,24.9,41.62709961764957,0.9715562111740151,0.0,0.006666666666666667,0.0,0.0,0.0,0.0,label_as_truth
bursty,shield_filter,naive,phi,radioml,19,300,0.9811504872983776,0.9709777868617051,0.0,0.0033333333333333335,1,0.0033333333333333335,0.0,25.073333333333334,40.08559185223065,0.9778171539650443,0.0,0.0033333333333333335,0.0,0.0,0.0,0.0,label_as_truth
bursty,shield_filter,naive,phi,radioml,20,300,0.9826805258219057,0.9650992111163246,0.0,0.01,2,0.0033333333333333335,0.0,24.78,40.16412349038704,0.9726805258219057,0.0,0.01,0.0,0.0,0.0,0.0,label_as_truth
bursty,shield_filter,naive,phi,radioml,21,300,0.9823909310139111,0.9590275990907166,0.0,0.01,1,0.0,0.0,24.946666666666665,39.55360866391821,0.972390931013911,0.0,0.01,0.0,0.0,0.0,0.0,label_as_truth
bursty,shield_filter,naive,phi,radioml,22,300,0.9753809807470422,0.946718092626463,0.0,0.006666666666666667,1,0.0,0.0,24.906666666666666,41.912540912707165,0.9687143140803756,0.0,0.006666666666666667,0.0,0.0,0.0,0.0,label_as_truth
bursty,shield_filter,naive,phi,radioml,23,300,0.9710927739183199,0.9630432886395388,0.0,0.006666666666666667,2,0.0,0.0,24.776666666666667,39.20544954240797,0.9644261072516532,0.0,0.006666666666666667,0.0,0.0,0.0,0.0,label_as_truth
bursty,shield_filter,naive,phi,radioml,24,300,0.983218540120378,0.9709184913070465,0.0,0.02,1,0.0033333333333333335,0.0,24.88,38.88730467573663,0.963218540120378,0.0,0.02,0.0,0.0,0.0,0.0,label_as_truth
bursty,shield_filter,naive,phi,radioml,25,300,0.9757091595551769,0.9522842813266781,0.0,0.006666666666666667,1,0.006666666666666667,0.0,25.003333333333334,40.50939804596042,0.9690424928885102,0.0,0.006666666666666667,0.0,0.0,0.0,0.0,label_as_truth
bursty,shield_filter,naive,phi,radioml,26,300,0.9793087647004427,0.9700410855364212,0.0,0.013333333333333334,1,0.0033333333333333335,0.0,25.09,43.52590174872529,0.9659754313671094,0.0,0.013333333333333334,0.0,0.0,0.0,0.0,label_as_truth
bursty,shield_filter,naive,phi,radioml,27,300,0.9864190876799558,0.9728650357981936,0.0,0.006666666666666667,1,0.0,0.0,24.923333333333332,39.4631798093132,0.9797524210132891,0.0,0.006666666666666667,0.0,0.0,0.0,0.0,label_as_truth
bursty,shield_filter,naive,phi,radioml,28,300,0.983773057145186,0.9737446193036423,0.0,0.006666666666666667,1,0.0033333333333333335,0.0,24.94333333333333,40.99912538242173,0.9771063904785194,0.0,0.006666666666666667,0.0,0.0,0.0,0.0,label_as_truth
bursty,shield_filter,naive,phi,radioml,29,300,0.9788158545867536,0.9650721781841227,0.0,0.006666666666666667,1,0.0033333333333333335,0.0,24.846666666666668,39.474718061341164,0.9721491879200869,0.0,0.006666666666666667,0.0,0.0,0.0,0.0,label_as_truth
bursty,shield_repair,naive,phi,radioml,0,300,0.9843277072918244,0.9661274414598162,0.0,0.023333333333333334,1,0.0,0.356,25.17,41.13343924525035,0.9609943739584911,0.0,0.023333333333333334,0.0,0.0,0.0,0.0,label_as_truth
bursty,shield_repair,naive,phi,radioml,1,300,0.9855260329643113,0.9739321510045325,0.0,0.05,1,0.0,0.34933333333333333,25.24,39.18284991895889,0.9355260329643112,0.0,0.05,0.0,0.0,0.0,0.0,label_as_truth
bursty,shield_repair,naive,phi,radioml,2,300,0.9823539680095291,0.973950293592381,0.0,0.056666666666666664,1,0.0,0.354,25.05,39.75045022168684,0.9256873013428625,0.0,0.056666666666666664,0.0,0.0,0.0,0.0,label_as_truth
bursty,shield_repair,naive,phi,radioml,3,300,0.97535432911933,0.9663225999659539,0.0,0.03,1,0.0,0.3373333333333333,25.086666666666666,40.20891982065599,0.9453543291193299,0.0,0.03,0.0,0.0,0.0,0.0,label_as_truth
bursty,shield_repair,naive,phi,radioml,4,300,0.9822165240909431,0.9732962805005642,0.0,0.03333333333333333,1,0.0,0.3486666666666667,25.28,43.76543957846202,0.9488831907576097,0.0,0.03333333333333333,0.0,0.0,0.0,0.0,label_as_truth
bursty,shield_repair,naive,phi,radioml,5,300,0.9858528464454547,0.9738652556997311,0.0,0.03666666666666667,1,0.0,0.37533333333333335,25.35333333333333,39.516807834867095,0.9491861797787879,0.0,0.03666666666666667,0.0,0.0,0.0,0.0,label_as_truth
bursty,shield_repair,naive,phi,radioml,6,300,0.9838037192732124,0.9726145280661667,0.0,0.013333333333333334,1,0.0,0.35733333333333334,25.026666666666667,44.141646409104055,0.9704703859398791,0.0,0.013333333333333334,0.0,0.0,0.0,0.0,label_as_truth
bursty,shield_repair,naive,phi,radioml,7,300,0.9860254703059516,0.9720235452488075,0.0,0.02666666666666667,1,0.0,0.3486666666666667,24.84,38.584934087672174,0.9593588036392848,0.0,0.02666666666666667,0.0,0.0,0.0,0.0,label_as_truth
bursty,shield_repair,naive,phi,radioml,8,300,0.9885477244524532,0.9739759537091027,0.0,0.016666666666666666,1,0.0,0.33066666666666666,25.143333333333334,41.999813891251875,0.9718810577857865,0.0,0.016666666666666666,0.0,0.0,0.0,0.0,label_as_truth
bursty,shield_repair,naive,phi,radioml,9,300,0.9827149353235874,0.9665888444487107,0.0,0.05,1,0.0,0.33666666666666667,24.883333333333333,37.931282405562385,0.9327149353235874,0.0,0.05,0.0,0.0,0.0,0.0,label_as_truth
bursty,shield_repair,naive,phi,radioml,10,300,0.9854913093824388,0.9739052346854546,0.0,0.023333333333333334,1,0.0,0.35333333333333333,25.35,41.67493966910305,0.9621579760491055,0.0,0.023333333333333334,0.0,0.0,0.0,0.0,label_as_truth
bursty,shield_repair,naive,phi,radioml,11,300,0.9857608234907221,0.9726313155747265,0.0,0.023333333333333334,1,0.0,0.3486666666666667,25.053333333333335,39.17436217689289,0.9624274901573888,0.0,0.023333333333333334,0.0,0.0,0.0,0.0,label_as_truth
bursty,shield_repair,naive,phi,radioml,12,300,0.9848541677627128,0.9739825421587355,0.0,0.02666666666666667,1,0.0,0.3506666666666667,25.09,40.657378020719,0.9581875010960461,0.0,0.02666666666666667,0.0,0.0,0.0,0.0,label_as_truth
bursty,shield_repair,naive,phi,radioml,13,300,0.9850024060349629,0.9736248147932841,0.0,0.013333333333333334,1,0.0,0.3413333333333333,25.13,40.20239070518326,0.9716690727016296,0.0,0.013333333333333334,0.0,0.0,0.0,0.0,label_as_truth
bursty,shield_repair,naive,phi,radioml,14,300,0.9846760898539063,0.9677351486617403,0.0,0.013333333333333334,1,0.0,0.368,25.143333333333334,38.17567081334196,0.971342756520573,0.0,0.013333333333333334,0.0,0.0,0.0,0.0,label_as_truth
bursty,shield_repair,naive,phi,radioml,15,300,0.9810674281058831,0.9664518035835575,0.0,0.02666666666666667,1,0.0,0.3586666666666667,25.06,38.96983153690064,0.9544007614392164,0.0,0.02666666666666667,0.0,0.0,0.0,0.0,label_as_truth
bursty,shield_repair,naive,phi,radioml,16,300,0.9849450840377934,0.9736613117794086,0.0,0.023333333333333334,1,0.0,0.3546666666666667,25.176666666666666,41.53150870140954,0.96161175070446,0.0,0.023333333333333334,0.0,0.0,0.0,0.0,label_as_truth
bursty,shield_repair,naive,phi,radioml,17,300,0.9839762846365456,0.9724132963370941,0.0,0.023333333333333334,1,0.0,0.338,25.003333333333334,38.916353361624566,0.9606429513032123,0.0,0.023333333333333334,0.0,0.0,0.0,0.0,label_as_truth
bursty,shield_repair,naive,phi,radioml,18,300,0.9862018851767812,0.9732092075208549,0.0,0.016666666666666666,1,0.0,0.3526666666666667,25.133333333333333,42.56746910630438,0.9695352185101145,0.0,0.016666666666666666,0.0,0.0,0.0,0.0,label_as_truth
bursty,shield_repair,naive,phi,radioml,19,300,0.9821938123023592,0.9730851233451724,0.0,0.03,1,0.0,0.3413333333333333,25.363333333333333,41.68462941644947,0.9521938123023593,0.0,0.03,0.0,0.0,0.0,0.0,label_as_truth
bursty,shield_repair,naive,phi,radioml,20,300,0.9842343605101592,0.9714164388631866,0.0,0.02,2,0.0,0.362,24.97,40.60754670529008,0.9642343605101593,0.0,0.02,0.0,0.0,0.0,0.0,label_as_truth
bursty,shield_repair,naive,phi,radioml,21,300,0.9849375522325825,0.9684324980204665,0.0,0.03666666666666667,1,0.0,0.338,25.24,41.84668306416931,0.9482708855659159,0.0,0.03666666666666667,0.0,0.0,0.0,0.0,label_as_truth
bursty,shield_repair,naive,phi,radioml,22,300,0.9836782457562708,0.970705197347449,0.0,0.056666666666666664,1,0.0,0.36533333333333334,25.48,42.300988842308044,0.9270115790896042,0.0,0.056666666666666664,0.0,0.0,0.0,0.0,label_as_truth
bursty,shield_repair,naive,phi,radioml,23,300,0.9827024816051271,0.9731572579939318,0.0,0.02666666666666667,1,0.0,0.3293333333333333,25.13,43.76805263195697,0.9560358149384603,0.0,0.02666666666666667,0.0,0.0,0.0,0.0,label_as_truth
bursty,shield_repair,naive,phi,radioml,24,300,0.9873148374825166,0.9739507234718742,0.0,0.043333333333333335,1,0.0,0.334,25.06,37.193086598228575,0.9439815041491832,0.0,0.043333333333333335,0.0,0.0,0.0,0.0,label_as_truth
bursty,shield_repair,naive,phi,radioml,25,300,0.9796509026405466,0.9651651162836322,0.0,0.023333333333333334,1,0.0,0.3426666666666667,25.233333333333334,41.252271013564034,0.9563175693072132,0.0,0.023333333333333334,0.0,0.0,0.0,0.0,label_as_truth
bursty,shield_repair,naive,phi,radioml,26,300,0.9884688486566244,0.9738363194351066,0.0,0.013333333333333334,1,0.0,0.3473333333333333,24.983333333333334,42.5555898296836,0.9751355153232911,0.0,0.013333333333333334,0.0,0.0,0.0,0.0,label_as_truth
bursty,shield_repair,naive,phi,radioml,27,300,0.9869816678905159,0.973440005347862,0.0,0.02666666666666667,1,0.0,0.36133333333333334,25.10333333333333,42.391621402652746,0.9603150012238492,0.0,0.02666666666666667,0.0,0.0,0.0,0.0,label_as_truth
bursty,shield_repair,naive,phi,radioml,28,300,0.9894763457491814,0.9739987281936313,0.0,0.03,1,0.0,0.3433333333333333,25.036666666666665,38.42944426775237,0.9594763457491814,0.0,0.03,0.0,0.0,0.0,0.0,label_as_truth
bursty,shield_repair,naive,phi,radioml,29,300,0.9826130007192259,0.9728781256375288,0.0,0.03666666666666667,1,0.0,0.35133333333333333,25.326666666666668,40.32411448777084,0.9459463340525591,0.0,0.03666666666666667,0.0,0.0,0.0,0.0,label_as_truth
backhaul,greedy_twin,naive,phi,radioml,0,300,0.9591981418343232,0.9139638293079331,0.22666666666666666,0.32666666666666666,1,0.0,0.0,26.883333333333333,42.295148139248106,0.6325314751676566,0.05,0.22333333333333333,0.09,0.0,0.0,0.006666666666666667,label_as_truth
backhaul,greedy_twin,naive,phi,radioml,1,300,0.9579361323088036,0.9139611442302684,0.23666666666666666,0.25,1,0.0,0.0,26.406666666666666,39.1111221231519,0.7079361323088036,0.1,0.1,0.08333333333333333,0.0,0.0,0.013333333333333334,label_as_truth
backhaul,greedy_twin,naive,phi,radioml,2,300,0.9565487209480917,0.9139402252138757,0.25,0.30333333333333334,1,0.0,0.0,26.546666666666667,43.93449318705017,0.6532153876147582,0.09333333333333334,0.14666666666666667,0.09333333333333334,0.0,0.0,0.013333333333333334,label_as_truth
backhaul,greedy_twin,naive,phi,radioml,3,300,0.9547754766880981,0.9139305954906806,0.22,0.29333333333333333,1,0.0,0.0,26.37,39.94726847191418,0.6614421433547648,0.07666666666666666,0.15666666666666668,0.08666666666666667,0.0,0.0,0.023333333333333334,label_as_truth
backhaul,greedy_twin,naive,phi,radioml,4,300,0.9580114434736879,0.91397014225373,0.2733333333333333,0.32666666666666666,1,0.0,0.0,26.85333333333333,46.32276806464242,0.6313447768070213,0.06,0.17,0.12333333333333334,0.0,0.0,0.03333333333333333,label_as_truth
backhaul,greedy_twin,naive,phi,radioml,5,300,0.9505894896710416,0.9139228392444368,0.20333333333333334,0.23666666666666666,1,0.0,0.0,26.51,38.17160728019155,0.7139228230043748,0.09,0.12333333333333334,0.07333333333333333,0.0,0.0,0.0,label_as_truth
backhaul,greedy_twin,naive,phi,radioml,6,300,0.9572424818254853,0.9139549687872812,0.21,0.26666666666666666,1,0.0,0.0,26.56,44.34341147687319,0.6905758151588187,0.06333333333333334,0.13333333333333333,0.10666666666666667,0.0,0.0,0.03,label_as_truth
backhaul,greedy_twin,naive,phi,radioml,7,300,0.9568889276886,0.9139645645527568,0.27666666666666667,0.30666666666666664,1,0.0,0.0,26.803333333333335,49.32050850239419,0.6502222610219334,0.08,0.14,0.10666666666666667,0.0,0.0,0.02666666666666667,label_as_truth
backhaul,greedy_twin,naive,phi,radioml,8,300,0.9550808542918326,0.9138755150593917,0.22666666666666666,0.2833333333333333,1,0.0,0.0,26.95,40.51610290332458,0.6717475209584993,0.08,0.16666666666666666,0.08666666666666667,0.0,0.0,0.04666666666666667,label_as_truth
backhaul,greedy_twin,naive,phi,radioml,9,300,0.9591053363724021,0.913962621745165,0.22333333333333333,0.2833333333333333,1,0.0,0.0,26.563333333333333,42.206522920141325,0.6757720030390688,0.06666666666666667,0.16333333333333333,0.07,0.0,0.0,0.023333333333333334,label_as_truth
backhaul,greedy_twin,naive,phi,radioml,10,300,0.9560742717669019,0.9139149557328092,0.21,0.25666666666666665,1,0.0,0.0,26.82,39.56708127342428,0.6994076051002349,0.06666666666666667,0.13,0.08333333333333333,0.0033333333333333335,0.0,0.02666666666666667,label_as_truth
backhaul,greedy_twin,naive,phi,radioml,11,300,0.9567869489142417,0.9139532497059614,0.21,0.22333333333333333,1,0.0,0.0,26.33,40.932411432187656,0.7334536155809084,0.08333333333333333,0.09,0.07666666666666666,0.0,0.0,0.013333333333333334,label_as_truth
backhaul,greedy_twin,naive,phi,radioml,12,300,0.9526170207572422,0.9139352221402257,0.22,0.25666666666666665,1,0.0,0.0,26.87,42.700927169175316,0.6959503540905755,0.07666666666666666,0.12666666666666668,0.07666666666666666,0.0,0.0,0.043333333333333335,label_as_truth
backhaul,greedy_twin,naive,phi,radioml,13,300,0.9579227109639267,0.9137547261585753,0.22666666666666666,0.28,1,0.0,0.0,26.546666666666667,42.631766960275314,0.6779227109639265,0.08,0.14333333333333334,0.07,0.0,0.0,0.023333333333333334,label_as_truth
backhaul,greedy_twin,naive,phi,radioml,14,300,0.9557282507196506,0.9139678484918377,0.22666666666666666,0.2866666666666667,1,0.0,0.0,26.766666666666666,44.129313925864516,0.669061584052984,0.06,0.16333333333333333,0.10666666666666667,0.0,0.0,0.013333333333333334,label_as_truth
backhaul,greedy_twin,naive,phi,radioml,15,300,0.9610761668998744,0.9139683901328608,0.22333333333333333,0.2633333333333333,1,0.0,0.0,26.366666666666667,40.896168877293185,0.697742833566541,0.09666666666666666,0.11,0.08,0.0,0.0,0.016666666666666666,label_as_truth
backhaul,greedy_twin,naive,phi,radioml,16,300,0.956349713035582,0.9139512591683691,0.23,0.27666666666666667,1,0.0,0.0,26.733333333333334,39.33299562822703,0.6796830463689156,0.08,0.13666666666666666,0.07333333333333333,0.0,0.0,0.02,label_as_truth
backhaul,greedy_twin,naive,phi,radioml,17,300,0.9557773466334697,0.9135486500328964,0.2633333333333333,0.30333333333333334,1,0.0,0.0,26.733333333333334,43.1335840244721,0.6524440133001366,0.08666666666666667,0.14,0.1,0.0,0.0,0.03,label_as_truth
backhaul,greedy_twin,naive,phi,radioml,18,300,0.9549686675687081,0.9139607809357974,0.24,0.29,1,0.0,0.0,26.93,44.90216439792422,0.6649686675687082,0.08333333333333333,0.15,0.10333333333333333,0.0,0.0,0.023333333333333334,label_as_truth
backhaul,greedy_twin,naive,phi,radioml,19,300,0.9577309197807244,0.9139377973512651,0.25333333333333335,0.2866666666666667,1,0.0,0.0,26.636666666666667,49.49400075165059,0.6710642531140578,0.07,0.15333333333333332,0.10666666666666667,0.0,0.0,0.016666666666666666,label_as_truth
backhaul,greedy_twin,naive,phi,radioml,20,300,0.9581799131885964,0.9139637994156096,0.25666666666666665,0.29333333333333333,1,0.0,0.0,26.67,46.32061313058794,0.6648465798552631,0.09333333333333334,0.13666666666666666,0.09333333333333334,0.0,0.0,0.023333333333333334,label_as_truth
backhaul,greedy_twin,naive,phi,radioml,21,300,0.953398064688909,0.9132139378501727,0.24666666666666667,0.2866666666666667,1,0.0,0.0,26.643333333333334,41.157547408582076,0.6667313980222422,0.10333333333333333,0.13666666666666666,0.1,0.0,0.0,0.013333333333333334,label_as_truth
backhaul,greedy_twin,naive,phi,radioml,22,300,0.9611693318193818,0.9139512735387998,0.25333333333333335,0.30333333333333334,1,0.0,0.0,26.59,47.743459536121726,0.6578359984860487,0.09,0.16666666666666666,0.09,0.0,0.0,0.0,label_as_truth
backhaul,greedy_twin,naive,phi,radioml,23,300,0.9571766461711627,0.9127604776588978,0.28,0.32666666666666666,1,0.0,0.0,26.93,38.59921863054174,0.6305099795044962,0.09,0.15,0.12,0.0,0.0,0.07666666666666666,label_as_truth
backhaul,greedy_twin,naive,phi,radioml,24,300,0.9586066587218833,0.9139798789336772,0.24666666666666667,0.3,1,0.0,0.0,26.73,47.8493534200872,0.6586066587218834,0.09,0.13666666666666666,0.1,0.0,0.0,0.016666666666666666,label_as_truth
backhaul,greedy_twin,naive,phi,radioml,25,300,0.9593700483557174,0.9139725273079179,0.21666666666666667,0.28,1,0.0,0.0,26.583333333333332,49.6475046314228,0.6793700483557171,0.07333333333333333,0.14333333333333334,0.08333333333333333,0.0,0.0,0.013333333333333334,label_as_truth
backhaul,greedy_twin,naive,phi,radioml,26,300,0.9545412950269122,0.9139738693090892,0.21333333333333335,0.2633333333333333,1,0.0,0.0,26.85333333333333,44.72147825047991,0.6912079616935788,0.07,0.14333333333333334,0.07666666666666666,0.0,0.0,0.0,label_as_truth
backhaul,greedy_twin,naive,phi,radioml,27,300,0.9594699784381934,0.913500112569087,0.2866666666666667,0.31333333333333335,1,0.0,0.0,26.616666666666667,42.768189309828635,0.6461366451048601,0.12,0.13,0.11666666666666667,0.0,0.0,0.02,label_as_truth
backhaul,greedy_twin,naive,phi,radioml,28,300,0.9548749099858469,0.9139553081042944,0.22333333333333333,0.26,1,0.0,0.0,26.616666666666667,44.067418841979745,0.6948749099858469,0.09333333333333334,0.11,0.09,0.0,0.0,0.03333333333333333,label_as_truth
backhaul,greedy_twin,naive,phi,radioml,29,300,0.9579901999410512,0.9139773884922546,0.24666666666666667,0.30333333333333334,1,0.0,0.0,26.59,39.658628912915525,0.6546568666077178,0.1,0.14666666666666667,0.08333333333333333,0.0,0.0,0.023333333333333334,label_as_truth
backhaul,shield_filter,naive,phi,radioml,0,300,0.9466412928282398,0.9138843529372707,0.0,0.11333333333333333,1,0.006666666666666667,0.0,25.726666666666667,36.333253899309966,0.8333079594949063,0.0,0.11333333333333333,0.0,0.0,0.0,0.0,label_as_truth
backhaul,shield_filter,naive,phi,radioml,1,300,0.9433497114703835,0.9139494019455695,0.0,0.03666666666666667,1,0.02,0.0,25.663333333333334,39.4603943114844,0.9066830448037168,0.0,0.03666666666666667,0.0,0.0,0.0,0.0,label_as_truth
backhaul,shield_filter,naive,phi,radioml,2,300,0.948273787706518,0.9139559664287756,0.0,0.07666666666666666,1,0.006666666666666667,0.0,25.74,40.616167809312564,0.8716071210398514,0.0,0.07666666666666666,0.0,0.0,0.0,0.0,label_as_truth
backhaul,shield_filter,naive,phi,radioml,3,300,0.9483158137072333,0.9139305954906806,0.0,0.07333333333333333,1,0.006666666666666667,0.0,25.61,39.58122147862637,0.8749824803739,0.0,0.07333333333333333,0.0,0.0,0.0,0.0,label_as_truth
backhaul,shield_filter,naive,phi,radioml,4,300,0.9532824519217195,0.9139412028549425,0.0,0.056666666666666664,1,0.0,0.0,25.82,40.48172238651032,0.8966157852550528,0.0,0.056666666666666664,0.0,0.0,0.0,0.0,label_as_truth
backhaul,shield_filter,naive,phi,radioml,5,300,0.9442146214071534,0.8960751106622674,0.0,0.04,1,0.006666666666666667,0.0,25.793333333333333,39.719021134871234,0.9042146214071534,0.0,0.04,0.0,0.0,0.0,0.0,label_as_truth
backhaul,shield_filter,naive,phi,radioml,6,300,0.9468437667561564,0.913214993077125,0.0,0.056666666666666664,1,0.01,0.0,25.713333333333335,42.61255399126303,0.8901771000894898,0.0,0.056666666666666664,0.0,0.0,0.0,0.0,label_as_truth
backhaul,shield_filter,naive,phi,radioml,7,300,0.9440463119637102,0.7791960183024181,0.0,0.03666666666666667,1,0.01,0.0,25.613333333333333,41.51350878851747,0.9073796452970434,0.0,0.03666666666666667,0.0,0.0,0.0,0.0,label_as_truth
backhaul,shield_filter,naive,phi,radioml,8,300,0.9471431568074733,0.8951242336441001,0.0,0.043333333333333335,1,0.0033333333333333335,0.0,25.71,39.72540672843702,0.9038098234741397,0.0,0.043333333333333335,0.0,0.0,0.0,0.0,label_as_truth
backhaul,shield_filter,naive,phi,radioml,9,300,0.9474262150728486,0.9138551467083275,0.0,0.06,1,0.016666666666666666,0.0,25.44333333333333,38.49632614067287,0.8874262150728487,0.0,0.06,0.0,0.0,0.0,0.0,label_as_truth
backhaul,shield_filter,naive,phi,radioml,10,300,0.9500663729951199,0.9133528014436568,0.0,0.03666666666666667,1,0.006666666666666667,0.0,25.683333333333334,37.73892421118887,0.9133997063284534,0.0,0.03666666666666667,0.0,0.0,0.0,0.0,label_as_truth
backhaul,shield_filter,naive,phi,radioml,11,300,0.9491585178229055,0.9135075123222416,0.0,0.013333333333333334,1,0.0033333333333333335,0.0,25.48,40.04200915190594,0.9358251844895722,0.0,0.013333333333333334,0.0,0.0,0.0,0.0,label_as_truth
backhaul,shield_filter,naive,phi,radioml,12,300,0.944770841870627,0.9139430824298218,0.0,0.043333333333333335,1,0.006666666666666667,0.0,25.96,41.035340948667475,0.9014375085372937,0.0,0.043333333333333335,0.0,0.0,0.0,0.0,label_as_truth
backhaul,shield_filter,naive,phi,radioml,13,300,0.9450077054928843,0.9092720969697804,0.0,0.06666666666666667,1,0.006666666666666667,0.0,25.65,40.842233037598064,0.8783410388262176,0.0,0.06666666666666667,0.0,0.0,0.0,0.0,label_as_truth
backhaul,shield_filter,naive,phi,radioml,14,300,0.95337807871499,0.9139641896421972,0.0,0.056666666666666664,1,0.0,0.0,25.773333333333333,39.29987036790334,0.8967114120483234,0.0,0.056666666666666664,0.0,0.0,0.0,0.0,label_as_truth
backhaul,shield_filter,naive,phi,radioml,15,300,0.9538206629207013,0.9139611771981199,0.0,0.05333333333333334,1,0.0033333333333333335,0.0,25.713333333333335,38.195358796909616,0.900487329587368,0.0,0.05333333333333334,0.0,0.0,0.0,0.0,label_as_truth
backhaul,shield_filter,naive,phi,radioml,16,300,0.9463421846787331,0.910611030010917,0.0,0.06666666666666667,1,0.01,0.0,25.736666666666668,39.40432583049038,0.8796755180120663,0.0,0.06666666666666667,0.0,0.0,0.0,0.0,label_as_truth
backhaul,shield_filter,naive,phi,radioml,17,300,0.950280463000765,0.9139667463961588,0.0,0.043333333333333335,1,0.0033333333333333335,0.0,25.886666666666667,37.62684939281778,0.9069471296674315,0.0,0.043333333333333335,0.0,0.0,0.0,0.0,label_as_truth
backhaul,shield_filter,naive,phi,radioml,18,300,0.9489694192572938,0.9139574487831253,0.0,0.04666666666666667,3,0.006666666666666667,0.0,25.703333333333333,42.14996041576287,0.9023027525906271,0.0,0.04666666666666667,0.0,0.0,0.0,0.0,label_as_truth
backhaul,shield_filter,naive,phi,radioml,19,300,0.945672034412958,0.8958606067178257,0.0,0.06,1,0.01,0.0,25.616666666666667,41.566555134827595,0.8856720344129579,0.0,0.06,0.0,0.0,0.0,0.0,label_as_truth
backhaul,shield_filter,naive,phi,radioml,20,300,0.9469676516434505,0.9096973530872167,0.0,0.043333333333333335,1,0.01,0.0,25.5,41.394322904836116,0.9036343183101172,0.0,0.043333333333333335,0.0,0.0,0.0,0.0,label_as_truth
backhaul,shield_filter,naive,phi,radioml,21,300,0.9457106700921774,0.9135338285557096,0.0,0.06666666666666667,2,0.0033333333333333335,0.0,25.94,40.64244497672264,0.8790440034255107,0.0,0.06666666666666667,0.0,0.0,0.0,0.0,label_as_truth
backhaul,shield_filter,naive,phi,radioml,22,300,0.9491010914475502,0.9108787140341331,0.0,0.08333333333333333,1,0.006666666666666667,0.0,25.546666666666667,43.658052876646494,0.8657677581142169,0.0,0.08333333333333333,0.0,0.0,0.0,0.0,label_as_truth
backhaul,shield_filter,naive,phi,radioml,23,300,0.943114326759591,0.8960697856899159,0.0,0.03,1,0.016666666666666666,0.0,25.606666666666666,40.41372294653044,0.9131143267595907,0.0,0.03,0.0,0.0,0.0,0.0,label_as_truth
backhaul,shield_filter,naive,phi,radioml,24,300,0.9515033168866222,0.9139586229708078,0.0,0.06,1,0.0033333333333333335,0.0,25.81,40.59428478266077,0.8915033168866224,0.0,0.06,0.0,0.0,0.0,0.0,label_as_truth
backhaul,shield_filter,naive,phi,radioml,25,300,0.9490983127897453,0.908162270423912,0.0,0.07333333333333333,1,0.006666666666666667,0.0,25.726666666666667,36.353517898392106,0.8757649794564121,0.0,0.07333333333333333,0.0,0.0,0.0,0.0,label_as_truth
backhaul,shield_filter,naive,phi,radioml,26,300,0.9498701447556277,0.9139689587827071,0.0,0.07333333333333333,1,0.006666666666666667,0.0,26.07,40.038276917569696,0.8765368114222944,0.0,0.07333333333333333,0.0,0.0,0.0,0.0,label_as_truth
backhaul,shield_filter,naive,phi,radioml,27,300,0.9504933483663794,0.8967115736385398,0.0,0.04,1,0.006666666666666667,0.0,25.60333333333333,41.8560088006957,0.9104933483663795,0.0,0.04,0.0,0.0,0.0,0.0,label_as_truth
backhaul,shield_filter,naive,phi,radioml,28,300,0.9486599287134027,0.9139528426699773,0.0,0.02666666666666667,1,0.006666666666666667,0.0,25.776666666666667,40.68757100808302,0.921993262046736,0.0,0.02666666666666667,0.0,0.0,0.0,0.0,label_as_truth
backhaul,shield_filter,naive,phi,radioml,29,300,0.9517578524909945,0.9139728916716446,0.0,0.056666666666666664,1,0.0,0.0,25.703333333333333,39.44932327675714,0.8950911858243279,0.0,0.056666666666666664,0.0,0.0,0.0,0.0,label_as_truth
backhaul,shield_repair,naive,phi,radioml,0,300,0.9586489880189449,0.9139616774358239,0.0,0.13333333333333333,1,0.0,0.39066666666666666,25.76,39.148909686533024,0.8253156546856116,0.0,0.13333333333333333,0.0,0.0,0.0,0.0,label_as_truth
backhaul,shield_repair,naive,phi,radioml,1,300,0.9585958935979907,0.8960798632382777,0.0,0.05333333333333334,1,0.0,0.4126666666666667,25.906666666666666,37.538589514418774,0.9052625602646571,0.0,0.05333333333333334,0.0,0.0,0.0,0.0,label_as_truth
backhaul,shield_repair,naive,phi,radioml,2,300,0.9563890380872897,0.8960799623070069,0.0,0.09333333333333334,1,0.0,0.41333333333333333,25.873333333333335,43.436739347700886,0.8630557047539563,0.0,0.09333333333333334,0.0,0.0,0.0,0.0,label_as_truth
backhaul,shield_repair,naive,phi,radioml,3,300,0.9563981130325554,0.9139391285613192,0.0,0.09,1,0.0,0.396,25.9,39.61756120903953,0.8663981130325553,0.0,0.09,0.0,0.0,0.0,0.0,label_as_truth
backhaul,shield_repair,naive,phi,radioml,4,300,0.9570207238565448,0.910747864059676,0.0,0.07333333333333333,1,0.0,0.4166666666666667,26.053333333333335,41.25454998581056,0.8836873905232113,0.0,0.07333333333333333,0.0,0.0,0.0,0.0,label_as_truth
backhaul,shield_repair,naive,phi,radioml,5,300,0.9517906788706629,0.9133078151348917,0.0,0.06666666666666667,1,0.0,0.394,25.573333333333334,43.53790495516633,0.8851240122039963,0.0,0.06666666666666667,0.0,0.0,0.0,0.0,label_as_truth
backhaul,shield_repair,naive,phi,radioml,6,300,0.9561830667318387,0.9072190749087602,0.0,0.07333333333333333,1,0.0,0.394,26.076666666666668,43.57745723584043,0.8828497333985055,0.0,0.07333333333333333,0.0,0.0,0.0,0.0,label_as_truth
backhaul,shield_repair,naive,phi,radioml,7,300,0.9574178439658583,0.8960796630872903,0.0,0.04666666666666667,1,0.0,0.4073333333333333,25.76,42.86186484044596,0.9107511772991915,0.0,0.04666666666666667,0.0,0.0,0.0,0.0,label_as_truth
backhaul,shield_repair,naive,phi,radioml,8,300,0.9561188633869561,0.91391334267676,0.0,0.056666666666666664,1,0.0,0.4053333333333333,25.876666666666665,41.08036337526748,0.8994521967202894,0.0,0.056666666666666664,0.0,0.0,0.0,0.0,label_as_truth
backhaul,shield_repair,naive,phi,radioml,9,300,0.9586500986029262,0.8960799798715434,0.0,0.1,2,0.0,0.37466666666666665,25.73,38.53838964321232,0.858650098602926,0.0,0.1,0.0,0.0,0.0,0.0,label_as_truth
backhaul,shield_repair,naive,phi,radioml,10,300,0.9565502065940592,0.9132404979842323,0.0,0.04,1,0.0,0.38866666666666666,26.17,38.96214314846229,0.9165502065940592,0.0,0.04,0.0,0.0,0.0,0.0,label_as_truth
backhaul,shield_repair,naive,phi,radioml,11,300,0.9582358260290444,0.9129807421487477,0.0,0.013333333333333334,1,0.0,0.41,25.593333333333334,39.410714231002125,0.9449024926957111,0.0,0.013333333333333334,0.0,0.0,0.0,0.0,label_as_truth
backhaul,shield_repair,naive,phi,radioml,12,300,0.9534766672190758,0.9135609216016302,0.0,0.056666666666666664,1,0.0,0.37666666666666665,26.003333333333334,39.940078556492196,0.8968100005524091,0.0,0.056666666666666664,0.0,0.0,0.0,0.0,label_as_truth
backhaul,shield_repair,naive,phi,radioml,13,300,0.9563518774846873,0.9128244858028922,0.0,0.08666666666666667,1,0.0,0.398,25.886666666666667,40.74904859514272,0.8696852108180206,0.0,0.08666666666666667,0.0,0.0,0.0,0.0,label_as_truth
backhaul,shield_repair,naive,phi,radioml,14,300,0.9550596228640101,0.9139260473899988,0.0,0.07666666666666666,1,0.0,0.4126666666666667,25.94333333333333,41.42658163508939,0.8783929561973435,0.0,0.07666666666666666,0.0,0.0,0.0,0.0,label_as_truth
backhaul,shield_repair,naive,phi,radioml,15,300,0.9609404917264144,0.9139475997689858,0.0,0.06333333333333334,1,0.0,0.392,25.64,37.757081344098836,0.8976071583930811,0.0,0.06333333333333334,0.0,0.0,0.0,0.0,label_as_truth
backhaul,shield_repair,naive,phi,radioml,16,300,0.9559356728222635,0.910611030010917,0.0,0.07,1,0.0,0.39466666666666667,26.006666666666668,38.88008285570653,0.8859356728222635,0.0,0.07,0.0,0.0,0.0,0.0,label_as_truth
backhaul,shield_repair,naive,phi,radioml,17,300,0.955791462696261,0.9133690549554873,0.0,0.06666666666666667,1,0.0,0.39066666666666666,26.09,39.19210161880328,0.8891247960295944,0.0,0.06666666666666667,0.0,0.0,0.0,0.0,label_as_truth
backhaul,shield_repair,naive,phi,radioml,18,300,0.9548775643917892,0.9128452316203144,0.0,0.06333333333333334,1,0.0,0.414,26.006666666666668,40.24937092245382,0.8915442310584558,0.0,0.06333333333333334,0.0,0.0,0.0,0.0,label_as_truth
backhaul,shield_repair,naive,phi,radioml,19,300,0.9584206126889377,0.9138798009560992,0.0,0.056666666666666664,1,0.0,0.4066666666666667,25.81,45.91537642354394,0.9017539460222711,0.0,0.056666666666666664,0.0,0.0,0.0,0.0,label_as_truth
backhaul,shield_repair,naive,phi,radioml,20,300,0.9585467223529842,0.9139393456914562,0.0,0.06333333333333334,1,0.0,0.3993333333333333,25.79,42.57665726987363,0.8952133890196509,0.0,0.06333333333333334,0.0,0.0,0.0,0.0,label_as_truth
backhaul,shield_repair,naive,phi,radioml,21,300,0.9535336139437546,0.8960684342216615,0.0,0.07666666666666666,1,0.0,0.3953333333333333,25.993333333333332,40.97305099075422,0.8768669472770879,0.0,0.07666666666666666,0.0,0.0,0.0,0.0,label_as_truth
backhaul,shield_repair,naive,phi,radioml,22,300,0.9603749725010584,0.9072387363361253,0.0,0.10666666666666667,1,0.0,0.402,25.836666666666666,42.689290915008826,0.8537083058343917,0.0,0.10666666666666667,0.0,0.0,0.0,0.0,label_as_truth
backhaul,shield_repair,naive,phi,radioml,23,300,0.9575731936633846,0.8960798667171036,0.0,0.07,1,0.0,0.408,25.843333333333334,40.018436294085646,0.8875731936633845,0.0,0.07,0.0,0.0,0.0,0.0,label_as_truth
backhaul,shield_repair,naive,phi,radioml,24,300,0.958642876471139,0.9139613274319333,0.0,0.06666666666666667,1,0.0,0.39066666666666666,26.136666666666667,40.247665466474864,0.8919762098044723,0.0,0.06666666666666667,0.0,0.0,0.0,0.0,label_as_truth
backhaul,shield_repair,naive,phi,radioml,25,300,0.9605135849879098,0.9139655246444975,0.0,0.08666666666666667,1,0.0,0.4033333333333333,25.95,42.41280131096845,0.8738469183212433,0.0,0.08666666666666667,0.0,0.0,0.0,0.0,label_as_truth
backhaul,shield_repair,naive,phi,radioml,26,300,0.9546792073882138,0.8960799624212619,0.0,0.07666666666666666,1,0.0,0.3953333333333333,26.033333333333335,40.05303064334451,0.8780125407215471,0.0,0.07666666666666666,0.0,0.0,0.0,0.0,label_as_truth
backhaul,shield_repair,naive,phi,radioml,27,300,0.9590757579867977,0.9078862655161967,0.0,0.05,1,0.0,0.4126666666666667,25.64,41.76110985042408,0.9090757579867977,0.0,0.05,0.0,0.0,0.0,0.0,label_as_truth
backhaul,shield_repair,naive,phi,radioml,28,300,0.955210299895355,0.9137256623460585,0.0,0.04666666666666667,1,0.0,0.3993333333333333,26.016666666666666,44.87871335547985,0.9085436332286884,0.0,0.04666666666666667,0.0,0.0,0.0,0.0,label_as_truth
backhaul,shield_repair,naive,phi,radioml,29,300,0.9576304574150515,0.9138434031546953,0.0,0.056666666666666664,1,0.0,0.39,25.91,39.788734488721836,0.9009637907483848,0.0,0.056666666666666664,0.0,0.0,0.0,0.0,label_as_truth
compromised_xapp,greedy_twin,naive,phi,radioml,0,300,0.9906882819054544,0.973999999679456,0.39666666666666667,0.49666666666666665,1,0.0,0.0,27.8,44.63449761679281,0.4940216152387878,0.13333333333333333,0.19333333333333333,0.14333333333333334,0.0,0.0,0.19666666666666666,label_as_truth
compromised_xapp,greedy_twin,naive,phi,radioml,1,300,0.9913522604448254,0.9739999250235364,0.37,0.43333333333333335,1,0.0,0.0,27.576666666666668,42.62544551876026,0.558018927111492,0.13666666666666666,0.16,0.14,0.0,0.0,0.1,label_as_truth
compromised_xapp,greedy_twin,naive,phi,radioml,2,300,0.9917139663892347,0.9784983013979625,0.39666666666666667,0.46,1,0.0,0.0,27.623333333333335,46.85562098862648,0.5317139663892347,0.12666666666666668,0.18666666666666668,0.16333333333333333,0.0,0.0,0.09333333333333334,label_as_truth
compromised_xapp,greedy_twin,naive,phi,radioml,3,300,0.9913930590361648,0.9739999999986085,0.39,0.45,1,0.0,0.0,27.57,38.71774391407293,0.5413930590361649,0.14666666666666667,0.16666666666666666,0.15333333333333332,0.0,0.0,0.1,label_as_truth
compromised_xapp,greedy_twin,naive,phi,radioml,4,300,0.9906819629449786,0.9739950430530314,0.43,0.5333333333333333,1,0.0,0.0,27.84,40.324851284863925,0.457348629611645,0.15,0.22666666666666666,0.14666666666666667,0.0,0.0,0.20666666666666667,label_as_truth
compromised_xapp,greedy_twin,naive,phi,radioml,5,300,0.991190505067243,0.9739999999428924,0.41333333333333333,0.52,1,0.0,0.0,28.07,44.55410453076009,0.47119050506724314,0.13666666666666666,0.19666666666666666,0.12,0.0,0.0,0.2633333333333333,label_as_truth
compromised_xapp,greedy_twin,naive,phi,radioml,6,300,0.9917933390159762,0.9739999996309455,0.4166666666666667,0.5066666666666667,1,0.0,0.0,28.106666666666666,51.06555383263821,0.4851266723493096,0.13333333333333333,0.21666666666666667,0.16,0.0,0.0,0.18,label_as_truth
compromised_xapp,greedy_twin,naive,phi,radioml,7,300,0.9919046946273152,0.9739999999634997,0.4266666666666667,0.5266666666666666,1,0.0,0.0,27.976666666666667,40.63834411389288,0.4652380279606486,0.16,0.2,0.17,0.0,0.0,0.18,label_as_truth
compromised_xapp,greedy_twin,naive,phi,radioml,8,300,0.9903433887590118,0.9739973374836831,0.43,0.52,1,0.0,0.0,27.75,42.12752517707231,0.47034338875901177,0.16666666666666666,0.20666666666666667,0.18,0.0,0.0,0.13666666666666666,label_as_truth
compromised_xapp,greedy_twin,naive,phi,radioml,9,300,0.9914992568062357,0.9739999958538121,0.44666666666666666,0.5533333333333333,1,0.0,0.0,28.076666666666668,43.297209297766365,0.43816592347290245,0.15,0.24,0.18333333333333332,0.0,0.0,0.20333333333333334,label_as_truth
compromised_xapp,greedy_twin,naive,phi,radioml,10,300,0.9915679836130897,0.9739999992490682,0.44,0.5666666666666667,1,0.0,0.0,28.31,45.034369667690946,0.4249013169464231,0.12,0.22333333333333333,0.15,0.0,0.0,0.2833333333333333,label_as_truth
compromised_xapp,greedy_twin,naive,phi,radioml,11,300,0.9919693355437015,0.9854744330211146,0.4,0.5433333333333333,1,0.0,0.0,27.846666666666668,40.313714306932276,0.448636002210368,0.13666666666666666,0.18666666666666668,0.13666666666666666,0.0,0.0,0.24666666666666667,label_as_truth
compromised_xapp,greedy_twin,naive,phi,radioml,12,300,0.9915714008457922,0.9739999964717879,0.4066666666666667,0.4866666666666667,1,0.0,0.0,27.763333333333332,42.548496274687615,0.5049047341791256,0.15,0.2,0.15666666666666668,0.0,0.0,0.11666666666666667,label_as_truth
compromised_xapp,greedy_twin,naive,phi,radioml,13,300,0.9902400452749839,0.9739986896234104,0.38666666666666666,0.43,1,0.0,0.0,27.27,39.81052438978997,0.5602400452749839,0.14666666666666667,0.15,0.18333333333333332,0.0,0.0,0.08333333333333333,label_as_truth
compromised_xapp,greedy_twin,naive,phi,radioml,14,300,0.9912302751139956,0.973999999990881,0.38,0.4766666666666667,1,0.0,0.0,27.523333333333333,39.1660173327285,0.514563608447329,0.16,0.21666666666666667,0.13666666666666666,0.0,0.0,0.09333333333333334,label_as_truth
compromised_xapp,greedy_twin,naive,phi,radioml,15,300,0.9898298493515366,0.9737860715607918,0.37666666666666665,0.44,1,0.0,0.0,27.373333333333335,44.16852537599829,0.5498298493515364,0.17,0.15666666666666668,0.15333333333333332,0.0,0.0,0.07333333333333333,label_as_truth
compromised_xapp,greedy_twin,naive,phi,radioml,16,300,0.9912685883546635,0.9811729078292495,0.37,0.46,1,0.0,0.0,27.636666666666667,40.82030906315041,0.5312685883546635,0.10666666666666667,0.19,0.14,0.0,0.0,0.11333333333333333,label_as_truth
compromised_xapp,greedy_twin,naive,phi,radioml,17,300,0.9913753358502758,0.9782232018803361,0.39666666666666667,0.52,1,0.0,0.0,27.883333333333333,44.343547858179285,0.4713753358502758,0.09333333333333334,0.20333333333333334,0.18333333333333332,0.0,0.0,0.17666666666666667,label_as_truth
compromised_xapp,greedy_twin,naive,phi,radioml,18,300,0.9903994674354285,0.9739940147075727,0.42,0.4866666666666667,1,0.0,0.0,27.833333333333332,39.44720651886562,0.5037328007687618,0.15,0.19,0.16,0.0,0.0,0.11666666666666667,label_as_truth
compromised_xapp,greedy_twin,naive,phi,radioml,19,300,0.9909881061138022,0.973999984023047,0.39,0.5033333333333333,1,0.0,0.0,27.85,40.077506114827635,0.48765477278046887,0.10333333333333333,0.2,0.15333333333333332,0.0,0.0,0.16666666666666666,label_as_truth
compromised_xapp,greedy_twin,naive,phi,radioml,20,300,0.9910518667430532,0.9739999349935095,0.42333333333333334,0.4866666666666667,1,0.0,0.0,27.736666666666668,42.72256464435607,0.5043852000763868,0.16,0.19,0.16666666666666666,0.0,0.0,0.12666666666666668,label_as_truth
compromised_xapp,greedy_twin,naive,phi,radioml,21,300,0.9916943349510933,0.9745977186619915,0.42,0.4866666666666667,1,0.0,0.0,27.606666666666666,49.958523177284924,0.5050276682844267,0.18333333333333332,0.19333333333333333,0.15333333333333332,0.0,0.0,0.12333333333333334,label_as_truth
compromised_xapp,greedy_twin,naive,phi,radioml,22,300,0.9913976246333133,0.9739999943696817,0.42,0.48333333333333334,1,0.0,0.0,27.61,45.515049848038934,0.5080642912999802,0.16666666666666666,0.16333333333333333,0.17666666666666667,0.0,0.0,0.12333333333333334,label_as_truth
compromised_xapp,greedy_twin,naive,phi,radioml,23,300,0.990981649549951,0.9739999979612848,0.43333333333333335,0.5666666666666667,1,0.0,0.0,28.256666666666668,39.63872765334122,0.4243149828832844,0.17666666666666667,0.23,0.13333333333333333,0.0,0.0,0.2966666666666667,label_as_truth
compromised_xapp,greedy_twin,naive,phi,radioml,24,300,0.9912827609181177,0.9739999975794518,0.45,0.5,1,0.0,0.0,27.643333333333334,38.905171819460506,0.49128276091811773,0.19,0.17666666666666667,0.15666666666666668,0.0,0.0,0.14333333333333334,label_as_truth
compromised_xapp,greedy_twin,naive,phi,radioml,25,300,0.9922197589680887,0.9816172935663409,0.4,0.5133333333333333,1,0.0,0.0,28.246666666666666,43.947061539100716,0.4788864256347553,0.13,0.23333333333333334,0.13,0.0,0.0,0.26,label_as_truth
compromised_xapp,greedy_twin,naive,phi,radioml,26,300,0.9916112263826896,0.973999999610283,0.3933333333333333,0.4766666666666667,1,0.0,0.0,28.066666666666666,44.64215999091028,0.5149445597160229,0.12333333333333334,0.21333333333333335,0.14,0.0,0.0,0.19333333333333333,label_as_truth
compromised_xapp,greedy_twin,naive,phi,radioml,27,300,0.9918160118010254,0.9809875570911897,0.4066666666666667,0.48,1,0.0,0.0,27.64,44.6946803126912,0.5118160118010255,0.17666666666666667,0.21,0.14333333333333334,0.0,0.0,0.11333333333333333,label_as_truth
compromised_xapp,greedy_twin,naive,phi,radioml,28,300,0.9898584688978699,0.9739999274044383,0.4166666666666667,0.49666666666666665,1,0.0,0.0,27.863333333333333,42.83817723265457,0.49319180223120307,0.14333333333333334,0.22666666666666666,0.17333333333333334,0.0,0.0,0.13666666666666666,label_as_truth
compromised_xapp,greedy_twin,naive,phi,radioml,29,300,0.9921499711191639,0.9830540426227482,0.44666666666666666,0.5033333333333333,1,0.0,0.0,27.773333333333333,37.73371978043189,0.4888166377858307,0.15,0.18,0.17,0.0,0.0,0.16333333333333333,label_as_truth
compromised_xapp,shield_filter,naive,phi,radioml,0,300,0.9608802903120337,0.7791999782965592,0.0,0.043333333333333335,1,0.016666666666666666,0.0,26.293333333333333,38.5701422581094,0.9175469569787004,0.0,0.03,0.013333333333333334,0.0,0.0,0.0,label_as_truth
compromised_xapp,shield_filter,naive,phi,radioml,1,300,0.9609649629743895,0.7791996521381459,0.0,0.06333333333333334,1,0.023333333333333334,0.0,26.176666666666666,40.78583375537695,0.8976316296410561,0.0,0.03666666666666667,0.02666666666666667,0.0,0.0,0.0,label_as_truth
compromised_xapp,shield_filter,naive,phi,radioml,2,300,0.9749504003736746,0.9390680007421562,0.0,0.08666666666666667,1,0.006666666666666667,0.0,26.42,41.1097154784721,0.888283733707008,0.0,0.07333333333333333,0.013333333333333334,0.0,0.0,0.0,label_as_truth
compromised_xapp,shield_filter,naive,phi,radioml,3,300,0.9443870301865007,0.7661918251107289,0.0,0.1,1,0.04,0.0,26.136666666666667,39.04372057321652,0.8443870301865009,0.0,0.07666666666666666,0.023333333333333334,0.0,0.0,0.0,label_as_truth
compromised_xapp,shield_filter,naive,phi,radioml,4,300,0.9545500826902094,0.7791998583628233,0.0,0.10666666666666667,1,0.02666666666666667,0.0,26.343333333333334,40.55305732436508,0.8478834160235428,0.0,0.09,0.02,0.0,0.0,0.0,label_as_truth
compromised_xapp,shield_filter,naive,phi,radioml,5,300,0.9551038095023049,0.7791991079384666,0.0,0.043333333333333335,1,0.02666666666666667,0.0,26.323333333333334,41.07228552268896,0.9117704761689716,0.0,0.02666666666666667,0.02,0.0,0.0,0.0,label_as_truth
compromised_xapp,shield_filter,naive,phi,radioml,6,300,0.9706629196878839,0.7791999268618884,0.0,0.08,1,0.01,0.0,26.383333333333333,41.91294550730383,0.8906629196878839,0.0,0.06,0.02,0.0,0.0,0.0,label_as_truth
compromised_xapp,shield_filter,naive,phi,radioml,7,300,0.9663572247290582,0.779199976414216,0.0,0.09,1,0.013333333333333334,0.0,26.476666666666667,39.798237851979756,0.8763572247290582,0.0,0.06,0.03,0.0,0.0,0.0,label_as_truth
compromised_xapp,shield_filter,naive,phi,radioml,8,300,0.9720647555867277,0.7791999504620581,0.0,0.10333333333333333,1,0.0033333333333333335,0.0,26.446666666666665,39.86962553705957,0.8687314222533943,0.0,0.09333333333333334,0.01,0.0,0.0,0.0,label_as_truth
compromised_xapp,shield_filter,naive,phi,radioml,9,300,0.9403175687765036,0.516222268945728,0.0,0.08666666666666667,1,0.04,0.0,25.99,39.98064071178908,0.853650902109837,0.0,0.06333333333333334,0.023333333333333334,0.0,0.0,0.0,label_as_truth
compromised_xapp,shield_filter,naive,phi,radioml,10,300,0.9669248646424425,0.7791999555593098,0.0,0.023333333333333334,1,0.013333333333333334,0.0,26.383333333333333,42.32741393317256,0.9435915313091091,0.0,0.02,0.0033333333333333335,0.0,0.0,0.0,label_as_truth
compromised_xapp,shield_filter,naive,phi,radioml,11,300,0.9423117760635182,0.645866861343921,0.0,0.05333333333333334,1,0.04,0.0,26.05666666666667,40.44686032445839,0.8889784427301849,0.0,0.03666666666666667,0.02,0.0,0.0,0.0,label_as_truth
compromised_xapp,shield_filter,naive,phi,radioml,12,300,0.9519552627173873,0.7791985747658049,0.0,0.09333333333333334,1,0.023333333333333334,0.0,26.263333333333332,38.73839384122652,0.8586219293840541,0.0,0.08,0.016666666666666666,0.0,0.0,0.0,label_as_truth
compromised_xapp,shield_filter,naive,phi,radioml,13,300,0.9622134143373879,0.7791998625655818,0.0,0.06333333333333334,1,0.02,0.0,26.303333333333335,38.836927605784105,0.8988800810040546,0.0,0.06,0.0033333333333333335,0.0,0.0,0.0,label_as_truth
compromised_xapp,shield_filter,naive,phi,radioml,14,300,0.9662169340248825,0.7791999432495387,0.0,0.10333333333333333,1,0.01,0.0,26.293333333333333,39.37777056123556,0.8628836006915492,0.0,0.09,0.013333333333333334,0.0,0.0,0.0,label_as_truth
compromised_xapp,shield_filter,naive,phi,radioml,15,300,0.9671899143112004,0.7791999406743835,0.0,0.06666666666666667,2,0.006666666666666667,0.0,26.406666666666666,38.279043119496414,0.9005232476445337,0.0,0.05333333333333334,0.016666666666666666,0.0,0.0,0.0,label_as_truth
compromised_xapp,shield_filter,naive,phi,radioml,16,300,0.9622538744407251,0.7791999366914206,0.0,0.08,1,0.023333333333333334,0.0,26.34,40.06519962845986,0.8822538744407251,0.0,0.07,0.013333333333333334,0.0,0.0,0.0,label_as_truth
compromised_xapp,shield_filter,naive,phi,radioml,17,300,0.9549910418449127,0.7791997084351506,0.0,0.08666666666666667,1,0.03666666666666667,0.0,26.116666666666667,40.74613747140394,0.868324375178246,0.0,0.07,0.016666666666666666,0.0,0.0,0.0,label_as_truth
compromised_xapp,shield_filter,naive,phi,radioml,18,300,0.9697697123528889,0.7791998973325066,0.0,0.07,1,0.006666666666666667,0.0,26.36,39.29192338772518,0.8997697123528888,0.0,0.05333333333333334,0.02,0.0,0.0,0.0,label_as_truth
compromised_xapp,shield_filter,naive,phi,radioml,19,300,0.9653533415302631,0.7791999335987493,0.0,0.06666666666666667,1,0.01,0.0,26.573333333333334,39.44294150098585,0.8986866748635964,0.0,0.056666666666666664,0.01,0.0,0.0,0.0,label_as_truth
compromised_xapp,shield_filter,naive,phi,radioml,20,300,0.9610717689145044,0.7791999371942087,0.0,0.07666666666666666,1,0.016666666666666666,0.0,26.253333333333334,40.539364012236845,0.8844051022478377,0.0,0.06,0.02,0.0,0.0,0.0,label_as_truth
compromised_xapp,shield_filter,naive,phi,radioml,21,300,0.9631175121385179,0.779198935064794,0.0,0.08666666666666667,1,0.016666666666666666,0.0,26.35,39.26525663329892,0.8764508454718513,0.0,0.07333333333333333,0.016666666666666666,0.0,0.0,0.0,label_as_truth
compromised_xapp,shield_filter,naive,phi,radioml,22,300,0.9687663414742398,0.779199909752447,0.0,0.06,1,0.01,0.0,26.39,40.52131165816832,0.9087663414742398,0.0,0.03666666666666667,0.02666666666666667,0.0,0.0,0.0,label_as_truth
compromised_xapp,shield_filter,naive,phi,radioml,23,300,0.9664975870778104,0.7791999252054537,0.0,0.06333333333333334,1,0.01,0.0,26.393333333333334,37.62068482101502,0.9031642537444771,0.0,0.05,0.02,0.0,0.0,0.0,label_as_truth
compromised_xapp,shield_filter,naive,phi,radioml,24,300,0.9576606017391184,0.7791992806856831,0.0,0.05,1,0.02,0.0,26.143333333333334,38.64977783015265,0.9076606017391183,0.0,0.03333333333333333,0.016666666666666666,0.0,0.0,0.0,label_as_truth
compromised_xapp,shield_filter,naive,phi,radioml,25,300,0.9452411729355154,0.7788782003315402,0.0,0.06,1,0.04,0.0,26.243333333333332,38.788045507607535,0.8852411729355151,0.0,0.04,0.02,0.0,0.0,0.0,label_as_truth
compromised_xapp,shield_filter,naive,phi,radioml,26,300,0.9619493076779398,0.779199551587923,0.0,0.07,1,0.023333333333333334,0.0,26.39666666666667,42.76678529041459,0.8919493076779399,0.0,0.05,0.02,0.0,0.0,0.0,label_as_truth
compromised_xapp,shield_filter,naive,phi,radioml,27,300,0.9631639055352258,0.77919997184855,0.0,0.12,1,0.03,0.0,26.29,38.23542913099921,0.8431639055352257,0.0,0.10666666666666667,0.013333333333333334,0.0,0.0,0.0,label_as_truth
compromised_xapp,shield_filter,naive,phi,radioml,28,300,0.9555952417240906,0.779197282857446,0.0,0.09,1,0.03,0.0,26.30666666666667,41.70207216387371,0.8655952417240905,0.0,0.07666666666666666,0.013333333333333334,0.0,0.0,0.0,label_as_truth
compromised_xapp,shield_filter,naive,phi,radioml,29,300,0.9419922789686389,0.6002636264023211,0.0,0.03333333333333333,2,0.04,0.0,26.123333333333335,37.99143897799542,0.9086589456353056,0.0,0.023333333333333334,0.01,0.0,0.0,0.0,label_as_truth
compromised_xapp,shield_repair,naive,phi,radioml,0,300,0.9909157927914397,0.9739998847278607,0.0,0.17666666666666667,1,0.0,0.47,26.833333333333332,41.248406191752146,0.8142491261247731,0.0,0.06666666666666667,0.12666666666666668,0.0,0.0,0.0,label_as_truth
compromised_xapp,shield_repair,naive,phi,radioml,1,300,0.991060798592659,0.9739582591099833,0.0,0.14333333333333334,1,0.0,0.46066666666666667,26.516666666666666,39.53399241716144,0.8477274652593257,0.0,0.04,0.10333333333333333,0.0,0.0,0.0,label_as_truth
compromised_xapp,shield_repair,naive,phi,radioml,2,300,0.9902232146491391,0.9739990545059191,0.0,0.18333333333333332,1,0.0,0.49,26.823333333333334,44.13038365997444,0.8068898813158057,0.0,0.10333333333333333,0.08666666666666667,0.0,0.0,0.0,label_as_truth
compromised_xapp,shield_repair,naive,phi,radioml,3,300,0.9911947497767392,0.9739975990393982,0.0,0.15333333333333332,1,0.0,0.484,26.923333333333332,41.81520922745334,0.8378614164434057,0.0,0.07333333333333333,0.08666666666666667,0.0,0.0,0.0,label_as_truth
compromised_xapp,shield_repair,naive,phi,radioml,4,300,0.9913062040070061,0.9739999934486467,0.0,0.19,1,0.0,0.47533333333333333,26.773333333333333,40.43601161771955,0.8013062040070061,0.0,0.10333333333333333,0.1,0.0,0.0,0.0,label_as_truth
compromised_xapp,shield_repair,naive,phi,radioml,5,300,0.9910840670812628,0.9739999989600181,0.0,0.13,1,0.0,0.478,26.816666666666666,43.26681634546129,0.8610840670812627,0.0,0.02666666666666667,0.10333333333333333,0.0,0.0,0.0,label_as_truth
compromised_xapp,shield_repair,naive,phi,radioml,6,300,0.9914724971718808,0.9739638319470045,0.0,0.19666666666666666,1,0.0,0.46,26.753333333333334,42.934248649636345,0.7948058305052141,0.0,0.08333333333333333,0.12666666666666668,0.0,0.0,0.0,label_as_truth
compromised_xapp,shield_repair,naive,phi,radioml,7,300,0.9919706226042696,0.9750845083194541,0.0,0.16333333333333333,1,0.0,0.4666666666666667,26.913333333333334,39.64877545446947,0.8286372892709363,0.0,0.043333333333333335,0.12333333333333334,0.0,0.0,0.0,label_as_truth
compromised_xapp,shield_repair,naive,phi,radioml,8,300,0.9907921914528168,0.9739756675093415,0.0,0.21666666666666667,1,0.0,0.464,26.886666666666667,39.20189281337173,0.77412552478615,0.0,0.12333333333333334,0.12333333333333334,0.0,0.0,0.0,label_as_truth
compromised_xapp,shield_repair,naive,phi,radioml,9,300,0.9913524268750367,0.9739999274472857,0.0,0.20666666666666667,1,0.0,0.48733333333333334,26.68,41.78970312413533,0.7846857602083699,0.0,0.11333333333333333,0.11333333333333333,0.0,0.0,0.0,label_as_truth
compromised_xapp,shield_repair,naive,phi,radioml,10,300,0.9910227378937003,0.9739471323303435,0.0,0.15666666666666668,1,0.0,0.48,27.126666666666665,43.895366289193404,0.8343560712270336,0.0,0.04666666666666667,0.11666666666666667,0.0,0.0,0.0,label_as_truth
compromised_xapp,shield_repair,naive,phi,radioml,11,300,0.9889732472001546,0.9739999184590586,0.0,0.16333333333333333,1,0.0,0.4706666666666667,26.743333333333332,40.52842617361668,0.8256399138668211,0.0,0.06333333333333334,0.1,0.0,0.0,0.0,label_as_truth
compromised_xapp,shield_repair,naive,phi,radioml,12,300,0.9916285338657551,0.9739999898510743,0.0,0.14,1,0.0,0.466,26.763333333333332,38.62713267393605,0.8516285338657551,0.0,0.06333333333333334,0.08,0.0,0.0,0.0,label_as_truth
compromised_xapp,shield_repair,naive,phi,radioml,13,300,0.9889017372639969,0.9739981885644363,0.0,0.17666666666666667,1,0.0,0.4786666666666667,26.566666666666666,38.09070278257819,0.8122350705973302,0.0,0.08333333333333333,0.11333333333333333,0.0,0.0,0.0,label_as_truth
compromised_xapp,shield_repair,naive,phi,radioml,14,300,0.9910790454987943,0.9739994193434081,0.0,0.23,1,0.0,0.474,26.69,38.046963699901475,0.7610790454987943,0.0,0.11666666666666667,0.12333333333333334,0.0,0.0,0.0,label_as_truth
compromised_xapp,shield_repair,naive,phi,radioml,15,300,0.9893603384185864,0.9737451106237467,0.0,0.18666666666666668,1,0.0,0.4633333333333333,26.713333333333335,38.39352644021628,0.8026936717519197,0.0,0.06333333333333334,0.13666666666666666,0.0,0.0,0.0,label_as_truth
compromised_xapp,shield_repair,naive,phi,radioml,16,300,0.9913670880686584,0.9763741569013913,0.0,0.18333333333333332,1,0.0,0.47533333333333333,26.893333333333334,41.74447231386491,0.808033754735325,0.0,0.08,0.12,0.0,0.0,0.0,label_as_truth
compromised_xapp,shield_repair,naive,phi,radioml,17,300,0.9912577489256419,0.9739999834259067,0.0,0.19666666666666666,1,0.0,0.4613333333333333,26.816666666666666,47.08225335145881,0.7945910822589752,0.0,0.08666666666666667,0.12333333333333334,0.0,0.0,0.0,label_as_truth
compromised_xapp,shield_repair,naive,phi,radioml,18,300,0.9907220213174183,0.9739997152845709,0.0,0.17333333333333334,1,0.0,0.4826666666666667,26.936666666666667,39.35662160937381,0.8173886879840849,0.0,0.06333333333333334,0.11333333333333333,0.0,0.0,0.0,label_as_truth
compromised_xapp,shield_repair,naive,phi,radioml,19,300,0.9918557380074217,0.9783149102932421,0.0,0.17333333333333334,1,0.0,0.47733333333333333,26.873333333333335,42.12492653218972,0.8185224046740884,0.0,0.06,0.12,0.0,0.0,0.0,label_as_truth
compromised_xapp,shield_repair,naive,phi,radioml,20,300,0.9884286455174921,0.9739959246202308,0.0,0.17666666666666667,1,0.0,0.45266666666666666,26.583333333333332,39.88080331136455,0.8117619788508253,0.0,0.08333333333333333,0.11333333333333333,0.0,0.0,0.0,label_as_truth
compromised_xapp,shield_repair,naive,phi,radioml,21,300,0.991295860769398,0.9739996641695088,0.0,0.21,1,0.0,0.4613333333333333,26.583333333333332,42.02645016270304,0.781295860769398,0.0,0.09,0.13,0.0,0.0,0.0,label_as_truth
compromised_xapp,shield_repair,naive,phi,radioml,22,300,0.9879887967513726,0.9739986221100967,0.0,0.21333333333333335,1,0.0,0.488,26.77,42.34319296210721,0.7746554634180393,0.0,0.07333333333333333,0.15,0.0,0.0,0.0,label_as_truth
compromised_xapp,shield_repair,naive,phi,radioml,23,300,0.9906442015310919,0.9739991968905689,0.0,0.19333333333333333,1,0.0,0.4826666666666667,26.953333333333333,38.595763045432136,0.7973108681977584,0.0,0.08,0.13333333333333333,0.0,0.0,0.0,label_as_truth
compromised_xapp,shield_repair,naive,phi,radioml,24,300,0.9913708831731188,0.9739999632960258,0.0,0.16333333333333333,1,0.0,0.4786666666666667,26.583333333333332,37.939420663744365,0.8280375498397855,0.0,0.04666666666666667,0.12,0.0,0.0,0.0,label_as_truth
compromised_xapp,shield_repair,naive,phi,radioml,25,300,0.9918618880073704,0.9761865410406015,0.0,0.18,1,0.0,0.4786666666666667,26.98,39.756317148425836,0.8118618880073704,0.0,0.07,0.12,0.0,0.0,0.0,label_as_truth
compromised_xapp,shield_repair,naive,phi,radioml,26,300,0.9914559382598463,0.9739998932765522,0.0,0.16,1,0.0,0.4513333333333333,26.773333333333333,44.668438078388284,0.8314559382598462,0.0,0.04666666666666667,0.12,0.0,0.0,0.0,label_as_truth
compromised_xapp,shield_repair,naive,phi,radioml,27,300,0.9917430811105612,0.9810223123171434,0.0,0.23333333333333334,1,0.0,0.4766666666666667,26.876666666666665,39.705767525042674,0.7584097477772278,0.0,0.15666666666666668,0.10666666666666667,0.0,0.0,0.0,label_as_truth
compromised_xapp,shield_repair,naive,phi,radioml,28,300,0.9890484910217017,0.9739999101747301,0.0,0.22666666666666666,1,0.0,0.4746666666666667,26.83,42.39124102029824,0.762381824355035,0.0,0.10333333333333333,0.13666666666666666,0.0,0.0,0.0,label_as_truth
compromised_xapp,shield_repair,naive,phi,radioml,29,300,0.9916473081899752,0.9739999978582501,0.0,0.14333333333333334,1,0.0,0.49666666666666665,26.80666666666667,38.33449648001399,0.848313974856642,0.0,0.03333333333333333,0.11,0.0,0.0,0.0,label_as_truth
compound,greedy_twin,naive,phi,radioml,0,300,0.8780804010988644,0.14938324239158496,0.44,0.6066666666666667,3,0.0,0.0,28.226666666666667,40.055228285491495,0.2714137344321978,0.16,0.22666666666666666,0.32,0.0,0.0,0.24,label_as_truth
compound,greedy_twin,naive,phi,radioml,1,300,0.9117274297156939,0.7002270803542484,0.4766666666666667,0.6633333333333333,1,0.0,0.0,28.1,41.50164463556969,0.24839409638236054,0.16333333333333333,0.19666666666666666,0.43666666666666665,0.0,0.0,0.27,label_as_truth
compound,greedy_twin,naive,phi,radioml,2,300,0.8863858530747977,0.21402640116365962,0.5033333333333333,0.6866666666666666,1,0.0,0.0,28.476666666666667,45.941596546148794,0.19971918640813102,0.15,0.22666666666666666,0.41333333333333333,0.006666666666666667,0.0,0.3,label_as_truth
compound,greedy_twin,naive,phi,radioml,3,300,0.884804951149606,0.1579685194581674,0.4766666666666667,0.7033333333333334,1,0.0,0.0,28.323333333333334,42.098795824348095,0.18147161781627275,0.16,0.26666666666666666,0.36,0.0033333333333333335,0.0,0.30666666666666664,label_as_truth
compound,greedy_twin,naive,phi,radioml,4,300,0.8770321787502614,0.13599566255877507,0.47,0.6666666666666666,2,0.0,0.0,27.886666666666667,40.77323723616356,0.2103655120835948,0.15,0.22333333333333333,0.43666666666666665,0.0,0.0,0.2,label_as_truth
compound,greedy_twin,naive,phi,radioml,5,300,0.8999023001404957,0.2563990032918256,0.49,0.7266666666666667,1,0.0,0.0,28.676666666666666,36.529713836204465,0.17323563347382914,0.16,0.33,0.34,0.0,0.0,0.46,label_as_truth
compound,greedy_twin,naive,phi,radioml,6,300,0.872738880160504,0.012858173971696526,0.45666666666666667,0.68,1,0.0,0.0,28.31,44.46145587851508,0.19273888016050408,0.14,0.25,0.39666666666666667,0.006666666666666667,0.0,0.2966666666666667,label_as_truth
compound,greedy_twin,naive,phi,radioml,7,300,0.9036812902209453,0.2428677821016616,0.5,0.7033333333333334,1,0.0,0.0,28.456666666666667,45.197829199541744,0.20034795688761214,0.19333333333333333,0.25333333333333335,0.35333333333333333,0.0,0.0,0.3433333333333333,label_as_truth
compound,greedy_twin,naive,phi,radioml,8,300,0.8823500389315583,0.10164016112256842,0.49666666666666665,0.6966666666666667,2,0.0,0.0,28.54,40.36740496344198,0.18568337226489146,0.17,0.32,0.36333333333333334,0.006666666666666667,0.0,0.35333333333333333,label_as_truth
compound,greedy_twin,naive,phi,radioml,9,300,0.8968494221041919,0.23663598872132255,0.5433333333333333,0.7633333333333333,1,0.0,0.0,28.68,40.15630849702667,0.1335160887708585,0.17,0.3,0.41333333333333333,0.0,0.0,0.44,label_as_truth
compound,greedy_twin,naive,phi,radioml,10,300,0.8862328478655849,0.17092345756076802,0.49333333333333335,0.7,1,0.0,0.0,28.6,44.23107651400156,0.18623284786558478,0.13333333333333333,0.26666666666666666,0.36666666666666664,0.006666666666666667,0.0,0.36333333333333334,label_as_truth
compound,greedy_twin,naive,phi,radioml,11,300,0.9047891313792955,0.40264559683767204,0.44,0.6633333333333333,1,0.0,0.0,28.13,45.20344218651155,0.24145579804596215,0.11666666666666667,0.24333333333333335,0.43,0.0,0.0,0.22666666666666666,label_as_truth
compound,greedy_twin,naive,phi,radioml,12,300,0.8662680218938817,0.01865766953867347,0.44333333333333336,0.6266666666666667,1,0.0,0.0,28.113333333333333,48.262927876115256,0.2396013552272149,0.13,0.2,0.3566666666666667,0.0,0.0,0.18,label_as_truth
compound,greedy_twin,naive,phi,radioml,13,300,0.8786720649160176,0.07595464920214957,0.48333333333333334,0.67,4,0.0,0.0,28.13,42.585251940166785,0.20867206491601756,0.13333333333333333,0.25,0.4,0.0,0.0,0.29,label_as_truth
compound,greedy_twin,naive,phi,radioml,14,300,0.8910060316250872,0.18592823814056744,0.43,0.6533333333333333,2,0.0,0.0,28.063333333333333,41.9272631532966,0.23767269829175386,0.12,0.24666666666666667,0.41333333333333333,0.0,0.0,0.18,label_as_truth
compound,greedy_twin,naive,phi,radioml,15,300,0.875982974892094,0.142205917619144,0.4633333333333333,0.66,1,0.0,0.0,28.456666666666667,39.69645449503918,0.21598297489209395,0.11,0.24333333333333335,0.37,0.0,0.0,0.35,label_as_truth
compound,greedy_twin,naive,phi,radioml,16,300,0.8807860496077236,0.21000403495911193,0.45,0.6233333333333333,4,0.0,0.0,28.226666666666667,39.92965553304522,0.2574527162743904,0.14333333333333334,0.21,0.36,0.0,0.0,0.2833333333333333,label_as_truth
compound,greedy_twin,naive,phi,radioml,17,300,0.8768378118963185,0.024286101499235248,0.5166666666666667,0.6866666666666666,2,0.0,0.0,28.513333333333332,40.131160544792074,0.19017114522965192,0.15666666666666668,0.2633333333333333,0.35333333333333333,0.0,0.0,0.3333333333333333,label_as_truth
compound,greedy_twin,naive,phi,radioml,18,300,0.8822699695065808,0.10841911710235798,0.49,0.71,1,0.0,0.0,28.536666666666665,43.28299684846961,0.17226996950658074,0.15,0.22,0.37666666666666665,0.0,0.0,0.37,label_as_truth
compound,greedy_twin,naive,phi,radioml,19,300,0.8932880044358187,0.21404812222822256,0.4866666666666667,0.7,2,0.0,0.0,28.886666666666667,41.51760660089318,0.1932880044358186,0.11,0.29,0.36333333333333334,0.0033333333333333335,0.0,0.4633333333333333,label_as_truth
compound,greedy_twin,naive,phi,radioml,20,300,0.9026230799696888,0.38404642155281726,0.49666666666666665,0.7266666666666667,1,0.0,0.0,28.53,42.76800632351689,0.17595641330302225,0.15333333333333332,0.26666666666666666,0.4033333333333333,0.0,0.0,0.37666666666666665,label_as_truth
compound,greedy_twin,naive,phi,radioml,21,300,0.8630416618174688,0.0475046073383439,0.49333333333333335,0.6833333333333333,2,0.0,0.0,28.336666666666666,49.98096052003273,0.17970832848413532,0.15333333333333332,0.25666666666666665,0.3933333333333333,0.0,0.0,0.36333333333333334,label_as_truth
compound,greedy_twin,naive,phi,radioml,22,300,0.8905025040698031,0.04638771994352405,0.48333333333333334,0.7,2,0.0,0.0,28.576666666666668,41.63492564951758,0.190502504069803,0.15666666666666668,0.31666666666666665,0.38333333333333336,0.0033333333333333335,0.0,0.39,label_as_truth
compound,greedy_twin,naive,phi,radioml,23,300,0.8745882155739484,0.16547313126219412,0.47,0.66,2,0.0,0.0,28.3,39.17346100094108,0.21458821557394828,0.12666666666666668,0.25666666666666665,0.37,0.0033333333333333335,0.0,0.28,label_as_truth
compound,greedy_twin,naive,phi,radioml,24,300,0.8795747980431088,0.13333835639000205,0.5,0.7266666666666667,1,0.0,0.0,28.616666666666667,43.26760502999725,0.15290813137644219,0.15,0.26,0.38333333333333336,0.0,0.0,0.38,label_as_truth
compound,greedy_twin,naive,phi,radioml,25,300,0.8758171834713825,0.07231980010913534,0.5,0.7133333333333334,3,0.0,0.0,28.536666666666665,48.929832729310554,0.16248385013804922,0.16,0.2833333333333333,0.38333333333333336,0.006666666666666667,0.0,0.41,label_as_truth
compound,greedy_twin,naive,phi,radioml,26,300,0.8794736091249297,0.11524087489870445,0.45666666666666667,0.66,2,0.0,0.0,28.27,44.30140609772271,0.2194736091249297,0.14666666666666667,0.25666666666666665,0.37666666666666665,0.0,0.0,0.25666666666666665,label_as_truth
compound,greedy_twin,naive,phi,radioml,27,300,0.8633196741500004,0.061837053517004185,0.49333333333333335,0.6366666666666667,1,0.0,0.0,28.166666666666668,45.277475674528645,0.2266530074833339,0.16666666666666666,0.2,0.36666666666666664,0.0,0.0,0.23333333333333334,label_as_truth
compound,greedy_twin,naive,phi,radioml,28,300,0.8766805449971554,0.031110340371951366,0.52,0.68,1,0.0,0.0,28.14666666666667,40.61665068236503,0.19668054499715543,0.16,0.21666666666666667,0.4166666666666667,0.0033333333333333335,0.0,0.24333333333333335,label_as_truth
compound,greedy_twin,naive,phi,radioml,29,300,0.8853756699142902,0.19941130065605223,0.48333333333333334,0.7066666666666667,1,0.0,0.0,28.563333333333333,47.459267696600016,0.17870900324762354,0.16666666666666666,0.24,0.4266666666666667,0.0033333333333333335,0.0,0.37333333333333335,label_as_truth
compound,shield_filter,naive,phi,radioml,0,300,0.7328151989587833,0.0005389824119690753,0.0,0.21,3,0.1,0.0,25.56,38.07208023783918,0.5228151989587834,0.0,0.04666666666666667,0.16,0.0,0.02,0.0,label_as_truth
compound,shield_filter,naive,phi,radioml,1,300,0.7350269871575373,0.0004687059009252849,0.0,0.21,1,0.12,0.0,25.493333333333332,40.312776559549455,0.5250269871575374,0.0,0.02,0.18333333333333332,0.0,0.013333333333333334,0.0,label_as_truth
compound,shield_filter,naive,phi,radioml,2,300,0.7379780747906924,0.0006310716435302486,0.0,0.22,1,0.10333333333333333,0.0,25.81,42.663099531429125,0.5179780747906926,0.0,0.04,0.19666666666666666,0.0,0.0,0.0,label_as_truth
compound,shield_filter,naive,phi,radioml,3,300,0.7476189468229082,0.0006281594016323852,0.0,0.23333333333333334,1,0.08666666666666667,0.0,25.666666666666668,40.29836462469495,0.5142856134895749,0.0,0.07666666666666666,0.16666666666666666,0.0,0.0,0.0,label_as_truth
compound,shield_filter,naive,phi,radioml,4,300,0.7380884472077088,0.0003815511874016272,0.0,0.24,4,0.11666666666666667,0.0,25.513333333333332,40.728308759272146,0.4980884472077089,0.0,0.06666666666666667,0.20666666666666667,0.0,0.0,0.0,label_as_truth
compound,shield_filter,naive,phi,radioml,5,300,0.7287621812743476,0.00039182557392935364,0.0,0.21333333333333335,1,0.11666666666666667,0.0,25.6,36.20250685210774,0.5154288479410143,0.0,0.10333333333333333,0.12,0.0,0.02,0.0,label_as_truth
compound,shield_filter,naive,phi,radioml,6,300,0.7348817699389323,0.0008155344174782688,0.0,0.25,1,0.10333333333333333,0.0,25.80666666666667,44.14877188803404,0.48488176993893234,0.0,0.08666666666666667,0.18333333333333332,0.0,0.0033333333333333335,0.0,label_as_truth
compound,shield_filter,naive,phi,radioml,7,300,0.7567395980393444,0.0005043883676121412,0.0,0.22333333333333333,1,0.09666666666666666,0.0,25.85333333333333,43.464745221349766,0.5334062647060112,0.0,0.07333333333333333,0.17,0.0,0.006666666666666667,0.0,label_as_truth
compound,shield_filter,naive,phi,radioml,8,300,0.7175696106980991,0.00038400940784626993,0.0,0.22,2,0.10666666666666667,0.0,25.666666666666668,40.6498188781135,0.497569610698099,0.0,0.09333333333333334,0.16,0.0,0.006666666666666667,0.0,label_as_truth
compound,shield_filter,naive,phi,radioml,9,300,0.7155808003026615,0.0004381707632830178,0.0,0.25333333333333335,1,0.08666666666666667,0.0,25.68,39.719741147963845,0.4622474669693281,0.0,0.05,0.21333333333333335,0.0,0.02,0.0,label_as_truth
compound,shield_filter,naive,phi,radioml,10,300,0.7478357985469283,0.0010191964259647077,0.0,0.22,1,0.07333333333333333,0.0,25.82,40.7972083958909,0.5278357985469283,0.0,0.06,0.16666666666666666,0.0,0.0,0.0,label_as_truth
compound,shield_filter,naive,phi,radioml,11,300,0.7557421968247628,0.0006526753075713833,0.0,0.23333333333333334,1,0.08333333333333333,0.0,25.88,41.163334740959115,0.5224088634914296,0.0,0.07666666666666666,0.19333333333333333,0.0,0.0,0.0,label_as_truth
compound,shield_filter,naive,phi,radioml,12,300,0.7282067702146556,0.0006155479777099482,0.0,0.20333333333333334,1,0.11666666666666667,0.0,25.49,40.112866222056375,0.5248734368813223,0.0,0.03333333333333333,0.16666666666666666,0.0,0.006666666666666667,0.0,label_as_truth
compound,shield_filter,naive,phi,radioml,13,300,0.7353288864461892,0.0008391422821319352,0.0,0.22666666666666666,1,0.08666666666666667,0.0,25.93,42.17524130622201,0.5086622197795225,0.0,0.07333333333333333,0.16666666666666666,0.0,0.0033333333333333335,0.0,label_as_truth
compound,shield_filter,naive,phi,radioml,14,300,0.7549315798486517,0.0011263893735190727,0.0,0.25333333333333335,2,0.10666666666666667,0.0,25.733333333333334,43.64047789952872,0.5015982465153186,0.0,0.07666666666666666,0.20333333333333334,0.0,0.0033333333333333335,0.0,label_as_truth
compound,shield_filter,naive,phi,radioml,15,300,0.7398778723550248,0.0010091440397647113,0.0,0.19,4,0.07,0.0,25.876666666666665,40.17600380498625,0.5498778723550249,0.0,0.03666666666666667,0.15333333333333332,0.0,0.0,0.0,label_as_truth
compound,shield_filter,naive,phi,radioml,16,300,0.7675560278131838,0.0011243430866228893,0.0,0.20333333333333334,6,0.06666666666666667,0.0,26.023333333333333,39.34010944519788,0.5642226944798504,0.0,0.02666666666666667,0.18,0.0,0.0,0.0,label_as_truth
compound,shield_filter,naive,phi,radioml,17,300,0.6984665988622178,0.00039385551413909174,0.0,0.17,2,0.14333333333333334,0.0,25.21,38.49405357537217,0.5284665988622178,0.0,0.04,0.12666666666666668,0.0,0.016666666666666666,0.0,label_as_truth
compound,shield_filter,naive,phi,radioml,18,300,0.7365632892666527,0.0003921892639136654,0.0,0.17333333333333334,1,0.10333333333333333,0.0,25.613333333333333,43.39047424741026,0.5632299559333193,0.0,0.03,0.15,0.0,0.013333333333333334,0.0,label_as_truth
compound,shield_filter,naive,phi,radioml,19,300,0.7374705388048095,0.0014494280423137079,0.0,0.21,2,0.08333333333333333,0.0,26.043333333333333,40.47199104983382,0.5274705388048095,0.0,0.06,0.16666666666666666,0.0,0.0,0.0,label_as_truth
compound,shield_filter,naive,phi,radioml,20,300,0.7574509643919509,0.0007949185307129512,0.0,0.24666666666666667,1,0.09666666666666666,0.0,25.696666666666665,41.71687785591039,0.5107842977252843,0.0,0.07666666666666666,0.19666666666666666,0.0,0.0033333333333333335,0.0,label_as_truth
compound,shield_filter,naive,phi,radioml,21,300,0.734799675477705,0.0005684160124092649,0.0,0.25333333333333335,2,0.08333333333333333,0.0,25.733333333333334,40.4781552659451,0.4814663421443716,0.0,0.07,0.20333333333333334,0.0,0.006666666666666667,0.0,label_as_truth
compound,shield_filter,naive,phi,radioml,22,300,0.7288165640201114,0.0004214451198102625,0.0,0.21,2,0.13333333333333333,0.0,25.45,40.73185653836163,0.5188165640201113,0.0,0.08666666666666667,0.15333333333333332,0.0,0.01,0.0,label_as_truth
compound,shield_filter,naive,phi,radioml,23,300,0.7209844519490247,0.00048064295265723065,0.0,0.21333333333333335,3,0.10333333333333333,0.0,25.633333333333333,37.64006222725875,0.5076511186156913,0.0,0.06333333333333334,0.17666666666666667,0.0,0.0033333333333333335,0.0,label_as_truth
compound,shield_filter,naive,phi,radioml,24,300,0.7254996210035234,0.0007617217431295199,0.0,0.22,2,0.1,0.0,25.69333333333333,40.33131950379142,0.5054996210035234,0.0,0.02666666666666667,0.2,0.0,0.0033333333333333335,0.0,label_as_truth
compound,shield_filter,naive,phi,radioml,25,300,0.710569237571244,0.0004676862830549368,0.0,0.20333333333333334,3,0.10666666666666667,0.0,25.456666666666667,38.12068115291731,0.5072359042379108,0.0,0.06666666666666667,0.15666666666666668,0.0,0.01,0.0,label_as_truth
compound,shield_filter,naive,phi,radioml,26,300,0.7386342963655714,0.0007814131857726892,0.0,0.25,5,0.06666666666666667,0.0,25.856666666666666,44.143907074906274,0.4886342963655715,0.0,0.06333333333333334,0.20333333333333334,0.0,0.0033333333333333335,0.0,label_as_truth
compound,shield_filter,naive,phi,radioml,27,300,0.704002427805187,0.0005172482874277384,0.0,0.16666666666666666,1,0.11666666666666667,0.0,25.6,45.38272179729842,0.5373357611385203,0.0,0.023333333333333334,0.14333333333333334,0.0,0.006666666666666667,0.0,label_as_truth
compound,shield_filter,naive,phi,radioml,28,300,0.7017567868849388,0.000563960587520293,0.0,0.19666666666666666,1,0.12,0.0,25.476666666666667,40.34457667322656,0.5050901202182722,0.0,0.03666666666666667,0.18333333333333332,0.0,0.013333333333333334,0.0,label_as_truth
compound,shield_filter,naive,phi,radioml,29,300,0.7509358968520617,0.0005240516457038735,0.0,0.24333333333333335,2,0.08333333333333333,0.0,25.846666666666668,38.64928488058153,0.5076025635187283,0.0,0.03666666666666667,0.22666666666666666,0.0,0.006666666666666667,0.0,label_as_truth
compound,shield_repair,naive,phi,radioml,0,300,0.8558388397688202,0.029406778632480077,0.0,0.34,3,0.0,0.5386666666666666,27.07,38.50256165484564,0.5158388397688202,0.0,0.07666666666666666,0.30666666666666664,0.0,0.0,0.0,label_as_truth
compound,shield_repair,naive,phi,radioml,1,300,0.9039012124103103,0.5074271565442483,0.0,0.38,1,0.0,0.566,27.113333333333333,39.96524261281855,0.5239012124103103,0.0,0.043333333333333335,0.36,0.0,0.0,0.0,label_as_truth
compound,shield_repair,naive,phi,radioml,2,300,0.8967432196305699,0.2652408168160819,0.0,0.38333333333333336,1,0.0,0.5493333333333333,27.313333333333333,43.86122885163991,0.5134098862972365,0.0,0.07,0.3433333333333333,0.0,0.0,0.0,label_as_truth
compound,shield_repair,naive,phi,radioml,3,300,0.8792848150274887,0.1260198825887384,0.0,0.37333333333333335,1,0.0,0.5426666666666666,27.143333333333334,38.90778270877493,0.5059514816941554,0.0,0.10666666666666667,0.31333333333333335,0.0,0.0,0.0,label_as_truth
compound,shield_repair,naive,phi,radioml,4,300,0.8764305154666817,0.03157202711177171,0.0,0.37666666666666665,2,0.0,0.54,26.973333333333333,36.845732062105114,0.49976384880001506,0.0,0.12,0.3333333333333333,0.0,0.0,0.0,label_as_truth
compound,shield_repair,naive,phi,radioml,5,300,0.8985490300745952,0.19523131745237013,0.0,0.37,1,0.0,0.5473333333333333,27.226666666666667,35.569093727038734,0.5285490300745951,0.0,0.17666666666666667,0.2833333333333333,0.0,0.0,0.0,label_as_truth
compound,shield_repair,naive,phi,radioml,6,300,0.8657344262721068,0.04439681924547635,0.0,0.42,1,0.0,0.5486666666666666,27.303333333333335,43.703633280709745,0.4457344262721068,0.0,0.14,0.3466666666666667,0.0,0.006666666666666667,0.0,label_as_truth
compound,shield_repair,naive,phi,radioml,7,300,0.883270118922682,0.1222782705754993,0.0,0.38333333333333336,1,0.0,0.5413333333333333,27.283333333333335,43.759101774082744,0.49993678558934884,0.0,0.12333333333333334,0.31,0.0,0.0,0.0,label_as_truth
compound,shield_repair,naive,phi,radioml,8,300,0.8619948346767884,0.09308720730707543,0.0,0.4,2,0.0,0.5733333333333334,27.05,42.10036948894223,0.46199483467678853,0.0,0.15666666666666668,0.32,0.0,0.0,0.0,label_as_truth
compound,shield_repair,naive,phi,radioml,9,300,0.881847620215748,0.11578297332600933,0.0,0.41333333333333333,1,0.0,0.558,27.273333333333333,39.391978348583095,0.46851428688241453,0.0,0.12333333333333334,0.37666666666666665,0.0,0.0,0.0,label_as_truth
compound,shield_repair,naive,phi,radioml,10,300,0.8775553293197629,0.06358770308347345,0.0,0.38666666666666666,1,0.0,0.558,27.173333333333332,39.801414285417955,0.49088866265309616,0.0,0.09,0.31666666666666665,0.0,0.0,0.0,label_as_truth
compound,shield_repair,naive,phi,radioml,11,300,0.9018025714342918,0.3864284279686186,0.0,0.42333333333333334,1,0.0,0.5366666666666666,27.29,45.026249565249024,0.4784692381009584,0.0,0.13333333333333333,0.35333333333333333,0.0,0.0,0.0,label_as_truth
compound,shield_repair,naive,phi,radioml,12,300,0.8578934732448912,0.03404426209745062,0.0,0.33,1,0.0,0.5326666666666666,27.136666666666667,42.181120069390175,0.5278934732448912,0.0,0.056666666666666664,0.2866666666666667,0.0,0.0,0.0,label_as_truth
compound,shield_repair,naive,phi,radioml,13,300,0.8645730280746886,0.05767367587841133,0.0,0.41333333333333333,3,0.0,0.5666666666666667,27.15,40.903202628735734,0.4512396947413551,0.0,0.11333333333333333,0.3433333333333333,0.0,0.0,0.0,label_as_truth
compound,shield_repair,naive,phi,radioml,14,300,0.8921526616388047,0.23677867985793022,0.0,0.45666666666666667,2,0.0,0.5513333333333333,27.19333333333333,43.80212835877454,0.435485994972138,0.0,0.14666666666666667,0.36,0.0,0.0,0.0,label_as_truth
compound,shield_repair,naive,phi,radioml,15,300,0.8762752482633946,0.10822247376872061,0.0,0.39,1,0.0,0.5353333333333333,27.14,39.564015383081866,0.48627524826339474,0.0,0.06666666666666667,0.34,0.0,0.0,0.0,label_as_truth
compound,shield_repair,naive,phi,radioml,16,300,0.8845199502440247,0.14706671358051937,0.0,0.36666666666666664,3,0.0,0.5346666666666666,27.383333333333333,44.11146245541427,0.517853283577358,0.0,0.08666666666666667,0.31666666666666665,0.0,0.0,0.0,label_as_truth
compound,shield_repair,naive,phi,radioml,17,300,0.8547744057379945,0.03481890344000852,0.0,0.38,2,0.0,0.5653333333333334,27.273333333333333,41.36882738564,0.4747744057379945,0.0,0.1,0.31,0.0,0.0,0.0,label_as_truth
compound,shield_repair,naive,phi,radioml,18,300,0.8618885263857354,0.089191576588021,0.0,0.36666666666666664,1,0.0,0.548,27.206666666666667,42.0675960200096,0.4952218597190687,0.0,0.06,0.3333333333333333,0.0,0.0,0.0,label_as_truth
compound,shield_repair,naive,phi,radioml,19,300,0.8789908722871214,0.07279114999444544,0.0,0.41333333333333333,2,0.0,0.5546666666666666,27.543333333333333,40.84758728306119,0.46565753895378803,0.0,0.13333333333333333,0.3333333333333333,0.0,0.0,0.0,label_as_truth
compound,shield_repair,naive,phi,radioml,20,300,0.9001853783215461,0.39756490582310794,0.0,0.4033333333333333,1,0.0,0.5433333333333333,27.38,41.3817039424742,0.4968520449882127,0.0,0.13333333333333333,0.3433333333333333,0.0,0.0,0.0,label_as_truth
compound,shield_repair,naive,phi,radioml,21,300,0.8545923063365748,0.013218300608950937,0.0,0.42333333333333334,2,0.0,0.552,27.11,41.35487131329473,0.4312589730032414,0.0,0.12666666666666668,0.35,0.0,0.0,0.0,label_as_truth
compound,shield_repair,naive,phi,radioml,22,300,0.8852710915349943,0.12275977051353479,0.0,0.43333333333333335,2,0.0,0.552,27.133333333333333,40.985430369773795,0.451937758201661,0.0,0.18,0.3466666666666667,0.0,0.0,0.0,label_as_truth
compound,shield_repair,naive,phi,radioml,23,300,0.868239530397596,0.09457360339063137,0.0,0.38666666666666666,2,0.0,0.5573333333333333,26.866666666666667,37.622147257446585,0.48157286373092933,0.0,0.11333333333333333,0.3333333333333333,0.0,0.0,0.0,label_as_truth
compound,shield_repair,naive,phi,radioml,24,300,0.8645180988538861,0.060707384109230884,0.0,0.39,1,0.0,0.5446666666666666,27.166666666666668,40.52430722277303,0.47451809885388607,0.0,0.08,0.3433333333333333,0.0,0.0,0.0,label_as_truth
compound,shield_repair,naive,phi,radioml,25,300,0.8767619268089307,0.01206228103443867,0.0,0.4066666666666667,3,0.0,0.56,27.216666666666665,43.83141410473796,0.47009526014226416,0.0,0.12333333333333334,0.33666666666666667,0.0,0.0,0.0,label_as_truth
compound,shield_repair,naive,phi,radioml,26,300,0.8593130978882099,0.04778452165464587,0.0,0.42,2,0.0,0.5433333333333333,27.12,47.315238950787325,0.43931309788821,0.0,0.13666666666666666,0.3233333333333333,0.0,0.0,0.0,label_as_truth
compound,shield_repair,naive,phi,radioml,27,300,0.8445116731251368,0.032777320042333906,0.0,0.31,1,0.0,0.5533333333333333,27.093333333333334,44.68921688969934,0.5345116731251369,0.0,0.05,0.2866666666666667,0.0,0.0,0.0,label_as_truth
compound,shield_repair,naive,phi,radioml,28,300,0.8729177728360228,0.06767288781224734,0.0,0.38,1,0.0,0.57,27.153333333333332,38.039013907119454,0.49291777283602284,0.0,0.09,0.35,0.0,0.0,0.0,label_as_truth
compound,shield_repair,naive,phi,radioml,29,300,0.8894276250935385,0.1989297966806032,0.0,0.4066666666666667,1,0.0,0.5293333333333333,27.416666666666668,42.41093617725166,0.4827609584268718,0.0,0.06333333333333334,0.37666666666666665,0.0,0.0,0.0,label_as_truth
